user_id,date,scenario,is_malicious
QAK7911,2026-02-15,M4,1
WTA6371,2026-02-15,new_hire_onboarding,0
DDB3409,2026-02-16,new_hire_onboarding,0
NSQ4495,2026-02-16,business_travel,0
PJA2498,2026-02-16,M7,1
SCA9486,2026-02-16,remote_relocation,0
WTA6371,2026-02-16,new_hire_onboarding,0
DDB3409,2026-02-17,new_hire_onboarding,0
FAM1900,2026-02-17,new_hire_onboarding,0
JNY6012,2026-02-17,new_hire_onboarding,0
KVS9522,2026-02-17,on_call_night_work,0
NSQ4495,2026-02-17,business_travel,0
PJA2498,2026-02-17,M7,1
PTJ4935,2026-02-17,business_travel,0
SCA9486,2026-02-17,remote_relocation,0
SLW4036,2026-02-17,quarter_close_spike,0
WTA6371,2026-02-17,new_hire_onboarding,0
DDB3409,2026-02-18,new_hire_onboarding,0
FAM1900,2026-02-18,new_hire_onboarding,0
GMQ7067,2026-02-18,M5,1
JNY6012,2026-02-18,new_hire_onboarding,0
NSQ4495,2026-02-18,business_travel,0
PJA2498,2026-02-18,M7,1
PTJ4935,2026-02-18,business_travel,0
SCA9486,2026-02-18,remote_relocation,0
SLW4036,2026-02-18,quarter_close_spike,0
WTA6371,2026-02-18,new_hire_onboarding,0
DDB3409,2026-02-19,new_hire_onboarding,0
DHG3808,2026-02-19,business_travel,0
FAM1900,2026-02-19,new_hire_onboarding,0
GMQ7067,2026-02-19,M5,1
HXH6707,2026-02-19,remote_relocation,0
JNY6012,2026-02-19,new_hire_onboarding,0
NSQ4495,2026-02-19,business_travel,0
PJA2498,2026-02-19,M7,1
PJM7982,2026-02-19,M6,1
PTJ4935,2026-02-19,business_travel,0
RZU1592,2026-02-19,legit_role_change,0
SCA9486,2026-02-19,remote_relocation,0
SLW4036,2026-02-19,quarter_close_spike,0
WTA6371,2026-02-19,new_hire_onboarding,0
ZZH3377,2026-02-19,M5,1
DDB3409,2026-02-20,new_hire_onboarding,0
DHG3808,2026-02-20,business_travel,0
FAM1900,2026-02-20,new_hire_onboarding,0
GMQ7067,2026-02-20,M5,1
HXH6707,2026-02-20,remote_relocation,0
JNY6012,2026-02-20,new_hire_onboarding,0
KVS9522,2026-02-20,on_call_night_work,0
NSQ4495,2026-02-20,business_travel,0
PJM7982,2026-02-20,M6,1
RZU1592,2026-02-20,legit_role_change,0
SCA9486,2026-02-20,remote_relocation,0
SLW4036,2026-02-20,quarter_close_spike,0
UPJ2100,2026-02-20,M3,1
WTA6371,2026-02-20,new_hire_onboarding,0
ZZH3377,2026-02-20,M5,1
DDB3409,2026-02-21,new_hire_onboarding,0
EGE2962,2026-02-21,weekend_deadline,0
FAM1900,2026-02-21,new_hire_onboarding,0
GMQ7067,2026-02-21,M5,1
JNY6012,2026-02-21,new_hire_onboarding,0
KCF6129,2026-02-21,weekend_deadline,0
LHD4579,2026-02-21,on_call_night_work,0
NSQ4495,2026-02-21,business_travel,0
SFV7598,2026-02-21,new_hire_onboarding,0
UPJ2100,2026-02-21,M3,1
WTA6371,2026-02-21,new_hire_onboarding,0
XJR8615,2026-02-21,new_hire_onboarding,0
ZZH3377,2026-02-21,M5,1
DDB3409,2026-02-22,new_hire_onboarding,0
FAM1900,2026-02-22,new_hire_onboarding,0
GMQ7067,2026-02-22,M5,1
JNY6012,2026-02-22,new_hire_onboarding,0
KCF6129,2026-02-22,weekend_deadline,0
LHD4579,2026-02-22,on_call_night_work,0
LLZ7844,2026-02-22,weekend_deadline,0
PJA2498,2026-02-22,M7,1
PTJ4935,2026-02-22,business_travel,0
QAK7911,2026-02-22,M4,1
RZU1592,2026-02-22,legit_role_change,0
SFV7598,2026-02-22,new_hire_onboarding,0
UPJ2100,2026-02-22,M3,1
VKV9371,2026-02-22,M6,1
WTA6371,2026-02-22,new_hire_onboarding,0
XJR8615,2026-02-22,new_hire_onboarding,0
YEL9905,2026-02-22,M6,1
ZZH3377,2026-02-22,M5,1
DDB3409,2026-02-23,new_hire_onboarding,0
DHG3808,2026-02-23,business_travel,0
FAM1900,2026-02-23,new_hire_onboarding,0
HXH6707,2026-02-23,remote_relocation,0
JNY6012,2026-02-23,new_hire_onboarding,0
LHD4579,2026-02-23,on_call_night_work,0
NSQ4495,2026-02-23,business_travel,0
PJA2498,2026-02-23,M7,1
PTJ4935,2026-02-23,business_travel,0
QAK7911,2026-02-23,M4,1
QJS2178,2026-02-23,M3,1
SCA9486,2026-02-23,remote_relocation,0
SFV7598,2026-02-23,new_hire_onboarding,0
SLW4036,2026-02-23,quarter_close_spike,0
SNN2223,2026-02-23,M1,1
UPJ2100,2026-02-23,M3,1
VVU9833,2026-02-23,new_hire_onboarding,0
WQD6977,2026-02-23,new_hire_onboarding,0
WTA6371,2026-02-23,new_hire_onboarding,0
XJR8615,2026-02-23,new_hire_onboarding,0
XQW0837,2026-02-23,quarter_close_spike,0
YEL9905,2026-02-23,M6,1
DDB3409,2026-02-24,new_hire_onboarding,0
DHG3808,2026-02-24,business_travel,0
DKY8909,2026-02-24,legit_role_change,0
FAM1900,2026-02-24,new_hire_onboarding,0
HXH6707,2026-02-24,remote_relocation,0
JNY6012,2026-02-24,new_hire_onboarding,0
LHD4579,2026-02-24,on_call_night_work,0
PJA2498,2026-02-24,M7,1
PKA7047,2026-02-24,on_call_night_work,0
PTJ4935,2026-02-24,business_travel,0
QAK7911,2026-02-24,M4,1
RKP1272,2026-02-24,remote_relocation,0
RPB6169,2026-02-24,M3,1
SCA9486,2026-02-24,remote_relocation,0
SFV7598,2026-02-24,new_hire_onboarding,0
SLW4036,2026-02-24,quarter_close_spike,0
SNN2223,2026-02-24,M1,1
VVU9833,2026-02-24,new_hire_onboarding,0
WQD6977,2026-02-24,new_hire_onboarding,0
WTA6371,2026-02-24,new_hire_onboarding,0
XJR8615,2026-02-24,new_hire_onboarding,0
XQW0837,2026-02-24,quarter_close_spike,0
CZV3763,2026-02-25,new_hire_onboarding,0
DDB3409,2026-02-25,new_hire_onboarding,0
DHG3808,2026-02-25,business_travel,0
DKY8909,2026-02-25,legit_role_change,0
FAM1900,2026-02-25,new_hire_onboarding,0
HXH6707,2026-02-25,remote_relocation,0
JNY6012,2026-02-25,new_hire_onboarding,0
JVA7931,2026-02-25,remote_relocation,0
PJA2498,2026-02-25,M7,1
QAK7911,2026-02-25,M4,1
QJS2178,2026-02-25,M3,1
RKP1272,2026-02-25,remote_relocation,0
SCA9486,2026-02-25,remote_relocation,0
SFV7598,2026-02-25,new_hire_onboarding,0
SLW4036,2026-02-25,quarter_close_spike,0
SNN2223,2026-02-25,M1,1
UPJ2100,2026-02-25,M3,1
VVU9833,2026-02-25,new_hire_onboarding,0
WQD6977,2026-02-25,new_hire_onboarding,0
WTA6371,2026-02-25,new_hire_onboarding,0
XJR8615,2026-02-25,new_hire_onboarding,0
XQW0837,2026-02-25,quarter_close_spike,0
YFK8135,2026-02-25,on_call_night_work,0
CZV3763,2026-02-26,new_hire_onboarding,0
DDB3409,2026-02-26,new_hire_onboarding,0
DHG3808,2026-02-26,business_travel,0
FAM1900,2026-02-26,new_hire_onboarding,0
GTZ0192,2026-02-26,on_call_night_work,0
HXH6707,2026-02-26,remote_relocation,0
JLN5393,2026-02-26,on_call_night_work,0
JNY6012,2026-02-26,new_hire_onboarding,0
JVA7931,2026-02-26,remote_relocation,0
PJA2498,2026-02-26,M7,1
QDN2660,2026-02-26,M3,1
QJS2178,2026-02-26,M3,1
QVG8689,2026-02-26,on_call_night_work,0
RKP1272,2026-02-26,remote_relocation,0
RPU8492,2026-02-26,business_travel,0
RZU1592,2026-02-26,legit_role_change,0
SCA9486,2026-02-26,remote_relocation,0
SFV7598,2026-02-26,new_hire_onboarding,0
VVU9833,2026-02-26,new_hire_onboarding,0
WQD6977,2026-02-26,new_hire_onboarding,0
WTA6371,2026-02-26,new_hire_onboarding,0
XJR8615,2026-02-26,new_hire_onboarding,0
XQW0837,2026-02-26,quarter_close_spike,0
CZV3763,2026-02-27,new_hire_onboarding,0
DDB3409,2026-02-27,new_hire_onboarding,0
DKY8909,2026-02-27,legit_role_change,0
EFJ1543,2026-02-27,M1,1
FAM1900,2026-02-27,new_hire_onboarding,0
FWE2981,2026-02-27,quarter_close_spike,0
HXH6707,2026-02-27,remote_relocation,0
JNY6012,2026-02-27,new_hire_onboarding,0
JVA7931,2026-02-27,remote_relocation,0
LHD4579,2026-02-27,on_call_night_work,0
PGM8326,2026-02-27,new_hire_onboarding,0
PYB7646,2026-02-27,remote_relocation,0
QDN2660,2026-02-27,M3,1
RKP1272,2026-02-27,remote_relocation,0
RPB6169,2026-02-27,M3,1
RPU8492,2026-02-27,business_travel,0
RZU1592,2026-02-27,legit_role_change,0
SCA9486,2026-02-27,remote_relocation,0
SFV7598,2026-02-27,new_hire_onboarding,0
VVU9833,2026-02-27,new_hire_onboarding,0
WQD6977,2026-02-27,new_hire_onboarding,0
WTA6371,2026-02-27,new_hire_onboarding,0
WZQ9342,2026-02-27,M5,1
XJR8615,2026-02-27,new_hire_onboarding,0
XQW0837,2026-02-27,quarter_close_spike,0
CZV3763,2026-02-28,new_hire_onboarding,0
DDB3409,2026-02-28,new_hire_onboarding,0
DKY8909,2026-02-28,legit_role_change,0
EFJ1543,2026-02-28,M1,1
EGE2962,2026-02-28,weekend_deadline,0
FAM1900,2026-02-28,new_hire_onboarding,0
GTZ0192,2026-02-28,on_call_night_work,0
JLN5393,2026-02-28,on_call_night_work,0
JNY6012,2026-02-28,new_hire_onboarding,0
KCF6129,2026-02-28,weekend_deadline,0
MBR7933,2026-02-28,on_call_night_work,0
PGM8326,2026-02-28,new_hire_onboarding,0
PMV7499,2026-02-28,M7,1
RZU1592,2026-02-28,legit_role_change,0
SFV7598,2026-02-28,new_hire_onboarding,0
VVU9833,2026-02-28,new_hire_onboarding,0
WQD6977,2026-02-28,new_hire_onboarding,0
WTA6371,2026-02-28,new_hire_onboarding,0
WZQ9342,2026-02-28,M5,1
XJR8615,2026-02-28,new_hire_onboarding,0
CZV3763,2026-03-01,new_hire_onboarding,0
DDB3409,2026-03-01,new_hire_onboarding,0
EFJ1543,2026-03-01,M1,1
FAM1900,2026-03-01,new_hire_onboarding,0
GTZ0192,2026-03-01,on_call_night_work,0
JNY6012,2026-03-01,new_hire_onboarding,0
KCF6129,2026-03-01,weekend_deadline,0
LCT4451,2026-03-01,M6,1
LLZ7844,2026-03-01,weekend_deadline,0
NUY8872,2026-03-01,weekend_deadline,0
PGM8326,2026-03-01,new_hire_onboarding,0
PJA2498,2026-03-01,M7,1
PMV7499,2026-03-01,M7,1
QDN2660,2026-03-01,M3,1
QJS2178,2026-03-01,M3,1
RZU1592,2026-03-01,legit_role_change,0
SFV7598,2026-03-01,new_hire_onboarding,0
VVU9833,2026-03-01,new_hire_onboarding,0
WQD6977,2026-03-01,new_hire_onboarding,0
WTA6371,2026-03-01,new_hire_onboarding,0
WZQ9342,2026-03-01,M5,1
XJR8615,2026-03-01,new_hire_onboarding,0
AFF2174,2026-03-02,M7,1
CZV3763,2026-03-02,new_hire_onboarding,0
DDB3409,2026-03-02,new_hire_onboarding,0
DKY8909,2026-03-02,legit_role_change,0
EFJ1543,2026-03-02,M1,1
EXR7447,2026-03-02,new_hire_onboarding,0
FAM1900,2026-03-02,new_hire_onboarding,0
GCD1014,2026-03-02,M4,1
HXH6707,2026-03-02,remote_relocation,0
JLN5393,2026-03-02,on_call_night_work,0
JNY6012,2026-03-02,new_hire_onboarding,0
JVA7931,2026-03-02,remote_relocation,0
PGM8326,2026-03-02,new_hire_onboarding,0
PMV7499,2026-03-02,M7,1
PYB7646,2026-03-02,remote_relocation,0
QAK7911,2026-03-02,M4,1
RKP1272,2026-03-02,remote_relocation,0
RPU8492,2026-03-02,business_travel,0
RZU1592,2026-03-02,legit_role_change,0
SCA9486,2026-03-02,remote_relocation,0
SFV7598,2026-03-02,new_hire_onboarding,0
SHS0097,2026-03-02,business_travel,0
UQJ8329,2026-03-02,new_hire_onboarding,0
VVU9833,2026-03-02,new_hire_onboarding,0
WQD6977,2026-03-02,new_hire_onboarding,0
WTA6371,2026-03-02,new_hire_onboarding,0
WZQ9342,2026-03-02,M5,1
XBY3937,2026-03-02,quarter_close_spike,0
XJR8615,2026-03-02,new_hire_onboarding,0
YPA6465,2026-03-02,M3,1
AFF2174,2026-03-03,M7,1
CZV3763,2026-03-03,new_hire_onboarding,0
DDB3409,2026-03-03,new_hire_onboarding,0
DKY8909,2026-03-03,legit_role_change,0
EXR7447,2026-03-03,new_hire_onboarding,0
FAM1900,2026-03-03,new_hire_onboarding,0
FWE2981,2026-03-03,quarter_close_spike,0
GQM3009,2026-03-03,remote_relocation,0
HXH6707,2026-03-03,remote_relocation,0
JLN5393,2026-03-03,on_call_night_work,0
JNY6012,2026-03-03,new_hire_onboarding,0
JVA7931,2026-03-03,remote_relocation,0
PGM8326,2026-03-03,new_hire_onboarding,0
PMV7499,2026-03-03,M7,1
PYB7646,2026-03-03,remote_relocation,0
RKP1272,2026-03-03,remote_relocation,0
RPB6169,2026-03-03,M3,1
RPU8492,2026-03-03,business_travel,0
RZU1592,2026-03-03,legit_role_change,0
SCA9486,2026-03-03,remote_relocation,0
SFV7598,2026-03-03,new_hire_onboarding,0
SHS0097,2026-03-03,business_travel,0
UQJ8329,2026-03-03,new_hire_onboarding,0
VVU9833,2026-03-03,new_hire_onboarding,0
WQD6977,2026-03-03,new_hire_onboarding,0
WTA6371,2026-03-03,new_hire_onboarding,0
XBY3937,2026-03-03,quarter_close_spike,0
XJR8615,2026-03-03,new_hire_onboarding,0
YPA6465,2026-03-03,M3,1
ZZA4587,2026-03-03,legit_role_change,0
AFF2174,2026-03-04,M7,1
AGQ6804,2026-03-04,M3,1
CZV3763,2026-03-04,new_hire_onboarding,0
DDB3409,2026-03-04,new_hire_onboarding,0
DKY8909,2026-03-04,legit_role_change,0
EXR7447,2026-03-04,new_hire_onboarding,0
FAM1900,2026-03-04,new_hire_onboarding,0
FWE2981,2026-03-04,quarter_close_spike,0
GQM3009,2026-03-04,remote_relocation,0
GTZ0192,2026-03-04,on_call_night_work,0
HXH6707,2026-03-04,remote_relocation,0
JLN5393,2026-03-04,on_call_night_work,0
JNY6012,2026-03-04,new_hire_onboarding,0
JVA7931,2026-03-04,remote_relocation,0
KYD3626,2026-03-04,on_call_night_work,0
MPG6197,2026-03-04,on_call_night_work,0
PGM8326,2026-03-04,new_hire_onboarding,0
PKA7047,2026-03-04,on_call_night_work,0
PMV7499,2026-03-04,M7,1
PYB7646,2026-03-04,remote_relocation,0
QJS2178,2026-03-04,M3,1
RKP1272,2026-03-04,remote_relocation,0
RPU8492,2026-03-04,business_travel,0
RZU1592,2026-03-04,legit_role_change,0
SCA9486,2026-03-04,remote_relocation,0
SFV7598,2026-03-04,new_hire_onboarding,0
SHS0097,2026-03-04,business_travel,0
UPJ2100,2026-03-04,M3,1
UQJ8329,2026-03-04,new_hire_onboarding,0
VLE2985,2026-03-04,remote_relocation,0
VVU9833,2026-03-04,new_hire_onboarding,0
WJJ3459,2026-03-04,quarter_close_spike,0
WQD6977,2026-03-04,new_hire_onboarding,0
WTA6371,2026-03-04,new_hire_onboarding,0
XBY3937,2026-03-04,quarter_close_spike,0
XJR8615,2026-03-04,new_hire_onboarding,0
ZZA4587,2026-03-04,legit_role_change,0
AFF2174,2026-03-05,M7,1
CZV3763,2026-03-05,new_hire_onboarding,0
DDB3409,2026-03-05,new_hire_onboarding,0
DKY8909,2026-03-05,legit_role_change,0
EXR7447,2026-03-05,new_hire_onboarding,0
FAM1900,2026-03-05,new_hire_onboarding,0
FWE2981,2026-03-05,quarter_close_spike,0
GQM3009,2026-03-05,remote_relocation,0
HXH6707,2026-03-05,remote_relocation,0
JNY6012,2026-03-05,new_hire_onboarding,0
JVA7931,2026-03-05,remote_relocation,0
MBR7933,2026-03-05,on_call_night_work,0
MPG6197,2026-03-05,on_call_night_work,0
PGM8326,2026-03-05,new_hire_onboarding,0
PJA2498,2026-03-05,M7,1
PMV7499,2026-03-05,M7,1
PYB7646,2026-03-05,remote_relocation,0
QDN2660,2026-03-05,M3,1
QJS2178,2026-03-05,M3,1
RKP1272,2026-03-05,remote_relocation,0
SCA9486,2026-03-05,remote_relocation,0
SFV7598,2026-03-05,new_hire_onboarding,0
SHS0097,2026-03-05,business_travel,0
VLE2985,2026-03-05,remote_relocation,0
VVU9833,2026-03-05,new_hire_onboarding,0
WJJ3459,2026-03-05,quarter_close_spike,0
WQD6977,2026-03-05,new_hire_onboarding,0
WTA6371,2026-03-05,new_hire_onboarding,0
XJR8615,2026-03-05,new_hire_onboarding,0
XLD3365,2026-03-05,M4,1
YPA6465,2026-03-05,M3,1
ZZA4587,2026-03-05,legit_role_change,0
CZV3763,2026-03-06,new_hire_onboarding,0
DDB3409,2026-03-06,new_hire_onboarding,0
DKY8909,2026-03-06,legit_role_change,0
DVB7286,2026-03-06,M1,1
EXR7447,2026-03-06,new_hire_onboarding,0
FAM1900,2026-03-06,new_hire_onboarding,0
GQM3009,2026-03-06,remote_relocation,0
GTZ0192,2026-03-06,on_call_night_work,0
HXH6707,2026-03-06,remote_relocation,0
JNY6012,2026-03-06,new_hire_onboarding,0
JRM5199,2026-03-06,on_call_night_work,0
JVA7931,2026-03-06,remote_relocation,0
JWY4263,2026-03-06,remote_relocation,0
MBR7933,2026-03-06,on_call_night_work,0
PGM8326,2026-03-06,new_hire_onboarding,0
PMV7499,2026-03-06,M7,1
PYB7646,2026-03-06,remote_relocation,0
QDN2660,2026-03-06,M3,1
QJS2178,2026-03-06,M3,1
QVG8689,2026-03-06,on_call_night_work,0
RKP1272,2026-03-06,remote_relocation,0
RZU1592,2026-03-06,legit_role_change,0
SCA9486,2026-03-06,remote_relocation,0
SFV7598,2026-03-06,new_hire_onboarding,0
SHS0097,2026-03-06,business_travel,0
UPJ2100,2026-03-06,M3,1
UQJ8329,2026-03-06,new_hire_onboarding,0
VLE2985,2026-03-06,remote_relocation,0
VVU9833,2026-03-06,new_hire_onboarding,0
WJJ3459,2026-03-06,quarter_close_spike,0
WQD6977,2026-03-06,new_hire_onboarding,0
WTA6371,2026-03-06,new_hire_onboarding,0
XBY3937,2026-03-06,quarter_close_spike,0
XJR8615,2026-03-06,new_hire_onboarding,0
YPA6465,2026-03-06,M3,1
ZZA4587,2026-03-06,legit_role_change,0
AFF2174,2026-03-07,M7,1
AGQ6804,2026-03-07,M3,1
CZV3763,2026-03-07,new_hire_onboarding,0
DDB3409,2026-03-07,new_hire_onboarding,0
DKY8909,2026-03-07,legit_role_change,0
DVB7286,2026-03-07,M1,1
EXR7447,2026-03-07,new_hire_onboarding,0
FAM1900,2026-03-07,new_hire_onboarding,0
GTZ0192,2026-03-07,on_call_night_work,0
JNY6012,2026-03-07,new_hire_onboarding,0
JWY4263,2026-03-07,remote_relocation,0
KVS9522,2026-03-07,on_call_night_work,0
NUY8872,2026-03-07,weekend_deadline,0
PGM8326,2026-03-07,new_hire_onboarding,0
PJA2498,2026-03-07,M7,1
PMV7499,2026-03-07,M7,1
QDN2660,2026-03-07,M3,1
QJS2178,2026-03-07,M3,1
RPB6169,2026-03-07,M3,1
RZU1592,2026-03-07,legit_role_change,0
SFV7598,2026-03-07,new_hire_onboarding,0
UMH6643,2026-03-07,weekend_deadline,0
UQJ8329,2026-03-07,new_hire_onboarding,0
VLE2985,2026-03-07,remote_relocation,0
VVU9833,2026-03-07,new_hire_onboarding,0
WQD6977,2026-03-07,new_hire_onboarding,0
WTA6371,2026-03-07,new_hire_onboarding,0
XJR8615,2026-03-07,new_hire_onboarding,0
YFK8135,2026-03-07,on_call_night_work,0
YPA6465,2026-03-07,M3,1
ZZA4587,2026-03-07,legit_role_change,0
AFF2174,2026-03-08,M7,1
ASX1419,2026-03-08,new_hire_onboarding,0
CZV3763,2026-03-08,new_hire_onboarding,0
DDB3409,2026-03-08,new_hire_onboarding,0
DKY8909,2026-03-08,legit_role_change,0
DST2687,2026-03-08,M1,1
DVB7286,2026-03-08,M1,1
EXR7447,2026-03-08,new_hire_onboarding,0
FAM1900,2026-03-08,new_hire_onboarding,0
GTZ0192,2026-03-08,on_call_night_work,0
JNY6012,2026-03-08,new_hire_onboarding,0
MFB4161,2026-03-08,M5,1
PGM8326,2026-03-08,new_hire_onboarding,0
PJA2498,2026-03-08,M7,1
PMV7499,2026-03-08,M7,1
QDN2660,2026-03-08,M3,1
QJS2178,2026-03-08,M3,1
QVG8689,2026-03-08,on_call_night_work,0
RZU1592,2026-03-08,legit_role_change,0
SFV7598,2026-03-08,new_hire_onboarding,0
TBE1642,2026-03-08,M6,1
UMH6643,2026-03-08,weekend_deadline,0
UPJ2100,2026-03-08,M3,1
UQJ8329,2026-03-08,new_hire_onboarding,0
VVU9833,2026-03-08,new_hire_onboarding,0
WQD6977,2026-03-08,new_hire_onboarding,0
WTA6371,2026-03-08,new_hire_onboarding,0
XJR8615,2026-03-08,new_hire_onboarding,0
YPA6465,2026-03-08,M3,1
ZZA4587,2026-03-08,legit_role_change,0
APF7818,2026-03-09,quarter_close_spike,0
ASX1419,2026-03-09,new_hire_onboarding,0
CZV3763,2026-03-09,new_hire_onboarding,0
DDB3409,2026-03-09,new_hire_onboarding,0
DDH6028,2026-03-09,M3,1
DKY8909,2026-03-09,legit_role_change,0
DST2687,2026-03-09,M1,1
EXR7447,2026-03-09,new_hire_onboarding,0
FAM1900,2026-03-09,new_hire_onboarding,0
FRW3182,2026-03-09,new_hire_onboarding,0
GCD1014,2026-03-09,M4,1
GQM3009,2026-03-09,remote_relocation,0
GTZ0192,2026-03-09,on_call_night_work,0
HXH6707,2026-03-09,remote_relocation,0
JNY6012,2026-03-09,new_hire_onboarding,0
JVA7931,2026-03-09,remote_relocation,0
JWY4263,2026-03-09,remote_relocation,0
KHX2969,2026-03-09,M2,1
MFB4161,2026-03-09,M5,1
MPF6269,2026-03-09,M7,1
PGM8326,2026-03-09,new_hire_onboarding,0
PJA2498,2026-03-09,M7,1
PYB7646,2026-03-09,remote_relocation,0
QVG8689,2026-03-09,on_call_night_work,0
RAV9544,2026-03-09,quarter_close_spike,0
RKP1272,2026-03-09,remote_relocation,0
RZU1592,2026-03-09,legit_role_change,0
SCA9486,2026-03-09,remote_relocation,0
SFV7598,2026-03-09,new_hire_onboarding,0
SHS0097,2026-03-09,business_travel,0
TBE1642,2026-03-09,M6,1
TTT4652,2026-03-09,business_travel,0
UPJ2100,2026-03-09,M3,1
UQJ8329,2026-03-09,new_hire_onboarding,0
VLE2985,2026-03-09,remote_relocation,0
VVU9833,2026-03-09,new_hire_onboarding,0
WQD6977,2026-03-09,new_hire_onboarding,0
WTA6371,2026-03-09,new_hire_onboarding,0
XBY3937,2026-03-09,quarter_close_spike,0
XJR8615,2026-03-09,new_hire_onboarding,0
XLD3365,2026-03-09,M4,1
YPA6465,2026-03-09,M3,1
AFF2174,2026-03-10,M7,1
AGQ6804,2026-03-10,M3,1
APF7818,2026-03-10,quarter_close_spike,0
ASH2177,2026-03-10,quarter_close_spike,0
ASX1419,2026-03-10,new_hire_onboarding,0
CZV3763,2026-03-10,new_hire_onboarding,0
DDB3409,2026-03-10,new_hire_onboarding,0
DDH6028,2026-03-10,M3,1
DKY8909,2026-03-10,legit_role_change,0
DST2687,2026-03-10,M1,1
EXR7447,2026-03-10,new_hire_onboarding,0
FAM1900,2026-03-10,new_hire_onboarding,0
FRW3182,2026-03-10,new_hire_onboarding,0
GCD1014,2026-03-10,M4,1
GQM3009,2026-03-10,remote_relocation,0
HXH6707,2026-03-10,remote_relocation,0
JLN5393,2026-03-10,on_call_night_work,0
JNY6012,2026-03-10,new_hire_onboarding,0
JVA7931,2026-03-10,remote_relocation,0
JWY4263,2026-03-10,remote_relocation,0
KHX2969,2026-03-10,M2,1
MBR7933,2026-03-10,on_call_night_work,0
MFB4161,2026-03-10,M5,1
PGM8326,2026-03-10,new_hire_onboarding,0
PKA7047,2026-03-10,on_call_night_work,0
PMV7499,2026-03-10,M7,1
PYB7646,2026-03-10,remote_relocation,0
QDN2660,2026-03-10,M3,1
RAV9544,2026-03-10,quarter_close_spike,0
RKP1272,2026-03-10,remote_relocation,0
RPB6169,2026-03-10,M3,1
RZU1592,2026-03-10,legit_role_change,0
SCA9486,2026-03-10,remote_relocation,0
SFV7598,2026-03-10,new_hire_onboarding,0
TBE1642,2026-03-10,M6,1
TTT4652,2026-03-10,business_travel,0
UQJ8329,2026-03-10,new_hire_onboarding,0
VLE2985,2026-03-10,remote_relocation,0
VVU9833,2026-03-10,new_hire_onboarding,0
WQD6977,2026-03-10,new_hire_onboarding,0
WTA6371,2026-03-10,new_hire_onboarding,0
XJR8615,2026-03-10,new_hire_onboarding,0
XPG0614,2026-03-10,M3,1
XWB0313,2026-03-10,M1,1
YFK8135,2026-03-10,on_call_night_work,0
YPA6465,2026-03-10,M3,1
AFF2174,2026-03-11,M7,1
APF7818,2026-03-11,quarter_close_spike,0
ASH2177,2026-03-11,quarter_close_spike,0
ASX1419,2026-03-11,new_hire_onboarding,0
CZV3763,2026-03-11,new_hire_onboarding,0
DDB3409,2026-03-11,new_hire_onboarding,0
DDH6028,2026-03-11,M3,1
DKY8909,2026-03-11,legit_role_change,0
DST2687,2026-03-11,M1,1
EXR7447,2026-03-11,new_hire_onboarding,0
FAM1900,2026-03-11,new_hire_onboarding,0
FRW3182,2026-03-11,new_hire_onboarding,0
GQM3009,2026-03-11,remote_relocation,0
HXH6707,2026-03-11,remote_relocation,0
JNY6012,2026-03-11,new_hire_onboarding,0
JVA7931,2026-03-11,remote_relocation,0
JWY4263,2026-03-11,remote_relocation,0
KHX2969,2026-03-11,M2,1
KYD3626,2026-03-11,on_call_night_work,0
MFB4161,2026-03-11,M5,1
MPF6269,2026-03-11,M7,1
PGM8326,2026-03-11,new_hire_onboarding,0
PJA2498,2026-03-11,M7,1
PMV7499,2026-03-11,M7,1
PYB7646,2026-03-11,remote_relocation,0
QDN2660,2026-03-11,M3,1
QJS2178,2026-03-11,M3,1
RAV9544,2026-03-11,quarter_close_spike,0
RKP1272,2026-03-11,remote_relocation,0
RPB6169,2026-03-11,M3,1
SCA9486,2026-03-11,remote_relocation,0
SFV7598,2026-03-11,new_hire_onboarding,0
TTT4652,2026-03-11,business_travel,0
UQJ8329,2026-03-11,new_hire_onboarding,0
VLE2985,2026-03-11,remote_relocation,0
VVU9833,2026-03-11,new_hire_onboarding,0
WQD6977,2026-03-11,new_hire_onboarding,0
WTA6371,2026-03-11,new_hire_onboarding,0
XJR8615,2026-03-11,new_hire_onboarding,0
XPG0614,2026-03-11,M3,1
XWB0313,2026-03-11,M1,1
YFK8135,2026-03-11,on_call_night_work,0
ZZA4587,2026-03-11,legit_role_change,0
AFF2174,2026-03-12,M7,1
AGQ6804,2026-03-12,M3,1
APF7818,2026-03-12,quarter_close_spike,0
ASH2177,2026-03-12,quarter_close_spike,0
ASX1419,2026-03-12,new_hire_onboarding,0
CZV3763,2026-03-12,new_hire_onboarding,0
DDB3409,2026-03-12,new_hire_onboarding,0
DDH6028,2026-03-12,M3,1
EXR7447,2026-03-12,new_hire_onboarding,0
FAM1900,2026-03-12,new_hire_onboarding,0
GQM3009,2026-03-12,remote_relocation,0
HXH6707,2026-03-12,remote_relocation,0
JLN5393,2026-03-12,on_call_night_work,0
JNY6012,2026-03-12,new_hire_onboarding,0
JVA7931,2026-03-12,remote_relocation,0
JWY4263,2026-03-12,remote_relocation,0
KHX2969,2026-03-12,M2,1
MFB4161,2026-03-12,M5,1
PGM8326,2026-03-12,new_hire_onboarding,0
PJA2498,2026-03-12,M7,1
PYB7646,2026-03-12,remote_relocation,0
QDN2660,2026-03-12,M3,1
QJS2178,2026-03-12,M3,1
RAV9544,2026-03-12,quarter_close_spike,0
RKP1272,2026-03-12,remote_relocation,0
RPB6169,2026-03-12,M3,1
SCA9486,2026-03-12,remote_relocation,0
SFV7598,2026-03-12,new_hire_onboarding,0
UPJ2100,2026-03-12,M3,1
UQJ8329,2026-03-12,new_hire_onboarding,0
UUS3207,2026-03-12,remote_relocation,0
VLE2985,2026-03-12,remote_relocation,0
VVU9833,2026-03-12,new_hire_onboarding,0
WQD6977,2026-03-12,new_hire_onboarding,0
WTA6371,2026-03-12,new_hire_onboarding,0
XJR8615,2026-03-12,new_hire_onboarding,0
XPG0614,2026-03-12,M3,1
XWB0313,2026-03-12,M1,1
YPA6465,2026-03-12,M3,1
ZAD3041,2026-03-12,quarter_close_spike,0
ZZA4587,2026-03-12,legit_role_change,0
AFF2174,2026-03-13,M7,1
AGQ6804,2026-03-13,M3,1
ASH2177,2026-03-13,quarter_close_spike,0
ASX1419,2026-03-13,new_hire_onboarding,0
CZV3763,2026-03-13,new_hire_onboarding,0
DDB3409,2026-03-13,new_hire_onboarding,0
DDH6028,2026-03-13,M3,1
DHT3461,2026-03-13,M6,1
DKY8909,2026-03-13,legit_role_change,0
EXR7447,2026-03-13,new_hire_onboarding,0
FAM1900,2026-03-13,new_hire_onboarding,0
FRW3182,2026-03-13,new_hire_onboarding,0
GQM3009,2026-03-13,remote_relocation,0
HXH6707,2026-03-13,remote_relocation,0
JNY6012,2026-03-13,new_hire_onboarding,0
JVA7931,2026-03-13,remote_relocation,0
JWY4263,2026-03-13,remote_relocation,0
KHX2969,2026-03-13,M2,1
LXG5367,2026-03-13,on_call_night_work,0
MPF6269,2026-03-13,M7,1
MPG6197,2026-03-13,on_call_night_work,0
PGM8326,2026-03-13,new_hire_onboarding,0
PMV7499,2026-03-13,M7,1
PYB7646,2026-03-13,remote_relocation,0
QJS2178,2026-03-13,M3,1
QVG8689,2026-03-13,on_call_night_work,0
RAV9544,2026-03-13,quarter_close_spike,0
RKP1272,2026-03-13,remote_relocation,0
RPB6169,2026-03-13,M3,1
SFV7598,2026-03-13,new_hire_onboarding,0
TJX7065,2026-03-13,M1,1
UQJ8329,2026-03-13,new_hire_onboarding,0
UUS3207,2026-03-13,remote_relocation,0
UYH3482,2026-03-13,M5,1
VLE2985,2026-03-13,remote_relocation,0
VVU9833,2026-03-13,new_hire_onboarding,0
WQD6977,2026-03-13,new_hire_onboarding,0
WTA6371,2026-03-13,new_hire_onboarding,0
XJR8615,2026-03-13,new_hire_onboarding,0
XLD3365,2026-03-13,M4,1
XPG0614,2026-03-13,M3,1
XWB0313,2026-03-13,M1,1
YPA6465,2026-03-13,M3,1
ZAD3041,2026-03-13,quarter_close_spike,0
AFF2174,2026-03-14,M7,1
ASX1419,2026-03-14,new_hire_onboarding,0
CZV3763,2026-03-14,new_hire_onboarding,0
DDB3409,2026-03-14,new_hire_onboarding,0
DKY8909,2026-03-14,legit_role_change,0
EXR7447,2026-03-14,new_hire_onboarding,0
FAM1900,2026-03-14,new_hire_onboarding,0
FRW3182,2026-03-14,new_hire_onboarding,0
FUK6375,2026-03-14,M6,1
GCD1014,2026-03-14,M4,1
GUZ0270,2026-03-14,M1,1
JHU2260,2026-03-14,weekend_deadline,0
JNY6012,2026-03-14,new_hire_onboarding,0
KHX2969,2026-03-14,M2,1
LSK8578,2026-03-14,M3,1
MPF6269,2026-03-14,M7,1
MPG6197,2026-03-14,on_call_night_work,0
PGM8326,2026-03-14,new_hire_onboarding,0
PJA2498,2026-03-14,M7,1
PMV7499,2026-03-14,M7,1
QJS2178,2026-03-14,M3,1
QLT1421,2026-03-14,M6,1
RPB6169,2026-03-14,M3,1
SFV7598,2026-03-14,new_hire_onboarding,0
SZU0525,2026-03-14,legit_role_change,0
UQJ8329,2026-03-14,new_hire_onboarding,0
UYH3482,2026-03-14,M5,1
VVU9833,2026-03-14,new_hire_onboarding,0
WQD6977,2026-03-14,new_hire_onboarding,0
WTA6371,2026-03-14,new_hire_onboarding,0
WZE9326,2026-03-14,M2,1
XJR8615,2026-03-14,new_hire_onboarding,0
YPA6465,2026-03-14,M3,1
ZXZ4586,2026-03-14,M2,1
AFF2174,2026-03-15,M7,1
AGQ6804,2026-03-15,M3,1
ASX1419,2026-03-15,new_hire_onboarding,0
CZV3763,2026-03-15,new_hire_onboarding,0
DDB3409,2026-03-15,new_hire_onboarding,0
EXR7447,2026-03-15,new_hire_onboarding,0
FAM1900,2026-03-15,new_hire_onboarding,0
FRW3182,2026-03-15,new_hire_onboarding,0
FUK6375,2026-03-15,M6,1
GUZ0270,2026-03-15,M1,1
HVQ8555,2026-03-15,M7,1
KHX2969,2026-03-15,M2,1
KVS9522,2026-03-15,on_call_night_work,0
LHD4579,2026-03-15,on_call_night_work,0
MPF6269,2026-03-15,M7,1
PBG2200,2026-03-15,legit_role_change,0
PGM8326,2026-03-15,new_hire_onboarding,0
PJA2498,2026-03-15,M7,1
PMV7499,2026-03-15,M7,1
PXB7300,2026-03-15,weekend_deadline,0
QDN2660,2026-03-15,M3,1
SFV7598,2026-03-15,new_hire_onboarding,0
SLU6811,2026-03-15,weekend_deadline,0
SZU0525,2026-03-15,legit_role_change,0
TNT2352,2026-03-15,M7,1
UQJ8329,2026-03-15,new_hire_onboarding,0
UYH3482,2026-03-15,M5,1
VVU9833,2026-03-15,new_hire_onboarding,0
WQD6977,2026-03-15,new_hire_onboarding,0
WTA6371,2026-03-15,new_hire_onboarding,0
WZE9326,2026-03-15,M2,1
XJR8615,2026-03-15,new_hire_onboarding,0
XPG0614,2026-03-15,M3,1
ZXZ4586,2026-03-15,M2,1
ZZA4587,2026-03-15,legit_role_change,0
ASH2177,2026-03-16,quarter_close_spike,0
ASX1419,2026-03-16,new_hire_onboarding,0
BMC8908,2026-03-16,M3,1
CZV3763,2026-03-16,new_hire_onboarding,0
DDB3409,2026-03-16,new_hire_onboarding,0
EDY8122,2026-03-16,on_call_night_work,0
EXR7447,2026-03-16,new_hire_onboarding,0
FAM1900,2026-03-16,new_hire_onboarding,0
FRW3182,2026-03-16,new_hire_onboarding,0
FUK6375,2026-03-16,M6,1
GQM3009,2026-03-16,remote_relocation,0
GUZ0270,2026-03-16,M1,1
HXH6707,2026-03-16,remote_relocation,0
JVA7931,2026-03-16,remote_relocation,0
JWY4263,2026-03-16,remote_relocation,0
KLZ7303,2026-03-16,quarter_close_spike,0
KVS9522,2026-03-16,on_call_night_work,0
LHD4579,2026-03-16,on_call_night_work,0
LXG5367,2026-03-16,on_call_night_work,0
PBG2200,2026-03-16,legit_role_change,0
PGM8326,2026-03-16,new_hire_onboarding,0
PJA2498,2026-03-16,M7,1
PMV7499,2026-03-16,M7,1
PYB7646,2026-03-16,remote_relocation,0
PZE6660,2026-03-16,quarter_close_spike,0
QDN2660,2026-03-16,M3,1
QDT9172,2026-03-16,remote_relocation,0
RKP1272,2026-03-16,remote_relocation,0
SCA9486,2026-03-16,remote_relocation,0
SFV7598,2026-03-16,new_hire_onboarding,0
SYG1392,2026-03-16,quarter_close_spike,0
SZU0525,2026-03-16,legit_role_change,0
UQJ8329,2026-03-16,new_hire_onboarding,0
UUS3207,2026-03-16,remote_relocation,0
VLE2985,2026-03-16,remote_relocation,0
VVU9833,2026-03-16,new_hire_onboarding,0
WQD6977,2026-03-16,new_hire_onboarding,0
WTA6371,2026-03-16,new_hire_onboarding,0
WZE9326,2026-03-16,M2,1
XJR8615,2026-03-16,new_hire_onboarding,0
XLD3365,2026-03-16,M4,1
ZAD3041,2026-03-16,quarter_close_spike,0
ZXZ4586,2026-03-16,M2,1
ZZA4587,2026-03-16,legit_role_change,0
AFF2174,2026-03-17,M7,1
ASH2177,2026-03-17,quarter_close_spike,0
ASX1419,2026-03-17,new_hire_onboarding,0
BKG3081,2026-03-17,M2,1
BMC8908,2026-03-17,M3,1
CFT8853,2026-03-17,business_travel,0
CZV3763,2026-03-17,new_hire_onboarding,0
DDB3409,2026-03-17,new_hire_onboarding,0
DDH6028,2026-03-17,M3,1
DHH4426,2026-03-17,on_call_night_work,0
DQZ4406,2026-03-17,legit_role_change,0
EXR7447,2026-03-17,new_hire_onboarding,0
FAM1900,2026-03-17,new_hire_onboarding,0
FRW3182,2026-03-17,new_hire_onboarding,0
GQM3009,2026-03-17,remote_relocation,0
HVQ8555,2026-03-17,M7,1
HXH6707,2026-03-17,remote_relocation,0
JVA7931,2026-03-17,remote_relocation,0
JWY4263,2026-03-17,remote_relocation,0
KLZ7303,2026-03-17,quarter_close_spike,0
PBG2200,2026-03-17,legit_role_change,0
PGM8326,2026-03-17,new_hire_onboarding,0
PJA2498,2026-03-17,M7,1
PMV7499,2026-03-17,M7,1
PYB7646,2026-03-17,remote_relocation,0
PZE6660,2026-03-17,quarter_close_spike,0
QDN2660,2026-03-17,M3,1
QDT9172,2026-03-17,remote_relocation,0
QJS2178,2026-03-17,M3,1
RKP1272,2026-03-17,remote_relocation,0
SCA9486,2026-03-17,remote_relocation,0
SFV7598,2026-03-17,new_hire_onboarding,0
SYG1392,2026-03-17,quarter_close_spike,0
UPJ2100,2026-03-17,M3,1
UQJ8329,2026-03-17,new_hire_onboarding,0
UUS3207,2026-03-17,remote_relocation,0
VLE2985,2026-03-17,remote_relocation,0
VVU9833,2026-03-17,new_hire_onboarding,0
WQD6977,2026-03-17,new_hire_onboarding,0
WTA6371,2026-03-17,new_hire_onboarding,0
WZE9326,2026-03-17,M2,1
XJR8615,2026-03-17,new_hire_onboarding,0
XPG0614,2026-03-17,M3,1
ZAD3041,2026-03-17,quarter_close_spike,0
ZXZ4586,2026-03-17,M2,1
ZZA4587,2026-03-17,legit_role_change,0
AGQ6804,2026-03-18,M3,1
ASH2177,2026-03-18,quarter_close_spike,0
BKG3081,2026-03-18,M2,1
BSW8923,2026-03-18,M4,1
CFT8853,2026-03-18,business_travel,0
CZV3763,2026-03-18,new_hire_onboarding,0
DDB3409,2026-03-18,new_hire_onboarding,0
DDH6028,2026-03-18,M3,1
DQZ4406,2026-03-18,legit_role_change,0
EXR7447,2026-03-18,new_hire_onboarding,0
FAM1900,2026-03-18,new_hire_onboarding,0
FPV8534,2026-03-18,on_call_night_work,0
FRW3182,2026-03-18,new_hire_onboarding,0
FVA0221,2026-03-18,remote_relocation,0
GQM3009,2026-03-18,remote_relocation,0
HHT2257,2026-03-18,M2,1
HVQ8555,2026-03-18,M7,1
HXH6707,2026-03-18,remote_relocation,0
JEZ2409,2026-03-18,remote_relocation,0
JVA7931,2026-03-18,remote_relocation,0
JWY4263,2026-03-18,remote_relocation,0
KLZ7303,2026-03-18,quarter_close_spike,0
LXG5367,2026-03-18,on_call_night_work,0
MPG6197,2026-03-18,on_call_night_work,0
NDP9334,2026-03-18,M5,1
PBG2200,2026-03-18,legit_role_change,0
PGM8326,2026-03-18,new_hire_onboarding,0
PJA2498,2026-03-18,M7,1
PYB7646,2026-03-18,remote_relocation,0
PZE6660,2026-03-18,quarter_close_spike,0
QDT9172,2026-03-18,remote_relocation,0
RKP1272,2026-03-18,remote_relocation,0
RZR1761,2026-03-18,legit_role_change,0
SCA9486,2026-03-18,remote_relocation,0
SFV7598,2026-03-18,new_hire_onboarding,0
SYG1392,2026-03-18,quarter_close_spike,0
TNT2352,2026-03-18,M7,1
UQJ8329,2026-03-18,new_hire_onboarding,0
UUS3207,2026-03-18,remote_relocation,0
VLE2985,2026-03-18,remote_relocation,0
VVU9833,2026-03-18,new_hire_onboarding,0
WQD6977,2026-03-18,new_hire_onboarding,0
WTA6371,2026-03-18,new_hire_onboarding,0
WZE9326,2026-03-18,M2,1
XJR8615,2026-03-18,new_hire_onboarding,0
XLD3365,2026-03-18,M4,1
YPA6465,2026-03-18,M3,1
ZAD3041,2026-03-18,quarter_close_spike,0
ZXZ4586,2026-03-18,M2,1
ZZA4587,2026-03-18,legit_role_change,0
AFF2174,2026-03-19,M7,1
ASH2177,2026-03-19,quarter_close_spike,0
ASX1419,2026-03-19,new_hire_onboarding,0
BKG3081,2026-03-19,M2,1
CFT8853,2026-03-19,business_travel,0
CZV3763,2026-03-19,new_hire_onboarding,0
DDB3409,2026-03-19,new_hire_onboarding,0
DQZ4406,2026-03-19,legit_role_change,0
EXR7447,2026-03-19,new_hire_onboarding,0
FAM1900,2026-03-19,new_hire_onboarding,0
FRW3182,2026-03-19,new_hire_onboarding,0
FVA0221,2026-03-19,remote_relocation,0
GQM3009,2026-03-19,remote_relocation,0
HHT2257,2026-03-19,M2,1
HXH6707,2026-03-19,remote_relocation,0
JEZ2409,2026-03-19,remote_relocation,0
JVA7931,2026-03-19,remote_relocation,0
JWY4263,2026-03-19,remote_relocation,0
KLZ7303,2026-03-19,quarter_close_spike,0
LSK8578,2026-03-19,M3,1
LXG5367,2026-03-19,on_call_night_work,0
NDP9334,2026-03-19,M5,1
PBG2200,2026-03-19,legit_role_change,0
PGM8326,2026-03-19,new_hire_onboarding,0
PMV7499,2026-03-19,M7,1
PYB7646,2026-03-19,remote_relocation,0
PZE6660,2026-03-19,quarter_close_spike,0
QDN2660,2026-03-19,M3,1
QDT9172,2026-03-19,remote_relocation,0
QJS2178,2026-03-19,M3,1
RKP1272,2026-03-19,remote_relocation,0
RPB6169,2026-03-19,M3,1
RZR1761,2026-03-19,legit_role_change,0
SCA9486,2026-03-19,remote_relocation,0
SFV7598,2026-03-19,new_hire_onboarding,0
SYG1392,2026-03-19,quarter_close_spike,0
SZU0525,2026-03-19,legit_role_change,0
UPJ2100,2026-03-19,M3,1
UQJ8329,2026-03-19,new_hire_onboarding,0
UUS3207,2026-03-19,remote_relocation,0
VLE2985,2026-03-19,remote_relocation,0
VVU9833,2026-03-19,new_hire_onboarding,0
WNZ8194,2026-03-19,M6,1
WQD6977,2026-03-19,new_hire_onboarding,0
WRB3527,2026-03-19,M2,1
WZE9326,2026-03-19,M2,1
XJR8615,2026-03-19,new_hire_onboarding,0
XLD3365,2026-03-19,M4,1
YFK8135,2026-03-19,on_call_night_work,0
YPA6465,2026-03-19,M3,1
ZAD3041,2026-03-19,quarter_close_spike,0
ZXZ4586,2026-03-19,M2,1
ACZ8154,2026-03-20,on_call_night_work,0
AFF2174,2026-03-20,M7,1
ASX1419,2026-03-20,new_hire_onboarding,0
BKG3081,2026-03-20,M2,1
BMC8908,2026-03-20,M3,1
BSW8923,2026-03-20,M4,1
CFT8853,2026-03-20,business_travel,0
CQK5506,2026-03-20,M7,1
CZV3763,2026-03-20,new_hire_onboarding,0
DDH6028,2026-03-20,M3,1
DQZ4406,2026-03-20,legit_role_change,0
EXR7447,2026-03-20,new_hire_onboarding,0
FAM1900,2026-03-20,new_hire_onboarding,0
FRW3182,2026-03-20,new_hire_onboarding,0
FVA0221,2026-03-20,remote_relocation,0
GQM3009,2026-03-20,remote_relocation,0
HHT2257,2026-03-20,M2,1
HVQ8555,2026-03-20,M7,1
HXH6707,2026-03-20,remote_relocation,0
JEZ2409,2026-03-20,remote_relocation,0
JVA7931,2026-03-20,remote_relocation,0
JWY4263,2026-03-20,remote_relocation,0
KLZ7303,2026-03-20,quarter_close_spike,0
LSK8578,2026-03-20,M3,1
NDP9334,2026-03-20,M5,1
PBG2200,2026-03-20,legit_role_change,0
PGM8326,2026-03-20,new_hire_onboarding,0
PJA2498,2026-03-20,M7,1
PPH2089,2026-03-20,quarter_close_spike,0
PYB7646,2026-03-20,remote_relocation,0
PZE6660,2026-03-20,quarter_close_spike,0
QDN2660,2026-03-20,M3,1
QDT9172,2026-03-20,remote_relocation,0
QEU7845,2026-03-20,remote_relocation,0
RKP1272,2026-03-20,remote_relocation,0
RPB6169,2026-03-20,M3,1
RZR1761,2026-03-20,legit_role_change,0
SCA9486,2026-03-20,remote_relocation,0
SYG1392,2026-03-20,quarter_close_spike,0
SZU0525,2026-03-20,legit_role_change,0
TNT2352,2026-03-20,M7,1
UPJ2100,2026-03-20,M3,1
UQJ8329,2026-03-20,new_hire_onboarding,0
UUS3207,2026-03-20,remote_relocation,0
VLE2985,2026-03-20,remote_relocation,0
VVU9833,2026-03-20,new_hire_onboarding,0
WQD6977,2026-03-20,new_hire_onboarding,0
WRB3527,2026-03-20,M2,1
WZE9326,2026-03-20,M2,1
YFK8135,2026-03-20,on_call_night_work,0
YPA6465,2026-03-20,M3,1
ZAD3041,2026-03-20,quarter_close_spike,0
ZVF2710,2026-03-20,quarter_close_spike,0
ZXZ4586,2026-03-20,M2,1
ZZA4587,2026-03-20,legit_role_change,0
AFF2174,2026-03-21,M7,1
ASX1419,2026-03-21,new_hire_onboarding,0
BKG3081,2026-03-21,M2,1
CFV6297,2026-03-21,weekend_deadline,0
CQK5506,2026-03-21,M7,1
CZV3763,2026-03-21,new_hire_onboarding,0
DQZ4406,2026-03-21,legit_role_change,0
EXR7447,2026-03-21,new_hire_onboarding,0
FAM1900,2026-03-21,new_hire_onboarding,0
FRW3182,2026-03-21,new_hire_onboarding,0
HHT2257,2026-03-21,M2,1
HVQ8555,2026-03-21,M7,1
JHU2260,2026-03-21,weekend_deadline,0
JRM5199,2026-03-21,on_call_night_work,0
MBR7933,2026-03-21,on_call_night_work,0
NDP9334,2026-03-21,M5,1
PBG2200,2026-03-21,legit_role_change,0
PGM8326,2026-03-21,new_hire_onboarding,0
PJA2498,2026-03-21,M7,1
PMV7499,2026-03-21,M7,1
PXB7300,2026-03-21,weekend_deadline,0
RZR1761,2026-03-21,legit_role_change,0
SBE6209,2026-03-21,M7,1
SZU0525,2026-03-21,legit_role_change,0
TUG1929,2026-03-21,weekend_deadline,0
UPJ2100,2026-03-21,M3,1
UQJ8329,2026-03-21,new_hire_onboarding,0
WQD6977,2026-03-21,new_hire_onboarding,0
WRB3527,2026-03-21,M2,1
YFK8135,2026-03-21,on_call_night_work,0
ZXZ4586,2026-03-21,M2,1
ZZA4587,2026-03-21,legit_role_change,0
AFF2174,2026-03-22,M7,1
ASX1419,2026-03-22,new_hire_onboarding,0
BKG3081,2026-03-22,M2,1
CFV6297,2026-03-22,weekend_deadline,0
CQK5506,2026-03-22,M7,1
CZV3763,2026-03-22,new_hire_onboarding,0
DHH4426,2026-03-22,on_call_night_work,0
DQZ4406,2026-03-22,legit_role_change,0
EXR7447,2026-03-22,new_hire_onboarding,0
FRW3182,2026-03-22,new_hire_onboarding,0
HHT2257,2026-03-22,M2,1
HVQ8555,2026-03-22,M7,1
PBG2200,2026-03-22,legit_role_change,0
PGM8326,2026-03-22,new_hire_onboarding,0
PJA2498,2026-03-22,M7,1
PMV7499,2026-03-22,M7,1
PXB7300,2026-03-22,weekend_deadline,0
QJS2178,2026-03-22,M3,1
TNT2352,2026-03-22,M7,1
TUG1929,2026-03-22,weekend_deadline,0
UPJ2100,2026-03-22,M3,1
UQJ8329,2026-03-22,new_hire_onboarding,0
UUS3207,2026-03-22,remote_relocation,0
WQD6977,2026-03-22,new_hire_onboarding,0
WRB3527,2026-03-22,M2,1
XPG0614,2026-03-22,M3,1
ZHK7052,2026-03-22,M4,1
ZXZ4586,2026-03-22,M2,1
ZZA4587,2026-03-22,legit_role_change,0
AFF2174,2026-03-23,M7,1
ASX1419,2026-03-23,new_hire_onboarding,0
BKG3081,2026-03-23,M2,1
CFT8853,2026-03-23,business_travel,0
CQK5506,2026-03-23,M7,1
CZV3763,2026-03-23,new_hire_onboarding,0
ETS6294,2026-03-23,M4,1
EXR7447,2026-03-23,new_hire_onboarding,0
FPV8534,2026-03-23,on_call_night_work,0
FRW3182,2026-03-23,new_hire_onboarding,0
FVA0221,2026-03-23,remote_relocation,0
GQM3009,2026-03-23,remote_relocation,0
HHT2257,2026-03-23,M2,1
HVQ8555,2026-03-23,M7,1
HXH6707,2026-03-23,remote_relocation,0
JEZ2409,2026-03-23,remote_relocation,0
JLN5393,2026-03-23,on_call_night_work,0
JVA7931,2026-03-23,remote_relocation,0
JWY4263,2026-03-23,remote_relocation,0
KQF9279,2026-03-23,business_travel,0
LCB1568,2026-03-23,legit_role_change,0
MPF6269,2026-03-23,M7,1
MXP4447,2026-03-23,quarter_close_spike,0
PBG2200,2026-03-23,legit_role_change,0
PGM8326,2026-03-23,new_hire_onboarding,0
PJA2498,2026-03-23,M7,1
PPH2089,2026-03-23,quarter_close_spike,0
PYB7646,2026-03-23,remote_relocation,0
QDN2660,2026-03-23,M3,1
QDT9172,2026-03-23,remote_relocation,0
QEU7845,2026-03-23,remote_relocation,0
QJS2178,2026-03-23,M3,1
QMM7832,2026-03-23,business_travel,0
RAT3363,2026-03-23,remote_relocation,0
RKP1272,2026-03-23,remote_relocation,0
RZR1761,2026-03-23,legit_role_change,0
SBE6209,2026-03-23,M7,1
SCA9486,2026-03-23,remote_relocation,0
SZU0525,2026-03-23,legit_role_change,0
TDM1734,2026-03-23,remote_relocation,0
UQJ8329,2026-03-23,new_hire_onboarding,0
UUS3207,2026-03-23,remote_relocation,0
VLE2985,2026-03-23,remote_relocation,0
WQD6977,2026-03-23,new_hire_onboarding,0
WRB3527,2026-03-23,M2,1
YFK8135,2026-03-23,on_call_night_work,0
ZVF2710,2026-03-23,quarter_close_spike,0
ZXZ4586,2026-03-23,M2,1
AFF2174,2026-03-24,M7,1
ASX1419,2026-03-24,new_hire_onboarding,0
BKG3081,2026-03-24,M2,1
BSW8923,2026-03-24,M4,1
CFT8853,2026-03-24,business_travel,0
CQK5506,2026-03-24,M7,1
CZV3763,2026-03-24,new_hire_onboarding,0
EDY8122,2026-03-24,on_call_night_work,0
EGC4448,2026-03-24,remote_relocation,0
EXR7447,2026-03-24,new_hire_onboarding,0
FRW3182,2026-03-24,new_hire_onboarding,0
FVA0221,2026-03-24,remote_relocation,0
GQM3009,2026-03-24,remote_relocation,0
HHT2257,2026-03-24,M2,1
HVQ8555,2026-03-24,M7,1
HXH6707,2026-03-24,remote_relocation,0
JEZ2409,2026-03-24,remote_relocation,0
JVA7931,2026-03-24,remote_relocation,0
JWY4263,2026-03-24,remote_relocation,0
KQF9279,2026-03-24,business_travel,0
KYD3626,2026-03-24,on_call_night_work,0
LCB1568,2026-03-24,legit_role_change,0
LHD4579,2026-03-24,on_call_night_work,0
LZY0366,2026-03-24,quarter_close_spike,0
PBG2200,2026-03-24,legit_role_change,0
PGM8326,2026-03-24,new_hire_onboarding,0
PJA2498,2026-03-24,M7,1
PMV7499,2026-03-24,M7,1
PYB7646,2026-03-24,remote_relocation,0
QDE0143,2026-03-24,remote_relocation,0
QDT9172,2026-03-24,remote_relocation,0
QEU7845,2026-03-24,remote_relocation,0
QJS2178,2026-03-24,M3,1
QMM7832,2026-03-24,business_travel,0
RAT3363,2026-03-24,remote_relocation,0
RKP1272,2026-03-24,remote_relocation,0
RPB6169,2026-03-24,M3,1
RZR1761,2026-03-24,legit_role_change,0
SBE6209,2026-03-24,M7,1
SCA9486,2026-03-24,remote_relocation,0
SZU0525,2026-03-24,legit_role_change,0
TDM1734,2026-03-24,remote_relocation,0
UEY0965,2026-03-24,remote_relocation,0
UQJ8329,2026-03-24,new_hire_onboarding,0
UUS3207,2026-03-24,remote_relocation,0
VLE2985,2026-03-24,remote_relocation,0
WQD6977,2026-03-24,new_hire_onboarding,0
WRB3527,2026-03-24,M2,1
YPA6465,2026-03-24,M3,1
ZVB8376,2026-03-24,quarter_close_spike,0
ZVF2710,2026-03-24,quarter_close_spike,0
ZXZ4586,2026-03-24,M2,1
ZZA4587,2026-03-24,legit_role_change,0
AFF2174,2026-03-25,M7,1
ASX1419,2026-03-25,new_hire_onboarding,0
BKG3081,2026-03-25,M2,1
BSW8923,2026-03-25,M4,1
BYQ0055,2026-03-25,new_hire_onboarding,0
CFT8853,2026-03-25,business_travel,0
CQK5506,2026-03-25,M7,1
CZV3763,2026-03-25,new_hire_onboarding,0
DHH4426,2026-03-25,on_call_night_work,0
DQZ4406,2026-03-25,legit_role_change,0
EGC4448,2026-03-25,remote_relocation,0
EXR7447,2026-03-25,new_hire_onboarding,0
FRW3182,2026-03-25,new_hire_onboarding,0
FVA0221,2026-03-25,remote_relocation,0
GQM3009,2026-03-25,remote_relocation,0
HHT2257,2026-03-25,M2,1
HUW0385,2026-03-25,remote_relocation,0
HVQ8555,2026-03-25,M7,1
HXH6707,2026-03-25,remote_relocation,0
JEZ2409,2026-03-25,remote_relocation,0
JVA7931,2026-03-25,remote_relocation,0
JWY4263,2026-03-25,remote_relocation,0
KQF9279,2026-03-25,business_travel,0
LCB1568,2026-03-25,legit_role_change,0
LSK8578,2026-03-25,M3,1
LZY0366,2026-03-25,quarter_close_spike,0
MPF6269,2026-03-25,M7,1
MXP4447,2026-03-25,quarter_close_spike,0
PBG2200,2026-03-25,legit_role_change,0
PGM8326,2026-03-25,new_hire_onboarding,0
PMV7499,2026-03-25,M7,1
PVP1024,2026-03-25,quarter_close_spike,0
PYB7646,2026-03-25,remote_relocation,0
QDE0143,2026-03-25,remote_relocation,0
QDT9172,2026-03-25,remote_relocation,0
QEU7845,2026-03-25,remote_relocation,0
QKT5936,2026-03-25,on_call_night_work,0
QMM7832,2026-03-25,business_travel,0
RAT3363,2026-03-25,remote_relocation,0
RKP1272,2026-03-25,remote_relocation,0
RZR1761,2026-03-25,legit_role_change,0
SBE6209,2026-03-25,M7,1
SCA9486,2026-03-25,remote_relocation,0
SZU0525,2026-03-25,legit_role_change,0
TDM1734,2026-03-25,remote_relocation,0
UEY0965,2026-03-25,remote_relocation,0
UQJ8329,2026-03-25,new_hire_onboarding,0
UUS3207,2026-03-25,remote_relocation,0
VJS9473,2026-03-25,legit_role_change,0
VLE2985,2026-03-25,remote_relocation,0
WQD6977,2026-03-25,new_hire_onboarding,0
WRB3527,2026-03-25,M2,1
XPG0614,2026-03-25,M3,1
YPA6465,2026-03-25,M3,1
ZVB8376,2026-03-25,quarter_close_spike,0
AFF2174,2026-03-26,M7,1
ASX1419,2026-03-26,new_hire_onboarding,0
BKG3081,2026-03-26,M2,1
BYQ0055,2026-03-26,new_hire_onboarding,0
CFT8853,2026-03-26,business_travel,0
CQK5506,2026-03-26,M7,1
CZV3763,2026-03-26,new_hire_onboarding,0
DQZ4406,2026-03-26,legit_role_change,0
EGC4448,2026-03-26,remote_relocation,0
EXR7447,2026-03-26,new_hire_onboarding,0
FRW3182,2026-03-26,new_hire_onboarding,0
FVA0221,2026-03-26,remote_relocation,0
GQM3009,2026-03-26,remote_relocation,0
HUW0385,2026-03-26,remote_relocation,0
HVQ8555,2026-03-26,M7,1
HXH6707,2026-03-26,remote_relocation,0
JEZ2409,2026-03-26,remote_relocation,0
JRM5199,2026-03-26,on_call_night_work,0
JVA7931,2026-03-26,remote_relocation,0
JWY4263,2026-03-26,remote_relocation,0
KQF9279,2026-03-26,business_travel,0
KYD3626,2026-03-26,on_call_night_work,0
LCB1568,2026-03-26,legit_role_change,0
LSK8578,2026-03-26,M3,1
LZY0366,2026-03-26,quarter_close_spike,0
MBR7933,2026-03-26,on_call_night_work,0
MXP4447,2026-03-26,quarter_close_spike,0
PBG2200,2026-03-26,legit_role_change,0
PGM8326,2026-03-26,new_hire_onboarding,0
PMV7499,2026-03-26,M7,1
PVP1024,2026-03-26,quarter_close_spike,0
PYB7646,2026-03-26,remote_relocation,0
QDE0143,2026-03-26,remote_relocation,0
QDN2660,2026-03-26,M3,1
QDT9172,2026-03-26,remote_relocation,0
QEU7845,2026-03-26,remote_relocation,0
QMM7832,2026-03-26,business_travel,0
RAT3363,2026-03-26,remote_relocation,0
RKP1272,2026-03-26,remote_relocation,0
RPB6169,2026-03-26,M3,1
RZR1761,2026-03-26,legit_role_change,0
SBE6209,2026-03-26,M7,1
SCA9486,2026-03-26,remote_relocation,0
SZU0525,2026-03-26,legit_role_change,0
TDM1734,2026-03-26,remote_relocation,0
UEY0965,2026-03-26,remote_relocation,0
UQJ8329,2026-03-26,new_hire_onboarding,0
UUS3207,2026-03-26,remote_relocation,0
VJS9473,2026-03-26,legit_role_change,0
WQD6977,2026-03-26,new_hire_onboarding,0
WRB3527,2026-03-26,M2,1
XHV9567,2026-03-26,remote_relocation,0
XPG0614,2026-03-26,M3,1
ZVB8376,2026-03-26,quarter_close_spike,0
AFF2174,2026-03-27,M7,1
AGQ6804,2026-03-27,M3,1
ASX1419,2026-03-27,new_hire_onboarding,0
BKG3081,2026-03-27,M2,1
BMC8908,2026-03-27,M3,1
BYQ0055,2026-03-27,new_hire_onboarding,0
CQK5506,2026-03-27,M7,1
CZV3763,2026-03-27,new_hire_onboarding,0
DQZ4406,2026-03-27,legit_role_change,0
EGC4448,2026-03-27,remote_relocation,0
EXR7447,2026-03-27,new_hire_onboarding,0
FRW3182,2026-03-27,new_hire_onboarding,0
FVA0221,2026-03-27,remote_relocation,0
GQM3009,2026-03-27,remote_relocation,0
HUW0385,2026-03-27,remote_relocation,0
HXH6707,2026-03-27,remote_relocation,0
JEZ2409,2026-03-27,remote_relocation,0
JVA7931,2026-03-27,remote_relocation,0
JWY4263,2026-03-27,remote_relocation,0
KDX8366,2026-03-27,legit_role_change,0
KQF9279,2026-03-27,business_travel,0
KYD3626,2026-03-27,on_call_night_work,0
MBR7933,2026-03-27,on_call_night_work,0
MXP4447,2026-03-27,quarter_close_spike,0
PBG2200,2026-03-27,legit_role_change,0
PGM8326,2026-03-27,new_hire_onboarding,0
PMV7499,2026-03-27,M7,1
PVP1024,2026-03-27,quarter_close_spike,0
PYB7646,2026-03-27,remote_relocation,0
QDT9172,2026-03-27,remote_relocation,0
QEU7845,2026-03-27,remote_relocation,0
QMM7832,2026-03-27,business_travel,0
RAT3363,2026-03-27,remote_relocation,0
RBA1609,2026-03-27,quarter_close_spike,0
RKP1272,2026-03-27,remote_relocation,0
RZR1761,2026-03-27,legit_role_change,0
SBE6209,2026-03-27,M7,1
SCA9486,2026-03-27,remote_relocation,0
SZU0525,2026-03-27,legit_role_change,0
TDM1734,2026-03-27,remote_relocation,0
UEY0965,2026-03-27,remote_relocation,0
UQJ8329,2026-03-27,new_hire_onboarding,0
UUS3207,2026-03-27,remote_relocation,0
VFK7595,2026-03-27,M4,1
VJS9473,2026-03-27,legit_role_change,0
VLE2985,2026-03-27,remote_relocation,0
VVL2346,2026-03-27,M5,1
WQD6977,2026-03-27,new_hire_onboarding,0
WRB3527,2026-03-27,M2,1
XHV9567,2026-03-27,remote_relocation,0
XPG0614,2026-03-27,M3,1
YJK5622,2026-03-27,M5,1
ZVB8376,2026-03-27,quarter_close_spike,0
AFF2174,2026-03-28,M7,1
AGQ6804,2026-03-28,M3,1
ASX1419,2026-03-28,new_hire_onboarding,0
BKG3081,2026-03-28,M2,1
BMC8908,2026-03-28,M3,1
BYQ0055,2026-03-28,new_hire_onboarding,0
CFV6297,2026-03-28,weekend_deadline,0
CQK5506,2026-03-28,M7,1
CZV3763,2026-03-28,new_hire_onboarding,0
DQZ4406,2026-03-28,legit_role_change,0
ETS6294,2026-03-28,M4,1
EXR7447,2026-03-28,new_hire_onboarding,0
FKD9447,2026-03-28,new_hire_onboarding,0
FRW3182,2026-03-28,new_hire_onboarding,0
KDX8366,2026-03-28,legit_role_change,0
KZM4130,2026-03-28,weekend_deadline,0
LCB1568,2026-03-28,legit_role_change,0
LCT5452,2026-03-28,M5,1
LSK8578,2026-03-28,M3,1
MPF6269,2026-03-28,M7,1
PBG2200,2026-03-28,legit_role_change,0
PGM8326,2026-03-28,new_hire_onboarding,0
PMV7499,2026-03-28,M7,1
QDN2660,2026-03-28,M3,1
QJS2178,2026-03-28,M3,1
QKT5936,2026-03-28,on_call_night_work,0
RQX2265,2026-03-28,weekend_deadline,0
RZR1761,2026-03-28,legit_role_change,0
SZU0525,2026-03-28,legit_role_change,0
TNT2352,2026-03-28,M7,1
TUG1929,2026-03-28,weekend_deadline,0
UJU1283,2026-03-28,weekend_deadline,0
UQJ8329,2026-03-28,new_hire_onboarding,0
VFK7595,2026-03-28,M4,1
VJS9473,2026-03-28,legit_role_change,0
VVL2346,2026-03-28,M5,1
WQD6977,2026-03-28,new_hire_onboarding,0
WRB3527,2026-03-28,M2,1
YJK5622,2026-03-28,M5,1
YPA6465,2026-03-28,M3,1
ACZ8154,2026-03-29,on_call_night_work,0
AFF2174,2026-03-29,M7,1
ASX1419,2026-03-29,new_hire_onboarding,0
BKG3081,2026-03-29,M2,1
BYQ0055,2026-03-29,new_hire_onboarding,0
CNY0484,2026-03-29,legit_role_change,0
CQK5506,2026-03-29,M7,1
CZV3763,2026-03-29,new_hire_onboarding,0
DDH6028,2026-03-29,M3,1
EDY8122,2026-03-29,on_call_night_work,0
EXR7447,2026-03-29,new_hire_onboarding,0
FKD9447,2026-03-29,new_hire_onboarding,0
FRW3182,2026-03-29,new_hire_onboarding,0
HVQ8555,2026-03-29,M7,1
KDX8366,2026-03-29,legit_role_change,0
LCB1568,2026-03-29,legit_role_change,0
LCT5452,2026-03-29,M5,1
LXG5367,2026-03-29,on_call_night_work,0
MBR7933,2026-03-29,on_call_night_work,0
MPF6269,2026-03-29,M7,1
NKG7115,2026-03-29,new_hire_onboarding,0
PBG2200,2026-03-29,legit_role_change,0
PGM8326,2026-03-29,new_hire_onboarding,0
QJS2178,2026-03-29,M3,1
QKT5936,2026-03-29,on_call_night_work,0
RZR1761,2026-03-29,legit_role_change,0
SBE6209,2026-03-29,M7,1
SZU0525,2026-03-29,legit_role_change,0
TNT2352,2026-03-29,M7,1
TUG1929,2026-03-29,weekend_deadline,0
UJU1283,2026-03-29,weekend_deadline,0
UQJ8329,2026-03-29,new_hire_onboarding,0
VFK7595,2026-03-29,M4,1
VJS9473,2026-03-29,legit_role_change,0
VVL2346,2026-03-29,M5,1
WRB3527,2026-03-29,M2,1
XPG0614,2026-03-29,M3,1
YJK5622,2026-03-29,M5,1
ASX1419,2026-03-30,new_hire_onboarding,0
BMC8908,2026-03-30,M3,1
BYQ0055,2026-03-30,new_hire_onboarding,0
CNY0484,2026-03-30,legit_role_change,0
CZV3763,2026-03-30,new_hire_onboarding,0
DQZ4406,2026-03-30,legit_role_change,0
EGC4448,2026-03-30,remote_relocation,0
ETS6294,2026-03-30,M4,1
EXR0869,2026-03-30,M5,1
EXR7447,2026-03-30,new_hire_onboarding,0
FKD9447,2026-03-30,new_hire_onboarding,0
FRW3182,2026-03-30,new_hire_onboarding,0
FVA0221,2026-03-30,remote_relocation,0
GQM3009,2026-03-30,remote_relocation,0
HUD1777,2026-03-30,on_call_night_work,0
HXH6707,2026-03-30,remote_relocation,0
JEZ2409,2026-03-30,remote_relocation,0
JVA7931,2026-03-30,remote_relocation,0
JWY4263,2026-03-30,remote_relocation,0
KDX8366,2026-03-30,legit_role_change,0
LCT5452,2026-03-30,M5,1
MPR8653,2026-03-30,M2,1
NKG7115,2026-03-30,new_hire_onboarding,0
PBG2200,2026-03-30,legit_role_change,0
PGM8326,2026-03-30,new_hire_onboarding,0
PVP1024,2026-03-30,quarter_close_spike,0
PYB7646,2026-03-30,remote_relocation,0
QDE0143,2026-03-30,remote_relocation,0
QDT9172,2026-03-30,remote_relocation,0
QEU7845,2026-03-30,remote_relocation,0
QJS2178,2026-03-30,M3,1
RAT3363,2026-03-30,remote_relocation,0
RBA1609,2026-03-30,quarter_close_spike,0
RKP1272,2026-03-30,remote_relocation,0
RZR1761,2026-03-30,legit_role_change,0
SBE6209,2026-03-30,M7,1
SCA9486,2026-03-30,remote_relocation,0
SZU0525,2026-03-30,legit_role_change,0
TDM1734,2026-03-30,remote_relocation,0
TNT2352,2026-03-30,M7,1
UEY0965,2026-03-30,remote_relocation,0
UQJ8329,2026-03-30,new_hire_onboarding,0
UUS3207,2026-03-30,remote_relocation,0
VFK7595,2026-03-30,M4,1
VJS9473,2026-03-30,legit_role_change,0
VLE2985,2026-03-30,remote_relocation,0
VVL2346,2026-03-30,M5,1
WRB3527,2026-03-30,M2,1
XHV9567,2026-03-30,remote_relocation,0
XPG0614,2026-03-30,M3,1
XYA5835,2026-03-30,new_hire_onboarding,0
YPA6465,2026-03-30,M3,1
ZVB8376,2026-03-30,quarter_close_spike,0
ASX1419,2026-03-31,new_hire_onboarding,0
BMC8908,2026-03-31,M3,1
BYQ0055,2026-03-31,new_hire_onboarding,0
CQK5506,2026-03-31,M7,1
DDH6028,2026-03-31,M3,1
DQZ4406,2026-03-31,legit_role_change,0
EGC4448,2026-03-31,remote_relocation,0
ETS6294,2026-03-31,M4,1
EXR0869,2026-03-31,M5,1
EXR7447,2026-03-31,new_hire_onboarding,0
FKD9447,2026-03-31,new_hire_onboarding,0
FRW3182,2026-03-31,new_hire_onboarding,0
FVA0221,2026-03-31,remote_relocation,0
GQM3009,2026-03-31,remote_relocation,0
HUW0385,2026-03-31,remote_relocation,0
HXH6707,2026-03-31,remote_relocation,0
JEZ2409,2026-03-31,remote_relocation,0
JWY4263,2026-03-31,remote_relocation,0
KDX8366,2026-03-31,legit_role_change,0
LCB1568,2026-03-31,legit_role_change,0
LCT5452,2026-03-31,M5,1
MEG7072,2026-03-31,M3,1
MPF6269,2026-03-31,M7,1
MPR8653,2026-03-31,M2,1
NKG7115,2026-03-31,new_hire_onboarding,0
PBG2200,2026-03-31,legit_role_change,0
PVP1024,2026-03-31,quarter_close_spike,0
PYB7646,2026-03-31,remote_relocation,0
QDE0143,2026-03-31,remote_relocation,0
QDT9172,2026-03-31,remote_relocation,0
QEU7845,2026-03-31,remote_relocation,0
QKT5936,2026-03-31,on_call_night_work,0
RAT3363,2026-03-31,remote_relocation,0
RBA1609,2026-03-31,quarter_close_spike,0
RHN7379,2026-03-31,business_travel,0
RKP1272,2026-03-31,remote_relocation,0
RZR1761,2026-03-31,legit_role_change,0
SCA9486,2026-03-31,remote_relocation,0
SZU0525,2026-03-31,legit_role_change,0
TDM1734,2026-03-31,remote_relocation,0
TFG1591,2026-03-31,quarter_close_spike,0
UEY0965,2026-03-31,remote_relocation,0
UQJ8329,2026-03-31,new_hire_onboarding,0
UUS3207,2026-03-31,remote_relocation,0
VJS9473,2026-03-31,legit_role_change,0
VLE2985,2026-03-31,remote_relocation,0
VVL2346,2026-03-31,M5,1
WRB3527,2026-03-31,M2,1
XHV9567,2026-03-31,remote_relocation,0
XPG0614,2026-03-31,M3,1
XYA5835,2026-03-31,new_hire_onboarding,0
ZHK7052,2026-03-31,M4,1
ZVB8376,2026-03-31,quarter_close_spike,0
ASX1419,2026-04-01,new_hire_onboarding,0
BXU0879,2026-04-01,on_call_night_work,0
BYQ0055,2026-04-01,new_hire_onboarding,0
CNY0484,2026-04-01,legit_role_change,0
CQK5506,2026-04-01,M7,1
DDH6028,2026-04-01,M3,1
DQZ4406,2026-04-01,legit_role_change,0
EGC4448,2026-04-01,remote_relocation,0
EXR0869,2026-04-01,M5,1
EXR7447,2026-04-01,new_hire_onboarding,0
FKD9447,2026-04-01,new_hire_onboarding,0
FPV8534,2026-04-01,on_call_night_work,0
FRW3182,2026-04-01,new_hire_onboarding,0
FVA0221,2026-04-01,remote_relocation,0
GQM3009,2026-04-01,remote_relocation,0
HAB6562,2026-04-01,business_travel,0
HQK3324,2026-04-01,new_hire_onboarding,0
HXH6707,2026-04-01,remote_relocation,0
JEZ2409,2026-04-01,remote_relocation,0
JJM7250,2026-04-01,on_call_night_work,0
JVA7931,2026-04-01,remote_relocation,0
JWY4263,2026-04-01,remote_relocation,0
KDX8366,2026-04-01,legit_role_change,0
LCT5452,2026-04-01,M5,1
LSK8578,2026-04-01,M3,1
MEG7072,2026-04-01,M3,1
MLC0444,2026-04-01,business_travel,0
MPR8653,2026-04-01,M2,1
NKG7115,2026-04-01,new_hire_onboarding,0
PBG2200,2026-04-01,legit_role_change,0
PVP1024,2026-04-01,quarter_close_spike,0
PYB7646,2026-04-01,remote_relocation,0
QDE0143,2026-04-01,remote_relocation,0
QDN2660,2026-04-01,M3,1
QDT9172,2026-04-01,remote_relocation,0
QEU7845,2026-04-01,remote_relocation,0
RAT3363,2026-04-01,remote_relocation,0
RHN7379,2026-04-01,business_travel,0
RKP1272,2026-04-01,remote_relocation,0
SCA9486,2026-04-01,remote_relocation,0
SZU0525,2026-04-01,legit_role_change,0
TDM1734,2026-04-01,remote_relocation,0
TDZ7818,2026-04-01,M4,1
TFG1591,2026-04-01,quarter_close_spike,0
UEY0965,2026-04-01,remote_relocation,0
UQJ8329,2026-04-01,new_hire_onboarding,0
UUS3207,2026-04-01,remote_relocation,0
VJS9473,2026-04-01,legit_role_change,0
VLE2985,2026-04-01,remote_relocation,0
XHV9567,2026-04-01,remote_relocation,0
XYA5835,2026-04-01,new_hire_onboarding,0
ACZ8154,2026-04-02,on_call_night_work,0
AFF2174,2026-04-02,M7,1
ASX1419,2026-04-02,new_hire_onboarding,0
BMC8908,2026-04-02,M3,1
BSW8923,2026-04-02,M4,1
BYQ0055,2026-04-02,new_hire_onboarding,0
CNY0484,2026-04-02,legit_role_change,0
CQK5506,2026-04-02,M7,1
DEC1796,2026-04-02,M5,1
DQZ4406,2026-04-02,legit_role_change,0
EGC4448,2026-04-02,remote_relocation,0
EXR0869,2026-04-02,M5,1
FKD9447,2026-04-02,new_hire_onboarding,0
FRW3182,2026-04-02,new_hire_onboarding,0
FVA0221,2026-04-02,remote_relocation,0
GQM3009,2026-04-02,remote_relocation,0
GSN3813,2026-04-02,M7,1
HAB6562,2026-04-02,business_travel,0
HQK3324,2026-04-02,new_hire_onboarding,0
HUD1777,2026-04-02,on_call_night_work,0
HUW0385,2026-04-02,remote_relocation,0
HVQ8555,2026-04-02,M7,1
JEZ2409,2026-04-02,remote_relocation,0
JVA7931,2026-04-02,remote_relocation,0
JWY4263,2026-04-02,remote_relocation,0
KDX8366,2026-04-02,legit_role_change,0
LCB1568,2026-04-02,legit_role_change,0
LSK8578,2026-04-02,M3,1
MLC0444,2026-04-02,business_travel,0
MPF6269,2026-04-02,M7,1
MPR8653,2026-04-02,M2,1
NKG7115,2026-04-02,new_hire_onboarding,0
PBG2200,2026-04-02,legit_role_change,0
PVP1024,2026-04-02,quarter_close_spike,0
PYB7646,2026-04-02,remote_relocation,0
QDE0143,2026-04-02,remote_relocation,0
QDT9172,2026-04-02,remote_relocation,0
QEU7845,2026-04-02,remote_relocation,0
QJS2178,2026-04-02,M3,1
RAT3363,2026-04-02,remote_relocation,0
RHN7379,2026-04-02,business_travel,0
RKP1272,2026-04-02,remote_relocation,0
RZR1761,2026-04-02,legit_role_change,0
SBE6209,2026-04-02,M7,1
SCA9486,2026-04-02,remote_relocation,0
SZU0525,2026-04-02,legit_role_change,0
TDM1734,2026-04-02,remote_relocation,0
TFG1591,2026-04-02,quarter_close_spike,0
UEY0965,2026-04-02,remote_relocation,0
UQJ8329,2026-04-02,new_hire_onboarding,0
UUS3207,2026-04-02,remote_relocation,0
VJS9473,2026-04-02,legit_role_change,0
VLE2985,2026-04-02,remote_relocation,0
XYA5835,2026-04-02,new_hire_onboarding,0
AFF2174,2026-04-03,M7,1
AJM2807,2026-04-03,M6,1
ASX1419,2026-04-03,new_hire_onboarding,0
BSW8923,2026-04-03,M4,1
BXU0879,2026-04-03,on_call_night_work,0
BYQ0055,2026-04-03,new_hire_onboarding,0
CNY0484,2026-04-03,legit_role_change,0
CQK5506,2026-04-03,M7,1
CQW5666,2026-04-03,M5,1
DEC1796,2026-04-03,M5,1
DQZ4406,2026-04-03,legit_role_change,0
EGC4448,2026-04-03,remote_relocation,0
ETS6294,2026-04-03,M4,1
FKD9447,2026-04-03,new_hire_onboarding,0
FRW3182,2026-04-03,new_hire_onboarding,0
FVA0221,2026-04-03,remote_relocation,0
GQM3009,2026-04-03,remote_relocation,0
GSN3813,2026-04-03,M7,1
HAB6562,2026-04-03,business_travel,0
HQK3324,2026-04-03,new_hire_onboarding,0
HUW0385,2026-04-03,remote_relocation,0
HVQ8555,2026-04-03,M7,1
HXH6707,2026-04-03,remote_relocation,0
JEZ2409,2026-04-03,remote_relocation,0
JVA7931,2026-04-03,remote_relocation,0
JWY4263,2026-04-03,remote_relocation,0
LCB1568,2026-04-03,legit_role_change,0
LKX2108,2026-04-03,business_travel,0
LXG5367,2026-04-03,on_call_night_work,0
MEG7072,2026-04-03,M3,1
MPF6269,2026-04-03,M7,1
MPR8653,2026-04-03,M2,1
NAF6431,2026-04-03,legit_role_change,0
NKG7115,2026-04-03,new_hire_onboarding,0
PBG2200,2026-04-03,legit_role_change,0
PYB7646,2026-04-03,remote_relocation,0
QDT9172,2026-04-03,remote_relocation,0
QEU7845,2026-04-03,remote_relocation,0
RAT3363,2026-04-03,remote_relocation,0
RHN7379,2026-04-03,business_travel,0
RKP1272,2026-04-03,remote_relocation,0
RLF5434,2026-04-03,legit_role_change,0
RZR1761,2026-04-03,legit_role_change,0
SBE6209,2026-04-03,M7,1
SCA9486,2026-04-03,remote_relocation,0
TDM1734,2026-04-03,remote_relocation,0
TDZ7818,2026-04-03,M4,1
TFG1591,2026-04-03,quarter_close_spike,0
UEY0965,2026-04-03,remote_relocation,0
UQJ8329,2026-04-03,new_hire_onboarding,0
UUS3207,2026-04-03,remote_relocation,0
VJS9473,2026-04-03,legit_role_change,0
VLE2985,2026-04-03,remote_relocation,0
VMP1735,2026-04-03,M2,1
WYG9423,2026-04-03,on_call_night_work,0
XHV9567,2026-04-03,remote_relocation,0
XYA5835,2026-04-03,new_hire_onboarding,0
AJM2807,2026-04-04,M6,1
APW9990,2026-04-04,weekend_deadline,0
ASX1419,2026-04-04,new_hire_onboarding,0
BKQ9760,2026-04-04,weekend_deadline,0
BMC8908,2026-04-04,M3,1
BYQ0055,2026-04-04,new_hire_onboarding,0
CQK5506,2026-04-04,M7,1
CQW5666,2026-04-04,M5,1
DEC1796,2026-04-04,M5,1
DQZ4406,2026-04-04,legit_role_change,0
DTY9614,2026-04-04,weekend_deadline,0
ETS6294,2026-04-04,M4,1
FKD9447,2026-04-04,new_hire_onboarding,0
FRW3182,2026-04-04,new_hire_onboarding,0
GDJ5184,2026-04-04,weekend_deadline,0
HQK3324,2026-04-04,new_hire_onboarding,0
HUD1777,2026-04-04,on_call_night_work,0
HUW0385,2026-04-04,remote_relocation,0
HVQ8555,2026-04-04,M7,1
KDX8366,2026-04-04,legit_role_change,0
LCB1568,2026-04-04,legit_role_change,0
LSK8578,2026-04-04,M3,1
MEG7072,2026-04-04,M3,1
MPF6269,2026-04-04,M7,1
MPR8653,2026-04-04,M2,1
NAF6431,2026-04-04,legit_role_change,0
NKG7115,2026-04-04,new_hire_onboarding,0
PBG2200,2026-04-04,legit_role_change,0
QDN2660,2026-04-04,M3,1
QDT9172,2026-04-04,remote_relocation,0
QKT5936,2026-04-04,on_call_night_work,0
RQX2265,2026-04-04,weekend_deadline,0
SBE6209,2026-04-04,M7,1
UJU1283,2026-04-04,weekend_deadline,0
VJS9473,2026-04-04,legit_role_change,0
VMP1735,2026-04-04,M2,1
XPG0614,2026-04-04,M3,1
XYA5835,2026-04-04,new_hire_onboarding,0
AFF2174,2026-04-05,M7,1
AGQ6804,2026-04-05,M3,1
APW9990,2026-04-05,weekend_deadline,0
ASX1419,2026-04-05,new_hire_onboarding,0
BKQ9760,2026-04-05,weekend_deadline,0
BMC8908,2026-04-05,M3,1
BYQ0055,2026-04-05,new_hire_onboarding,0
CNY0484,2026-04-05,legit_role_change,0
CQK5506,2026-04-05,M7,1
CQW5666,2026-04-05,M5,1
DEC1796,2026-04-05,M5,1
DQZ4406,2026-04-05,legit_role_change,0
DTY9614,2026-04-05,weekend_deadline,0
FKD9447,2026-04-05,new_hire_onboarding,0
FRW3182,2026-04-05,new_hire_onboarding,0
GDJ5184,2026-04-05,weekend_deadline,0
GSN3813,2026-04-05,M7,1
HQK3324,2026-04-05,new_hire_onboarding,0
HUD1777,2026-04-05,on_call_night_work,0
HVQ8555,2026-04-05,M7,1
KDX8366,2026-04-05,legit_role_change,0
KSM1848,2026-04-05,weekend_deadline,0
LCB1568,2026-04-05,legit_role_change,0
LSK8578,2026-04-05,M3,1
MEG7072,2026-04-05,M3,1
MPF6269,2026-04-05,M7,1
MPR8653,2026-04-05,M2,1
NAF6431,2026-04-05,legit_role_change,0
NKG7115,2026-04-05,new_hire_onboarding,0
QDN2660,2026-04-05,M3,1
RLF5434,2026-04-05,legit_role_change,0
RQX2265,2026-04-05,weekend_deadline,0
RWR4951,2026-04-05,M6,1
RZR1761,2026-04-05,legit_role_change,0
TDZ7818,2026-04-05,M4,1
UJU1283,2026-04-05,weekend_deadline,0
VJS9473,2026-04-05,legit_role_change,0
VMP1735,2026-04-05,M2,1
XYA5835,2026-04-05,new_hire_onboarding,0
AFF2174,2026-04-06,M7,1
ASX1419,2026-04-06,new_hire_onboarding,0
BYQ0055,2026-04-06,new_hire_onboarding,0
CNY0484,2026-04-06,legit_role_change,0
CQK5506,2026-04-06,M7,1
CQW5666,2026-04-06,M5,1
DQZ4406,2026-04-06,legit_role_change,0
EGC4448,2026-04-06,remote_relocation,0
FHR9973,2026-04-06,new_hire_onboarding,0
FKD9447,2026-04-06,new_hire_onboarding,0
FRW3182,2026-04-06,new_hire_onboarding,0
FVA0221,2026-04-06,remote_relocation,0
GQM3009,2026-04-06,remote_relocation,0
HAB6562,2026-04-06,business_travel,0
HQK3324,2026-04-06,new_hire_onboarding,0
HUW0385,2026-04-06,remote_relocation,0
HVQ8555,2026-04-06,M7,1
HXH6707,2026-04-06,remote_relocation,0
JEZ2409,2026-04-06,remote_relocation,0
JVA7931,2026-04-06,remote_relocation,0
JWY4263,2026-04-06,remote_relocation,0
KDX8366,2026-04-06,legit_role_change,0
LCB1568,2026-04-06,legit_role_change,0
LJF1648,2026-04-06,legit_role_change,0
LKX2108,2026-04-06,business_travel,0
LSK8578,2026-04-06,M3,1
LXG5367,2026-04-06,on_call_night_work,0
MEG7072,2026-04-06,M3,1
MPR8653,2026-04-06,M2,1
NAF6431,2026-04-06,legit_role_change,0
NKG7115,2026-04-06,new_hire_onboarding,0
PYB7646,2026-04-06,remote_relocation,0
QDE0143,2026-04-06,remote_relocation,0
QDN2660,2026-04-06,M3,1
QDT9172,2026-04-06,remote_relocation,0
QEU7845,2026-04-06,remote_relocation,0
QKT5936,2026-04-06,on_call_night_work,0
RAT3363,2026-04-06,remote_relocation,0
RKP1272,2026-04-06,remote_relocation,0
RLF5434,2026-04-06,legit_role_change,0
RWR4951,2026-04-06,M6,1
RZR1761,2026-04-06,legit_role_change,0
SBE6209,2026-04-06,M7,1
SCA9486,2026-04-06,remote_relocation,0
TDM1734,2026-04-06,remote_relocation,0
UEY0965,2026-04-06,remote_relocation,0
UUS3207,2026-04-06,remote_relocation,0
VJS9473,2026-04-06,legit_role_change,0
VLE2985,2026-04-06,remote_relocation,0
VMP1735,2026-04-06,M2,1
VNR5092,2026-04-06,M6,1
WLX3952,2026-04-06,quarter_close_spike,0
WYG9423,2026-04-06,on_call_night_work,0
XHV9567,2026-04-06,remote_relocation,0
XYA5835,2026-04-06,new_hire_onboarding,0
AFF2174,2026-04-07,M7,1
AGQ6804,2026-04-07,M3,1
ASX1419,2026-04-07,new_hire_onboarding,0
BYQ0055,2026-04-07,new_hire_onboarding,0
CEG0096,2026-04-07,M7,1
CQK5506,2026-04-07,M7,1
CQW5666,2026-04-07,M5,1
DQZ4406,2026-04-07,legit_role_change,0
EGC4448,2026-04-07,remote_relocation,0
FHR9973,2026-04-07,new_hire_onboarding,0
FKD9447,2026-04-07,new_hire_onboarding,0
FRV1809,2026-04-07,remote_relocation,0
FRW3182,2026-04-07,new_hire_onboarding,0
FVA0221,2026-04-07,remote_relocation,0
GQM3009,2026-04-07,remote_relocation,0
GSN3813,2026-04-07,M7,1
HAB6562,2026-04-07,business_travel,0
HQK3324,2026-04-07,new_hire_onboarding,0
HUD1777,2026-04-07,on_call_night_work,0
HUW0385,2026-04-07,remote_relocation,0
HVQ8555,2026-04-07,M7,1
HXH6707,2026-04-07,remote_relocation,0
JEZ2409,2026-04-07,remote_relocation,0
JVA7931,2026-04-07,remote_relocation,0
JWY4263,2026-04-07,remote_relocation,0
KDX8366,2026-04-07,legit_role_change,0
LCB1568,2026-04-07,legit_role_change,0
LJF1648,2026-04-07,legit_role_change,0
LKX2108,2026-04-07,business_travel,0
LSK8578,2026-04-07,M3,1
LWK9207,2026-04-07,legit_role_change,0
LXG5367,2026-04-07,on_call_night_work,0
MPR8653,2026-04-07,M2,1
NAF6431,2026-04-07,legit_role_change,0
NKG7115,2026-04-07,new_hire_onboarding,0
PYB7646,2026-04-07,remote_relocation,0
QDE0143,2026-04-07,remote_relocation,0
QEU7845,2026-04-07,remote_relocation,0
RAT3363,2026-04-07,remote_relocation,0
RKP1272,2026-04-07,remote_relocation,0
RLF5434,2026-04-07,legit_role_change,0
SBE6209,2026-04-07,M7,1
SCA9486,2026-04-07,remote_relocation,0
SPM1999,2026-04-07,business_travel,0
TDM1734,2026-04-07,remote_relocation,0
TNT2352,2026-04-07,M7,1
UEY0965,2026-04-07,remote_relocation,0
UUS3207,2026-04-07,remote_relocation,0
VLE2985,2026-04-07,remote_relocation,0
VMP1735,2026-04-07,M2,1
VNR5092,2026-04-07,M6,1
VYY0720,2026-04-07,new_hire_onboarding,0
WLX3952,2026-04-07,quarter_close_spike,0
XHV9567,2026-04-07,remote_relocation,0
XPG0614,2026-04-07,M3,1
XYA5835,2026-04-07,new_hire_onboarding,0
AFF2174,2026-04-08,M7,1
ASX1419,2026-04-08,new_hire_onboarding,0
BYQ0055,2026-04-08,new_hire_onboarding,0
CEG0096,2026-04-08,M7,1
CNY0484,2026-04-08,legit_role_change,0
CQK5506,2026-04-08,M7,1
DQZ4406,2026-04-08,legit_role_change,0
EGC4448,2026-04-08,remote_relocation,0
FGX9186,2026-04-08,M6,1
FHR9973,2026-04-08,new_hire_onboarding,0
FKD9447,2026-04-08,new_hire_onboarding,0
FRV1809,2026-04-08,remote_relocation,0
FRW3182,2026-04-08,new_hire_onboarding,0
FVA0221,2026-04-08,remote_relocation,0
GQM3009,2026-04-08,remote_relocation,0
GSN3813,2026-04-08,M7,1
HQK3324,2026-04-08,new_hire_onboarding,0
HUD1777,2026-04-08,on_call_night_work,0
HUW0385,2026-04-08,remote_relocation,0
HXH6707,2026-04-08,remote_relocation,0
JEZ2409,2026-04-08,remote_relocation,0
JVA7931,2026-04-08,remote_relocation,0
JWY4263,2026-04-08,remote_relocation,0
KDX8366,2026-04-08,legit_role_change,0
LJF1648,2026-04-08,legit_role_change,0
LKX2108,2026-04-08,business_travel,0
LSK8578,2026-04-08,M3,1
LWK9207,2026-04-08,legit_role_change,0
LWR1242,2026-04-08,M6,1
MEG7072,2026-04-08,M3,1
MPF6269,2026-04-08,M7,1
MPR8653,2026-04-08,M2,1
NKG7115,2026-04-08,new_hire_onboarding,0
PYB7646,2026-04-08,remote_relocation,0
QDE0143,2026-04-08,remote_relocation,0
QDN2660,2026-04-08,M3,1
QDT9172,2026-04-08,remote_relocation,0
QEU7845,2026-04-08,remote_relocation,0
QKT5936,2026-04-08,on_call_night_work,0
RAT3363,2026-04-08,remote_relocation,0
RKP1272,2026-04-08,remote_relocation,0
RLF5434,2026-04-08,legit_role_change,0
SBE6209,2026-04-08,M7,1
SPM1999,2026-04-08,business_travel,0
TDM1734,2026-04-08,remote_relocation,0
TQS5889,2026-04-08,new_hire_onboarding,0
TRT5910,2026-04-08,M7,1
UEY0965,2026-04-08,remote_relocation,0
UJW2838,2026-04-08,new_hire_onboarding,0
UUS3207,2026-04-08,remote_relocation,0
VJS9473,2026-04-08,legit_role_change,0
VLE2985,2026-04-08,remote_relocation,0
VMP1735,2026-04-08,M2,1
VNR5092,2026-04-08,M6,1
VYY0720,2026-04-08,new_hire_onboarding,0
WLX3952,2026-04-08,quarter_close_spike,0
XHV9567,2026-04-08,remote_relocation,0
XPG0614,2026-04-08,M3,1
XYA5835,2026-04-08,new_hire_onboarding,0
AFF2174,2026-04-09,M7,1
AGQ6804,2026-04-09,M3,1
ASX1419,2026-04-09,new_hire_onboarding,0
BXU0879,2026-04-09,on_call_night_work,0
BYQ0055,2026-04-09,new_hire_onboarding,0
CNY0484,2026-04-09,legit_role_change,0
CQK5506,2026-04-09,M7,1
EGC4448,2026-04-09,remote_relocation,0
FGX9186,2026-04-09,M6,1
FHR9973,2026-04-09,new_hire_onboarding,0
FKD9447,2026-04-09,new_hire_onboarding,0
FRV1809,2026-04-09,remote_relocation,0
FRW3182,2026-04-09,new_hire_onboarding,0
FVA0221,2026-04-09,remote_relocation,0
GQM3009,2026-04-09,remote_relocation,0
GSN3813,2026-04-09,M7,1
HQK3324,2026-04-09,new_hire_onboarding,0
HUW0385,2026-04-09,remote_relocation,0
HXH6707,2026-04-09,remote_relocation,0
JEZ2409,2026-04-09,remote_relocation,0
JVA7931,2026-04-09,remote_relocation,0
JWY4263,2026-04-09,remote_relocation,0
KDX8366,2026-04-09,legit_role_change,0
LJF1648,2026-04-09,legit_role_change,0
LKX2108,2026-04-09,business_travel,0
LWK9207,2026-04-09,legit_role_change,0
LWR1242,2026-04-09,M6,1
MEG7072,2026-04-09,M3,1
MPF6269,2026-04-09,M7,1
NAF6431,2026-04-09,legit_role_change,0
NKG7115,2026-04-09,new_hire_onboarding,0
PYB7646,2026-04-09,remote_relocation,0
QDE0143,2026-04-09,remote_relocation,0
QDT9172,2026-04-09,remote_relocation,0
QEU7845,2026-04-09,remote_relocation,0
RAT3363,2026-04-09,remote_relocation,0
RKP1272,2026-04-09,remote_relocation,0
RLF5434,2026-04-09,legit_role_change,0
SBE6209,2026-04-09,M7,1
SCA9486,2026-04-09,remote_relocation,0
SPM1999,2026-04-09,business_travel,0
TDM1734,2026-04-09,remote_relocation,0
TNT2352,2026-04-09,M7,1
TQS5889,2026-04-09,new_hire_onboarding,0
TRT5910,2026-04-09,M7,1
UEY0965,2026-04-09,remote_relocation,0
UJW2838,2026-04-09,new_hire_onboarding,0
UUS3207,2026-04-09,remote_relocation,0
VJS9473,2026-04-09,legit_role_change,0
VLE2985,2026-04-09,remote_relocation,0
VMP1735,2026-04-09,M2,1
VYY0720,2026-04-09,new_hire_onboarding,0
WLX3952,2026-04-09,quarter_close_spike,0
XHV9567,2026-04-09,remote_relocation,0
XYA5835,2026-04-09,new_hire_onboarding,0
ZYZ3045,2026-04-09,legit_role_change,0
AGQ6804,2026-04-10,M3,1
ASX1419,2026-04-10,new_hire_onboarding,0
BYQ0055,2026-04-10,new_hire_onboarding,0
CNY0484,2026-04-10,legit_role_change,0
CQK5506,2026-04-10,M7,1
EGC4448,2026-04-10,remote_relocation,0
FHR9973,2026-04-10,new_hire_onboarding,0
FKD9447,2026-04-10,new_hire_onboarding,0
FRV1809,2026-04-10,remote_relocation,0
FRW3182,2026-04-10,new_hire_onboarding,0
FVA0221,2026-04-10,remote_relocation,0
GQM3009,2026-04-10,remote_relocation,0
GSN3813,2026-04-10,M7,1
HQK3324,2026-04-10,new_hire_onboarding,0
HUW0385,2026-04-10,remote_relocation,0
HVQ8555,2026-04-10,M7,1
HXH6707,2026-04-10,remote_relocation,0
JEZ2409,2026-04-10,remote_relocation,0
JJM7250,2026-04-10,on_call_night_work,0
JWY4263,2026-04-10,remote_relocation,0
LJF1648,2026-04-10,legit_role_change,0
LWK9207,2026-04-10,legit_role_change,0
LWR1242,2026-04-10,M6,1
NAF6431,2026-04-10,legit_role_change,0
NKG7115,2026-04-10,new_hire_onboarding,0
PYB7646,2026-04-10,remote_relocation,0
QDT9172,2026-04-10,remote_relocation,0
QEU7845,2026-04-10,remote_relocation,0
RAT3363,2026-04-10,remote_relocation,0
RKP1272,2026-04-10,remote_relocation,0
RLF5434,2026-04-10,legit_role_change,0
SBE6209,2026-04-10,M7,1
SCA9486,2026-04-10,remote_relocation,0
SPM1999,2026-04-10,business_travel,0
TDZ7818,2026-04-10,M4,1
TQS5889,2026-04-10,new_hire_onboarding,0
TRT5910,2026-04-10,M7,1
UEY0965,2026-04-10,remote_relocation,0
UJW2838,2026-04-10,new_hire_onboarding,0
UUS3207,2026-04-10,remote_relocation,0
VJS9473,2026-04-10,legit_role_change,0
VLE2985,2026-04-10,remote_relocation,0
VMP1735,2026-04-10,M2,1
VYY0720,2026-04-10,new_hire_onboarding,0
WLX3952,2026-04-10,quarter_close_spike,0
XHV9567,2026-04-10,remote_relocation,0
XVC0594,2026-04-10,new_hire_onboarding,0
XYA5835,2026-04-10,new_hire_onboarding,0
ZYZ3045,2026-04-10,legit_role_change,0
ASX1419,2026-04-11,new_hire_onboarding,0
BDA7532,2026-04-11,new_hire_onboarding,0
BMC8908,2026-04-11,M3,1
BYQ0055,2026-04-11,new_hire_onboarding,0
CEG0096,2026-04-11,M7,1
CNY0484,2026-04-11,legit_role_change,0
CQK5506,2026-04-11,M7,1
DTY9614,2026-04-11,weekend_deadline,0
EDY8122,2026-04-11,on_call_night_work,0
FHR9973,2026-04-11,new_hire_onboarding,0
FKD9447,2026-04-11,new_hire_onboarding,0
FRV1809,2026-04-11,remote_relocation,0
GSN3813,2026-04-11,M7,1
HQK3324,2026-04-11,new_hire_onboarding,0
JJM7250,2026-04-11,on_call_night_work,0
KDX8366,2026-04-11,legit_role_change,0
KPF0729,2026-04-11,weekend_deadline,0
LJF1648,2026-04-11,legit_role_change,0
LSK8578,2026-04-11,M3,1
LWK9207,2026-04-11,legit_role_change,0
NKG7115,2026-04-11,new_hire_onboarding,0
QDB3652,2026-04-11,M4,1
QKS9196,2026-04-11,M6,1
QWV1502,2026-04-11,legit_role_change,0
RLF5434,2026-04-11,legit_role_change,0
SBE6209,2026-04-11,M7,1
TQS5889,2026-04-11,new_hire_onboarding,0
UJW2838,2026-04-11,new_hire_onboarding,0
VJS9473,2026-04-11,legit_role_change,0
VMP1735,2026-04-11,M2,1
VYY0720,2026-04-11,new_hire_onboarding,0
XNB5488,2026-04-11,legit_role_change,0
XPG0614,2026-04-11,M3,1
XVC0594,2026-04-11,new_hire_onboarding,0
XYA5835,2026-04-11,new_hire_onboarding,0
ZYZ3045,2026-04-11,legit_role_change,0
BDA7532,2026-04-12,new_hire_onboarding,0
BYQ0055,2026-04-12,new_hire_onboarding,0
CEG0096,2026-04-12,M7,1
CNY0484,2026-04-12,legit_role_change,0
CQK5506,2026-04-12,M7,1
FHR9973,2026-04-12,new_hire_onboarding,0
FKD9447,2026-04-12,new_hire_onboarding,0
GDJ5184,2026-04-12,weekend_deadline,0
HQK3324,2026-04-12,new_hire_onboarding,0
HQY0328,2026-04-12,legit_role_change,0
JEZ2409,2026-04-12,remote_relocation,0
JJM7250,2026-04-12,on_call_night_work,0
KDX8366,2026-04-12,legit_role_change,0
KPF0729,2026-04-12,weekend_deadline,0
LJF1648,2026-04-12,legit_role_change,0
LWK9207,2026-04-12,legit_role_change,0
MEG7072,2026-04-12,M3,1
NAF6431,2026-04-12,legit_role_change,0
NKG7115,2026-04-12,new_hire_onboarding,0
QKT5936,2026-04-12,on_call_night_work,0
QWV1502,2026-04-12,legit_role_change,0
RLF5434,2026-04-12,legit_role_change,0
SBE6209,2026-04-12,M7,1
TNT2352,2026-04-12,M7,1
TQS5889,2026-04-12,new_hire_onboarding,0
TRT5910,2026-04-12,M7,1
TZF4164,2026-04-12,M4,1
UJW2838,2026-04-12,new_hire_onboarding,0
VJS9473,2026-04-12,legit_role_change,0
VLE2985,2026-04-12,remote_relocation,0
VMP1735,2026-04-12,M2,1
VYY0720,2026-04-12,new_hire_onboarding,0
XNB5488,2026-04-12,legit_role_change,0
XVC0594,2026-04-12,new_hire_onboarding,0
XYA5835,2026-04-12,new_hire_onboarding,0
AMT3951,2026-04-13,M5,1
BDA7532,2026-04-13,new_hire_onboarding,0
BXU0879,2026-04-13,on_call_night_work,0
BYQ0055,2026-04-13,new_hire_onboarding,0
CNY0484,2026-04-13,legit_role_change,0
CQK5506,2026-04-13,M7,1
EDY8122,2026-04-13,on_call_night_work,0
EGC4448,2026-04-13,remote_relocation,0
FHR9973,2026-04-13,new_hire_onboarding,0
FKD9447,2026-04-13,new_hire_onboarding,0
FRV1809,2026-04-13,remote_relocation,0
FVA0221,2026-04-13,remote_relocation,0
FVY5415,2026-04-13,M4,1
GQM3009,2026-04-13,remote_relocation,0
GSN3813,2026-04-13,M7,1
HQK3324,2026-04-13,new_hire_onboarding,0
HQY0328,2026-04-13,legit_role_change,0
HUW0385,2026-04-13,remote_relocation,0
HXH6707,2026-04-13,remote_relocation,0
JEZ2409,2026-04-13,remote_relocation,0
JVA7931,2026-04-13,remote_relocation,0
JWY4263,2026-04-13,remote_relocation,0
KDX8366,2026-04-13,legit_role_change,0
LSK8578,2026-04-13,M3,1
LWK9207,2026-04-13,legit_role_change,0
MEG7072,2026-04-13,M3,1
MGY2196,2026-04-13,new_hire_onboarding,0
MPF6269,2026-04-13,M7,1
NAF6431,2026-04-13,legit_role_change,0
NKG7115,2026-04-13,new_hire_onboarding,0
PDG5421,2026-04-13,business_travel,0
PYB7646,2026-04-13,remote_relocation,0
QDE0143,2026-04-13,remote_relocation,0
QDT9172,2026-04-13,remote_relocation,0
QEU7845,2026-04-13,remote_relocation,0
QWV1502,2026-04-13,legit_role_change,0
RAT3363,2026-04-13,remote_relocation,0
RKP1272,2026-04-13,remote_relocation,0
RLF5434,2026-04-13,legit_role_change,0
SBE6209,2026-04-13,M7,1
SCA9486,2026-04-13,remote_relocation,0
SPM1999,2026-04-13,business_travel,0
TDM1734,2026-04-13,remote_relocation,0
TNT2352,2026-04-13,M7,1
TPG1817,2026-04-13,remote_relocation,0
TQS5889,2026-04-13,new_hire_onboarding,0
TRT5910,2026-04-13,M7,1
UEY0965,2026-04-13,remote_relocation,0
UJW2838,2026-04-13,new_hire_onboarding,0
UUS3207,2026-04-13,remote_relocation,0
VLE2985,2026-04-13,remote_relocation,0
VMP1735,2026-04-13,M2,1
VYY0720,2026-04-13,new_hire_onboarding,0
VZM3725,2026-04-13,new_hire_onboarding,0
WFZ8385,2026-04-13,legit_role_change,0
WYG9423,2026-04-13,on_call_night_work,0
XHV9567,2026-04-13,remote_relocation,0
XNB5488,2026-04-13,legit_role_change,0
XVC0594,2026-04-13,new_hire_onboarding,0
XYA5835,2026-04-13,new_hire_onboarding,0
ZYZ3045,2026-04-13,legit_role_change,0
AMT3951,2026-04-14,M5,1
BDA7532,2026-04-14,new_hire_onboarding,0
BYQ0055,2026-04-14,new_hire_onboarding,0
CEG0096,2026-04-14,M7,1
CNY0484,2026-04-14,legit_role_change,0
CQK5506,2026-04-14,M7,1
EGC4448,2026-04-14,remote_relocation,0
FHR9973,2026-04-14,new_hire_onboarding,0
FKD9447,2026-04-14,new_hire_onboarding,0
FRV1809,2026-04-14,remote_relocation,0
FVA0221,2026-04-14,remote_relocation,0
GQM3009,2026-04-14,remote_relocation,0
HLH7567,2026-04-14,new_hire_onboarding,0
HQK3324,2026-04-14,new_hire_onboarding,0
HQY0328,2026-04-14,legit_role_change,0
HUD1777,2026-04-14,on_call_night_work,0
HUW0385,2026-04-14,remote_relocation,0
HXH6707,2026-04-14,remote_relocation,0
JEZ2409,2026-04-14,remote_relocation,0
JVA7931,2026-04-14,remote_relocation,0
JWY4263,2026-04-14,remote_relocation,0
LSK8578,2026-04-14,M3,1
LWK9207,2026-04-14,legit_role_change,0
MEG7072,2026-04-14,M3,1
MGY2196,2026-04-14,new_hire_onboarding,0
NAF6431,2026-04-14,legit_role_change,0
NKG7115,2026-04-14,new_hire_onboarding,0
PDG5421,2026-04-14,business_travel,0
PYB7646,2026-04-14,remote_relocation,0
QDB3652,2026-04-14,M4,1
QDE0143,2026-04-14,remote_relocation,0
QDT9172,2026-04-14,remote_relocation,0
QEU7845,2026-04-14,remote_relocation,0
RAT3363,2026-04-14,remote_relocation,0
RKP1272,2026-04-14,remote_relocation,0
RLF5434,2026-04-14,legit_role_change,0
RPB2221,2026-04-14,M5,1
SCA9486,2026-04-14,remote_relocation,0
SPM1999,2026-04-14,business_travel,0
TDM1734,2026-04-14,remote_relocation,0
TNT2352,2026-04-14,M7,1
TPG1817,2026-04-14,remote_relocation,0
TQS5889,2026-04-14,new_hire_onboarding,0
UEY0965,2026-04-14,remote_relocation,0
UJW2838,2026-04-14,new_hire_onboarding,0
UUS3207,2026-04-14,remote_relocation,0
VLE2985,2026-04-14,remote_relocation,0
VMP1735,2026-04-14,M2,1
VYY0720,2026-04-14,new_hire_onboarding,0
VZM3725,2026-04-14,new_hire_onboarding,0
WFZ8385,2026-04-14,legit_role_change,0
XHV9567,2026-04-14,remote_relocation,0
XVC0594,2026-04-14,new_hire_onboarding,0
XYA5835,2026-04-14,new_hire_onboarding,0
ZYZ3045,2026-04-14,legit_role_change,0
AMT3951,2026-04-15,M5,1
BDA7532,2026-04-15,new_hire_onboarding,0
BYQ0055,2026-04-15,new_hire_onboarding,0
CNY0484,2026-04-15,legit_role_change,0
CQK5506,2026-04-15,M7,1
EGC4448,2026-04-15,remote_relocation,0
FHR9973,2026-04-15,new_hire_onboarding,0
FKD9447,2026-04-15,new_hire_onboarding,0
FRV1809,2026-04-15,remote_relocation,0
FVA0221,2026-04-15,remote_relocation,0
GQM3009,2026-04-15,remote_relocation,0
GSN3813,2026-04-15,M7,1
HLH7567,2026-04-15,new_hire_onboarding,0
HQK3324,2026-04-15,new_hire_onboarding,0
HQY0328,2026-04-15,legit_role_change,0
HUW0385,2026-04-15,remote_relocation,0
HXH6707,2026-04-15,remote_relocation,0
JVA7931,2026-04-15,remote_relocation,0
JWY4263,2026-04-15,remote_relocation,0
JYU4145,2026-04-15,business_travel,0
KDX8366,2026-04-15,legit_role_change,0
MEG7072,2026-04-15,M3,1
MGY2196,2026-04-15,new_hire_onboarding,0
NAF6431,2026-04-15,legit_role_change,0
NKG7115,2026-04-15,new_hire_onboarding,0
PYB7646,2026-04-15,remote_relocation,0
QDE0143,2026-04-15,remote_relocation,0
QDT9172,2026-04-15,remote_relocation,0
QEU7845,2026-04-15,remote_relocation,0
QWV1502,2026-04-15,legit_role_change,0
RAT3363,2026-04-15,remote_relocation,0
RKP1272,2026-04-15,remote_relocation,0
RPB2221,2026-04-15,M5,1
SCA9486,2026-04-15,remote_relocation,0
SUF2908,2026-04-15,remote_relocation,0
TDM1734,2026-04-15,remote_relocation,0
TPG1817,2026-04-15,remote_relocation,0
TQS5889,2026-04-15,new_hire_onboarding,0
TRT5910,2026-04-15,M7,1
UEY0965,2026-04-15,remote_relocation,0
UJW2838,2026-04-15,new_hire_onboarding,0
UUS3207,2026-04-15,remote_relocation,0
VJS9473,2026-04-15,legit_role_change,0
VLE2985,2026-04-15,remote_relocation,0
VMP1735,2026-04-15,M2,1
VYY0720,2026-04-15,new_hire_onboarding,0
VZM3725,2026-04-15,new_hire_onboarding,0
WFZ8385,2026-04-15,legit_role_change,0
XHV9567,2026-04-15,remote_relocation,0
XMP7066,2026-04-15,on_call_night_work,0
XNB5488,2026-04-15,legit_role_change,0
XVC0594,2026-04-15,new_hire_onboarding,0
XYA5835,2026-04-15,new_hire_onboarding,0
YDR6958,2026-04-15,remote_relocation,0
ZYZ3045,2026-04-15,legit_role_change,0
AMT3951,2026-04-16,M5,1
BDA7532,2026-04-16,new_hire_onboarding,0
BYQ0055,2026-04-16,new_hire_onboarding,0
EGC4448,2026-04-16,remote_relocation,0
EWF9587,2026-04-16,quarter_close_spike,0
FHR9973,2026-04-16,new_hire_onboarding,0
FKD9447,2026-04-16,new_hire_onboarding,0
FVA0221,2026-04-16,remote_relocation,0
GQM3009,2026-04-16,remote_relocation,0
GSN3813,2026-04-16,M7,1
HLH7567,2026-04-16,new_hire_onboarding,0
HQK3324,2026-04-16,new_hire_onboarding,0
HQY0328,2026-04-16,legit_role_change,0
HUW0385,2026-04-16,remote_relocation,0
JEZ2409,2026-04-16,remote_relocation,0
JVA7931,2026-04-16,remote_relocation,0
JWY4263,2026-04-16,remote_relocation,0
JYU4145,2026-04-16,business_travel,0
KDX8366,2026-04-16,legit_role_change,0
LWK9207,2026-04-16,legit_role_change,0
MGY2196,2026-04-16,new_hire_onboarding,0
NAF6431,2026-04-16,legit_role_change,0
NKG7115,2026-04-16,new_hire_onboarding,0
PYB7646,2026-04-16,remote_relocation,0
QDE0143,2026-04-16,remote_relocation,0
QDT9172,2026-04-16,remote_relocation,0
QEU7845,2026-04-16,remote_relocation,0
QWV1502,2026-04-16,legit_role_change,0
RAT3363,2026-04-16,remote_relocation,0
RKP1272,2026-04-16,remote_relocation,0
RLF5434,2026-04-16,legit_role_change,0
RPB2221,2026-04-16,M5,1
SCA9486,2026-04-16,remote_relocation,0
SUF2908,2026-04-16,remote_relocation,0
SYZ4998,2026-04-16,quarter_close_spike,0
TDM1734,2026-04-16,remote_relocation,0
TPG1817,2026-04-16,remote_relocation,0
TQS5889,2026-04-16,new_hire_onboarding,0
TRT5910,2026-04-16,M7,1
UEY0965,2026-04-16,remote_relocation,0
UJW2838,2026-04-16,new_hire_onboarding,0
VJS9473,2026-04-16,legit_role_change,0
VLE2985,2026-04-16,remote_relocation,0
VYY0720,2026-04-16,new_hire_onboarding,0
VZM3725,2026-04-16,new_hire_onboarding,0
WFZ8385,2026-04-16,legit_role_change,0
XHV9567,2026-04-16,remote_relocation,0
XNB5488,2026-04-16,legit_role_change,0
XPG0614,2026-04-16,M3,1
XVC0594,2026-04-16,new_hire_onboarding,0
XYA5835,2026-04-16,new_hire_onboarding,0
YDR6958,2026-04-16,remote_relocation,0
ZPM1121,2026-04-16,legit_role_change,0
ZYZ3045,2026-04-16,legit_role_change,0
AMT3951,2026-04-17,M5,1
BDA7532,2026-04-17,new_hire_onboarding,0
BYQ0055,2026-04-17,new_hire_onboarding,0
CEG0096,2026-04-17,M7,1
CNY0484,2026-04-17,legit_role_change,0
EGC4448,2026-04-17,remote_relocation,0
EWF9587,2026-04-17,quarter_close_spike,0
FHR9973,2026-04-17,new_hire_onboarding,0
FKD9447,2026-04-17,new_hire_onboarding,0
FRV1809,2026-04-17,remote_relocation,0
FVA0221,2026-04-17,remote_relocation,0
GQM3009,2026-04-17,remote_relocation,0
HEP6887,2026-04-17,M7,1
HLH7567,2026-04-17,new_hire_onboarding,0
HQK3324,2026-04-17,new_hire_onboarding,0
HQY0328,2026-04-17,legit_role_change,0
HUW0385,2026-04-17,remote_relocation,0
HXH6707,2026-04-17,remote_relocation,0
JEZ2409,2026-04-17,remote_relocation,0
JVA7931,2026-04-17,remote_relocation,0
JYU4145,2026-04-17,business_travel,0
KDX8366,2026-04-17,legit_role_change,0
LJF1648,2026-04-17,legit_role_change,0
LSK8578,2026-04-17,M3,1
LWK9207,2026-04-17,legit_role_change,0
MEG7072,2026-04-17,M3,1
MGY2196,2026-04-17,new_hire_onboarding,0
NAF6431,2026-04-17,legit_role_change,0
NKG7115,2026-04-17,new_hire_onboarding,0
PYB7646,2026-04-17,remote_relocation,0
QDE0143,2026-04-17,remote_relocation,0
QDT9172,2026-04-17,remote_relocation,0
QEU7845,2026-04-17,remote_relocation,0
QWV1502,2026-04-17,legit_role_change,0
RAT3363,2026-04-17,remote_relocation,0
RKP1272,2026-04-17,remote_relocation,0
RLF5434,2026-04-17,legit_role_change,0
RPB2221,2026-04-17,M5,1
SCA9486,2026-04-17,remote_relocation,0
SUF2908,2026-04-17,remote_relocation,0
SYZ4998,2026-04-17,quarter_close_spike,0
TQS5889,2026-04-17,new_hire_onboarding,0
TRT5910,2026-04-17,M7,1
TZF4164,2026-04-17,M4,1
UEY0965,2026-04-17,remote_relocation,0
UJW2838,2026-04-17,new_hire_onboarding,0
UUS3207,2026-04-17,remote_relocation,0
VLE2985,2026-04-17,remote_relocation,0
VYY0720,2026-04-17,new_hire_onboarding,0
VZM3725,2026-04-17,new_hire_onboarding,0
WFZ8385,2026-04-17,legit_role_change,0
XHV9567,2026-04-17,remote_relocation,0
XNB5488,2026-04-17,legit_role_change,0
XVC0594,2026-04-17,new_hire_onboarding,0
XYA5835,2026-04-17,new_hire_onboarding,0
YDR6958,2026-04-17,remote_relocation,0
ZPM1121,2026-04-17,legit_role_change,0
ZYZ3045,2026-04-17,legit_role_change,0
BDA7532,2026-04-18,new_hire_onboarding,0
BYQ0055,2026-04-18,new_hire_onboarding,0
CEG0096,2026-04-18,M7,1
CNY0484,2026-04-18,legit_role_change,0
FHR9973,2026-04-18,new_hire_onboarding,0
FKD9447,2026-04-18,new_hire_onboarding,0
GSN3813,2026-04-18,M7,1
HLH7567,2026-04-18,new_hire_onboarding,0
HQK3324,2026-04-18,new_hire_onboarding,0
KDX8366,2026-04-18,legit_role_change,0
LQC3932,2026-04-18,M3,1
LWK9207,2026-04-18,legit_role_change,0
MEG7072,2026-04-18,M3,1
MGY2196,2026-04-18,new_hire_onboarding,0
NAF6431,2026-04-18,legit_role_change,0
NKG7115,2026-04-18,new_hire_onboarding,0
QWV1502,2026-04-18,legit_role_change,0
SUF2908,2026-04-18,remote_relocation,0
TQS5889,2026-04-18,new_hire_onboarding,0
TRT5910,2026-04-18,M7,1
UJW2838,2026-04-18,new_hire_onboarding,0
VWK1858,2026-04-18,on_call_night_work,0
VYY0720,2026-04-18,new_hire_onboarding,0
VZM3725,2026-04-18,new_hire_onboarding,0
WFZ8385,2026-04-18,legit_role_change,0
XVC0594,2026-04-18,new_hire_onboarding,0
XVL9516,2026-04-18,weekend_deadline,0
XYA5835,2026-04-18,new_hire_onboarding,0
ZPM1121,2026-04-18,legit_role_change,0
BDA7532,2026-04-19,new_hire_onboarding,0
BYQ0055,2026-04-19,new_hire_onboarding,0
FHR9973,2026-04-19,new_hire_onboarding,0
FKD9447,2026-04-19,new_hire_onboarding,0
FVY5415,2026-04-19,M4,1
GJF6121,2026-04-19,M3,1
GSN3813,2026-04-19,M7,1
HLH7567,2026-04-19,new_hire_onboarding,0
HQK3324,2026-04-19,new_hire_onboarding,0
HQY0328,2026-04-19,legit_role_change,0
HUD1777,2026-04-19,on_call_night_work,0
JJM7250,2026-04-19,on_call_night_work,0
KDX8366,2026-04-19,legit_role_change,0
LQC3932,2026-04-19,M3,1
LSK8578,2026-04-19,M3,1
LWK9207,2026-04-19,legit_role_change,0
MGY2196,2026-04-19,new_hire_onboarding,0
NAF6431,2026-04-19,legit_role_change,0
NKG7115,2026-04-19,new_hire_onboarding,0
QWV1502,2026-04-19,legit_role_change,0
SCA9486,2026-04-19,remote_relocation,0
THA0831,2026-04-19,legit_role_change,0
TQS5889,2026-04-19,new_hire_onboarding,0
TRT5910,2026-04-19,M7,1
UJW2838,2026-04-19,new_hire_onboarding,0
VYY0720,2026-04-19,new_hire_onboarding,0
VZM3725,2026-04-19,new_hire_onboarding,0
WFZ8385,2026-04-19,legit_role_change,0
XPG0614,2026-04-19,M3,1
XVC0594,2026-04-19,new_hire_onboarding,0
XVL9516,2026-04-19,weekend_deadline,0
XYA5835,2026-04-19,new_hire_onboarding,0
ZPM1121,2026-04-19,legit_role_change,0
ZYZ3045,2026-04-19,legit_role_change,0
BDA7532,2026-04-20,new_hire_onboarding,0
BYQ0055,2026-04-20,new_hire_onboarding,0
CEG0096,2026-04-20,M7,1
EGC4448,2026-04-20,remote_relocation,0
EWF9587,2026-04-20,quarter_close_spike,0
FHR9973,2026-04-20,new_hire_onboarding,0
FKD9447,2026-04-20,new_hire_onboarding,0
FRV1809,2026-04-20,remote_relocation,0
FVA0221,2026-04-20,remote_relocation,0
GJF6121,2026-04-20,M3,1
GQM3009,2026-04-20,remote_relocation,0
GSN3813,2026-04-20,M7,1
HLH7567,2026-04-20,new_hire_onboarding,0
HQK3324,2026-04-20,new_hire_onboarding,0
HUW0385,2026-04-20,remote_relocation,0
HXH6707,2026-04-20,remote_relocation,0
JWY4263,2026-04-20,remote_relocation,0
JYU4145,2026-04-20,business_travel,0
LQC3932,2026-04-20,M3,1
LSK8578,2026-04-20,M3,1
LWK9207,2026-04-20,legit_role_change,0
MEG7072,2026-04-20,M3,1
NAF6431,2026-04-20,legit_role_change,0
NKG7115,2026-04-20,new_hire_onboarding,0
PLD6480,2026-04-20,on_call_night_work,0
PYB7646,2026-04-20,remote_relocation,0
QDE0143,2026-04-20,remote_relocation,0
QDT9172,2026-04-20,remote_relocation,0
QEU7845,2026-04-20,remote_relocation,0
QRU5619,2026-04-20,M1,1
QWV1502,2026-04-20,legit_role_change,0
QZQ7908,2026-04-20,M2,1
RAT3363,2026-04-20,remote_relocation,0
RKP1272,2026-04-20,remote_relocation,0
RQF4228,2026-04-20,business_travel,0
SCA9486,2026-04-20,remote_relocation,0
SUF2908,2026-04-20,remote_relocation,0
SYZ4998,2026-04-20,quarter_close_spike,0
TDM1734,2026-04-20,remote_relocation,0
THA0831,2026-04-20,legit_role_change,0
TPG1817,2026-04-20,remote_relocation,0
TQS5889,2026-04-20,new_hire_onboarding,0
TRT5910,2026-04-20,M7,1
UEY0965,2026-04-20,remote_relocation,0
UJW2838,2026-04-20,new_hire_onboarding,0
UUS3207,2026-04-20,remote_relocation,0
VLE2985,2026-04-20,remote_relocation,0
VWK1858,2026-04-20,on_call_night_work,0
VYY0720,2026-04-20,new_hire_onboarding,0
VZM3725,2026-04-20,new_hire_onboarding,0
WFZ8385,2026-04-20,legit_role_change,0
WSN8487,2026-04-20,legit_role_change,0
XHV9567,2026-04-20,remote_relocation,0
XNB5488,2026-04-20,legit_role_change,0
XVC0594,2026-04-20,new_hire_onboarding,0
XYA5835,2026-04-20,new_hire_onboarding,0
YDR6958,2026-04-20,remote_relocation,0
YYV5359,2026-04-20,business_travel,0
ZYZ3045,2026-04-20,legit_role_change,0
BDA7532,2026-04-21,new_hire_onboarding,0
BYQ0055,2026-04-21,new_hire_onboarding,0
CEG0096,2026-04-21,M7,1
EGC4448,2026-04-21,remote_relocation,0
FHR9973,2026-04-21,new_hire_onboarding,0
FKD9447,2026-04-21,new_hire_onboarding,0
FKX1002,2026-04-21,M2,1
FRV1809,2026-04-21,remote_relocation,0
FVA0221,2026-04-21,remote_relocation,0
GQM3009,2026-04-21,remote_relocation,0
HEP6887,2026-04-21,M7,1
HLH7567,2026-04-21,new_hire_onboarding,0
HQK3324,2026-04-21,new_hire_onboarding,0
HQY0328,2026-04-21,legit_role_change,0
HUW0385,2026-04-21,remote_relocation,0
HXH6707,2026-04-21,remote_relocation,0
JEZ2409,2026-04-21,remote_relocation,0
JVA7931,2026-04-21,remote_relocation,0
JWY4263,2026-04-21,remote_relocation,0
JYU4145,2026-04-21,business_travel,0
LJF1648,2026-04-21,legit_role_change,0
LWK9207,2026-04-21,legit_role_change,0
MEG7072,2026-04-21,M3,1
MGY2196,2026-04-21,new_hire_onboarding,0
NKG7115,2026-04-21,new_hire_onboarding,0
PYB7646,2026-04-21,remote_relocation,0
QDE0143,2026-04-21,remote_relocation,0
QDT9172,2026-04-21,remote_relocation,0
QEU7845,2026-04-21,remote_relocation,0
QRU5619,2026-04-21,M1,1
QWV1502,2026-04-21,legit_role_change,0
QZQ7908,2026-04-21,M2,1
RAT3363,2026-04-21,remote_relocation,0
RKP1272,2026-04-21,remote_relocation,0
RQF4228,2026-04-21,business_travel,0
SUF2908,2026-04-21,remote_relocation,0
SYZ4998,2026-04-21,quarter_close_spike,0
TDM1734,2026-04-21,remote_relocation,0
TPG1817,2026-04-21,remote_relocation,0
TQS5889,2026-04-21,new_hire_onboarding,0
UEY0965,2026-04-21,remote_relocation,0
UGN5077,2026-04-21,on_call_night_work,0
UJW2838,2026-04-21,new_hire_onboarding,0
UUS3207,2026-04-21,remote_relocation,0
VLE2985,2026-04-21,remote_relocation,0
VVR8997,2026-04-21,quarter_close_spike,0
VYY0720,2026-04-21,new_hire_onboarding,0
VYZ7165,2026-04-21,new_hire_onboarding,0
VZM3725,2026-04-21,new_hire_onboarding,0
WFZ8385,2026-04-21,legit_role_change,0
XHV9567,2026-04-21,remote_relocation,0
XNB5488,2026-04-21,legit_role_change,0
XVC0594,2026-04-21,new_hire_onboarding,0
XYA5835,2026-04-21,new_hire_onboarding,0
YDR6958,2026-04-21,remote_relocation,0
YYV5359,2026-04-21,business_travel,0
ZPM1121,2026-04-21,legit_role_change,0
BDA7532,2026-04-22,new_hire_onboarding,0
BYQ0055,2026-04-22,new_hire_onboarding,0
EGC4448,2026-04-22,remote_relocation,0
EWF9587,2026-04-22,quarter_close_spike,0
FHR9973,2026-04-22,new_hire_onboarding,0
FKD9447,2026-04-22,new_hire_onboarding,0
FKX1002,2026-04-22,M2,1
FRV1809,2026-04-22,remote_relocation,0
FVA0221,2026-04-22,remote_relocation,0
GQM3009,2026-04-22,remote_relocation,0
HLH7567,2026-04-22,new_hire_onboarding,0
HQK3324,2026-04-22,new_hire_onboarding,0
HQY0328,2026-04-22,legit_role_change,0
HUW0385,2026-04-22,remote_relocation,0
HXH6707,2026-04-22,remote_relocation,0
JEZ2409,2026-04-22,remote_relocation,0
JVA7931,2026-04-22,remote_relocation,0
JWY4263,2026-04-22,remote_relocation,0
JYU4145,2026-04-22,business_travel,0
KGW8827,2026-04-22,M3,1
KPB4149,2026-04-22,on_call_night_work,0
LJF1648,2026-04-22,legit_role_change,0
LSK8578,2026-04-22,M3,1
MGY2196,2026-04-22,new_hire_onboarding,0
NKG7115,2026-04-22,new_hire_onboarding,0
PYB7646,2026-04-22,remote_relocation,0
QDE0143,2026-04-22,remote_relocation,0
QDT9172,2026-04-22,remote_relocation,0
QEU7845,2026-04-22,remote_relocation,0
QWV1502,2026-04-22,legit_role_change,0
QZQ7908,2026-04-22,M2,1
RAT3363,2026-04-22,remote_relocation,0
RKP1272,2026-04-22,remote_relocation,0
SCA9486,2026-04-22,remote_relocation,0
SUF2908,2026-04-22,remote_relocation,0
SYZ4998,2026-04-22,quarter_close_spike,0
TDM1734,2026-04-22,remote_relocation,0
THA0831,2026-04-22,legit_role_change,0
TPG1817,2026-04-22,remote_relocation,0
TQS5889,2026-04-22,new_hire_onboarding,0
TRT5910,2026-04-22,M7,1
TZQ9935,2026-04-22,on_call_night_work,0
UEY0965,2026-04-22,remote_relocation,0
UJW2838,2026-04-22,new_hire_onboarding,0
UUS3207,2026-04-22,remote_relocation,0
UUZ0064,2026-04-22,M4,1
VLE2985,2026-04-22,remote_relocation,0
VVR8997,2026-04-22,quarter_close_spike,0
VWK1858,2026-04-22,on_call_night_work,0
VYY0720,2026-04-22,new_hire_onboarding,0
VZM3725,2026-04-22,new_hire_onboarding,0
WFZ8385,2026-04-22,legit_role_change,0
WSN8487,2026-04-22,legit_role_change,0
XHV9567,2026-04-22,remote_relocation,0
XMP7066,2026-04-22,on_call_night_work,0
XNB5488,2026-04-22,legit_role_change,0
XVC0594,2026-04-22,new_hire_onboarding,0
XYA5835,2026-04-22,new_hire_onboarding,0
YDR6958,2026-04-22,remote_relocation,0
YYV5359,2026-04-22,business_travel,0
ZPM1121,2026-04-22,legit_role_change,0
ZYZ3045,2026-04-22,legit_role_change,0
BDA7532,2026-04-23,new_hire_onboarding,0
BYQ0055,2026-04-23,new_hire_onboarding,0
CEG0096,2026-04-23,M7,1
DYE9273,2026-04-23,M4,1
EGC4448,2026-04-23,remote_relocation,0
EWF9587,2026-04-23,quarter_close_spike,0
FHR9973,2026-04-23,new_hire_onboarding,0
FKD9447,2026-04-23,new_hire_onboarding,0
FKX1002,2026-04-23,M2,1
FRV1809,2026-04-23,remote_relocation,0
FVA0221,2026-04-23,remote_relocation,0
FXZ4153,2026-04-23,business_travel,0
GQM3009,2026-04-23,remote_relocation,0
HLH7567,2026-04-23,new_hire_onboarding,0
HNP8722,2026-04-23,remote_relocation,0
HQK3324,2026-04-23,new_hire_onboarding,0
HQY0328,2026-04-23,legit_role_change,0
HUW0385,2026-04-23,remote_relocation,0
HXH6707,2026-04-23,remote_relocation,0
JEZ2409,2026-04-23,remote_relocation,0
JVA7931,2026-04-23,remote_relocation,0
JWY4263,2026-04-23,remote_relocation,0
JYU4145,2026-04-23,business_travel,0
LSK8578,2026-04-23,M3,1
LWK9207,2026-04-23,legit_role_change,0
MGY2196,2026-04-23,new_hire_onboarding,0
NAF6431,2026-04-23,legit_role_change,0
NKG7115,2026-04-23,new_hire_onboarding,0
NVQ5269,2026-04-23,remote_relocation,0
PLD6480,2026-04-23,on_call_night_work,0
PYB7646,2026-04-23,remote_relocation,0
QDE0143,2026-04-23,remote_relocation,0
QDT9172,2026-04-23,remote_relocation,0
QEU7845,2026-04-23,remote_relocation,0
QRU5619,2026-04-23,M1,1
QWV1502,2026-04-23,legit_role_change,0
QZQ7908,2026-04-23,M2,1
RAT3363,2026-04-23,remote_relocation,0
RKP1272,2026-04-23,remote_relocation,0
RQF4228,2026-04-23,business_travel,0
RSQ5606,2026-04-23,quarter_close_spike,0
SCA9486,2026-04-23,remote_relocation,0
SUF2908,2026-04-23,remote_relocation,0
TDM1734,2026-04-23,remote_relocation,0
THA0831,2026-04-23,legit_role_change,0
TPG1817,2026-04-23,remote_relocation,0
TQS5889,2026-04-23,new_hire_onboarding,0
TRT5910,2026-04-23,M7,1
UEY0965,2026-04-23,remote_relocation,0
UJW2838,2026-04-23,new_hire_onboarding,0
UUS3207,2026-04-23,remote_relocation,0
VLE2985,2026-04-23,remote_relocation,0
VVR8997,2026-04-23,quarter_close_spike,0
VYY0720,2026-04-23,new_hire_onboarding,0
VYZ7165,2026-04-23,new_hire_onboarding,0
VZM3725,2026-04-23,new_hire_onboarding,0
XHV9567,2026-04-23,remote_relocation,0
XNB5488,2026-04-23,legit_role_change,0
XVC0594,2026-04-23,new_hire_onboarding,0
XYA5835,2026-04-23,new_hire_onboarding,0
YDR6958,2026-04-23,remote_relocation,0
YYV5359,2026-04-23,business_travel,0
ZPM1121,2026-04-23,legit_role_change,0
ZYZ3045,2026-04-23,legit_role_change,0
BDA7532,2026-04-24,new_hire_onboarding,0
BYQ0055,2026-04-24,new_hire_onboarding,0
EGC4448,2026-04-24,remote_relocation,0
FHR9973,2026-04-24,new_hire_onboarding,0
FKD9447,2026-04-24,new_hire_onboarding,0
FKX1002,2026-04-24,M2,1
FRV1809,2026-04-24,remote_relocation,0
FVA0221,2026-04-24,remote_relocation,0
GQM3009,2026-04-24,remote_relocation,0
HKB6535,2026-04-24,remote_relocation,0
HLH7567,2026-04-24,new_hire_onboarding,0
HNP8722,2026-04-24,remote_relocation,0
HQK3324,2026-04-24,new_hire_onboarding,0
HQY0328,2026-04-24,legit_role_change,0
HUW0385,2026-04-24,remote_relocation,0
HXH6707,2026-04-24,remote_relocation,0
JEZ2409,2026-04-24,remote_relocation,0
JVA7931,2026-04-24,remote_relocation,0
JWY4263,2026-04-24,remote_relocation,0
KAQ4260,2026-04-24,M2,1
LWK9207,2026-04-24,legit_role_change,0
MGY2196,2026-04-24,new_hire_onboarding,0
NKG7115,2026-04-24,new_hire_onboarding,0
NVQ5269,2026-04-24,remote_relocation,0
PYB7646,2026-04-24,remote_relocation,0
QDE0143,2026-04-24,remote_relocation,0
QDT9172,2026-04-24,remote_relocation,0
QEU7845,2026-04-24,remote_relocation,0
QZQ7908,2026-04-24,M2,1
RAT3363,2026-04-24,remote_relocation,0
RKP1272,2026-04-24,remote_relocation,0
SCA9486,2026-04-24,remote_relocation,0
SUF2908,2026-04-24,remote_relocation,0
TDM1734,2026-04-24,remote_relocation,0
THA0831,2026-04-24,legit_role_change,0
TPG1817,2026-04-24,remote_relocation,0
TQS5889,2026-04-24,new_hire_onboarding,0
TRG3333,2026-04-24,remote_relocation,0
TRT5910,2026-04-24,M7,1
UEY0965,2026-04-24,remote_relocation,0
UJW2838,2026-04-24,new_hire_onboarding,0
UUS3207,2026-04-24,remote_relocation,0
VLE2985,2026-04-24,remote_relocation,0
VVR8997,2026-04-24,quarter_close_spike,0
VYY0720,2026-04-24,new_hire_onboarding,0
VYZ7165,2026-04-24,new_hire_onboarding,0
VZM3725,2026-04-24,new_hire_onboarding,0
WFZ8385,2026-04-24,legit_role_change,0
WSN8487,2026-04-24,legit_role_change,0
XHV9567,2026-04-24,remote_relocation,0
XNB5488,2026-04-24,legit_role_change,0
XVC0594,2026-04-24,new_hire_onboarding,0
XYA5835,2026-04-24,new_hire_onboarding,0
YDR6958,2026-04-24,remote_relocation,0
YYV5359,2026-04-24,business_travel,0
ZPM1121,2026-04-24,legit_role_change,0
ZYZ3045,2026-04-24,legit_role_change,0
BDA7532,2026-04-25,new_hire_onboarding,0
BYQ0055,2026-04-25,new_hire_onboarding,0
CEG0096,2026-04-25,M7,1
FHR9973,2026-04-25,new_hire_onboarding,0
FKD9447,2026-04-25,new_hire_onboarding,0
FKX1002,2026-04-25,M2,1
GJF6121,2026-04-25,M3,1
GRQ2954,2026-04-25,weekend_deadline,0
HEP6887,2026-04-25,M7,1
HLH7567,2026-04-25,new_hire_onboarding,0
HQK3324,2026-04-25,new_hire_onboarding,0
HXH6707,2026-04-25,remote_relocation,0
JBQ2200,2026-04-25,weekend_deadline,0
JVA7931,2026-04-25,remote_relocation,0
JVL5883,2026-04-25,new_hire_onboarding,0
KAQ4260,2026-04-25,M2,1
LJF1648,2026-04-25,legit_role_change,0
LQC3932,2026-04-25,M3,1
LWK9207,2026-04-25,legit_role_change,0
MEG7072,2026-04-25,M3,1
MGY2196,2026-04-25,new_hire_onboarding,0
NAF6431,2026-04-25,legit_role_change,0
NKG7115,2026-04-25,new_hire_onboarding,0
QDT9172,2026-04-25,remote_relocation,0
QWV1502,2026-04-25,legit_role_change,0
QZQ7908,2026-04-25,M2,1
RQF4228,2026-04-25,business_travel,0
RTK6170,2026-04-25,legit_role_change,0
TQS5889,2026-04-25,new_hire_onboarding,0
TRT5910,2026-04-25,M7,1
UJW2838,2026-04-25,new_hire_onboarding,0
VBX6372,2026-04-25,weekend_deadline,0
VYY0720,2026-04-25,new_hire_onboarding,0
VYZ7165,2026-04-25,new_hire_onboarding,0
VZM3725,2026-04-25,new_hire_onboarding,0
WFZ8385,2026-04-25,legit_role_change,0
WSN8487,2026-04-25,legit_role_change,0
XHV9567,2026-04-25,remote_relocation,0
XVC0594,2026-04-25,new_hire_onboarding,0
XYA5835,2026-04-25,new_hire_onboarding,0
ZPM1121,2026-04-25,legit_role_change,0
ZYZ3045,2026-04-25,legit_role_change,0
BDA7532,2026-04-26,new_hire_onboarding,0
CXT3659,2026-04-26,new_hire_onboarding,0
DZG4068,2026-04-26,new_hire_onboarding,0
FHR9973,2026-04-26,new_hire_onboarding,0
FKD9447,2026-04-26,new_hire_onboarding,0
FKX1002,2026-04-26,M2,1
GRQ2954,2026-04-26,weekend_deadline,0
HLH7567,2026-04-26,new_hire_onboarding,0
HQK3324,2026-04-26,new_hire_onboarding,0
HQY0328,2026-04-26,legit_role_change,0
HZA0727,2026-04-26,M1,1
JBQ2200,2026-04-26,weekend_deadline,0
JVL5883,2026-04-26,new_hire_onboarding,0
JWE8116,2026-04-26,M4,1
KAQ4260,2026-04-26,M2,1
KGW8827,2026-04-26,M3,1
LJF1648,2026-04-26,legit_role_change,0
LQC3932,2026-04-26,M3,1
LWK9207,2026-04-26,legit_role_change,0
MGY2196,2026-04-26,new_hire_onboarding,0
MUX6778,2026-04-26,legit_role_change,0
NKG7115,2026-04-26,new_hire_onboarding,0
PLD6480,2026-04-26,on_call_night_work,0
QDE0143,2026-04-26,remote_relocation,0
QWV1502,2026-04-26,legit_role_change,0
RAT3363,2026-04-26,remote_relocation,0
RTK6170,2026-04-26,legit_role_change,0
THA0831,2026-04-26,legit_role_change,0
TQS5889,2026-04-26,new_hire_onboarding,0
TRT5910,2026-04-26,M7,1
UJW2838,2026-04-26,new_hire_onboarding,0
UUZ0064,2026-04-26,M4,1
VBX6372,2026-04-26,weekend_deadline,0
VYY0720,2026-04-26,new_hire_onboarding,0
VYZ7165,2026-04-26,new_hire_onboarding,0
VZM3725,2026-04-26,new_hire_onboarding,0
WSN8487,2026-04-26,legit_role_change,0
XNB5488,2026-04-26,legit_role_change,0
XVC0594,2026-04-26,new_hire_onboarding,0
XYA5835,2026-04-26,new_hire_onboarding,0
ZPM1121,2026-04-26,legit_role_change,0
BDA7532,2026-04-27,new_hire_onboarding,0
BRD9424,2026-04-27,M1,1
BXU0879,2026-04-27,on_call_night_work,0
CEG0096,2026-04-27,M7,1
CXT3659,2026-04-27,new_hire_onboarding,0
DZG4068,2026-04-27,new_hire_onboarding,0
EEL8338,2026-04-27,legit_role_change,0
EGC4448,2026-04-27,remote_relocation,0
EJK9290,2026-04-27,M2,1
FHR9973,2026-04-27,new_hire_onboarding,0
FKD9447,2026-04-27,new_hire_onboarding,0
FRV1809,2026-04-27,remote_relocation,0
FVA0221,2026-04-27,remote_relocation,0
FXZ4153,2026-04-27,business_travel,0
GJF6121,2026-04-27,M3,1
GQM3009,2026-04-27,remote_relocation,0
HLH7567,2026-04-27,new_hire_onboarding,0
HNP8722,2026-04-27,remote_relocation,0
HQK3324,2026-04-27,new_hire_onboarding,0
HQY0328,2026-04-27,legit_role_change,0
HUW0385,2026-04-27,remote_relocation,0
HXH6707,2026-04-27,remote_relocation,0
HZA0727,2026-04-27,M1,1
JEZ2409,2026-04-27,remote_relocation,0
JVA7931,2026-04-27,remote_relocation,0
JVL5883,2026-04-27,new_hire_onboarding,0
JWE8116,2026-04-27,M4,1
JWY4263,2026-04-27,remote_relocation,0
KAQ4260,2026-04-27,M2,1
MGY2196,2026-04-27,new_hire_onboarding,0
MUX6778,2026-04-27,legit_role_change,0
NFG5180,2026-04-27,legit_role_change,0
NKG7115,2026-04-27,new_hire_onboarding,0
NVQ5269,2026-04-27,remote_relocation,0
PYB7646,2026-04-27,remote_relocation,0
QDE0143,2026-04-27,remote_relocation,0
QDT9172,2026-04-27,remote_relocation,0
QEU7845,2026-04-27,remote_relocation,0
QWV1502,2026-04-27,legit_role_change,0
RKP1272,2026-04-27,remote_relocation,0
RQF4228,2026-04-27,business_travel,0
RSQ5606,2026-04-27,quarter_close_spike,0
RTK6170,2026-04-27,legit_role_change,0
SCA9486,2026-04-27,remote_relocation,0
SUF2908,2026-04-27,remote_relocation,0
TDM1734,2026-04-27,remote_relocation,0
THA0831,2026-04-27,legit_role_change,0
TPG1817,2026-04-27,remote_relocation,0
TQS5889,2026-04-27,new_hire_onboarding,0
TRG3333,2026-04-27,remote_relocation,0
TRT5910,2026-04-27,M7,1
UEY0965,2026-04-27,remote_relocation,0
UJW2838,2026-04-27,new_hire_onboarding,0
UUS3207,2026-04-27,remote_relocation,0
UUZ0064,2026-04-27,M4,1
VLE2985,2026-04-27,remote_relocation,0
VYY0720,2026-04-27,new_hire_onboarding,0
VYZ7165,2026-04-27,new_hire_onboarding,0
VZM3725,2026-04-27,new_hire_onboarding,0
WSN8487,2026-04-27,legit_role_change,0
WYX0098,2026-04-27,business_travel,0
XHV9567,2026-04-27,remote_relocation,0
XVC0594,2026-04-27,new_hire_onboarding,0
XYA5835,2026-04-27,new_hire_onboarding,0
YDR6958,2026-04-27,remote_relocation,0
ZPM1121,2026-04-27,legit_role_change,0
AHP2632,2026-04-28,new_hire_onboarding,0
BDA7532,2026-04-28,new_hire_onboarding,0
BRD9424,2026-04-28,M1,1
CXT3659,2026-04-28,new_hire_onboarding,0
DZG4068,2026-04-28,new_hire_onboarding,0
EGC4448,2026-04-28,remote_relocation,0
EJK9290,2026-04-28,M2,1
EYN3867,2026-04-28,remote_relocation,0
FHR9973,2026-04-28,new_hire_onboarding,0
FKD9447,2026-04-28,new_hire_onboarding,0
FRV1809,2026-04-28,remote_relocation,0
FVA0221,2026-04-28,remote_relocation,0
GQM3009,2026-04-28,remote_relocation,0
HKB6535,2026-04-28,remote_relocation,0
HLH7567,2026-04-28,new_hire_onboarding,0
HNP8722,2026-04-28,remote_relocation,0
HQK3324,2026-04-28,new_hire_onboarding,0
HQY0328,2026-04-28,legit_role_change,0
HUW0385,2026-04-28,remote_relocation,0
HXH6707,2026-04-28,remote_relocation,0
JEZ2409,2026-04-28,remote_relocation,0
JVA7931,2026-04-28,remote_relocation,0
JVL5883,2026-04-28,new_hire_onboarding,0
JWY4263,2026-04-28,remote_relocation,0
KAQ4260,2026-04-28,M2,1
LQC3932,2026-04-28,M3,1
LWK9207,2026-04-28,legit_role_change,0
MGY2196,2026-04-28,new_hire_onboarding,0
NFG5180,2026-04-28,legit_role_change,0
NKG7115,2026-04-28,new_hire_onboarding,0
NVQ5269,2026-04-28,remote_relocation,0
PLD6480,2026-04-28,on_call_night_work,0
PWX3110,2026-04-28,quarter_close_spike,0
PYB7646,2026-04-28,remote_relocation,0
QDT9172,2026-04-28,remote_relocation,0
QEU7845,2026-04-28,remote_relocation,0
QWV1502,2026-04-28,legit_role_change,0
RAT3363,2026-04-28,remote_relocation,0
RKP1272,2026-04-28,remote_relocation,0
RTK6170,2026-04-28,legit_role_change,0
SCA9486,2026-04-28,remote_relocation,0
SUF2908,2026-04-28,remote_relocation,0
TDM1734,2026-04-28,remote_relocation,0
THA0831,2026-04-28,legit_role_change,0
TPG1817,2026-04-28,remote_relocation,0
TQS5889,2026-04-28,new_hire_onboarding,0
TRG3333,2026-04-28,remote_relocation,0
TRT5910,2026-04-28,M7,1
UEY0965,2026-04-28,remote_relocation,0
UJW2838,2026-04-28,new_hire_onboarding,0
UUS3207,2026-04-28,remote_relocation,0
VLE2985,2026-04-28,remote_relocation,0
VVR8997,2026-04-28,quarter_close_spike,0
VYY0720,2026-04-28,new_hire_onboarding,0
VYZ7165,2026-04-28,new_hire_onboarding,0
VZM3725,2026-04-28,new_hire_onboarding,0
WFZ8385,2026-04-28,legit_role_change,0
WSN8487,2026-04-28,legit_role_change,0
WYX0098,2026-04-28,business_travel,0
XHV9567,2026-04-28,remote_relocation,0
XNB5488,2026-04-28,legit_role_change,0
XVC0594,2026-04-28,new_hire_onboarding,0
XYA5835,2026-04-28,new_hire_onboarding,0
YDR6958,2026-04-28,remote_relocation,0
AHP2632,2026-04-29,new_hire_onboarding,0
BDA7532,2026-04-29,new_hire_onboarding,0
CGR6865,2026-04-29,M3,1
CXT3659,2026-04-29,new_hire_onboarding,0
DYE9273,2026-04-29,M4,1
DZG4068,2026-04-29,new_hire_onboarding,0
EEL8338,2026-04-29,legit_role_change,0
EGC4448,2026-04-29,remote_relocation,0
EJK9290,2026-04-29,M2,1
FHR9973,2026-04-29,new_hire_onboarding,0
FKD9447,2026-04-29,new_hire_onboarding,0
FRV1809,2026-04-29,remote_relocation,0
FVA0221,2026-04-29,remote_relocation,0
GQM3009,2026-04-29,remote_relocation,0
HEP6887,2026-04-29,M7,1
HGD7422,2026-04-29,M3,1
HKB6535,2026-04-29,remote_relocation,0
HLH7567,2026-04-29,new_hire_onboarding,0
HNP8722,2026-04-29,remote_relocation,0
HQK3324,2026-04-29,new_hire_onboarding,0
HQY0328,2026-04-29,legit_role_change,0
HUW0385,2026-04-29,remote_relocation,0
HXH6707,2026-04-29,remote_relocation,0
JEZ2409,2026-04-29,remote_relocation,0
JVA7931,2026-04-29,remote_relocation,0
JVL5883,2026-04-29,new_hire_onboarding,0
JWY4263,2026-04-29,remote_relocation,0
KAQ4260,2026-04-29,M2,1
LQC3932,2026-04-29,M3,1
MGY2196,2026-04-29,new_hire_onboarding,0
MUX6778,2026-04-29,legit_role_change,0
NFG5180,2026-04-29,legit_role_change,0
NKG7115,2026-04-29,new_hire_onboarding,0
NVQ5269,2026-04-29,remote_relocation,0
PLD6480,2026-04-29,on_call_night_work,0
PWX3110,2026-04-29,quarter_close_spike,0
PYB7646,2026-04-29,remote_relocation,0
QDE0143,2026-04-29,remote_relocation,0
QDT9172,2026-04-29,remote_relocation,0
QEU7845,2026-04-29,remote_relocation,0
RAT3363,2026-04-29,remote_relocation,0
RKP1272,2026-04-29,remote_relocation,0
RNP3279,2026-04-29,new_hire_onboarding,0
RSQ5606,2026-04-29,quarter_close_spike,0
RTK6170,2026-04-29,legit_role_change,0
SCA9486,2026-04-29,remote_relocation,0
SUF2908,2026-04-29,remote_relocation,0
TDM1734,2026-04-29,remote_relocation,0
THA0831,2026-04-29,legit_role_change,0
TPG1817,2026-04-29,remote_relocation,0
TQS5889,2026-04-29,new_hire_onboarding,0
TRG3333,2026-04-29,remote_relocation,0
TRT5910,2026-04-29,M7,1
TZQ9935,2026-04-29,on_call_night_work,0
UEY0965,2026-04-29,remote_relocation,0
UJW2838,2026-04-29,new_hire_onboarding,0
UUS3207,2026-04-29,remote_relocation,0
VLE2985,2026-04-29,remote_relocation,0
VYT8978,2026-04-29,M4,1
VYY0720,2026-04-29,new_hire_onboarding,0
VYZ7165,2026-04-29,new_hire_onboarding,0
VZM3725,2026-04-29,new_hire_onboarding,0
WSN8487,2026-04-29,legit_role_change,0
WYX0098,2026-04-29,business_travel,0
XHV9567,2026-04-29,remote_relocation,0
XNB5488,2026-04-29,legit_role_change,0
XVC0594,2026-04-29,new_hire_onboarding,0
XYA5835,2026-04-29,new_hire_onboarding,0
YDR6958,2026-04-29,remote_relocation,0
AHP2632,2026-04-30,new_hire_onboarding,0
BDA7532,2026-04-30,new_hire_onboarding,0
CXT3659,2026-04-30,new_hire_onboarding,0
DZG4068,2026-04-30,new_hire_onboarding,0
EEL8338,2026-04-30,legit_role_change,0
EGC4448,2026-04-30,remote_relocation,0
EJK9290,2026-04-30,M2,1
EYN3867,2026-04-30,remote_relocation,0
FHR9973,2026-04-30,new_hire_onboarding,0
FKD9447,2026-04-30,new_hire_onboarding,0
FRV1809,2026-04-30,remote_relocation,0
FVA0221,2026-04-30,remote_relocation,0
GQM3009,2026-04-30,remote_relocation,0
HEP6887,2026-04-30,M7,1
HKB6535,2026-04-30,remote_relocation,0
HLH7567,2026-04-30,new_hire_onboarding,0
HNP8722,2026-04-30,remote_relocation,0
HQY0328,2026-04-30,legit_role_change,0
HUW0385,2026-04-30,remote_relocation,0
HXH6707,2026-04-30,remote_relocation,0
JEZ2409,2026-04-30,remote_relocation,0
JKQ9983,2026-04-30,legit_role_change,0
JVA7931,2026-04-30,remote_relocation,0
JVL5883,2026-04-30,new_hire_onboarding,0
JWE8116,2026-04-30,M4,1
JWY4263,2026-04-30,remote_relocation,0
KAQ4260,2026-04-30,M2,1
KPB4149,2026-04-30,on_call_night_work,0
LQC3932,2026-04-30,M3,1
MGY2196,2026-04-30,new_hire_onboarding,0
MUX6778,2026-04-30,legit_role_change,0
NFG5180,2026-04-30,legit_role_change,0
NKG7115,2026-04-30,new_hire_onboarding,0
NVQ5269,2026-04-30,remote_relocation,0
PWX3110,2026-04-30,quarter_close_spike,0
PYB7646,2026-04-30,remote_relocation,0
QDE0143,2026-04-30,remote_relocation,0
QDT9172,2026-04-30,remote_relocation,0
QEU7845,2026-04-30,remote_relocation,0
QWV1502,2026-04-30,legit_role_change,0
RAT3363,2026-04-30,remote_relocation,0
RKP1272,2026-04-30,remote_relocation,0
RNP3279,2026-04-30,new_hire_onboarding,0
RSQ5606,2026-04-30,quarter_close_spike,0
RTK6170,2026-04-30,legit_role_change,0
SCA9486,2026-04-30,remote_relocation,0
SUF2908,2026-04-30,remote_relocation,0
TDM1734,2026-04-30,remote_relocation,0
THA0831,2026-04-30,legit_role_change,0
TPG1817,2026-04-30,remote_relocation,0
TQS5889,2026-04-30,new_hire_onboarding,0
TRG3333,2026-04-30,remote_relocation,0
TRT5910,2026-04-30,M7,1
UEY0965,2026-04-30,remote_relocation,0
UJW2838,2026-04-30,new_hire_onboarding,0
UUS3207,2026-04-30,remote_relocation,0
VLE2985,2026-04-30,remote_relocation,0
VYY0720,2026-04-30,new_hire_onboarding,0
VYZ7165,2026-04-30,new_hire_onboarding,0
VZM3725,2026-04-30,new_hire_onboarding,0
WSN8487,2026-04-30,legit_role_change,0
WYX0098,2026-04-30,business_travel,0
WZD7435,2026-04-30,legit_role_change,0
XHV9567,2026-04-30,remote_relocation,0
XNB5488,2026-04-30,legit_role_change,0
XVC0594,2026-04-30,new_hire_onboarding,0
XYA5835,2026-04-30,new_hire_onboarding,0
YDR6958,2026-04-30,remote_relocation,0
ZPM1121,2026-04-30,legit_role_change,0
AHP2632,2026-05-01,new_hire_onboarding,0
BDA7532,2026-05-01,new_hire_onboarding,0
CXT3659,2026-05-01,new_hire_onboarding,0
DZG4068,2026-05-01,new_hire_onboarding,0
EEL8338,2026-05-01,legit_role_change,0
EJK9290,2026-05-01,M2,1
EYN3867,2026-05-01,remote_relocation,0
FHR9973,2026-05-01,new_hire_onboarding,0
FRV1809,2026-05-01,remote_relocation,0
FVA0221,2026-05-01,remote_relocation,0
GJF6121,2026-05-01,M3,1
GQM3009,2026-05-01,remote_relocation,0
HEP6887,2026-05-01,M7,1
HKB6535,2026-05-01,remote_relocation,0
HLH7567,2026-05-01,new_hire_onboarding,0
HQY0328,2026-05-01,legit_role_change,0
HUW0385,2026-05-01,remote_relocation,0
HXH6707,2026-05-01,remote_relocation,0
JEZ2409,2026-05-01,remote_relocation,0
JKQ9983,2026-05-01,legit_role_change,0
JVA7931,2026-05-01,remote_relocation,0
JVL5883,2026-05-01,new_hire_onboarding,0
JWY4263,2026-05-01,remote_relocation,0
KAQ4260,2026-05-01,M2,1
MEG7072,2026-05-01,M3,1
MGY2196,2026-05-01,new_hire_onboarding,0
MJD5091,2026-05-01,business_travel,0
MUX6778,2026-05-01,legit_role_change,0
NFG5180,2026-05-01,legit_role_change,0
NKG7115,2026-05-01,new_hire_onboarding,0
NVQ5269,2026-05-01,remote_relocation,0
PLD6480,2026-05-01,on_call_night_work,0
PWX3110,2026-05-01,quarter_close_spike,0
PYB7646,2026-05-01,remote_relocation,0
QDE0143,2026-05-01,remote_relocation,0
QDT9172,2026-05-01,remote_relocation,0
QEU7845,2026-05-01,remote_relocation,0
RAT3363,2026-05-01,remote_relocation,0
RKP1272,2026-05-01,remote_relocation,0
RNP3279,2026-05-01,new_hire_onboarding,0
RSQ5606,2026-05-01,quarter_close_spike,0
RTK6170,2026-05-01,legit_role_change,0
SCA9486,2026-05-01,remote_relocation,0
SUF2908,2026-05-01,remote_relocation,0
TDM1734,2026-05-01,remote_relocation,0
THA0831,2026-05-01,legit_role_change,0
TPG1817,2026-05-01,remote_relocation,0
TQS5889,2026-05-01,new_hire_onboarding,0
TRG3333,2026-05-01,remote_relocation,0
TRT5910,2026-05-01,M7,1
UEY0965,2026-05-01,remote_relocation,0
UJW2838,2026-05-01,new_hire_onboarding,0
VLE2985,2026-05-01,remote_relocation,0
VYT8978,2026-05-01,M4,1
VYY0720,2026-05-01,new_hire_onboarding,0
VYZ7165,2026-05-01,new_hire_onboarding,0
VZM3725,2026-05-01,new_hire_onboarding,0
WSN8487,2026-05-01,legit_role_change,0
WYX0098,2026-05-01,business_travel,0
WZD7435,2026-05-01,legit_role_change,0
XHV9567,2026-05-01,remote_relocation,0
XNB5488,2026-05-01,legit_role_change,0
XVC0594,2026-05-01,new_hire_onboarding,0
XYA5835,2026-05-01,new_hire_onboarding,0
YDR6958,2026-05-01,remote_relocation,0
ZPM1121,2026-05-01,legit_role_change,0
AHP2632,2026-05-02,new_hire_onboarding,0
BDA7532,2026-05-02,new_hire_onboarding,0
CGR6865,2026-05-02,M3,1
CXT3659,2026-05-02,new_hire_onboarding,0
DZG4068,2026-05-02,new_hire_onboarding,0
EJK9290,2026-05-02,M2,1
FHR9973,2026-05-02,new_hire_onboarding,0
GRQ2954,2026-05-02,weekend_deadline,0
GUM8655,2026-05-02,weekend_deadline,0
HEP6887,2026-05-02,M7,1
HLH7567,2026-05-02,new_hire_onboarding,0
HQY0328,2026-05-02,legit_role_change,0
JBQ2200,2026-05-02,weekend_deadline,0
JGK6296,2026-05-02,on_call_night_work,0
JMM1620,2026-05-02,weekend_deadline,0
KAQ4260,2026-05-02,M2,1
LQC3932,2026-05-02,M3,1
MGY2196,2026-05-02,new_hire_onboarding,0
MUX6778,2026-05-02,legit_role_change,0
NFG5180,2026-05-02,legit_role_change,0
RNP3279,2026-05-02,new_hire_onboarding,0
RTK6170,2026-05-02,legit_role_change,0
THA0831,2026-05-02,legit_role_change,0
TQS5889,2026-05-02,new_hire_onboarding,0
TRT5910,2026-05-02,M7,1
UJW2838,2026-05-02,new_hire_onboarding,0
VBX6372,2026-05-02,weekend_deadline,0
VWK1858,2026-05-02,on_call_night_work,0
VYY0720,2026-05-02,new_hire_onboarding,0
VYZ7165,2026-05-02,new_hire_onboarding,0
VZM3725,2026-05-02,new_hire_onboarding,0
WSN8487,2026-05-02,legit_role_change,0
WZD7435,2026-05-02,legit_role_change,0
XNB5488,2026-05-02,legit_role_change,0
XVC0594,2026-05-02,new_hire_onboarding,0
XYA5835,2026-05-02,new_hire_onboarding,0
YSX2928,2026-05-02,M2,1
ZJG3303,2026-05-02,weekend_deadline,0
AGH1760,2026-05-03,M7,1
AHP2632,2026-05-03,new_hire_onboarding,0
BDA7532,2026-05-03,new_hire_onboarding,0
CXT3659,2026-05-03,new_hire_onboarding,0
DYE9273,2026-05-03,M4,1
DZG4068,2026-05-03,new_hire_onboarding,0
EEL8338,2026-05-03,legit_role_change,0
EJK9290,2026-05-03,M2,1
FHR9973,2026-05-03,new_hire_onboarding,0
GJF6121,2026-05-03,M3,1
GUM8655,2026-05-03,weekend_deadline,0
HGD7422,2026-05-03,M3,1
HLH7567,2026-05-03,new_hire_onboarding,0
JKQ9983,2026-05-03,legit_role_change,0
JMM1620,2026-05-03,weekend_deadline,0
JVL5883,2026-05-03,new_hire_onboarding,0
KAQ4260,2026-05-03,M2,1
KGW8827,2026-05-03,M3,1
LBZ7347,2026-05-03,legit_role_change,0
MGY2196,2026-05-03,new_hire_onboarding,0
MJM7888,2026-05-03,M6,1
MUX6778,2026-05-03,legit_role_change,0
NFG5180,2026-05-03,legit_role_change,0
RNP3279,2026-05-03,new_hire_onboarding,0
RTK6170,2026-05-03,legit_role_change,0
THA0831,2026-05-03,legit_role_change,0
TQS5889,2026-05-03,new_hire_onboarding,0
TRT5910,2026-05-03,M7,1
UJW2838,2026-05-03,new_hire_onboarding,0
UUZ0064,2026-05-03,M4,1
VBX6372,2026-05-03,weekend_deadline,0
VYY0720,2026-05-03,new_hire_onboarding,0
VYZ7165,2026-05-03,new_hire_onboarding,0
VZM3725,2026-05-03,new_hire_onboarding,0
WSN8487,2026-05-03,legit_role_change,0
WZD7435,2026-05-03,legit_role_change,0
XNB5488,2026-05-03,legit_role_change,0
XVC0594,2026-05-03,new_hire_onboarding,0
YSX2928,2026-05-03,M2,1
ZJG3303,2026-05-03,weekend_deadline,0
AGH1760,2026-05-04,M7,1
AHP2632,2026-05-04,new_hire_onboarding,0
BDA7532,2026-05-04,new_hire_onboarding,0
CGR6865,2026-05-04,M3,1
CPQ2082,2026-05-04,M7,1
CXT3659,2026-05-04,new_hire_onboarding,0
DYE9273,2026-05-04,M4,1
DZG4068,2026-05-04,new_hire_onboarding,0
EGC4448,2026-05-04,remote_relocation,0
EJK9290,2026-05-04,M2,1
EYN3867,2026-05-04,remote_relocation,0
FRV1809,2026-05-04,remote_relocation,0
FVA0221,2026-05-04,remote_relocation,0
GNA5070,2026-05-04,new_hire_onboarding,0
GTS1980,2026-05-04,business_travel,0
HEP6887,2026-05-04,M7,1
HGD7422,2026-05-04,M3,1
HKB6535,2026-05-04,remote_relocation,0
HLH7567,2026-05-04,new_hire_onboarding,0
HNP8722,2026-05-04,remote_relocation,0
HUW0385,2026-05-04,remote_relocation,0
HXH6707,2026-05-04,remote_relocation,0
JEZ2409,2026-05-04,remote_relocation,0
JKQ9983,2026-05-04,legit_role_change,0
JRD4682,2026-05-04,business_travel,0
JVA7931,2026-05-04,remote_relocation,0
JVL5883,2026-05-04,new_hire_onboarding,0
JWY4263,2026-05-04,remote_relocation,0
KAQ4260,2026-05-04,M2,1
KGW8827,2026-05-04,M3,1
KPB4149,2026-05-04,on_call_night_work,0
LBZ7347,2026-05-04,legit_role_change,0
LQC3932,2026-05-04,M3,1
MGY2196,2026-05-04,new_hire_onboarding,0
MJD5091,2026-05-04,business_travel,0
MJM7888,2026-05-04,M6,1
MUX6778,2026-05-04,legit_role_change,0
NFG5180,2026-05-04,legit_role_change,0
NPU2327,2026-05-04,M3,1
NVQ5269,2026-05-04,remote_relocation,0
PWX3110,2026-05-04,quarter_close_spike,0
PXN7264,2026-05-04,remote_relocation,0
PYB7646,2026-05-04,remote_relocation,0
QDE0143,2026-05-04,remote_relocation,0
QDT9172,2026-05-04,remote_relocation,0
QEU7845,2026-05-04,remote_relocation,0
RAT3363,2026-05-04,remote_relocation,0
RKP1272,2026-05-04,remote_relocation,0
RNP3279,2026-05-04,new_hire_onboarding,0
RTK6170,2026-05-04,legit_role_change,0
SCA9486,2026-05-04,remote_relocation,0
SUF2908,2026-05-04,remote_relocation,0
TDM1734,2026-05-04,remote_relocation,0
TPG1817,2026-05-04,remote_relocation,0
TQS5889,2026-05-04,new_hire_onboarding,0
TRG3333,2026-05-04,remote_relocation,0
UEY0965,2026-05-04,remote_relocation,0
UJW2838,2026-05-04,new_hire_onboarding,0
UUS3207,2026-05-04,remote_relocation,0
VLE2985,2026-05-04,remote_relocation,0
VWK1858,2026-05-04,on_call_night_work,0
VYY0720,2026-05-04,new_hire_onboarding,0
VYZ7165,2026-05-04,new_hire_onboarding,0
VZM3725,2026-05-04,new_hire_onboarding,0
WSN8487,2026-05-04,legit_role_change,0
WYX0098,2026-05-04,business_travel,0
WZD7435,2026-05-04,legit_role_change,0
XHV9567,2026-05-04,remote_relocation,0
XVC0594,2026-05-04,new_hire_onboarding,0
YAW5851,2026-05-04,new_hire_onboarding,0
YSX2928,2026-05-04,M2,1
YXE8184,2026-05-04,M3,1
AGH1760,2026-05-05,M7,1
AHP2632,2026-05-05,new_hire_onboarding,0
BDA7532,2026-05-05,new_hire_onboarding,0
CPQ2082,2026-05-05,M7,1
CXT3659,2026-05-05,new_hire_onboarding,0
DZG4068,2026-05-05,new_hire_onboarding,0
EEL8338,2026-05-05,legit_role_change,0
EGC4448,2026-05-05,remote_relocation,0
EJK9290,2026-05-05,M2,1
EYN3867,2026-05-05,remote_relocation,0
FHC5582,2026-05-05,M4,1
FRV1809,2026-05-05,remote_relocation,0
FVA0221,2026-05-05,remote_relocation,0
GNA5070,2026-05-05,new_hire_onboarding,0
GQM3009,2026-05-05,remote_relocation,0
GTS1980,2026-05-05,business_travel,0
HEP6887,2026-05-05,M7,1
HGD7422,2026-05-05,M3,1
HKB6535,2026-05-05,remote_relocation,0
HLH7567,2026-05-05,new_hire_onboarding,0
HNP8722,2026-05-05,remote_relocation,0
HUW0385,2026-05-05,remote_relocation,0
HXH6707,2026-05-05,remote_relocation,0
JEZ2409,2026-05-05,remote_relocation,0
JKQ9983,2026-05-05,legit_role_change,0
JVA7931,2026-05-05,remote_relocation,0
JVL5883,2026-05-05,new_hire_onboarding,0
JWY4263,2026-05-05,remote_relocation,0
KAQ4260,2026-05-05,M2,1
KHV5264,2026-05-05,M1,1
LBZ7347,2026-05-05,legit_role_change,0
LQC3932,2026-05-05,M3,1
MGY2196,2026-05-05,new_hire_onboarding,0
MJD5091,2026-05-05,business_travel,0
MJM7888,2026-05-05,M6,1
MUX6778,2026-05-05,legit_role_change,0
NFG5180,2026-05-05,legit_role_change,0
NPU2327,2026-05-05,M3,1
NVQ5269,2026-05-05,remote_relocation,0
NWE6943,2026-05-05,M1,1
PLD6480,2026-05-05,on_call_night_work,0
PUJ9838,2026-05-05,M4,1
PWX3110,2026-05-05,quarter_close_spike,0
PXN7264,2026-05-05,remote_relocation,0
PYB7646,2026-05-05,remote_relocation,0
QDE0143,2026-05-05,remote_relocation,0
QDT9172,2026-05-05,remote_relocation,0
QEU7845,2026-05-05,remote_relocation,0
RAT3363,2026-05-05,remote_relocation,0
RKP1272,2026-05-05,remote_relocation,0
RNP3279,2026-05-05,new_hire_onboarding,0
SCA9486,2026-05-05,remote_relocation,0
SUF2908,2026-05-05,remote_relocation,0
TDM1734,2026-05-05,remote_relocation,0
TPG1817,2026-05-05,remote_relocation,0
TQS5889,2026-05-05,new_hire_onboarding,0
TRG3333,2026-05-05,remote_relocation,0
UEY0965,2026-05-05,remote_relocation,0
UGN5077,2026-05-05,on_call_night_work,0
UJW2838,2026-05-05,new_hire_onboarding,0
UML4272,2026-05-05,quarter_close_spike,0
URE3093,2026-05-05,on_call_night_work,0
URV9227,2026-05-05,legit_role_change,0
UUS3207,2026-05-05,remote_relocation,0
VLE2985,2026-05-05,remote_relocation,0
VYY0720,2026-05-05,new_hire_onboarding,0
VYZ7165,2026-05-05,new_hire_onboarding,0
VZM3725,2026-05-05,new_hire_onboarding,0
WSN8487,2026-05-05,legit_role_change,0
WZD7435,2026-05-05,legit_role_change,0
XHV9567,2026-05-05,remote_relocation,0
XVC0594,2026-05-05,new_hire_onboarding,0
YAW5851,2026-05-05,new_hire_onboarding,0
YDR6958,2026-05-05,remote_relocation,0
YSX2928,2026-05-05,M2,1
AGH1760,2026-05-06,M7,1
AHP2632,2026-05-06,new_hire_onboarding,0
BDA7532,2026-05-06,new_hire_onboarding,0
CGR6865,2026-05-06,M3,1
CPQ2082,2026-05-06,M7,1
CXT3659,2026-05-06,new_hire_onboarding,0
DZG4068,2026-05-06,new_hire_onboarding,0
EEL8338,2026-05-06,legit_role_change,0
EGC4448,2026-05-06,remote_relocation,0
EJK9290,2026-05-06,M2,1
EYN3867,2026-05-06,remote_relocation,0
FRV1809,2026-05-06,remote_relocation,0
FVA0221,2026-05-06,remote_relocation,0
GNA5070,2026-05-06,new_hire_onboarding,0
GQM3009,2026-05-06,remote_relocation,0
GTS1980,2026-05-06,business_travel,0
HEP6887,2026-05-06,M7,1
HGD7422,2026-05-06,M3,1
HKB6535,2026-05-06,remote_relocation,0
HLH7567,2026-05-06,new_hire_onboarding,0
HNP8722,2026-05-06,remote_relocation,0
HUW0385,2026-05-06,remote_relocation,0
HXH6707,2026-05-06,remote_relocation,0
JEZ2409,2026-05-06,remote_relocation,0
JGK6296,2026-05-06,on_call_night_work,0
JKQ9983,2026-05-06,legit_role_change,0
JRD4682,2026-05-06,business_travel,0
JVA7931,2026-05-06,remote_relocation,0
JVL5883,2026-05-06,new_hire_onboarding,0
JWE8116,2026-05-06,M4,1
JWY4263,2026-05-06,remote_relocation,0
KAQ4260,2026-05-06,M2,1
KHV5264,2026-05-06,M1,1
KPJ6277,2026-05-06,on_call_night_work,0
LBZ7347,2026-05-06,legit_role_change,0
MGY2196,2026-05-06,new_hire_onboarding,0
NFG5180,2026-05-06,legit_role_change,0
NPU2327,2026-05-06,M3,1
NVQ5269,2026-05-06,remote_relocation,0
NWE6943,2026-05-06,M1,1
PWX3110,2026-05-06,quarter_close_spike,0
PXN7264,2026-05-06,remote_relocation,0
PYB7646,2026-05-06,remote_relocation,0
QDE0143,2026-05-06,remote_relocation,0
QDT9172,2026-05-06,remote_relocation,0
QEU7845,2026-05-06,remote_relocation,0
RAT3363,2026-05-06,remote_relocation,0
RNP3279,2026-05-06,new_hire_onboarding,0
SCA9486,2026-05-06,remote_relocation,0
SUF2908,2026-05-06,remote_relocation,0
TDM1734,2026-05-06,remote_relocation,0
THA0831,2026-05-06,legit_role_change,0
TPG1817,2026-05-06,remote_relocation,0
TQS5889,2026-05-06,new_hire_onboarding,0
TRG3333,2026-05-06,remote_relocation,0
TZQ9935,2026-05-06,on_call_night_work,0
UEY0965,2026-05-06,remote_relocation,0
UJW2838,2026-05-06,new_hire_onboarding,0
URV9227,2026-05-06,legit_role_change,0
UUS3207,2026-05-06,remote_relocation,0
VLE2985,2026-05-06,remote_relocation,0
VYY0720,2026-05-06,new_hire_onboarding,0
VYZ7165,2026-05-06,new_hire_onboarding,0
VZM3725,2026-05-06,new_hire_onboarding,0
WSN8487,2026-05-06,legit_role_change,0
XHV9567,2026-05-06,remote_relocation,0
XVC0594,2026-05-06,new_hire_onboarding,0
YAW5851,2026-05-06,new_hire_onboarding,0
YDR6958,2026-05-06,remote_relocation,0
YSX2928,2026-05-06,M2,1
YXE8184,2026-05-06,M3,1
AGH1760,2026-05-07,M7,1
AHP2632,2026-05-07,new_hire_onboarding,0
BDA7532,2026-05-07,new_hire_onboarding,0
CPQ2082,2026-05-07,M7,1
CXT3659,2026-05-07,new_hire_onboarding,0
DZG4068,2026-05-07,new_hire_onboarding,0
EEL8338,2026-05-07,legit_role_change,0
EGC4448,2026-05-07,remote_relocation,0
EJK9290,2026-05-07,M2,1
EYN3867,2026-05-07,remote_relocation,0
FRV1809,2026-05-07,remote_relocation,0
FVA0221,2026-05-07,remote_relocation,0
GDQ4471,2026-05-07,M7,1
GNA5070,2026-05-07,new_hire_onboarding,0
GQM3009,2026-05-07,remote_relocation,0
GTS1980,2026-05-07,business_travel,0
HKB6535,2026-05-07,remote_relocation,0
HLH7567,2026-05-07,new_hire_onboarding,0
HNP8722,2026-05-07,remote_relocation,0
HUW0385,2026-05-07,remote_relocation,0
HXH6707,2026-05-07,remote_relocation,0
JEZ2409,2026-05-07,remote_relocation,0
JKQ9983,2026-05-07,legit_role_change,0
JRD4682,2026-05-07,business_travel,0
JVA7931,2026-05-07,remote_relocation,0
JVL5883,2026-05-07,new_hire_onboarding,0
JWY4263,2026-05-07,remote_relocation,0
KAQ4260,2026-05-07,M2,1
KGW8827,2026-05-07,M3,1
KHF6510,2026-05-07,new_hire_onboarding,0
KHV5264,2026-05-07,M1,1
LBZ7347,2026-05-07,legit_role_change,0
LQC3932,2026-05-07,M3,1
MGY2196,2026-05-07,new_hire_onboarding,0
MJD5091,2026-05-07,business_travel,0
MUX6778,2026-05-07,legit_role_change,0
NFG5180,2026-05-07,legit_role_change,0
NPU2327,2026-05-07,M3,1
NVQ5269,2026-05-07,remote_relocation,0
NWE6943,2026-05-07,M1,1
PFZ1171,2026-05-07,quarter_close_spike,0
PUJ9838,2026-05-07,M4,1
PWX3110,2026-05-07,quarter_close_spike,0
PXN7264,2026-05-07,remote_relocation,0
PYB7646,2026-05-07,remote_relocation,0
QDE0143,2026-05-07,remote_relocation,0
QDT9172,2026-05-07,remote_relocation,0
QEU7845,2026-05-07,remote_relocation,0
RAT3363,2026-05-07,remote_relocation,0
RKP1272,2026-05-07,remote_relocation,0
RNP3279,2026-05-07,new_hire_onboarding,0
RTK6170,2026-05-07,legit_role_change,0
SCA9486,2026-05-07,remote_relocation,0
SUF2908,2026-05-07,remote_relocation,0
TDM1734,2026-05-07,remote_relocation,0
THA0831,2026-05-07,legit_role_change,0
TQS5889,2026-05-07,new_hire_onboarding,0
TRG3333,2026-05-07,remote_relocation,0
TZQ9935,2026-05-07,on_call_night_work,0
UEY0965,2026-05-07,remote_relocation,0
UJW2838,2026-05-07,new_hire_onboarding,0
UML4272,2026-05-07,quarter_close_spike,0
URE3093,2026-05-07,on_call_night_work,0
URV9227,2026-05-07,legit_role_change,0
UUS3207,2026-05-07,remote_relocation,0
VLE2985,2026-05-07,remote_relocation,0
VYY0720,2026-05-07,new_hire_onboarding,0
VYZ7165,2026-05-07,new_hire_onboarding,0
VZM3725,2026-05-07,new_hire_onboarding,0
WZD7435,2026-05-07,legit_role_change,0
XAA3696,2026-05-07,business_travel,0
XHV9567,2026-05-07,remote_relocation,0
XVC0594,2026-05-07,new_hire_onboarding,0
YAW5851,2026-05-07,new_hire_onboarding,0
YDR6958,2026-05-07,remote_relocation,0
YSX2928,2026-05-07,M2,1
AGH1760,2026-05-08,M7,1
AHP2632,2026-05-08,new_hire_onboarding,0
BDA7532,2026-05-08,new_hire_onboarding,0
CLU4292,2026-05-08,on_call_night_work,0
CPQ2082,2026-05-08,M7,1
CXT3659,2026-05-08,new_hire_onboarding,0
DZG4068,2026-05-08,new_hire_onboarding,0
EEL8338,2026-05-08,legit_role_change,0
EGC4448,2026-05-08,remote_relocation,0
EJK9290,2026-05-08,M2,1
EYN3867,2026-05-08,remote_relocation,0
FMC2914,2026-05-08,business_travel,0
FRV1809,2026-05-08,remote_relocation,0
FVA0221,2026-05-08,remote_relocation,0
GDQ4471,2026-05-08,M7,1
GJF6121,2026-05-08,M3,1
GNA5070,2026-05-08,new_hire_onboarding,0
GQM3009,2026-05-08,remote_relocation,0
GTS1980,2026-05-08,business_travel,0
HEP6887,2026-05-08,M7,1
HKB6535,2026-05-08,remote_relocation,0
HLH7567,2026-05-08,new_hire_onboarding,0
HNP8722,2026-05-08,remote_relocation,0
HUW0385,2026-05-08,remote_relocation,0
HXH6707,2026-05-08,remote_relocation,0
JKQ9983,2026-05-08,legit_role_change,0
JVA7931,2026-05-08,remote_relocation,0
JVL5883,2026-05-08,new_hire_onboarding,0
JWE8116,2026-05-08,M4,1
JWY4263,2026-05-08,remote_relocation,0
KHF6510,2026-05-08,new_hire_onboarding,0
LBZ7347,2026-05-08,legit_role_change,0
LQC3932,2026-05-08,M3,1
MGY2196,2026-05-08,new_hire_onboarding,0
MJD5091,2026-05-08,business_travel,0
MUX6778,2026-05-08,legit_role_change,0
NFG5180,2026-05-08,legit_role_change,0
NVQ5269,2026-05-08,remote_relocation,0
NWE6943,2026-05-08,M1,1
PBM4108,2026-05-08,M5,1
PEH7036,2026-05-08,M1,1
PUJ9838,2026-05-08,M4,1
PXN7264,2026-05-08,remote_relocation,0
PYB7646,2026-05-08,remote_relocation,0
QDE0143,2026-05-08,remote_relocation,0
QDT9172,2026-05-08,remote_relocation,0
QEU7845,2026-05-08,remote_relocation,0
RAT3363,2026-05-08,remote_relocation,0
RKP1272,2026-05-08,remote_relocation,0
RNP3279,2026-05-08,new_hire_onboarding,0
SCA9486,2026-05-08,remote_relocation,0
SUF2908,2026-05-08,remote_relocation,0
TDM1734,2026-05-08,remote_relocation,0
THA0831,2026-05-08,legit_role_change,0
TPG1817,2026-05-08,remote_relocation,0
TRG3333,2026-05-08,remote_relocation,0
UEY0965,2026-05-08,remote_relocation,0
UJW2838,2026-05-08,new_hire_onboarding,0
UML4272,2026-05-08,quarter_close_spike,0
URV9227,2026-05-08,legit_role_change,0
UUS3207,2026-05-08,remote_relocation,0
UWT0424,2026-05-08,legit_role_change,0
VLE2985,2026-05-08,remote_relocation,0
VYZ7165,2026-05-08,new_hire_onboarding,0
VZM3725,2026-05-08,new_hire_onboarding,0
WZD7435,2026-05-08,legit_role_change,0
XAA3696,2026-05-08,business_travel,0
XHV9567,2026-05-08,remote_relocation,0
XMP7066,2026-05-08,on_call_night_work,0
XVC0594,2026-05-08,new_hire_onboarding,0
YAW5851,2026-05-08,new_hire_onboarding,0
YDR6958,2026-05-08,remote_relocation,0
YSX2928,2026-05-08,M2,1
YXE8184,2026-05-08,M3,1
AGH1760,2026-05-09,M7,1
AHP2632,2026-05-09,new_hire_onboarding,0
BDA7532,2026-05-09,new_hire_onboarding,0
CGR6865,2026-05-09,M3,1
CLU4292,2026-05-09,on_call_night_work,0
CXT3659,2026-05-09,new_hire_onboarding,0
DXZ1860,2026-05-09,weekend_deadline,0
DZG4068,2026-05-09,new_hire_onboarding,0
EEL8338,2026-05-09,legit_role_change,0
EJK9290,2026-05-09,M2,1
FMC2914,2026-05-09,business_travel,0
GDQ4471,2026-05-09,M7,1
GNA5070,2026-05-09,new_hire_onboarding,0
HEP6887,2026-05-09,M7,1
HLH7567,2026-05-09,new_hire_onboarding,0
JKQ9983,2026-05-09,legit_role_change,0
JMM1620,2026-05-09,weekend_deadline,0
JVL5883,2026-05-09,new_hire_onboarding,0
KHF6510,2026-05-09,new_hire_onboarding,0
LBZ7347,2026-05-09,legit_role_change,0
MGY2196,2026-05-09,new_hire_onboarding,0
NFG5180,2026-05-09,legit_role_change,0
NPU2327,2026-05-09,M3,1
PBM4108,2026-05-09,M5,1
PEH7036,2026-05-09,M1,1
PUJ9838,2026-05-09,M4,1
RNP3279,2026-05-09,new_hire_onboarding,0
RTK6170,2026-05-09,legit_role_change,0
SUQ8029,2026-05-09,on_call_night_work,0
THA0831,2026-05-09,legit_role_change,0
TZQ9935,2026-05-09,on_call_night_work,0
UGN5077,2026-05-09,on_call_night_work,0
UJW2838,2026-05-09,new_hire_onboarding,0
URV9227,2026-05-09,legit_role_change,0
UWT0424,2026-05-09,legit_role_change,0
VYZ7165,2026-05-09,new_hire_onboarding,0
VZM3725,2026-05-09,new_hire_onboarding,0
WBH1128,2026-05-09,weekend_deadline,0
WZD7435,2026-05-09,legit_role_change,0
XVC0594,2026-05-09,new_hire_onboarding,0
YAW5851,2026-05-09,new_hire_onboarding,0
YSX2928,2026-05-09,M2,1
YXE8184,2026-05-09,M3,1
AGH1760,2026-05-10,M7,1
AHP2632,2026-05-10,new_hire_onboarding,0
CPS9069,2026-05-10,M2,1
CXT3659,2026-05-10,new_hire_onboarding,0
DEX6345,2026-05-10,M6,1
DXZ1860,2026-05-10,weekend_deadline,0
DZG4068,2026-05-10,new_hire_onboarding,0
EEL8338,2026-05-10,legit_role_change,0
EJK9290,2026-05-10,M2,1
GDQ4471,2026-05-10,M7,1
GKB5174,2026-05-10,legit_role_change,0
GNA5070,2026-05-10,new_hire_onboarding,0
HEP6887,2026-05-10,M7,1
HLH7567,2026-05-10,new_hire_onboarding,0
HNV3692,2026-05-10,legit_role_change,0
JJX7773,2026-05-10,M1,1
JKQ9983,2026-05-10,legit_role_change,0
JMM1620,2026-05-10,weekend_deadline,0
JVL5883,2026-05-10,new_hire_onboarding,0
JWE8116,2026-05-10,M4,1
KGW8827,2026-05-10,M3,1
KHF6510,2026-05-10,new_hire_onboarding,0
KPB4149,2026-05-10,on_call_night_work,0
MGY2196,2026-05-10,new_hire_onboarding,0
NFG5180,2026-05-10,legit_role_change,0
NPU2327,2026-05-10,M3,1
NTR2952,2026-05-10,weekend_deadline,0
PBM4108,2026-05-10,M5,1
PCH7421,2026-05-10,legit_role_change,0
PEH7036,2026-05-10,M1,1
RNP3279,2026-05-10,new_hire_onboarding,0
RTK6170,2026-05-10,legit_role_change,0
SDK3028,2026-05-10,on_call_night_work,0
SUF2908,2026-05-10,remote_relocation,0
UJW2838,2026-05-10,new_hire_onboarding,0
URV9227,2026-05-10,legit_role_change,0
UWT0424,2026-05-10,legit_role_change,0
VYZ7165,2026-05-10,new_hire_onboarding,0
VZM3725,2026-05-10,new_hire_onboarding,0
XVC0594,2026-05-10,new_hire_onboarding,0
YAW5851,2026-05-10,new_hire_onboarding,0
YSX2928,2026-05-10,M2,1
AGH1760,2026-05-11,M7,1
AHP2632,2026-05-11,new_hire_onboarding,0
BXQ0249,2026-05-11,M3,1
CLU4292,2026-05-11,on_call_night_work,0
CPQ2082,2026-05-11,M7,1
CPS9069,2026-05-11,M2,1
CXT3659,2026-05-11,new_hire_onboarding,0
DZG4068,2026-05-11,new_hire_onboarding,0
EEL8338,2026-05-11,legit_role_change,0
EGC4448,2026-05-11,remote_relocation,0
EYN3867,2026-05-11,remote_relocation,0
FPS7859,2026-05-11,quarter_close_spike,0
FRV1809,2026-05-11,remote_relocation,0
FXM5258,2026-05-11,quarter_close_spike,0
GDQ4471,2026-05-11,M7,1
GKB5174,2026-05-11,legit_role_change,0
GNA5070,2026-05-11,new_hire_onboarding,0
GQM3009,2026-05-11,remote_relocation,0
HEP6887,2026-05-11,M7,1
HGD7422,2026-05-11,M3,1
HKB6535,2026-05-11,remote_relocation,0
HLH7567,2026-05-11,new_hire_onboarding,0
HNP8722,2026-05-11,remote_relocation,0
HNV3692,2026-05-11,legit_role_change,0
HUW0385,2026-05-11,remote_relocation,0
HXH6707,2026-05-11,remote_relocation,0
JEZ2409,2026-05-11,remote_relocation,0
JKQ9983,2026-05-11,legit_role_change,0
JVA7931,2026-05-11,remote_relocation,0
JVL5883,2026-05-11,new_hire_onboarding,0
JWY4263,2026-05-11,remote_relocation,0
KHF6510,2026-05-11,new_hire_onboarding,0
KPB4149,2026-05-11,on_call_night_work,0
MUX6778,2026-05-11,legit_role_change,0
NVQ5269,2026-05-11,remote_relocation,0
PBM4108,2026-05-11,M5,1
PEH7036,2026-05-11,M1,1
PFZ1171,2026-05-11,quarter_close_spike,0
PUJ9838,2026-05-11,M4,1
PXN7264,2026-05-11,remote_relocation,0
PYB7646,2026-05-11,remote_relocation,0
QDE0143,2026-05-11,remote_relocation,0
QDT9172,2026-05-11,remote_relocation,0
QEU7845,2026-05-11,remote_relocation,0
RAT3363,2026-05-11,remote_relocation,0
RKP1272,2026-05-11,remote_relocation,0
RNP3279,2026-05-11,new_hire_onboarding,0
RNS1506,2026-05-11,remote_relocation,0
RTK6170,2026-05-11,legit_role_change,0
SCA9486,2026-05-11,remote_relocation,0
SUF2908,2026-05-11,remote_relocation,0
TDM1734,2026-05-11,remote_relocation,0
TPG1817,2026-05-11,remote_relocation,0
TRG3333,2026-05-11,remote_relocation,0
UEY0965,2026-05-11,remote_relocation,0
UGN5077,2026-05-11,on_call_night_work,0
URV9227,2026-05-11,legit_role_change,0
UWT0424,2026-05-11,legit_role_change,0
VLE2985,2026-05-11,remote_relocation,0
VYZ7165,2026-05-11,new_hire_onboarding,0
VZM3725,2026-05-11,new_hire_onboarding,0
WXD2117,2026-05-11,on_call_night_work,0
WZD7435,2026-05-11,legit_role_change,0
XAA3696,2026-05-11,business_travel,0
XHV9567,2026-05-11,remote_relocation,0
XVC0594,2026-05-11,new_hire_onboarding,0
YAW5851,2026-05-11,new_hire_onboarding,0
YSX2928,2026-05-11,M2,1
AGH1760,2026-05-12,M7,1
AHP2632,2026-05-12,new_hire_onboarding,0
BXQ0249,2026-05-12,M3,1
CGR6865,2026-05-12,M3,1
CPQ2082,2026-05-12,M7,1
CPS9069,2026-05-12,M2,1
CXT3659,2026-05-12,new_hire_onboarding,0
DTR1676,2026-05-12,new_hire_onboarding,0
DZG4068,2026-05-12,new_hire_onboarding,0
EEL8338,2026-05-12,legit_role_change,0
EGC4448,2026-05-12,remote_relocation,0
EYN3867,2026-05-12,remote_relocation,0
FNB0006,2026-05-12,M7,1
FPS7859,2026-05-12,quarter_close_spike,0
FRV1809,2026-05-12,remote_relocation,0
FVA0221,2026-05-12,remote_relocation,0
FXM5258,2026-05-12,quarter_close_spike,0
GJF6121,2026-05-12,M3,1
GKB5174,2026-05-12,legit_role_change,0
GNA5070,2026-05-12,new_hire_onboarding,0
GQM3009,2026-05-12,remote_relocation,0
GTS1980,2026-05-12,business_travel,0
HEP6887,2026-05-12,M7,1
HGD7422,2026-05-12,M3,1
HKB6535,2026-05-12,remote_relocation,0
HLH7567,2026-05-12,new_hire_onboarding,0
HNP8722,2026-05-12,remote_relocation,0
HUW0385,2026-05-12,remote_relocation,0
HXH6707,2026-05-12,remote_relocation,0
JEZ2409,2026-05-12,remote_relocation,0
JKQ9983,2026-05-12,legit_role_change,0
JVA7931,2026-05-12,remote_relocation,0
JVL5883,2026-05-12,new_hire_onboarding,0
JWY4263,2026-05-12,remote_relocation,0
KHF6510,2026-05-12,new_hire_onboarding,0
MUX6778,2026-05-12,legit_role_change,0
NPU2327,2026-05-12,M3,1
NVQ5269,2026-05-12,remote_relocation,0
PCH7421,2026-05-12,legit_role_change,0
PFZ1171,2026-05-12,quarter_close_spike,0
PLD6480,2026-05-12,on_call_night_work,0
PXN7264,2026-05-12,remote_relocation,0
PYB7646,2026-05-12,remote_relocation,0
QDE0143,2026-05-12,remote_relocation,0
QEU7845,2026-05-12,remote_relocation,0
RAT3363,2026-05-12,remote_relocation,0
RKP1272,2026-05-12,remote_relocation,0
RNP3279,2026-05-12,new_hire_onboarding,0
RNS1506,2026-05-12,remote_relocation,0
SCA9486,2026-05-12,remote_relocation,0
SUF2908,2026-05-12,remote_relocation,0
TDM1734,2026-05-12,remote_relocation,0
TRG3333,2026-05-12,remote_relocation,0
UEY0965,2026-05-12,remote_relocation,0
UKE7449,2026-05-12,business_travel,0
UUS3207,2026-05-12,remote_relocation,0
UWT0424,2026-05-12,legit_role_change,0
VLE2985,2026-05-12,remote_relocation,0
VYZ7165,2026-05-12,new_hire_onboarding,0
VZM3725,2026-05-12,new_hire_onboarding,0
XAA3696,2026-05-12,business_travel,0
XHV9567,2026-05-12,remote_relocation,0
XVC0594,2026-05-12,new_hire_onboarding,0
YAW5851,2026-05-12,new_hire_onboarding,0
YDR6958,2026-05-12,remote_relocation,0
YSX2928,2026-05-12,M2,1
YXE8184,2026-05-12,M3,1
AGH1760,2026-05-13,M7,1
AHP2632,2026-05-13,new_hire_onboarding,0
BXQ0249,2026-05-13,M3,1
CPQ2082,2026-05-13,M7,1
CPS9069,2026-05-13,M2,1
CXT3659,2026-05-13,new_hire_onboarding,0
DTR1676,2026-05-13,new_hire_onboarding,0
DZG4068,2026-05-13,new_hire_onboarding,0
EEL8338,2026-05-13,legit_role_change,0
EGC4448,2026-05-13,remote_relocation,0
EYN3867,2026-05-13,remote_relocation,0
FPS7859,2026-05-13,quarter_close_spike,0
FRV1809,2026-05-13,remote_relocation,0
FVA0221,2026-05-13,remote_relocation,0
FXM5258,2026-05-13,quarter_close_spike,0
GDQ4471,2026-05-13,M7,1
GKB5174,2026-05-13,legit_role_change,0
GNA5070,2026-05-13,new_hire_onboarding,0
GQM3009,2026-05-13,remote_relocation,0
HEP6887,2026-05-13,M7,1
HKB6535,2026-05-13,remote_relocation,0
HLH7567,2026-05-13,new_hire_onboarding,0
HNP8722,2026-05-13,remote_relocation,0
HNV3692,2026-05-13,legit_role_change,0
HUW0385,2026-05-13,remote_relocation,0
HXH6707,2026-05-13,remote_relocation,0
JEZ2409,2026-05-13,remote_relocation,0
JGK6296,2026-05-13,on_call_night_work,0
JKQ9983,2026-05-13,legit_role_change,0
JVA7931,2026-05-13,remote_relocation,0
JVL5883,2026-05-13,new_hire_onboarding,0
JWY4263,2026-05-13,remote_relocation,0
KGW8827,2026-05-13,M3,1
KHF6510,2026-05-13,new_hire_onboarding,0
LBZ7347,2026-05-13,legit_role_change,0
LQC3932,2026-05-13,M3,1
MUX6778,2026-05-13,legit_role_change,0
NFG5180,2026-05-13,legit_role_change,0
NVQ5269,2026-05-13,remote_relocation,0
PXN7264,2026-05-13,remote_relocation,0
PYB7646,2026-05-13,remote_relocation,0
QDE0143,2026-05-13,remote_relocation,0
QDT9172,2026-05-13,remote_relocation,0
QEU7845,2026-05-13,remote_relocation,0
RAT3363,2026-05-13,remote_relocation,0
RGD4993,2026-05-13,M7,1
RKP1272,2026-05-13,remote_relocation,0
RNP3279,2026-05-13,new_hire_onboarding,0
RNS1506,2026-05-13,remote_relocation,0
SCA9486,2026-05-13,remote_relocation,0
SUF2908,2026-05-13,remote_relocation,0
TDM1734,2026-05-13,remote_relocation,0
TPG1817,2026-05-13,remote_relocation,0
TRG3333,2026-05-13,remote_relocation,0
UEY0965,2026-05-13,remote_relocation,0
UGN5077,2026-05-13,on_call_night_work,0
UKE7449,2026-05-13,business_travel,0
URV9227,2026-05-13,legit_role_change,0
UUS3207,2026-05-13,remote_relocation,0
UWT0424,2026-05-13,legit_role_change,0
VLE2985,2026-05-13,remote_relocation,0
VYZ7165,2026-05-13,new_hire_onboarding,0
VZM3725,2026-05-13,new_hire_onboarding,0
WDQ5874,2026-05-13,remote_relocation,0
WSK1631,2026-05-13,M4,1
WXD2117,2026-05-13,on_call_night_work,0
WZD7435,2026-05-13,legit_role_change,0
XAA3696,2026-05-13,business_travel,0
XHV9567,2026-05-13,remote_relocation,0
XVC0594,2026-05-13,new_hire_onboarding,0
YAW5851,2026-05-13,new_hire_onboarding,0
YDR6958,2026-05-13,remote_relocation,0
YVK4363,2026-05-13,M1,1
AHP2632,2026-05-14,new_hire_onboarding,0
CPQ2082,2026-05-14,M7,1
CPS9069,2026-05-14,M2,1
CXT3659,2026-05-14,new_hire_onboarding,0
DTR1676,2026-05-14,new_hire_onboarding,0
DZG4068,2026-05-14,new_hire_onboarding,0
EEL8338,2026-05-14,legit_role_change,0
EGC4448,2026-05-14,remote_relocation,0
EYN3867,2026-05-14,remote_relocation,0
FNB0006,2026-05-14,M7,1
FPS7859,2026-05-14,quarter_close_spike,0
FRV1809,2026-05-14,remote_relocation,0
FVA0221,2026-05-14,remote_relocation,0
GDQ4471,2026-05-14,M7,1
GJF6121,2026-05-14,M3,1
GKB5174,2026-05-14,legit_role_change,0
GNA5070,2026-05-14,new_hire_onboarding,0
GQM3009,2026-05-14,remote_relocation,0
HKB6535,2026-05-14,remote_relocation,0
HLH7567,2026-05-14,new_hire_onboarding,0
HNP8722,2026-05-14,remote_relocation,0
HUW0385,2026-05-14,remote_relocation,0
HXH6707,2026-05-14,remote_relocation,0
JEZ2409,2026-05-14,remote_relocation,0
JGK6296,2026-05-14,on_call_night_work,0
JKQ9983,2026-05-14,legit_role_change,0
JVA7931,2026-05-14,remote_relocation,0
JVL5883,2026-05-14,new_hire_onboarding,0
JWY4263,2026-05-14,remote_relocation,0
KGW8827,2026-05-14,M3,1
KHF6510,2026-05-14,new_hire_onboarding,0
LBZ7347,2026-05-14,legit_role_change,0
LQC3932,2026-05-14,M3,1
NFG5180,2026-05-14,legit_role_change,0
NPU2327,2026-05-14,M3,1
NVQ5269,2026-05-14,remote_relocation,0
PAJ2937,2026-05-14,business_travel,0
PCH7421,2026-05-14,legit_role_change,0
PXN7264,2026-05-14,remote_relocation,0
PYB7646,2026-05-14,remote_relocation,0
PYP8182,2026-05-14,on_call_night_work,0
QDE0143,2026-05-14,remote_relocation,0
QDT9172,2026-05-14,remote_relocation,0
QEU7845,2026-05-14,remote_relocation,0
RAT3363,2026-05-14,remote_relocation,0
RGD4993,2026-05-14,M7,1
RKP1272,2026-05-14,remote_relocation,0
RNP3279,2026-05-14,new_hire_onboarding,0
RNS1506,2026-05-14,remote_relocation,0
SCA9486,2026-05-14,remote_relocation,0
SUF2908,2026-05-14,remote_relocation,0
TDM1734,2026-05-14,remote_relocation,0
TPG1817,2026-05-14,remote_relocation,0
TRG3333,2026-05-14,remote_relocation,0
UEY0965,2026-05-14,remote_relocation,0
UKE7449,2026-05-14,business_travel,0
URV9227,2026-05-14,legit_role_change,0
UUS3207,2026-05-14,remote_relocation,0
UWT0424,2026-05-14,legit_role_change,0
VLE2985,2026-05-14,remote_relocation,0
VYZ7165,2026-05-14,new_hire_onboarding,0
WDQ5874,2026-05-14,remote_relocation,0
WSK1631,2026-05-14,M4,1
WXD2117,2026-05-14,on_call_night_work,0
XDY0096,2026-05-14,business_travel,0
XHV9567,2026-05-14,remote_relocation,0
XVC0594,2026-05-14,new_hire_onboarding,0
YAW5851,2026-05-14,new_hire_onboarding,0
YDR6958,2026-05-14,remote_relocation,0
YVK4363,2026-05-14,M1,1
AHP2632,2026-05-15,new_hire_onboarding,0
BXQ0249,2026-05-15,M3,1
CGR6865,2026-05-15,M3,1
CPQ2082,2026-05-15,M7,1
CPS9069,2026-05-15,M2,1
CXT3659,2026-05-15,new_hire_onboarding,0
DTR1676,2026-05-15,new_hire_onboarding,0
DZG4068,2026-05-15,new_hire_onboarding,0
EEL8338,2026-05-15,legit_role_change,0
EGC4448,2026-05-15,remote_relocation,0
EYN3867,2026-05-15,remote_relocation,0
FNB0006,2026-05-15,M7,1
FPS7859,2026-05-15,quarter_close_spike,0
FRV1809,2026-05-15,remote_relocation,0
FVA0221,2026-05-15,remote_relocation,0
GDQ4471,2026-05-15,M7,1
GKB5174,2026-05-15,legit_role_change,0
GNA5070,2026-05-15,new_hire_onboarding,0
GQM3009,2026-05-15,remote_relocation,0
HEP6887,2026-05-15,M7,1
HGD7422,2026-05-15,M3,1
HKB6535,2026-05-15,remote_relocation,0
HLH7567,2026-05-15,new_hire_onboarding,0
HNP8722,2026-05-15,remote_relocation,0
HUW0385,2026-05-15,remote_relocation,0
HXH6707,2026-05-15,remote_relocation,0
JEZ2409,2026-05-15,remote_relocation,0
JKQ9983,2026-05-15,legit_role_change,0
JVA7931,2026-05-15,remote_relocation,0
JVL5883,2026-05-15,new_hire_onboarding,0
JWY4263,2026-05-15,remote_relocation,0
KGW8827,2026-05-15,M3,1
KHF6510,2026-05-15,new_hire_onboarding,0
LBZ7347,2026-05-15,legit_role_change,0
MUX6778,2026-05-15,legit_role_change,0
NFG5180,2026-05-15,legit_role_change,0
NPU2327,2026-05-15,M3,1
NVQ5269,2026-05-15,remote_relocation,0
PCH7421,2026-05-15,legit_role_change,0
PXN7264,2026-05-15,remote_relocation,0
PYB7646,2026-05-15,remote_relocation,0
QDE0143,2026-05-15,remote_relocation,0
QDT9172,2026-05-15,remote_relocation,0
QEU7845,2026-05-15,remote_relocation,0
RAT3363,2026-05-15,remote_relocation,0
RGD4993,2026-05-15,M7,1
RKP1272,2026-05-15,remote_relocation,0
RNP3279,2026-05-15,new_hire_onboarding,0
RNS1506,2026-05-15,remote_relocation,0
SCA9486,2026-05-15,remote_relocation,0
SUF2908,2026-05-15,remote_relocation,0
TDM1734,2026-05-15,remote_relocation,0
TPG1817,2026-05-15,remote_relocation,0
TRG3333,2026-05-15,remote_relocation,0
UEY0965,2026-05-15,remote_relocation,0
UKE7449,2026-05-15,business_travel,0
URV9227,2026-05-15,legit_role_change,0
UUS3207,2026-05-15,remote_relocation,0
UWT0424,2026-05-15,legit_role_change,0
VLE2985,2026-05-15,remote_relocation,0
VYZ7165,2026-05-15,new_hire_onboarding,0
WDQ5874,2026-05-15,remote_relocation,0
WXD2117,2026-05-15,on_call_night_work,0
XDY0096,2026-05-15,business_travel,0
XHV9567,2026-05-15,remote_relocation,0
YAW5851,2026-05-15,new_hire_onboarding,0
YDR6958,2026-05-15,remote_relocation,0
YXE8184,2026-05-15,M3,1
AGH1760,2026-05-16,M7,1
AHP2632,2026-05-16,new_hire_onboarding,0
CPS9069,2026-05-16,M2,1
CXT3659,2026-05-16,new_hire_onboarding,0
DTR1676,2026-05-16,new_hire_onboarding,0
DXZ1860,2026-05-16,weekend_deadline,0
DZG4068,2026-05-16,new_hire_onboarding,0
EEL8338,2026-05-16,legit_role_change,0
FNB0006,2026-05-16,M7,1
GDQ4471,2026-05-16,M7,1
GNA5070,2026-05-16,new_hire_onboarding,0
HLH7567,2026-05-16,new_hire_onboarding,0
JKQ9983,2026-05-16,legit_role_change,0
JVL5883,2026-05-16,new_hire_onboarding,0
KHF6510,2026-05-16,new_hire_onboarding,0
LBZ7347,2026-05-16,legit_role_change,0
LFR9724,2026-05-16,new_hire_onboarding,0
NPU2327,2026-05-16,M3,1
PUJ9838,2026-05-16,M4,1
QDT9172,2026-05-16,remote_relocation,0
QFJ3194,2026-05-16,M2,1
RGD4993,2026-05-16,M7,1
RNP3279,2026-05-16,new_hire_onboarding,0
SUQ8029,2026-05-16,on_call_night_work,0
UEY0965,2026-05-16,remote_relocation,0
UWT0424,2026-05-16,legit_role_change,0
VYZ7165,2026-05-16,new_hire_onboarding,0
XEP1569,2026-05-16,weekend_deadline,0
YAW5851,2026-05-16,new_hire_onboarding,0
YXE8184,2026-05-16,M3,1
AGH1760,2026-05-17,M7,1
AHP2632,2026-05-17,new_hire_onboarding,0
CPQ2082,2026-05-17,M7,1
CPS9069,2026-05-17,M2,1
CXT3659,2026-05-17,new_hire_onboarding,0
DTR1676,2026-05-17,new_hire_onboarding,0
DTW2539,2026-05-17,M5,1
DXZ1860,2026-05-17,weekend_deadline,0
DZG4068,2026-05-17,new_hire_onboarding,0
FNB0006,2026-05-17,M7,1
GCQ7162,2026-05-17,weekend_deadline,0
GDQ4471,2026-05-17,M7,1
GKB5174,2026-05-17,legit_role_change,0
GNA5070,2026-05-17,new_hire_onboarding,0
HEP6887,2026-05-17,M7,1
HLH7567,2026-05-17,new_hire_onboarding,0
HNV3692,2026-05-17,legit_role_change,0
JGK6296,2026-05-17,on_call_night_work,0
JVL5883,2026-05-17,new_hire_onboarding,0
KHF6510,2026-05-17,new_hire_onboarding,0
KPJ6277,2026-05-17,on_call_night_work,0
LBZ7347,2026-05-17,legit_role_change,0
LFR9724,2026-05-17,new_hire_onboarding,0
LQC3932,2026-05-17,M3,1
NFG5180,2026-05-17,legit_role_change,0
PCH7421,2026-05-17,legit_role_change,0
PYP8182,2026-05-17,on_call_night_work,0
QFJ3194,2026-05-17,M2,1
RNP3279,2026-05-17,new_hire_onboarding,0
SUF2908,2026-05-17,remote_relocation,0
SXN1549,2026-05-17,legit_role_change,0
URV9227,2026-05-17,legit_role_change,0
UWT0424,2026-05-17,legit_role_change,0
VYZ7165,2026-05-17,new_hire_onboarding,0
WXD2117,2026-05-17,on_call_night_work,0
YAW5851,2026-05-17,new_hire_onboarding,0
YXE8184,2026-05-17,M3,1
AGH1760,2026-05-18,M7,1
AHP2632,2026-05-18,new_hire_onboarding,0
BXQ0249,2026-05-18,M3,1
CGR6865,2026-05-18,M3,1
CPQ2082,2026-05-18,M7,1
CPS9069,2026-05-18,M2,1
CXT3659,2026-05-18,new_hire_onboarding,0
DTR1676,2026-05-18,new_hire_onboarding,0
DTW2539,2026-05-18,M5,1
DZG4068,2026-05-18,new_hire_onboarding,0
EGC4448,2026-05-18,remote_relocation,0
EYN3867,2026-05-18,remote_relocation,0
FHC5582,2026-05-18,M4,1
FNB0006,2026-05-18,M7,1
FRV1809,2026-05-18,remote_relocation,0
FVA0221,2026-05-18,remote_relocation,0
GDQ4471,2026-05-18,M7,1
GKB5174,2026-05-18,legit_role_change,0
GNA5070,2026-05-18,new_hire_onboarding,0
GNJ4718,2026-05-18,remote_relocation,0
GQM3009,2026-05-18,remote_relocation,0
HKB6535,2026-05-18,remote_relocation,0
HNP8722,2026-05-18,remote_relocation,0
HUW0385,2026-05-18,remote_relocation,0
HXH6707,2026-05-18,remote_relocation,0
JEZ2409,2026-05-18,remote_relocation,0
JKQ9983,2026-05-18,legit_role_change,0
JVA7931,2026-05-18,remote_relocation,0
JVL5883,2026-05-18,new_hire_onboarding,0
JWY4263,2026-05-18,remote_relocation,0
KGW8827,2026-05-18,M3,1
KHF6510,2026-05-18,new_hire_onboarding,0
LBZ7347,2026-05-18,legit_role_change,0
LFR9724,2026-05-18,new_hire_onboarding,0
LQC3932,2026-05-18,M3,1
NBE8069,2026-05-18,remote_relocation,0
NPU2327,2026-05-18,M3,1
NVQ5269,2026-05-18,remote_relocation,0
PAJ2937,2026-05-18,business_travel,0
PCH7421,2026-05-18,legit_role_change,0
PMJ2575,2026-05-18,on_call_night_work,0
PXN7264,2026-05-18,remote_relocation,0
PYB7646,2026-05-18,remote_relocation,0
QDE0143,2026-05-18,remote_relocation,0
QDT9172,2026-05-18,remote_relocation,0
QEU7845,2026-05-18,remote_relocation,0
QFJ3194,2026-05-18,M2,1
RAT3363,2026-05-18,remote_relocation,0
RGD4993,2026-05-18,M7,1
RKP1272,2026-05-18,remote_relocation,0
RNP3279,2026-05-18,new_hire_onboarding,0
SCA9486,2026-05-18,remote_relocation,0
SUF2908,2026-05-18,remote_relocation,0
TDM1734,2026-05-18,remote_relocation,0
TPG1817,2026-05-18,remote_relocation,0
TRG3333,2026-05-18,remote_relocation,0
UEY0965,2026-05-18,remote_relocation,0
UKE7449,2026-05-18,business_travel,0
URV9227,2026-05-18,legit_role_change,0
UUS3207,2026-05-18,remote_relocation,0
UWT0424,2026-05-18,legit_role_change,0
VLE2985,2026-05-18,remote_relocation,0
VYZ7165,2026-05-18,new_hire_onboarding,0
WDQ5874,2026-05-18,remote_relocation,0
XDY0096,2026-05-18,business_travel,0
XHV9567,2026-05-18,remote_relocation,0
YAW5851,2026-05-18,new_hire_onboarding,0
YDR6958,2026-05-18,remote_relocation,0
AGH1760,2026-05-19,M7,1
AHP2632,2026-05-19,new_hire_onboarding,0
BXQ0249,2026-05-19,M3,1
CGR6865,2026-05-19,M3,1
CPS9069,2026-05-19,M2,1
CXT3659,2026-05-19,new_hire_onboarding,0
DTR1676,2026-05-19,new_hire_onboarding,0
DTW2539,2026-05-19,M5,1
DZG4068,2026-05-19,new_hire_onboarding,0
EGC4448,2026-05-19,remote_relocation,0
EYN3867,2026-05-19,remote_relocation,0
FNB0006,2026-05-19,M7,1
FRV1809,2026-05-19,remote_relocation,0
FVA0221,2026-05-19,remote_relocation,0
GDQ4471,2026-05-19,M7,1
GJF6121,2026-05-19,M3,1
GNA5070,2026-05-19,new_hire_onboarding,0
GNJ4718,2026-05-19,remote_relocation,0
GQM3009,2026-05-19,remote_relocation,0
HKB6535,2026-05-19,remote_relocation,0
HNP8722,2026-05-19,remote_relocation,0
HNV3692,2026-05-19,legit_role_change,0
HUW0385,2026-05-19,remote_relocation,0
HXH6707,2026-05-19,remote_relocation,0
JEZ2409,2026-05-19,remote_relocation,0
JVA7931,2026-05-19,remote_relocation,0
JVL5883,2026-05-19,new_hire_onboarding,0
JWY4263,2026-05-19,remote_relocation,0
KGW8827,2026-05-19,M3,1
KHF6510,2026-05-19,new_hire_onboarding,0
LBZ7347,2026-05-19,legit_role_change,0
LFR9724,2026-05-19,new_hire_onboarding,0
NBE8069,2026-05-19,remote_relocation,0
NUC9178,2026-05-19,business_travel,0
NVQ5269,2026-05-19,remote_relocation,0
PAJ2937,2026-05-19,business_travel,0
PCH7421,2026-05-19,legit_role_change,0
PMJ2575,2026-05-19,on_call_night_work,0
PXN7264,2026-05-19,remote_relocation,0
PYB7646,2026-05-19,remote_relocation,0
QDE0143,2026-05-19,remote_relocation,0
QDT9172,2026-05-19,remote_relocation,0
QEU7845,2026-05-19,remote_relocation,0
QFJ3194,2026-05-19,M2,1
RAT3363,2026-05-19,remote_relocation,0
RGD4993,2026-05-19,M7,1
RKP1272,2026-05-19,remote_relocation,0
RNP3279,2026-05-19,new_hire_onboarding,0
RNS1506,2026-05-19,remote_relocation,0
SDK3028,2026-05-19,on_call_night_work,0
SUF2908,2026-05-19,remote_relocation,0
SXN1549,2026-05-19,legit_role_change,0
TDM1734,2026-05-19,remote_relocation,0
TPG1817,2026-05-19,remote_relocation,0
TRG3333,2026-05-19,remote_relocation,0
UEY0965,2026-05-19,remote_relocation,0
URV9227,2026-05-19,legit_role_change,0
UUS3207,2026-05-19,remote_relocation,0
UWT0424,2026-05-19,legit_role_change,0
UWY3981,2026-05-19,M2,1
VYZ7165,2026-05-19,new_hire_onboarding,0
WDQ5874,2026-05-19,remote_relocation,0
WXD2117,2026-05-19,on_call_night_work,0
XDY0096,2026-05-19,business_travel,0
XHV9567,2026-05-19,remote_relocation,0
YAW5851,2026-05-19,new_hire_onboarding,0
YDR6958,2026-05-19,remote_relocation,0
YXE8184,2026-05-19,M3,1
AHP2632,2026-05-20,new_hire_onboarding,0
BXQ0249,2026-05-20,M3,1
CPQ2082,2026-05-20,M7,1
CXT3659,2026-05-20,new_hire_onboarding,0
DTR1676,2026-05-20,new_hire_onboarding,0
DZG4068,2026-05-20,new_hire_onboarding,0
EGC4448,2026-05-20,remote_relocation,0
EYN3867,2026-05-20,remote_relocation,0
FGK0491,2026-05-20,legit_role_change,0
FNB0006,2026-05-20,M7,1
FRV1809,2026-05-20,remote_relocation,0
FVA0221,2026-05-20,remote_relocation,0
GKB5174,2026-05-20,legit_role_change,0
GNA5070,2026-05-20,new_hire_onboarding,0
GNJ4718,2026-05-20,remote_relocation,0
GQM3009,2026-05-20,remote_relocation,0
HEP6887,2026-05-20,M7,1
HNP8722,2026-05-20,remote_relocation,0
HNV3692,2026-05-20,legit_role_change,0
HUW0385,2026-05-20,remote_relocation,0
HXH6707,2026-05-20,remote_relocation,0
JEZ2409,2026-05-20,remote_relocation,0
JVA7931,2026-05-20,remote_relocation,0
JVL5883,2026-05-20,new_hire_onboarding,0
JWY4263,2026-05-20,remote_relocation,0
KHF6510,2026-05-20,new_hire_onboarding,0
LBZ7347,2026-05-20,legit_role_change,0
LFR9724,2026-05-20,new_hire_onboarding,0
LQC3932,2026-05-20,M3,1
NBE8069,2026-05-20,remote_relocation,0
NPU2327,2026-05-20,M3,1
NUC9178,2026-05-20,business_travel,0
NVQ5269,2026-05-20,remote_relocation,0
PAJ2937,2026-05-20,business_travel,0
PCH7421,2026-05-20,legit_role_change,0
PXN7264,2026-05-20,remote_relocation,0
PYB7646,2026-05-20,remote_relocation,0
QDT9172,2026-05-20,remote_relocation,0
QEU7845,2026-05-20,remote_relocation,0
QFJ3194,2026-05-20,M2,1
RAT3363,2026-05-20,remote_relocation,0
RGD4993,2026-05-20,M7,1
RKP1272,2026-05-20,remote_relocation,0
RNP3279,2026-05-20,new_hire_onboarding,0
RNS1506,2026-05-20,remote_relocation,0
SCA9486,2026-05-20,remote_relocation,0
SUF2908,2026-05-20,remote_relocation,0
SXN1549,2026-05-20,legit_role_change,0
TDM1734,2026-05-20,remote_relocation,0
TPG1817,2026-05-20,remote_relocation,0
TRG3333,2026-05-20,remote_relocation,0
UEY0965,2026-05-20,remote_relocation,0
UHB1648,2026-05-20,M2,1
URV9227,2026-05-20,legit_role_change,0
UUS3207,2026-05-20,remote_relocation,0
UWT0424,2026-05-20,legit_role_change,0
UWY3981,2026-05-20,M2,1
VLE2985,2026-05-20,remote_relocation,0
VYZ7165,2026-05-20,new_hire_onboarding,0
WDQ5874,2026-05-20,remote_relocation,0
XDY0096,2026-05-20,business_travel,0
XHV9567,2026-05-20,remote_relocation,0
YAW5851,2026-05-20,new_hire_onboarding,0
YDR6958,2026-05-20,remote_relocation,0
YXE8184,2026-05-20,M3,1
AGH1760,2026-05-21,M7,1
AHP2632,2026-05-21,new_hire_onboarding,0
BXQ0249,2026-05-21,M3,1
CPQ2082,2026-05-21,M7,1
CXT3659,2026-05-21,new_hire_onboarding,0
DTR1676,2026-05-21,new_hire_onboarding,0
DZG4068,2026-05-21,new_hire_onboarding,0
EGC4448,2026-05-21,remote_relocation,0
EYN3867,2026-05-21,remote_relocation,0
FRV1809,2026-05-21,remote_relocation,0
FVA0221,2026-05-21,remote_relocation,0
GDQ4471,2026-05-21,M7,1
GKB5174,2026-05-21,legit_role_change,0
GNA5070,2026-05-21,new_hire_onboarding,0
GNJ4718,2026-05-21,remote_relocation,0
GQM3009,2026-05-21,remote_relocation,0
HKB6535,2026-05-21,remote_relocation,0
HNP8722,2026-05-21,remote_relocation,0
HNV3692,2026-05-21,legit_role_change,0
HUW0385,2026-05-21,remote_relocation,0
HXH6707,2026-05-21,remote_relocation,0
JEZ2409,2026-05-21,remote_relocation,0
JVA7931,2026-05-21,remote_relocation,0
JVL5883,2026-05-21,new_hire_onboarding,0
JWY4263,2026-05-21,remote_relocation,0
KHF6510,2026-05-21,new_hire_onboarding,0
KMY8772,2026-05-21,M7,1
LFR9724,2026-05-21,new_hire_onboarding,0
NBE8069,2026-05-21,remote_relocation,0
NPU2327,2026-05-21,M3,1
NUC9178,2026-05-21,business_travel,0
NVQ5269,2026-05-21,remote_relocation,0
PCH7421,2026-05-21,legit_role_change,0
PXN7264,2026-05-21,remote_relocation,0
PYB7646,2026-05-21,remote_relocation,0
QDE0143,2026-05-21,remote_relocation,0
QDT9172,2026-05-21,remote_relocation,0
QEU7845,2026-05-21,remote_relocation,0
QFJ3194,2026-05-21,M2,1
RAT3363,2026-05-21,remote_relocation,0
RGD4993,2026-05-21,M7,1
RKP1272,2026-05-21,remote_relocation,0
RNP3279,2026-05-21,new_hire_onboarding,0
RNS1506,2026-05-21,remote_relocation,0
SCA9486,2026-05-21,remote_relocation,0
SUF2908,2026-05-21,remote_relocation,0
SUQ8029,2026-05-21,on_call_night_work,0
SXN1549,2026-05-21,legit_role_change,0
TDM1734,2026-05-21,remote_relocation,0
TPG1817,2026-05-21,remote_relocation,0
TRG3333,2026-05-21,remote_relocation,0
UEY0965,2026-05-21,remote_relocation,0
UHB1648,2026-05-21,M2,1
URE3093,2026-05-21,on_call_night_work,0
UUS3207,2026-05-21,remote_relocation,0
UWT0424,2026-05-21,legit_role_change,0
UWY3981,2026-05-21,M2,1
VLE2985,2026-05-21,remote_relocation,0
VYZ7165,2026-05-21,new_hire_onboarding,0
WDQ5874,2026-05-21,remote_relocation,0
XDY0096,2026-05-21,business_travel,0
XHV9567,2026-05-21,remote_relocation,0
YAW5851,2026-05-21,new_hire_onboarding,0
YDR6958,2026-05-21,remote_relocation,0
AGH1760,2026-05-22,M7,1
AHP2632,2026-05-22,new_hire_onboarding,0
BXQ0249,2026-05-22,M3,1
CPQ2082,2026-05-22,M7,1
CXT3659,2026-05-22,new_hire_onboarding,0
DTR1676,2026-05-22,new_hire_onboarding,0
DZG4068,2026-05-22,new_hire_onboarding,0
EGC4448,2026-05-22,remote_relocation,0
EYN3867,2026-05-22,remote_relocation,0
FGK0491,2026-05-22,legit_role_change,0
FRV1809,2026-05-22,remote_relocation,0
FVA0221,2026-05-22,remote_relocation,0
GDQ4471,2026-05-22,M7,1
GKB5174,2026-05-22,legit_role_change,0
GNA5070,2026-05-22,new_hire_onboarding,0
GNJ4718,2026-05-22,remote_relocation,0
GQM3009,2026-05-22,remote_relocation,0
HKB6535,2026-05-22,remote_relocation,0
HMZ5952,2026-05-22,M1,1
HNP8722,2026-05-22,remote_relocation,0
HNV3692,2026-05-22,legit_role_change,0
HUW0385,2026-05-22,remote_relocation,0
HXH6707,2026-05-22,remote_relocation,0
JEZ2409,2026-05-22,remote_relocation,0
JGK6296,2026-05-22,on_call_night_work,0
JVA7931,2026-05-22,remote_relocation,0
JVL5883,2026-05-22,new_hire_onboarding,0
JWY4263,2026-05-22,remote_relocation,0
KHF6510,2026-05-22,new_hire_onboarding,0
KMY8772,2026-05-22,M7,1
KPJ6277,2026-05-22,on_call_night_work,0
LFR9724,2026-05-22,new_hire_onboarding,0
LQC3932,2026-05-22,M3,1
LUW6194,2026-05-22,M3,1
MDE9058,2026-05-22,M3,1
NBE8069,2026-05-22,remote_relocation,0
NUC9178,2026-05-22,business_travel,0
NVQ5269,2026-05-22,remote_relocation,0
PCH7421,2026-05-22,legit_role_change,0
PMJ2575,2026-05-22,on_call_night_work,0
PXN7264,2026-05-22,remote_relocation,0
PYB7646,2026-05-22,remote_relocation,0
QDE0143,2026-05-22,remote_relocation,0
QDT9172,2026-05-22,remote_relocation,0
QEU7845,2026-05-22,remote_relocation,0
QFJ3194,2026-05-22,M2,1
RAT3363,2026-05-22,remote_relocation,0
RGD4993,2026-05-22,M7,1
RKP1272,2026-05-22,remote_relocation,0
RNP3279,2026-05-22,new_hire_onboarding,0
RNS1506,2026-05-22,remote_relocation,0
SCA9486,2026-05-22,remote_relocation,0
SUF2908,2026-05-22,remote_relocation,0
SXN1549,2026-05-22,legit_role_change,0
TDM1734,2026-05-22,remote_relocation,0
TPG1817,2026-05-22,remote_relocation,0
TRG3333,2026-05-22,remote_relocation,0
UHB1648,2026-05-22,M2,1
URV9227,2026-05-22,legit_role_change,0
UUS3207,2026-05-22,remote_relocation,0
UWT0424,2026-05-22,legit_role_change,0
UWY3981,2026-05-22,M2,1
VCL2588,2026-05-22,on_call_night_work,0
VLE2985,2026-05-22,remote_relocation,0
VYZ7165,2026-05-22,new_hire_onboarding,0
WDQ5874,2026-05-22,remote_relocation,0
XDY0096,2026-05-22,business_travel,0
XHV9567,2026-05-22,remote_relocation,0
YAW5851,2026-05-22,new_hire_onboarding,0
YDR6958,2026-05-22,remote_relocation,0
YXE8184,2026-05-22,M3,1
AGH1760,2026-05-23,M7,1
AHP2632,2026-05-23,new_hire_onboarding,0
CGR6865,2026-05-23,M3,1
CPQ2082,2026-05-23,M7,1
CXT3659,2026-05-23,new_hire_onboarding,0
DTR1676,2026-05-23,new_hire_onboarding,0
DZG4068,2026-05-23,new_hire_onboarding,0
FGK0491,2026-05-23,legit_role_change,0
FNB0006,2026-05-23,M7,1
GDQ4471,2026-05-23,M7,1
GKB5174,2026-05-23,legit_role_change,0
GNA5070,2026-05-23,new_hire_onboarding,0
HNV3692,2026-05-23,legit_role_change,0
JGK6296,2026-05-23,on_call_night_work,0
JVA7931,2026-05-23,remote_relocation,0
JVL5883,2026-05-23,new_hire_onboarding,0
KGW8827,2026-05-23,M3,1
KHF6510,2026-05-23,new_hire_onboarding,0
KMY8772,2026-05-23,M7,1
LFR9724,2026-05-23,new_hire_onboarding,0
LQC3932,2026-05-23,M3,1
NPU2327,2026-05-23,M3,1
NUC9178,2026-05-23,business_travel,0
PCH7421,2026-05-23,legit_role_change,0
PMJ2575,2026-05-23,on_call_night_work,0
QDT9172,2026-05-23,remote_relocation,0
QFJ3194,2026-05-23,M2,1
RNP3279,2026-05-23,new_hire_onboarding,0
TRG3333,2026-05-23,remote_relocation,0
UHB1648,2026-05-23,M2,1
URV9227,2026-05-23,legit_role_change,0
UWT0424,2026-05-23,legit_role_change,0
UWY3981,2026-05-23,M2,1
VYZ7165,2026-05-23,new_hire_onboarding,0
WPP7340,2026-05-23,legit_role_change,0
XHV9567,2026-05-23,remote_relocation,0
YAW5851,2026-05-23,new_hire_onboarding,0
YXE8184,2026-05-23,M3,1
AFL5958,2026-05-24,M4,1
AGH1760,2026-05-24,M7,1
AHP2632,2026-05-24,new_hire_onboarding,0
CLU4292,2026-05-24,on_call_night_work,0
CPQ2082,2026-05-24,M7,1
CXT3659,2026-05-24,new_hire_onboarding,0
DTR1676,2026-05-24,new_hire_onboarding,0
FGK0491,2026-05-24,legit_role_change,0
FNB0006,2026-05-24,M7,1
GDQ4471,2026-05-24,M7,1
GKB5174,2026-05-24,legit_role_change,0
GNA5070,2026-05-24,new_hire_onboarding,0
GQM3009,2026-05-24,remote_relocation,0
HEP6887,2026-05-24,M7,1
HGD7422,2026-05-24,M3,1
HNV3692,2026-05-24,legit_role_change,0
JVL5883,2026-05-24,new_hire_onboarding,0
KHF6510,2026-05-24,new_hire_onboarding,0
LFR9724,2026-05-24,new_hire_onboarding,0
LGB8139,2026-05-24,legit_role_change,0
LQC3932,2026-05-24,M3,1
NBE8069,2026-05-24,remote_relocation,0
PCH7421,2026-05-24,legit_role_change,0
PYP8182,2026-05-24,on_call_night_work,0
QFJ3194,2026-05-24,M2,1
RGD4993,2026-05-24,M7,1
RNP3279,2026-05-24,new_hire_onboarding,0
SDK3028,2026-05-24,on_call_night_work,0
SXN1549,2026-05-24,legit_role_change,0
TDM1734,2026-05-24,remote_relocation,0
UHB1648,2026-05-24,M2,1
UUS3207,2026-05-24,remote_relocation,0
UWT0424,2026-05-24,legit_role_change,0
UWY3981,2026-05-24,M2,1
YAW5851,2026-05-24,new_hire_onboarding,0
AGH1760,2026-05-25,M7,1
AHP2632,2026-05-25,new_hire_onboarding,0
CXT3659,2026-05-25,new_hire_onboarding,0
DNM0765,2026-05-25,quarter_close_spike,0
DTR1676,2026-05-25,new_hire_onboarding,0
EGC4448,2026-05-25,remote_relocation,0
EYN3867,2026-05-25,remote_relocation,0
FGK0491,2026-05-25,legit_role_change,0
FNB0006,2026-05-25,M7,1
FRV1809,2026-05-25,remote_relocation,0
FVA0221,2026-05-25,remote_relocation,0
GDQ4471,2026-05-25,M7,1
GJF6121,2026-05-25,M3,1
GNA5070,2026-05-25,new_hire_onboarding,0
GNJ4718,2026-05-25,remote_relocation,0
HNP8722,2026-05-25,remote_relocation,0
HNV3692,2026-05-25,legit_role_change,0
HUW0385,2026-05-25,remote_relocation,0
HXH6707,2026-05-25,remote_relocation,0
JEZ2409,2026-05-25,remote_relocation,0
JVA7931,2026-05-25,remote_relocation,0
JVL5883,2026-05-25,new_hire_onboarding,0
JWY4263,2026-05-25,remote_relocation,0
KHF6510,2026-05-25,new_hire_onboarding,0
LFR9724,2026-05-25,new_hire_onboarding,0
LGB8139,2026-05-25,legit_role_change,0
NBE8069,2026-05-25,remote_relocation,0
NUC9178,2026-05-25,business_travel,0
NVQ5269,2026-05-25,remote_relocation,0
PCH7421,2026-05-25,legit_role_change,0
PXN7264,2026-05-25,remote_relocation,0
PYB7646,2026-05-25,remote_relocation,0
QDE0143,2026-05-25,remote_relocation,0
QDT9172,2026-05-25,remote_relocation,0
QEU7845,2026-05-25,remote_relocation,0
QFJ3194,2026-05-25,M2,1
RAT3363,2026-05-25,remote_relocation,0
RGD4993,2026-05-25,M7,1
RKP1272,2026-05-25,remote_relocation,0
RNP3279,2026-05-25,new_hire_onboarding,0
RNS1506,2026-05-25,remote_relocation,0
RWL2205,2026-05-25,quarter_close_spike,0
SCA9486,2026-05-25,remote_relocation,0
SUF2908,2026-05-25,remote_relocation,0
TDM1734,2026-05-25,remote_relocation,0
TPG1817,2026-05-25,remote_relocation,0
TRG3333,2026-05-25,remote_relocation,0
UEY0965,2026-05-25,remote_relocation,0
UHB1648,2026-05-25,M2,1
UUQ7472,2026-05-25,business_travel,0
UUS3207,2026-05-25,remote_relocation,0
UWT0424,2026-05-25,legit_role_change,0
UWY3981,2026-05-25,M2,1
VLE2985,2026-05-25,remote_relocation,0
WDQ5874,2026-05-25,remote_relocation,0
WPP7340,2026-05-25,legit_role_change,0
WZM1211,2026-05-25,business_travel,0
XHV9567,2026-05-25,remote_relocation,0
YAW5851,2026-05-25,new_hire_onboarding,0
YDR6958,2026-05-25,remote_relocation,0
ADL7522,2026-05-26,M2,1
AHP2632,2026-05-26,new_hire_onboarding,0
BXQ0249,2026-05-26,M3,1
CGR6865,2026-05-26,M3,1
CPQ2082,2026-05-26,M7,1
CXT3659,2026-05-26,new_hire_onboarding,0
DTR1676,2026-05-26,new_hire_onboarding,0
EGC4448,2026-05-26,remote_relocation,0
EYN3867,2026-05-26,remote_relocation,0
FNB0006,2026-05-26,M7,1
FRV1809,2026-05-26,remote_relocation,0
FVA0221,2026-05-26,remote_relocation,0
GDQ4471,2026-05-26,M7,1
GNA5070,2026-05-26,new_hire_onboarding,0
GNJ4718,2026-05-26,remote_relocation,0
GQM3009,2026-05-26,remote_relocation,0
HGD7422,2026-05-26,M3,1
HKB6535,2026-05-26,remote_relocation,0
HNP8722,2026-05-26,remote_relocation,0
HNV3692,2026-05-26,legit_role_change,0
HUW0385,2026-05-26,remote_relocation,0
HXH6707,2026-05-26,remote_relocation,0
JEZ2409,2026-05-26,remote_relocation,0
JVA7931,2026-05-26,remote_relocation,0
JVL5883,2026-05-26,new_hire_onboarding,0
JWY4263,2026-05-26,remote_relocation,0
KGW8827,2026-05-26,M3,1
KHF6510,2026-05-26,new_hire_onboarding,0
KMY8772,2026-05-26,M7,1
LFR9724,2026-05-26,new_hire_onboarding,0
LGB8139,2026-05-26,legit_role_change,0
LUW6194,2026-05-26,M3,1
NBE8069,2026-05-26,remote_relocation,0
NUC9178,2026-05-26,business_travel,0
NVQ5269,2026-05-26,remote_relocation,0
PXN7264,2026-05-26,remote_relocation,0
PYB7646,2026-05-26,remote_relocation,0
QDE0143,2026-05-26,remote_relocation,0
QDT9172,2026-05-26,remote_relocation,0
QEU7845,2026-05-26,remote_relocation,0
RAT3363,2026-05-26,remote_relocation,0
RGD4993,2026-05-26,M7,1
RKP1272,2026-05-26,remote_relocation,0
RNP3279,2026-05-26,new_hire_onboarding,0
RNS1506,2026-05-26,remote_relocation,0
RWL2205,2026-05-26,quarter_close_spike,0
SCA9486,2026-05-26,remote_relocation,0
SUF2908,2026-05-26,remote_relocation,0
SXN1549,2026-05-26,legit_role_change,0
TDM1734,2026-05-26,remote_relocation,0
TPG1817,2026-05-26,remote_relocation,0
TRG3333,2026-05-26,remote_relocation,0
UEY0965,2026-05-26,remote_relocation,0
UHB1648,2026-05-26,M2,1
URV9227,2026-05-26,legit_role_change,0
UUQ7472,2026-05-26,business_travel,0
UUS3207,2026-05-26,remote_relocation,0
UWT0424,2026-05-26,legit_role_change,0
UWY3981,2026-05-26,M2,1
VLE2985,2026-05-26,remote_relocation,0
WBQ6532,2026-05-26,quarter_close_spike,0
WDQ5874,2026-05-26,remote_relocation,0
XHV9567,2026-05-26,remote_relocation,0
YAW5851,2026-05-26,new_hire_onboarding,0
YDR6958,2026-05-26,remote_relocation,0
YYC2668,2026-05-26,M4,1
ADL7522,2026-05-27,M2,1
AGH1760,2026-05-27,M7,1
AHP2632,2026-05-27,new_hire_onboarding,0
BXQ0249,2026-05-27,M3,1
CPQ2082,2026-05-27,M7,1
CXT3659,2026-05-27,new_hire_onboarding,0
DNM0765,2026-05-27,quarter_close_spike,0
DTR1676,2026-05-27,new_hire_onboarding,0
EGC4448,2026-05-27,remote_relocation,0
EYN3867,2026-05-27,remote_relocation,0
FGK0491,2026-05-27,legit_role_change,0
FNB0006,2026-05-27,M7,1
FRV1809,2026-05-27,remote_relocation,0
FVA0221,2026-05-27,remote_relocation,0
GDQ4471,2026-05-27,M7,1
GKB5174,2026-05-27,legit_role_change,0
GNA5070,2026-05-27,new_hire_onboarding,0
GNJ4718,2026-05-27,remote_relocation,0
GQM3009,2026-05-27,remote_relocation,0
HKB6535,2026-05-27,remote_relocation,0
HNP8722,2026-05-27,remote_relocation,0
HNV3692,2026-05-27,legit_role_change,0
HUW0385,2026-05-27,remote_relocation,0
HXH6707,2026-05-27,remote_relocation,0
JEZ2409,2026-05-27,remote_relocation,0
JVA7931,2026-05-27,remote_relocation,0
JWY4263,2026-05-27,remote_relocation,0
KGW8827,2026-05-27,M3,1
KHF6510,2026-05-27,new_hire_onboarding,0
LFR9724,2026-05-27,new_hire_onboarding,0
LGB8139,2026-05-27,legit_role_change,0
MDD1815,2026-05-27,business_travel,0
NBE8069,2026-05-27,remote_relocation,0
NUC9178,2026-05-27,business_travel,0
NVQ5269,2026-05-27,remote_relocation,0
PLP3673,2026-05-27,M7,1
PXN7264,2026-05-27,remote_relocation,0
PYB7646,2026-05-27,remote_relocation,0
QDE0143,2026-05-27,remote_relocation,0
QDT9172,2026-05-27,remote_relocation,0
QEU7845,2026-05-27,remote_relocation,0
RAT3363,2026-05-27,remote_relocation,0
RGD4993,2026-05-27,M7,1
RKP1272,2026-05-27,remote_relocation,0
RNP3279,2026-05-27,new_hire_onboarding,0
RNS1506,2026-05-27,remote_relocation,0
RWL2205,2026-05-27,quarter_close_spike,0
SCA9486,2026-05-27,remote_relocation,0
SUF2908,2026-05-27,remote_relocation,0
SUQ8029,2026-05-27,on_call_night_work,0
TPG1817,2026-05-27,remote_relocation,0
TRG3333,2026-05-27,remote_relocation,0
UEY0965,2026-05-27,remote_relocation,0
UHB1648,2026-05-27,M2,1
UUQ7472,2026-05-27,business_travel,0
UUS3207,2026-05-27,remote_relocation,0
UWY3981,2026-05-27,M2,1
VLE2985,2026-05-27,remote_relocation,0
WDQ5874,2026-05-27,remote_relocation,0
WPP7340,2026-05-27,legit_role_change,0
WXD2117,2026-05-27,on_call_night_work,0
WZM1211,2026-05-27,business_travel,0
XHV9567,2026-05-27,remote_relocation,0
YAW5851,2026-05-27,new_hire_onboarding,0
YDR6958,2026-05-27,remote_relocation,0
YYC2668,2026-05-27,M4,1
ADL7522,2026-05-28,M2,1
AGH1760,2026-05-28,M7,1
AHP2632,2026-05-28,new_hire_onboarding,0
BXQ0249,2026-05-28,M3,1
CPQ2082,2026-05-28,M7,1
CXT3659,2026-05-28,new_hire_onboarding,0
DNM0765,2026-05-28,quarter_close_spike,0
DTR1676,2026-05-28,new_hire_onboarding,0
EGC4448,2026-05-28,remote_relocation,0
EWT2292,2026-05-28,on_call_night_work,0
EYN3867,2026-05-28,remote_relocation,0
FNB0006,2026-05-28,M7,1
FRV1809,2026-05-28,remote_relocation,0
FVA0221,2026-05-28,remote_relocation,0
GDQ4471,2026-05-28,M7,1
GKB5174,2026-05-28,legit_role_change,0
GNA5070,2026-05-28,new_hire_onboarding,0
GNJ4718,2026-05-28,remote_relocation,0
GQM3009,2026-05-28,remote_relocation,0
HKB6535,2026-05-28,remote_relocation,0
HNP8722,2026-05-28,remote_relocation,0
HUW0385,2026-05-28,remote_relocation,0
HXH6707,2026-05-28,remote_relocation,0
JEZ2409,2026-05-28,remote_relocation,0
JVA7931,2026-05-28,remote_relocation,0
KGW8827,2026-05-28,M3,1
KHF6510,2026-05-28,new_hire_onboarding,0
KMY8772,2026-05-28,M7,1
LFR9724,2026-05-28,new_hire_onboarding,0
LGB8139,2026-05-28,legit_role_change,0
LUW6194,2026-05-28,M3,1
MDD1815,2026-05-28,business_travel,0
NBE8069,2026-05-28,remote_relocation,0
NPU2327,2026-05-28,M3,1
NVQ5269,2026-05-28,remote_relocation,0
PHK3119,2026-05-28,new_hire_onboarding,0
PLP3673,2026-05-28,M7,1
PXN7264,2026-05-28,remote_relocation,0
PYB7646,2026-05-28,remote_relocation,0
QDE0143,2026-05-28,remote_relocation,0
QDT9172,2026-05-28,remote_relocation,0
QEU7845,2026-05-28,remote_relocation,0
RAT3363,2026-05-28,remote_relocation,0
RGD4993,2026-05-28,M7,1
RKP1272,2026-05-28,remote_relocation,0
RNP3279,2026-05-28,new_hire_onboarding,0
RNS1506,2026-05-28,remote_relocation,0
RWL2205,2026-05-28,quarter_close_spike,0
SCA9486,2026-05-28,remote_relocation,0
SUF2908,2026-05-28,remote_relocation,0
SUQ8029,2026-05-28,on_call_night_work,0
TDM1734,2026-05-28,remote_relocation,0
TPG1817,2026-05-28,remote_relocation,0
TRG3333,2026-05-28,remote_relocation,0
UEY0965,2026-05-28,remote_relocation,0
UHB1648,2026-05-28,M2,1
UUQ7472,2026-05-28,business_travel,0
UUS3207,2026-05-28,remote_relocation,0
UWT0424,2026-05-28,legit_role_change,0
UWY3981,2026-05-28,M2,1
WDQ5874,2026-05-28,remote_relocation,0
WPP7340,2026-05-28,legit_role_change,0
XHV9567,2026-05-28,remote_relocation,0
YAW5851,2026-05-28,new_hire_onboarding,0
YDR6958,2026-05-28,remote_relocation,0
YXE8184,2026-05-28,M3,1
YYC2668,2026-05-28,M4,1
ADL7522,2026-05-29,M2,1
AHP2632,2026-05-29,new_hire_onboarding,0
BHW7050,2026-05-29,quarter_close_spike,0
BXQ0249,2026-05-29,M3,1
CGR6865,2026-05-29,M3,1
CXT3659,2026-05-29,new_hire_onboarding,0
DTR1676,2026-05-29,new_hire_onboarding,0
EGC4448,2026-05-29,remote_relocation,0
EYN3867,2026-05-29,remote_relocation,0
FGK0491,2026-05-29,legit_role_change,0
FNB0006,2026-05-29,M7,1
FRV1809,2026-05-29,remote_relocation,0
FVA0221,2026-05-29,remote_relocation,0
GDQ4471,2026-05-29,M7,1
GKB5174,2026-05-29,legit_role_change,0
GNJ4718,2026-05-29,remote_relocation,0
GQM3009,2026-05-29,remote_relocation,0
HKB6535,2026-05-29,remote_relocation,0
HNP8722,2026-05-29,remote_relocation,0
HNV3692,2026-05-29,legit_role_change,0
HUW0385,2026-05-29,remote_relocation,0
HXH6707,2026-05-29,remote_relocation,0
JEZ2409,2026-05-29,remote_relocation,0
JVA7931,2026-05-29,remote_relocation,0
JWY4263,2026-05-29,remote_relocation,0
KHF6510,2026-05-29,new_hire_onboarding,0
KMY8772,2026-05-29,M7,1
LFR9724,2026-05-29,new_hire_onboarding,0
LUW6194,2026-05-29,M3,1
MDD1815,2026-05-29,business_travel,0
MDE9058,2026-05-29,M3,1
NBE8069,2026-05-29,remote_relocation,0
NVQ5269,2026-05-29,remote_relocation,0
PHK3119,2026-05-29,new_hire_onboarding,0
PLP3673,2026-05-29,M7,1
PXN7264,2026-05-29,remote_relocation,0
PYB7646,2026-05-29,remote_relocation,0
PYE7970,2026-05-29,M7,1
QDE0143,2026-05-29,remote_relocation,0
QDT9172,2026-05-29,remote_relocation,0
QEU7845,2026-05-29,remote_relocation,0
RAT3363,2026-05-29,remote_relocation,0
RGD4993,2026-05-29,M7,1
RKP1272,2026-05-29,remote_relocation,0
RNP3279,2026-05-29,new_hire_onboarding,0
RNS1506,2026-05-29,remote_relocation,0
RWL2205,2026-05-29,quarter_close_spike,0
SCA9486,2026-05-29,remote_relocation,0
SQE3562,2026-05-29,M2,1
SUF2908,2026-05-29,remote_relocation,0
SXN1549,2026-05-29,legit_role_change,0
TDM1734,2026-05-29,remote_relocation,0
TPG1817,2026-05-29,remote_relocation,0
TRG3333,2026-05-29,remote_relocation,0
UEY0965,2026-05-29,remote_relocation,0
UHB1648,2026-05-29,M2,1
UUS3207,2026-05-29,remote_relocation,0
UWT0424,2026-05-29,legit_role_change,0
UWY3981,2026-05-29,M2,1
VCL2588,2026-05-29,on_call_night_work,0
VLE2985,2026-05-29,remote_relocation,0
WDQ5874,2026-05-29,remote_relocation,0
WPP7340,2026-05-29,legit_role_change,0
WXD2117,2026-05-29,on_call_night_work,0
WZM1211,2026-05-29,business_travel,0
XHV9567,2026-05-29,remote_relocation,0
YAW5851,2026-05-29,new_hire_onboarding,0
YDR6958,2026-05-29,remote_relocation,0
ADL7522,2026-05-30,M2,1
AGH1760,2026-05-30,M7,1
CGR6865,2026-05-30,M3,1
CXT3659,2026-05-30,new_hire_onboarding,0
DTR1676,2026-05-30,new_hire_onboarding,0
FGK0491,2026-05-30,legit_role_change,0
FNB0006,2026-05-30,M7,1
GDQ4471,2026-05-30,M7,1
HGD7422,2026-05-30,M3,1
HNV3692,2026-05-30,legit_role_change,0
JEZ2409,2026-05-30,remote_relocation,0
JGK6296,2026-05-30,on_call_night_work,0
KFN4851,2026-05-30,M1,1
KGW8827,2026-05-30,M3,1
KHF6510,2026-05-30,new_hire_onboarding,0
KMY8772,2026-05-30,M7,1
LFR9724,2026-05-30,new_hire_onboarding,0
LGB8139,2026-05-30,legit_role_change,0
LQL0537,2026-05-30,M1,1
LUW6194,2026-05-30,M3,1
MDE9058,2026-05-30,M3,1
MRB9312,2026-05-30,new_hire_onboarding,0
NPU2327,2026-05-30,M3,1
PHK3119,2026-05-30,new_hire_onboarding,0
PLP3673,2026-05-30,M7,1
PMJ2575,2026-05-30,on_call_night_work,0
PYE7970,2026-05-30,M7,1
QBC9951,2026-05-30,weekend_deadline,0
RHK5954,2026-05-30,M3,1
RNP3279,2026-05-30,new_hire_onboarding,0
SQE3562,2026-05-30,M2,1
SXN1549,2026-05-30,legit_role_change,0
TRG3333,2026-05-30,remote_relocation,0
UHB1648,2026-05-30,M2,1
URS5582,2026-05-30,weekend_deadline,0
UWY3981,2026-05-30,M2,1
VPM8632,2026-05-30,M2,1
WPP7340,2026-05-30,legit_role_change,0
YAW5851,2026-05-30,new_hire_onboarding,0
YXE8184,2026-05-30,M3,1
ADL7522,2026-05-31,M2,1
CGR6865,2026-05-31,M3,1
CME8175,2026-05-31,on_call_night_work,0
DTR1676,2026-05-31,new_hire_onboarding,0
EWT2292,2026-05-31,on_call_night_work,0
FGK0491,2026-05-31,legit_role_change,0
FNB0006,2026-05-31,M7,1
GDQ4471,2026-05-31,M7,1
HDT4060,2026-05-31,weekend_deadline,0
HGD7422,2026-05-31,M3,1
HNV3692,2026-05-31,legit_role_change,0
KFN4851,2026-05-31,M1,1
KHF6510,2026-05-31,new_hire_onboarding,0
LFR9724,2026-05-31,new_hire_onboarding,0
LGB8139,2026-05-31,legit_role_change,0
LQL0537,2026-05-31,M1,1
LUW6194,2026-05-31,M3,1
MRB9312,2026-05-31,new_hire_onboarding,0
PHK3119,2026-05-31,new_hire_onboarding,0
PLP3673,2026-05-31,M7,1
RGD4993,2026-05-31,M7,1
RHK5954,2026-05-31,M3,1
RNP3279,2026-05-31,new_hire_onboarding,0
SQE3562,2026-05-31,M2,1
UHB1648,2026-05-31,M2,1
URS5582,2026-05-31,weekend_deadline,0
UWT0424,2026-05-31,legit_role_change,0
VPM8632,2026-05-31,M2,1
WPP7340,2026-05-31,legit_role_change,0
XUY0616,2026-05-31,M7,1
YAW5851,2026-05-31,new_hire_onboarding,0
ZWD7442,2026-05-31,new_hire_onboarding,0
AGH1760,2026-06-01,M7,1
BHW7050,2026-06-01,quarter_close_spike,0
CGR6865,2026-06-01,M3,1
DLN5803,2026-06-01,M5,1
DTR1676,2026-06-01,new_hire_onboarding,0
EGC4448,2026-06-01,remote_relocation,0
ENQ5809,2026-06-01,business_travel,0
EWT2292,2026-06-01,on_call_night_work,0
EYN3867,2026-06-01,remote_relocation,0
FAP0273,2026-06-01,M5,1
FGK0491,2026-06-01,legit_role_change,0
FNB0006,2026-06-01,M7,1
FRV1809,2026-06-01,remote_relocation,0
FVA0221,2026-06-01,remote_relocation,0
GNJ4718,2026-06-01,remote_relocation,0
GQM3009,2026-06-01,remote_relocation,0
HGD7422,2026-06-01,M3,1
HKB6535,2026-06-01,remote_relocation,0
HNP8722,2026-06-01,remote_relocation,0
HUW0385,2026-06-01,remote_relocation,0
HXH6707,2026-06-01,remote_relocation,0
JEZ2409,2026-06-01,remote_relocation,0
JVA7931,2026-06-01,remote_relocation,0
JWY4263,2026-06-01,remote_relocation,0
KFN4851,2026-06-01,M1,1
KGW8827,2026-06-01,M3,1
KHF6510,2026-06-01,new_hire_onboarding,0
KMY8772,2026-06-01,M7,1
LFR9724,2026-06-01,new_hire_onboarding,0
MDD1815,2026-06-01,business_travel,0
MDE9058,2026-06-01,M3,1
MRB9312,2026-06-01,new_hire_onboarding,0
NBE8069,2026-06-01,remote_relocation,0
NPU2327,2026-06-01,M3,1
NRK0173,2026-06-01,remote_relocation,0
NVQ5269,2026-06-01,remote_relocation,0
PHK3119,2026-06-01,new_hire_onboarding,0
PLP3673,2026-06-01,M7,1
PXN7264,2026-06-01,remote_relocation,0
PYB7646,2026-06-01,remote_relocation,0
PYE7970,2026-06-01,M7,1
QDE0143,2026-06-01,remote_relocation,0
QDT9172,2026-06-01,remote_relocation,0
QEU7845,2026-06-01,remote_relocation,0
RAT3363,2026-06-01,remote_relocation,0
RKP1272,2026-06-01,remote_relocation,0
RNP3279,2026-06-01,new_hire_onboarding,0
RNS1506,2026-06-01,remote_relocation,0
RWL2205,2026-06-01,quarter_close_spike,0
SCA9486,2026-06-01,remote_relocation,0
SQE3562,2026-06-01,M2,1
SUF2908,2026-06-01,remote_relocation,0
SXN1549,2026-06-01,legit_role_change,0
TDM1734,2026-06-01,remote_relocation,0
TPG1817,2026-06-01,remote_relocation,0
TRG3333,2026-06-01,remote_relocation,0
TYS0561,2026-06-01,quarter_close_spike,0
UEY0965,2026-06-01,remote_relocation,0
UHB1648,2026-06-01,M2,1
UKD6455,2026-06-01,on_call_night_work,0
UUS3207,2026-06-01,remote_relocation,0
UWT0424,2026-06-01,legit_role_change,0
VLE2985,2026-06-01,remote_relocation,0
VPM8632,2026-06-01,M2,1
WDQ5874,2026-06-01,remote_relocation,0
WPP7340,2026-06-01,legit_role_change,0
WZM1211,2026-06-01,business_travel,0
XHV9567,2026-06-01,remote_relocation,0
XUY0616,2026-06-01,M7,1
YAW5851,2026-06-01,new_hire_onboarding,0
YDR6958,2026-06-01,remote_relocation,0
YYC2668,2026-06-01,M4,1
ZWD7442,2026-06-01,new_hire_onboarding,0
AGH1760,2026-06-02,M7,1
BHW7050,2026-06-02,quarter_close_spike,0
BXQ0249,2026-06-02,M3,1
DLN5803,2026-06-02,M5,1
DTR1676,2026-06-02,new_hire_onboarding,0
EGC4448,2026-06-02,remote_relocation,0
ENQ5809,2026-06-02,business_travel,0
EYN3867,2026-06-02,remote_relocation,0
FAP0273,2026-06-02,M5,1
FGK0491,2026-06-02,legit_role_change,0
FNB0006,2026-06-02,M7,1
FVA0221,2026-06-02,remote_relocation,0
GNJ4718,2026-06-02,remote_relocation,0
GQM3009,2026-06-02,remote_relocation,0
HGD7422,2026-06-02,M3,1
HNP8722,2026-06-02,remote_relocation,0
HUW0385,2026-06-02,remote_relocation,0
HXH6707,2026-06-02,remote_relocation,0
JEZ2409,2026-06-02,remote_relocation,0
JVA7931,2026-06-02,remote_relocation,0
JWY4263,2026-06-02,remote_relocation,0
KFN4851,2026-06-02,M1,1
KGW8827,2026-06-02,M3,1
KHF6510,2026-06-02,new_hire_onboarding,0
KMY8772,2026-06-02,M7,1
LFR9724,2026-06-02,new_hire_onboarding,0
LGB8139,2026-06-02,legit_role_change,0
MDD1815,2026-06-02,business_travel,0
MDE9058,2026-06-02,M3,1
MRB9312,2026-06-02,new_hire_onboarding,0
NBE8069,2026-06-02,remote_relocation,0
NRK0173,2026-06-02,remote_relocation,0
NVQ5269,2026-06-02,remote_relocation,0
PHK3119,2026-06-02,new_hire_onboarding,0
PXN7264,2026-06-02,remote_relocation,0
PYB7646,2026-06-02,remote_relocation,0
PYE7970,2026-06-02,M7,1
QDE0143,2026-06-02,remote_relocation,0
QDT9172,2026-06-02,remote_relocation,0
QEU7845,2026-06-02,remote_relocation,0
QGK7077,2026-06-02,on_call_night_work,0
RAT3363,2026-06-02,remote_relocation,0
RGD4993,2026-06-02,M7,1
RKP1272,2026-06-02,remote_relocation,0
RNS1506,2026-06-02,remote_relocation,0
RVG2870,2026-06-02,new_hire_onboarding,0
SCA9486,2026-06-02,remote_relocation,0
SQE3562,2026-06-02,M2,1
SUF2908,2026-06-02,remote_relocation,0
TDM1734,2026-06-02,remote_relocation,0
TPG1817,2026-06-02,remote_relocation,0
TRG3333,2026-06-02,remote_relocation,0
TYS0561,2026-06-02,quarter_close_spike,0
UEY0965,2026-06-02,remote_relocation,0
UHB1648,2026-06-02,M2,1
UUS3207,2026-06-02,remote_relocation,0
VLE2985,2026-06-02,remote_relocation,0
VPM8632,2026-06-02,M2,1
WDQ5874,2026-06-02,remote_relocation,0
WPP7340,2026-06-02,legit_role_change,0
XHV9567,2026-06-02,remote_relocation,0
XUY0616,2026-06-02,M7,1
YAW5851,2026-06-02,new_hire_onboarding,0
YDR6958,2026-06-02,remote_relocation,0
YXE8184,2026-06-02,M3,1
ZWD7442,2026-06-02,new_hire_onboarding,0
BHW7050,2026-06-03,quarter_close_spike,0
BXQ0249,2026-06-03,M3,1
CLU4292,2026-06-03,on_call_night_work,0
DLN5803,2026-06-03,M5,1
DTR1676,2026-06-03,new_hire_onboarding,0
EGC4448,2026-06-03,remote_relocation,0
ENQ5809,2026-06-03,business_travel,0
EYN3867,2026-06-03,remote_relocation,0
FAP0273,2026-06-03,M5,1
FGK0491,2026-06-03,legit_role_change,0
FNB0006,2026-06-03,M7,1
FRV1809,2026-06-03,remote_relocation,0
FVA0221,2026-06-03,remote_relocation,0
GNJ4718,2026-06-03,remote_relocation,0
GQM3009,2026-06-03,remote_relocation,0
HKB6535,2026-06-03,remote_relocation,0
HNP8722,2026-06-03,remote_relocation,0
HUW0385,2026-06-03,remote_relocation,0
HXH6707,2026-06-03,remote_relocation,0
JEZ2409,2026-06-03,remote_relocation,0
JVA7931,2026-06-03,remote_relocation,0
JWY4263,2026-06-03,remote_relocation,0
KHF6510,2026-06-03,new_hire_onboarding,0
KMY8772,2026-06-03,M7,1
LFR9724,2026-06-03,new_hire_onboarding,0
LGB8139,2026-06-03,legit_role_change,0
LNX5432,2026-06-03,M6,1
MDD1815,2026-06-03,business_travel,0
MDE9058,2026-06-03,M3,1
MRB9312,2026-06-03,new_hire_onboarding,0
NBE8069,2026-06-03,remote_relocation,0
NPU2327,2026-06-03,M3,1
NRK0173,2026-06-03,remote_relocation,0
NVQ5269,2026-06-03,remote_relocation,0
PXN7264,2026-06-03,remote_relocation,0
PYB7646,2026-06-03,remote_relocation,0
QDE0143,2026-06-03,remote_relocation,0
QDT9172,2026-06-03,remote_relocation,0
QEU7845,2026-06-03,remote_relocation,0
RAT3363,2026-06-03,remote_relocation,0
RGD4993,2026-06-03,M7,1
RHK5954,2026-06-03,M3,1
RKP1272,2026-06-03,remote_relocation,0
RNS1506,2026-06-03,remote_relocation,0
RVG2870,2026-06-03,new_hire_onboarding,0
SCA9486,2026-06-03,remote_relocation,0
SQE3562,2026-06-03,M2,1
SUF2908,2026-06-03,remote_relocation,0
SXN1549,2026-06-03,legit_role_change,0
TDM1734,2026-06-03,remote_relocation,0
TPG1817,2026-06-03,remote_relocation,0
TRG3333,2026-06-03,remote_relocation,0
UEY0965,2026-06-03,remote_relocation,0
UUS3207,2026-06-03,remote_relocation,0
VLE2985,2026-06-03,remote_relocation,0
VPM8632,2026-06-03,M2,1
WDQ5874,2026-06-03,remote_relocation,0
WPP7340,2026-06-03,legit_role_change,0
XHV9567,2026-06-03,remote_relocation,0
XUY0616,2026-06-03,M7,1
YAW5851,2026-06-03,new_hire_onboarding,0
YDR6958,2026-06-03,remote_relocation,0
YXE8184,2026-06-03,M3,1
ZAT8680,2026-06-03,remote_relocation,0
ZMX3445,2026-06-03,quarter_close_spike,0
ZWD7442,2026-06-03,new_hire_onboarding,0
AFL5958,2026-06-04,M4,1
AGH1760,2026-06-04,M7,1
BHW7050,2026-06-04,quarter_close_spike,0
BKG0428,2026-06-04,business_travel,0
DLN5803,2026-06-04,M5,1
DTR1676,2026-06-04,new_hire_onboarding,0
EGC4448,2026-06-04,remote_relocation,0
ENQ5809,2026-06-04,business_travel,0
EYN3867,2026-06-04,remote_relocation,0
FAP0273,2026-06-04,M5,1
FGK0491,2026-06-04,legit_role_change,0
FNB0006,2026-06-04,M7,1
FQD7162,2026-06-04,quarter_close_spike,0
FRV1809,2026-06-04,remote_relocation,0
FVA0221,2026-06-04,remote_relocation,0
GNJ4718,2026-06-04,remote_relocation,0
GQM3009,2026-06-04,remote_relocation,0
HKB6535,2026-06-04,remote_relocation,0
HNP8722,2026-06-04,remote_relocation,0
HUW0385,2026-06-04,remote_relocation,0
HXH6707,2026-06-04,remote_relocation,0
JEZ2409,2026-06-04,remote_relocation,0
JVA7931,2026-06-04,remote_relocation,0
JWY4263,2026-06-04,remote_relocation,0
KHF6510,2026-06-04,new_hire_onboarding,0
LFR9724,2026-06-04,new_hire_onboarding,0
LGB8139,2026-06-04,legit_role_change,0
LNX5432,2026-06-04,M6,1
MDD1815,2026-06-04,business_travel,0
MRB9312,2026-06-04,new_hire_onboarding,0
NBE8069,2026-06-04,remote_relocation,0
NPU2327,2026-06-04,M3,1
NRK0173,2026-06-04,remote_relocation,0
NVQ5269,2026-06-04,remote_relocation,0
PHK3119,2026-06-04,new_hire_onboarding,0
PLP3673,2026-06-04,M7,1
PXN7264,2026-06-04,remote_relocation,0
PYB7646,2026-06-04,remote_relocation,0
PYE7970,2026-06-04,M7,1
QDE0143,2026-06-04,remote_relocation,0
QDT9172,2026-06-04,remote_relocation,0
QEU7845,2026-06-04,remote_relocation,0
RAT3363,2026-06-04,remote_relocation,0
RKP1272,2026-06-04,remote_relocation,0
RNS1506,2026-06-04,remote_relocation,0
RVG2870,2026-06-04,new_hire_onboarding,0
SCA9486,2026-06-04,remote_relocation,0
SQE3562,2026-06-04,M2,1
SUF2908,2026-06-04,remote_relocation,0
SXN1549,2026-06-04,legit_role_change,0
TDM1734,2026-06-04,remote_relocation,0
TPG1817,2026-06-04,remote_relocation,0
TRG3333,2026-06-04,remote_relocation,0
UEY0965,2026-06-04,remote_relocation,0
UKD6455,2026-06-04,on_call_night_work,0
UUS3207,2026-06-04,remote_relocation,0
VLE2985,2026-06-04,remote_relocation,0
VPM8632,2026-06-04,M2,1
WDQ5874,2026-06-04,remote_relocation,0
XHV9567,2026-06-04,remote_relocation,0
XUY0616,2026-06-04,M7,1
YAW5851,2026-06-04,new_hire_onboarding,0
YDR6958,2026-06-04,remote_relocation,0
YXE8184,2026-06-04,M3,1
YYC2668,2026-06-04,M4,1
ZAT8680,2026-06-04,remote_relocation,0
ZMX3445,2026-06-04,quarter_close_spike,0
ZWD7442,2026-06-04,new_hire_onboarding,0
AFL5958,2026-06-05,M4,1
AGH1760,2026-06-05,M7,1
BHW7050,2026-06-05,quarter_close_spike,0
BXQ0249,2026-06-05,M3,1
DLN5803,2026-06-05,M5,1
DTR1676,2026-06-05,new_hire_onboarding,0
EGC4448,2026-06-05,remote_relocation,0
ENQ5809,2026-06-05,business_travel,0
EYN3867,2026-06-05,remote_relocation,0
FAP0273,2026-06-05,M5,1
FGK0491,2026-06-05,legit_role_change,0
FGU4691,2026-06-05,legit_role_change,0
FNB0006,2026-06-05,M7,1
FQD7162,2026-06-05,quarter_close_spike,0
FRV1809,2026-06-05,remote_relocation,0
FVA0221,2026-06-05,remote_relocation,0
GNJ4718,2026-06-05,remote_relocation,0
GQM3009,2026-06-05,remote_relocation,0
HKB6535,2026-06-05,remote_relocation,0
HNP8722,2026-06-05,remote_relocation,0
HUW0385,2026-06-05,remote_relocation,0
HXH6707,2026-06-05,remote_relocation,0
JEZ2409,2026-06-05,remote_relocation,0
JVA7931,2026-06-05,remote_relocation,0
JWY4263,2026-06-05,remote_relocation,0
KHF6510,2026-06-05,new_hire_onboarding,0
LFR9724,2026-06-05,new_hire_onboarding,0
LGB8139,2026-06-05,legit_role_change,0
LUW6194,2026-06-05,M3,1
MDD1815,2026-06-05,business_travel,0
MRB9312,2026-06-05,new_hire_onboarding,0
NBE8069,2026-06-05,remote_relocation,0
NVQ5269,2026-06-05,remote_relocation,0
PHK3119,2026-06-05,new_hire_onboarding,0
PLP3673,2026-06-05,M7,1
PXN7264,2026-06-05,remote_relocation,0
PYB7646,2026-06-05,remote_relocation,0
QDE0143,2026-06-05,remote_relocation,0
QDT9172,2026-06-05,remote_relocation,0
QEU7845,2026-06-05,remote_relocation,0
RAT3363,2026-06-05,remote_relocation,0
RGD4993,2026-06-05,M7,1
RHK5954,2026-06-05,M3,1
RKP1272,2026-06-05,remote_relocation,0
RNS1506,2026-06-05,remote_relocation,0
RVG2870,2026-06-05,new_hire_onboarding,0
SCA9486,2026-06-05,remote_relocation,0
SQE3562,2026-06-05,M2,1
SUF2908,2026-06-05,remote_relocation,0
SXN1549,2026-06-05,legit_role_change,0
TDM1734,2026-06-05,remote_relocation,0
TPG1817,2026-06-05,remote_relocation,0
TRG3333,2026-06-05,remote_relocation,0
TYS0561,2026-06-05,quarter_close_spike,0
UEY0965,2026-06-05,remote_relocation,0
UUS3207,2026-06-05,remote_relocation,0
VLE2985,2026-06-05,remote_relocation,0
VPM8632,2026-06-05,M2,1
WDQ5874,2026-06-05,remote_relocation,0
WMT1608,2026-06-05,M5,1
WPP7340,2026-06-05,legit_role_change,0
XHV9567,2026-06-05,remote_relocation,0
YAW5851,2026-06-05,new_hire_onboarding,0
YDR6958,2026-06-05,remote_relocation,0
YYC2668,2026-06-05,M4,1
ZAT8680,2026-06-05,remote_relocation,0
ZWD7442,2026-06-05,new_hire_onboarding,0
BPW6998,2026-06-06,M5,1
DTR1676,2026-06-06,new_hire_onboarding,0
FGK0491,2026-06-06,legit_role_change,0
FGU4691,2026-06-06,legit_role_change,0
FNB0006,2026-06-06,M7,1
FRV1809,2026-06-06,remote_relocation,0
HDT4060,2026-06-06,weekend_deadline,0
KHF6510,2026-06-06,new_hire_onboarding,0
LFR9724,2026-06-06,new_hire_onboarding,0
LML9355,2026-06-06,weekend_deadline,0
MRB9312,2026-06-06,new_hire_onboarding,0
NPU2327,2026-06-06,M3,1
NRK0173,2026-06-06,remote_relocation,0
PHK3119,2026-06-06,new_hire_onboarding,0
PLP3673,2026-06-06,M7,1
QGK7077,2026-06-06,on_call_night_work,0
RVG2870,2026-06-06,new_hire_onboarding,0
SQE3562,2026-06-06,M2,1
VCL2588,2026-06-06,on_call_night_work,0
VPM8632,2026-06-06,M2,1
WMT1608,2026-06-06,M5,1
WPP7340,2026-06-06,legit_role_change,0
XFK4688,2026-06-06,M1,1
YAW5851,2026-06-06,new_hire_onboarding,0
YXE8184,2026-06-06,M3,1
ZWD7442,2026-06-06,new_hire_onboarding,0
AGH1760,2026-06-07,M7,1
BPW6998,2026-06-07,M5,1
DTR1676,2026-06-07,new_hire_onboarding,0
ETS0307,2026-06-07,weekend_deadline,0
EYN3867,2026-06-07,remote_relocation,0
FGU4691,2026-06-07,legit_role_change,0
FNB0006,2026-06-07,M7,1
KHF6510,2026-06-07,new_hire_onboarding,0
LFR9724,2026-06-07,new_hire_onboarding,0
LML9355,2026-06-07,weekend_deadline,0
LUW6194,2026-06-07,M3,1
MRB9312,2026-06-07,new_hire_onboarding,0
PEV4917,2026-06-07,weekend_deadline,0
PHK3119,2026-06-07,new_hire_onboarding,0
PLP3673,2026-06-07,M7,1
RGD4993,2026-06-07,M7,1
RHK5954,2026-06-07,M3,1
RVG2870,2026-06-07,new_hire_onboarding,0
SCA9486,2026-06-07,remote_relocation,0
SQE3562,2026-06-07,M2,1
VCL2588,2026-06-07,on_call_night_work,0
VPM8632,2026-06-07,M2,1
WMT1608,2026-06-07,M5,1
WPP7340,2026-06-07,legit_role_change,0
XFK4688,2026-06-07,M1,1
XJU4690,2026-06-07,M5,1
XUY0616,2026-06-07,M7,1
YXE8184,2026-06-07,M3,1
ZWD7442,2026-06-07,new_hire_onboarding,0
AFL5958,2026-06-08,M4,1
AGH1760,2026-06-08,M7,1
BKG0428,2026-06-08,business_travel,0
BNC0564,2026-06-08,business_travel,0
BPW6998,2026-06-08,M5,1
DTR1676,2026-06-08,new_hire_onboarding,0
EGC4448,2026-06-08,remote_relocation,0
EQJ3213,2026-06-08,remote_relocation,0
EWT2292,2026-06-08,on_call_night_work,0
EYN3867,2026-06-08,remote_relocation,0
FGU4691,2026-06-08,legit_role_change,0
FNB0006,2026-06-08,M7,1
FRV1809,2026-06-08,remote_relocation,0
FVA0221,2026-06-08,remote_relocation,0
GNJ4718,2026-06-08,remote_relocation,0
GQM3009,2026-06-08,remote_relocation,0
HKB6535,2026-06-08,remote_relocation,0
HNP8722,2026-06-08,remote_relocation,0
HUW0385,2026-06-08,remote_relocation,0
HXH6707,2026-06-08,remote_relocation,0
JEZ2409,2026-06-08,remote_relocation,0
JVA7931,2026-06-08,remote_relocation,0
JWY4263,2026-06-08,remote_relocation,0
KHF6510,2026-06-08,new_hire_onboarding,0
KMY8772,2026-06-08,M7,1
LFR9724,2026-06-08,new_hire_onboarding,0
MRB9312,2026-06-08,new_hire_onboarding,0
NBE8069,2026-06-08,remote_relocation,0
NRK0173,2026-06-08,remote_relocation,0
NVQ5269,2026-06-08,remote_relocation,0
PHK3119,2026-06-08,new_hire_onboarding,0
PXN7264,2026-06-08,remote_relocation,0
PYB7646,2026-06-08,remote_relocation,0
QDE0143,2026-06-08,remote_relocation,0
QDT9172,2026-06-08,remote_relocation,0
QEU7845,2026-06-08,remote_relocation,0
RAT3363,2026-06-08,remote_relocation,0
RGD4993,2026-06-08,M7,1
RKP1272,2026-06-08,remote_relocation,0
RNS1506,2026-06-08,remote_relocation,0
RVG2870,2026-06-08,new_hire_onboarding,0
SCA9486,2026-06-08,remote_relocation,0
SUF2908,2026-06-08,remote_relocation,0
TDM1734,2026-06-08,remote_relocation,0
TPG1817,2026-06-08,remote_relocation,0
TRG3333,2026-06-08,remote_relocation,0
TYS0561,2026-06-08,quarter_close_spike,0
UDC1036,2026-06-08,legit_role_change,0
UEY0965,2026-06-08,remote_relocation,0
UKD6455,2026-06-08,on_call_night_work,0
UUS3207,2026-06-08,remote_relocation,0
VLE2985,2026-06-08,remote_relocation,0
VPM8632,2026-06-08,M2,1
WDQ5874,2026-06-08,remote_relocation,0
WMT1608,2026-06-08,M5,1
WPP7340,2026-06-08,legit_role_change,0
XFK4688,2026-06-08,M1,1
XHV9567,2026-06-08,remote_relocation,0
XJU4690,2026-06-08,M5,1
XUY0616,2026-06-08,M7,1
YDR6958,2026-06-08,remote_relocation,0
ZAT8680,2026-06-08,remote_relocation,0
ZWD7442,2026-06-08,new_hire_onboarding,0
AGH1760,2026-06-09,M7,1
BKG0428,2026-06-09,business_travel,0
BNC0564,2026-06-09,business_travel,0
BPW6998,2026-06-09,M5,1
CME8175,2026-06-09,on_call_night_work,0
DTR1676,2026-06-09,new_hire_onboarding,0
EGC4448,2026-06-09,remote_relocation,0
EQJ3213,2026-06-09,remote_relocation,0
EWT2292,2026-06-09,on_call_night_work,0
EYN3867,2026-06-09,remote_relocation,0
FGU4691,2026-06-09,legit_role_change,0
FNB0006,2026-06-09,M7,1
FRV1809,2026-06-09,remote_relocation,0
FVA0221,2026-06-09,remote_relocation,0
GNJ4718,2026-06-09,remote_relocation,0
GQM3009,2026-06-09,remote_relocation,0
HKB6535,2026-06-09,remote_relocation,0
HNP8722,2026-06-09,remote_relocation,0
HUW0385,2026-06-09,remote_relocation,0
HXH6707,2026-06-09,remote_relocation,0
JEZ2409,2026-06-09,remote_relocation,0
JVA7931,2026-06-09,remote_relocation,0
JWY4263,2026-06-09,remote_relocation,0
KHF6510,2026-06-09,new_hire_onboarding,0
KMY8772,2026-06-09,M7,1
LFR9724,2026-06-09,new_hire_onboarding,0
MRB9312,2026-06-09,new_hire_onboarding,0
NBE8069,2026-06-09,remote_relocation,0
NPU2327,2026-06-09,M3,1
NRK0173,2026-06-09,remote_relocation,0
NVQ5269,2026-06-09,remote_relocation,0
PHK3119,2026-06-09,new_hire_onboarding,0
PLP3673,2026-06-09,M7,1
PXN7264,2026-06-09,remote_relocation,0
PYB7646,2026-06-09,remote_relocation,0
QDE0143,2026-06-09,remote_relocation,0
QDT9172,2026-06-09,remote_relocation,0
QEU7845,2026-06-09,remote_relocation,0
RAT3363,2026-06-09,remote_relocation,0
RGD4993,2026-06-09,M7,1
RKP1272,2026-06-09,remote_relocation,0
RNS1506,2026-06-09,remote_relocation,0
RVG2870,2026-06-09,new_hire_onboarding,0
SCA9486,2026-06-09,remote_relocation,0
SUF2908,2026-06-09,remote_relocation,0
TDM1734,2026-06-09,remote_relocation,0
TPG1817,2026-06-09,remote_relocation,0
TRG3333,2026-06-09,remote_relocation,0
UDC1036,2026-06-09,legit_role_change,0
UEY0965,2026-06-09,remote_relocation,0
UUS3207,2026-06-09,remote_relocation,0
VLE2985,2026-06-09,remote_relocation,0
VPM8632,2026-06-09,M2,1
WDQ5874,2026-06-09,remote_relocation,0
WMT1608,2026-06-09,M5,1
WPP7340,2026-06-09,legit_role_change,0
XFK4688,2026-06-09,M1,1
XHV9567,2026-06-09,remote_relocation,0
XJU4690,2026-06-09,M5,1
XUY0616,2026-06-09,M7,1
YDR6958,2026-06-09,remote_relocation,0
ZAT8680,2026-06-09,remote_relocation,0
ZMX3445,2026-06-09,quarter_close_spike,0
ZWD7442,2026-06-09,new_hire_onboarding,0
AGH1760,2026-06-10,M7,1
BKG0428,2026-06-10,business_travel,0
BPW6998,2026-06-10,M5,1
BXQ0249,2026-06-10,M3,1
DTR1676,2026-06-10,new_hire_onboarding,0
EGC4448,2026-06-10,remote_relocation,0
EQJ3213,2026-06-10,remote_relocation,0
EYN3867,2026-06-10,remote_relocation,0
FGU4691,2026-06-10,legit_role_change,0
FRV1809,2026-06-10,remote_relocation,0
FVA0221,2026-06-10,remote_relocation,0
GNJ4718,2026-06-10,remote_relocation,0
GQM3009,2026-06-10,remote_relocation,0
HKB6535,2026-06-10,remote_relocation,0
HNP8722,2026-06-10,remote_relocation,0
HUW0385,2026-06-10,remote_relocation,0
HXH6707,2026-06-10,remote_relocation,0
JEZ2409,2026-06-10,remote_relocation,0
JVA7931,2026-06-10,remote_relocation,0
JWY4263,2026-06-10,remote_relocation,0
LFR9724,2026-06-10,new_hire_onboarding,0
LUW6194,2026-06-10,M3,1
MDE9058,2026-06-10,M3,1
MRB9312,2026-06-10,new_hire_onboarding,0
NBE8069,2026-06-10,remote_relocation,0
NNN7074,2026-06-10,business_travel,0
NPU2327,2026-06-10,M3,1
NRK0173,2026-06-10,remote_relocation,0
NVQ5269,2026-06-10,remote_relocation,0
PHK3119,2026-06-10,new_hire_onboarding,0
PLP3673,2026-06-10,M7,1
PXN7264,2026-06-10,remote_relocation,0
PYB7646,2026-06-10,remote_relocation,0
PYE7970,2026-06-10,M7,1
QDE0143,2026-06-10,remote_relocation,0
QDT9172,2026-06-10,remote_relocation,0
QEU7845,2026-06-10,remote_relocation,0
RAT3363,2026-06-10,remote_relocation,0
RGD4993,2026-06-10,M7,1
RKP1272,2026-06-10,remote_relocation,0
RNS1506,2026-06-10,remote_relocation,0
RVG2870,2026-06-10,new_hire_onboarding,0
SCA9486,2026-06-10,remote_relocation,0
SUF2908,2026-06-10,remote_relocation,0
TDM1734,2026-06-10,remote_relocation,0
TPG1817,2026-06-10,remote_relocation,0
TRG3333,2026-06-10,remote_relocation,0
UDC1036,2026-06-10,legit_role_change,0
UEY0965,2026-06-10,remote_relocation,0
UKK9924,2026-06-10,M1,1
UUS3207,2026-06-10,remote_relocation,0
VLE2985,2026-06-10,remote_relocation,0
VPM8632,2026-06-10,M2,1
WDQ5874,2026-06-10,remote_relocation,0
WPP7340,2026-06-10,legit_role_change,0
XHV9567,2026-06-10,remote_relocation,0
XJU4690,2026-06-10,M5,1
YDR6958,2026-06-10,remote_relocation,0
ZAT8680,2026-06-10,remote_relocation,0
ZMX3445,2026-06-10,quarter_close_spike,0
ZWD7442,2026-06-10,new_hire_onboarding,0
AGH1760,2026-06-11,M7,1
BKG0428,2026-06-11,business_travel,0
BXQ0249,2026-06-11,M3,1
DSE9841,2026-06-11,M1,1
DTR1676,2026-06-11,new_hire_onboarding,0
EGC4448,2026-06-11,remote_relocation,0
EQJ3213,2026-06-11,remote_relocation,0
EYN3867,2026-06-11,remote_relocation,0
FGK0491,2026-06-11,legit_role_change,0
FGU4691,2026-06-11,legit_role_change,0
FNB0006,2026-06-11,M7,1
FRV1809,2026-06-11,remote_relocation,0
FVA0221,2026-06-11,remote_relocation,0
GNJ4718,2026-06-11,remote_relocation,0
GQM3009,2026-06-11,remote_relocation,0
HKB6535,2026-06-11,remote_relocation,0
HNP8722,2026-06-11,remote_relocation,0
HUW0385,2026-06-11,remote_relocation,0
HXH6707,2026-06-11,remote_relocation,0
JEZ2409,2026-06-11,remote_relocation,0
JQS8684,2026-06-11,business_travel,0
JVA7931,2026-06-11,remote_relocation,0
JWY4263,2026-06-11,remote_relocation,0
LFR9724,2026-06-11,new_hire_onboarding,0
LUW6194,2026-06-11,M3,1
MHF4555,2026-06-11,business_travel,0
MRB9312,2026-06-11,new_hire_onboarding,0
NBE8069,2026-06-11,remote_relocation,0
NNN7074,2026-06-11,business_travel,0
NRK0173,2026-06-11,remote_relocation,0
NVQ5269,2026-06-11,remote_relocation,0
PHK3119,2026-06-11,new_hire_onboarding,0
PLP3673,2026-06-11,M7,1
PYB7646,2026-06-11,remote_relocation,0
QDE0143,2026-06-11,remote_relocation,0
QDT9172,2026-06-11,remote_relocation,0
QEU7845,2026-06-11,remote_relocation,0
RAT3363,2026-06-11,remote_relocation,0
RGD4993,2026-06-11,M7,1
RHK5954,2026-06-11,M3,1
RKP1272,2026-06-11,remote_relocation,0
RNS1506,2026-06-11,remote_relocation,0
RVG2870,2026-06-11,new_hire_onboarding,0
SCA9486,2026-06-11,remote_relocation,0
SUF2908,2026-06-11,remote_relocation,0
TDM1734,2026-06-11,remote_relocation,0
TPG1817,2026-06-11,remote_relocation,0
TRG3333,2026-06-11,remote_relocation,0
UDC1036,2026-06-11,legit_role_change,0
UEY0965,2026-06-11,remote_relocation,0
UUS3207,2026-06-11,remote_relocation,0
VLE2985,2026-06-11,remote_relocation,0
VPM8632,2026-06-11,M2,1
WDQ5874,2026-06-11,remote_relocation,0
WPP7340,2026-06-11,legit_role_change,0
XHV9567,2026-06-11,remote_relocation,0
XJU4690,2026-06-11,M5,1
XUY0616,2026-06-11,M7,1
YDR6958,2026-06-11,remote_relocation,0
YXE8184,2026-06-11,M3,1
ZAT8680,2026-06-11,remote_relocation,0
ZWD7442,2026-06-11,new_hire_onboarding,0
AGH1760,2026-06-12,M7,1
BKG0428,2026-06-12,business_travel,0
DSE9841,2026-06-12,M1,1
DTR1676,2026-06-12,new_hire_onboarding,0
EGC4448,2026-06-12,remote_relocation,0
EQJ3213,2026-06-12,remote_relocation,0
EWT2292,2026-06-12,on_call_night_work,0
EYN3867,2026-06-12,remote_relocation,0
FGU4691,2026-06-12,legit_role_change,0
FRV1809,2026-06-12,remote_relocation,0
FVA0221,2026-06-12,remote_relocation,0
GNJ4718,2026-06-12,remote_relocation,0
GQH7330,2026-06-12,on_call_night_work,0
GQM3009,2026-06-12,remote_relocation,0
HKB6535,2026-06-12,remote_relocation,0
HNP8722,2026-06-12,remote_relocation,0
HUW0385,2026-06-12,remote_relocation,0
HXH6707,2026-06-12,remote_relocation,0
JEZ2409,2026-06-12,remote_relocation,0
JQS8684,2026-06-12,business_travel,0
JVA7931,2026-06-12,remote_relocation,0
JWY4263,2026-06-12,remote_relocation,0
KRB4673,2026-06-12,legit_role_change,0
KSS9566,2026-06-12,quarter_close_spike,0
LFR9724,2026-06-12,new_hire_onboarding,0
LUW6194,2026-06-12,M3,1
LXZ8609,2026-06-12,legit_role_change,0
MHF4555,2026-06-12,business_travel,0
MRB9312,2026-06-12,new_hire_onboarding,0
NBE8069,2026-06-12,remote_relocation,0
NNN7074,2026-06-12,business_travel,0
NRK0173,2026-06-12,remote_relocation,0
NVQ5269,2026-06-12,remote_relocation,0
PHK3119,2026-06-12,new_hire_onboarding,0
PXN7264,2026-06-12,remote_relocation,0
PYB7646,2026-06-12,remote_relocation,0
PYE7970,2026-06-12,M7,1
QDE0143,2026-06-12,remote_relocation,0
QDT9172,2026-06-12,remote_relocation,0
QEU7845,2026-06-12,remote_relocation,0
RAT3363,2026-06-12,remote_relocation,0
RGD4993,2026-06-12,M7,1
RHK5954,2026-06-12,M3,1
RKP1272,2026-06-12,remote_relocation,0
RNS1506,2026-06-12,remote_relocation,0
RVG2870,2026-06-12,new_hire_onboarding,0
SCA9486,2026-06-12,remote_relocation,0
SUF2908,2026-06-12,remote_relocation,0
TDM1734,2026-06-12,remote_relocation,0
TPG1817,2026-06-12,remote_relocation,0
TRG3333,2026-06-12,remote_relocation,0
UDC1036,2026-06-12,legit_role_change,0
UEY0965,2026-06-12,remote_relocation,0
UUS3207,2026-06-12,remote_relocation,0
VLE2985,2026-06-12,remote_relocation,0
WDQ5874,2026-06-12,remote_relocation,0
WHX4263,2026-06-12,M6,1
WPP7340,2026-06-12,legit_role_change,0
XHV9567,2026-06-12,remote_relocation,0
XUY0616,2026-06-12,M7,1
YDR6958,2026-06-12,remote_relocation,0
YXE8184,2026-06-12,M3,1
ZAT8680,2026-06-12,remote_relocation,0
ZWD7442,2026-06-12,new_hire_onboarding,0
DSE9841,2026-06-13,M1,1
FGU4691,2026-06-13,legit_role_change,0
KRB4673,2026-06-13,legit_role_change,0
LFR9724,2026-06-13,new_hire_onboarding,0
LUW6194,2026-06-13,M3,1
LXZ8609,2026-06-13,legit_role_change,0
MRB9312,2026-06-13,new_hire_onboarding,0
PEV4917,2026-06-13,weekend_deadline,0
PHK3119,2026-06-13,new_hire_onboarding,0
PLP3673,2026-06-13,M7,1
PYE7970,2026-06-13,M7,1
RGD4993,2026-06-13,M7,1
RHK5954,2026-06-13,M3,1
RVG2870,2026-06-13,new_hire_onboarding,0
TZU4501,2026-06-13,on_call_night_work,0
UDC1036,2026-06-13,legit_role_change,0
WHX4263,2026-06-13,M6,1
WPP7340,2026-06-13,legit_role_change,0
ZWD7442,2026-06-13,new_hire_onboarding,0
DSE9841,2026-06-14,M1,1
FGU4691,2026-06-14,legit_role_change,0
KZS8027,2026-06-14,weekend_deadline,0
LAD8190,2026-06-14,M4,1
LFR9724,2026-06-14,new_hire_onboarding,0
LUW6194,2026-06-14,M3,1
LXZ8609,2026-06-14,legit_role_change,0
MRB9312,2026-06-14,new_hire_onboarding,0
NPU2327,2026-06-14,M3,1
PHK3119,2026-06-14,new_hire_onboarding,0
PYB7646,2026-06-14,remote_relocation,0
PYE7970,2026-06-14,M7,1
QDT9172,2026-06-14,remote_relocation,0
RGD4993,2026-06-14,M7,1
RVG2870,2026-06-14,new_hire_onboarding,0
UDC1036,2026-06-14,legit_role_change,0
WPP7340,2026-06-14,legit_role_change,0
YWJ6443,2026-06-14,M2,1
YXE8184,2026-06-14,M3,1
ZWD7442,2026-06-14,new_hire_onboarding,0
EGC4448,2026-06-15,remote_relocation,0
EQJ3213,2026-06-15,remote_relocation,0
EYN3867,2026-06-15,remote_relocation,0
FGU4691,2026-06-15,legit_role_change,0
FRV1809,2026-06-15,remote_relocation,0
FVA0221,2026-06-15,remote_relocation,0
GNJ4718,2026-06-15,remote_relocation,0
GQM3009,2026-06-15,remote_relocation,0
HKB6535,2026-06-15,remote_relocation,0
HNP8722,2026-06-15,remote_relocation,0
HUW0385,2026-06-15,remote_relocation,0
HXH6707,2026-06-15,remote_relocation,0
JEZ2409,2026-06-15,remote_relocation,0
JVA7931,2026-06-15,remote_relocation,0
JWY4263,2026-06-15,remote_relocation,0
KRB4673,2026-06-15,legit_role_change,0
KSS9566,2026-06-15,quarter_close_spike,0
LFR9724,2026-06-15,new_hire_onboarding,0
LUW6194,2026-06-15,M3,1
LXZ8609,2026-06-15,legit_role_change,0
MHF4555,2026-06-15,business_travel,0
MRB9312,2026-06-15,new_hire_onboarding,0
NBE8069,2026-06-15,remote_relocation,0
NNN7074,2026-06-15,business_travel,0
NRK0173,2026-06-15,remote_relocation,0
NVQ5269,2026-06-15,remote_relocation,0
PHK3119,2026-06-15,new_hire_onboarding,0
PLP3673,2026-06-15,M7,1
PXN7264,2026-06-15,remote_relocation,0
PYB7646,2026-06-15,remote_relocation,0
PYE7970,2026-06-15,M7,1
QDE0143,2026-06-15,remote_relocation,0
QDT9172,2026-06-15,remote_relocation,0
QEU7845,2026-06-15,remote_relocation,0
QGK7077,2026-06-15,on_call_night_work,0
RAT3363,2026-06-15,remote_relocation,0
RGD4993,2026-06-15,M7,1
RKP1272,2026-06-15,remote_relocation,0
RNS1506,2026-06-15,remote_relocation,0
RVG2870,2026-06-15,new_hire_onboarding,0
SCA9486,2026-06-15,remote_relocation,0
SUF2908,2026-06-15,remote_relocation,0
TDM1734,2026-06-15,remote_relocation,0
TPG1817,2026-06-15,remote_relocation,0
TQL9765,2026-06-15,remote_relocation,0
TRG3333,2026-06-15,remote_relocation,0
TSJ9915,2026-06-15,business_travel,0
UDC1036,2026-06-15,legit_role_change,0
UEY0965,2026-06-15,remote_relocation,0
UUS3207,2026-06-15,remote_relocation,0
VCL2588,2026-06-15,on_call_night_work,0
VHU4170,2026-06-15,quarter_close_spike,0
VLE2985,2026-06-15,remote_relocation,0
VXJ5240,2026-06-15,quarter_close_spike,0
WDQ5874,2026-06-15,remote_relocation,0
WMF0666,2026-06-15,quarter_close_spike,0
WPP7340,2026-06-15,legit_role_change,0
XBD0169,2026-06-15,quarter_close_spike,0
XHV9567,2026-06-15,remote_relocation,0
YDR6958,2026-06-15,remote_relocation,0
YWJ6443,2026-06-15,M2,1
YXE8184,2026-06-15,M3,1
ZAT8680,2026-06-15,remote_relocation,0
ZWD7442,2026-06-15,new_hire_onboarding,0
EGC4448,2026-06-16,remote_relocation,0
EQJ3213,2026-06-16,remote_relocation,0
EYN3867,2026-06-16,remote_relocation,0
FGU4691,2026-06-16,legit_role_change,0
FRV1809,2026-06-16,remote_relocation,0
FVA0221,2026-06-16,remote_relocation,0
GNJ4718,2026-06-16,remote_relocation,0
GQH7330,2026-06-16,on_call_night_work,0
GQM3009,2026-06-16,remote_relocation,0
HKB6535,2026-06-16,remote_relocation,0
HNP8722,2026-06-16,remote_relocation,0
HUW0385,2026-06-16,remote_relocation,0
HXH6707,2026-06-16,remote_relocation,0
JEZ2409,2026-06-16,remote_relocation,0
JVA7931,2026-06-16,remote_relocation,0
JWY4263,2026-06-16,remote_relocation,0
KRB4673,2026-06-16,legit_role_change,0
LAD8190,2026-06-16,M4,1
LUW6194,2026-06-16,M3,1
MDE9058,2026-06-16,M3,1
MHF4555,2026-06-16,business_travel,0
MRB9312,2026-06-16,new_hire_onboarding,0
NBE8069,2026-06-16,remote_relocation,0
NNN7074,2026-06-16,business_travel,0
NRK0173,2026-06-16,remote_relocation,0
NVQ5269,2026-06-16,remote_relocation,0
PHK3119,2026-06-16,new_hire_onboarding,0
PLP3673,2026-06-16,M7,1
PXN7264,2026-06-16,remote_relocation,0
PYB7646,2026-06-16,remote_relocation,0
QDE0143,2026-06-16,remote_relocation,0
QDT9172,2026-06-16,remote_relocation,0
QEU7845,2026-06-16,remote_relocation,0
RAT3363,2026-06-16,remote_relocation,0
RGD4993,2026-06-16,M7,1
RKP1272,2026-06-16,remote_relocation,0
RNS1506,2026-06-16,remote_relocation,0
RVG2870,2026-06-16,new_hire_onboarding,0
SCA9486,2026-06-16,remote_relocation,0
SUF2908,2026-06-16,remote_relocation,0
TDM1734,2026-06-16,remote_relocation,0
TPG1817,2026-06-16,remote_relocation,0
TQL9765,2026-06-16,remote_relocation,0
TRG3333,2026-06-16,remote_relocation,0
TSJ9915,2026-06-16,business_travel,0
UDC1036,2026-06-16,legit_role_change,0
UEY0965,2026-06-16,remote_relocation,0
UUS3207,2026-06-16,remote_relocation,0
VHU4170,2026-06-16,quarter_close_spike,0
VLE2985,2026-06-16,remote_relocation,0
VXJ5240,2026-06-16,quarter_close_spike,0
WDQ5874,2026-06-16,remote_relocation,0
WMF0666,2026-06-16,quarter_close_spike,0
XHV9567,2026-06-16,remote_relocation,0
XUY0616,2026-06-16,M7,1
YDR6958,2026-06-16,remote_relocation,0
YWJ6443,2026-06-16,M2,1
ZAT8680,2026-06-16,remote_relocation,0
ZWD7442,2026-06-16,new_hire_onboarding,0
EGC4448,2026-06-17,remote_relocation,0
EQJ3213,2026-06-17,remote_relocation,0
FGU4691,2026-06-17,legit_role_change,0
FRV1809,2026-06-17,remote_relocation,0
FVA0221,2026-06-17,remote_relocation,0
GNJ4718,2026-06-17,remote_relocation,0
GQM3009,2026-06-17,remote_relocation,0
HKB6535,2026-06-17,remote_relocation,0
HNP8722,2026-06-17,remote_relocation,0
HUW0385,2026-06-17,remote_relocation,0
HXH6707,2026-06-17,remote_relocation,0
JVA7931,2026-06-17,remote_relocation,0
JWY4263,2026-06-17,remote_relocation,0
KRB4673,2026-06-17,legit_role_change,0
LXZ8609,2026-06-17,legit_role_change,0
MDE9058,2026-06-17,M3,1
MHF4555,2026-06-17,business_travel,0
MRB9312,2026-06-17,new_hire_onboarding,0
NBE8069,2026-06-17,remote_relocation,0
NNN7074,2026-06-17,business_travel,0
NRK0173,2026-06-17,remote_relocation,0
NVQ5269,2026-06-17,remote_relocation,0
PHK3119,2026-06-17,new_hire_onboarding,0
PHM0513,2026-06-17,business_travel,0
PXN7264,2026-06-17,remote_relocation,0
PYB7646,2026-06-17,remote_relocation,0
PYE7970,2026-06-17,M7,1
QDE0143,2026-06-17,remote_relocation,0
QDT9172,2026-06-17,remote_relocation,0
QEU7845,2026-06-17,remote_relocation,0
RAT3363,2026-06-17,remote_relocation,0
RKP1272,2026-06-17,remote_relocation,0
RNS1506,2026-06-17,remote_relocation,0
RVG2870,2026-06-17,new_hire_onboarding,0
SCA9486,2026-06-17,remote_relocation,0
SUF2908,2026-06-17,remote_relocation,0
TDM1734,2026-06-17,remote_relocation,0
TPG1817,2026-06-17,remote_relocation,0
TQL9765,2026-06-17,remote_relocation,0
TRG3333,2026-06-17,remote_relocation,0
TSJ9915,2026-06-17,business_travel,0
TZU4501,2026-06-17,on_call_night_work,0
UDC1036,2026-06-17,legit_role_change,0
UEY0965,2026-06-17,remote_relocation,0
UKD6455,2026-06-17,on_call_night_work,0
UMH4248,2026-06-17,remote_relocation,0
UUS3207,2026-06-17,remote_relocation,0
VHU4170,2026-06-17,quarter_close_spike,0
VLE2985,2026-06-17,remote_relocation,0
VXJ5240,2026-06-17,quarter_close_spike,0
WDQ5874,2026-06-17,remote_relocation,0
WMF0666,2026-06-17,quarter_close_spike,0
XBD0169,2026-06-17,quarter_close_spike,0
XHV9567,2026-06-17,remote_relocation,0
YDR6958,2026-06-17,remote_relocation,0
YWJ6443,2026-06-17,M2,1
ZAT8680,2026-06-17,remote_relocation,0
ZWD7442,2026-06-17,new_hire_onboarding,0
EGC4448,2026-06-18,remote_relocation,0
EQJ3213,2026-06-18,remote_relocation,0
EYN3867,2026-06-18,remote_relocation,0
FRV1809,2026-06-18,remote_relocation,0
FVA0221,2026-06-18,remote_relocation,0
GNJ4718,2026-06-18,remote_relocation,0
GQM3009,2026-06-18,remote_relocation,0
HKB6535,2026-06-18,remote_relocation,0
HNP8722,2026-06-18,remote_relocation,0
HUW0385,2026-06-18,remote_relocation,0
HXH6707,2026-06-18,remote_relocation,0
JEZ2409,2026-06-18,remote_relocation,0
JVA7931,2026-06-18,remote_relocation,0
JWY4263,2026-06-18,remote_relocation,0
KRB4673,2026-06-18,legit_role_change,0
LUW6194,2026-06-18,M3,1
MHF4555,2026-06-18,business_travel,0
MRB9312,2026-06-18,new_hire_onboarding,0
NBE8069,2026-06-18,remote_relocation,0
NNN7074,2026-06-18,business_travel,0
NRK0173,2026-06-18,remote_relocation,0
NVQ5269,2026-06-18,remote_relocation,0
PHK3119,2026-06-18,new_hire_onboarding,0
PXN7264,2026-06-18,remote_relocation,0
PYB7646,2026-06-18,remote_relocation,0
QDE0143,2026-06-18,remote_relocation,0
QDT9172,2026-06-18,remote_relocation,0
QEU7845,2026-06-18,remote_relocation,0
RAT3363,2026-06-18,remote_relocation,0
RKP1272,2026-06-18,remote_relocation,0
RNS1506,2026-06-18,remote_relocation,0
RVG2870,2026-06-18,new_hire_onboarding,0
SCA9486,2026-06-18,remote_relocation,0
SUF2908,2026-06-18,remote_relocation,0
TDM1734,2026-06-18,remote_relocation,0
TPG1817,2026-06-18,remote_relocation,0
TQL9765,2026-06-18,remote_relocation,0
TRG3333,2026-06-18,remote_relocation,0
TSJ9915,2026-06-18,business_travel,0
UDC1036,2026-06-18,legit_role_change,0
UEY0965,2026-06-18,remote_relocation,0
UMH4248,2026-06-18,remote_relocation,0
UUS3207,2026-06-18,remote_relocation,0
VHU4170,2026-06-18,quarter_close_spike,0
VLE2985,2026-06-18,remote_relocation,0
VXJ5240,2026-06-18,quarter_close_spike,0
WDQ5874,2026-06-18,remote_relocation,0
WMF0666,2026-06-18,quarter_close_spike,0
XBD0169,2026-06-18,quarter_close_spike,0
XHV9567,2026-06-18,remote_relocation,0
XUY0616,2026-06-18,M7,1
YDR6958,2026-06-18,remote_relocation,0
YWJ6443,2026-06-18,M2,1
ZAT8680,2026-06-18,remote_relocation,0
ZWD7442,2026-06-18,new_hire_onboarding,0
EGC4448,2026-06-19,remote_relocation,0
EQJ3213,2026-06-19,remote_relocation,0
EYN3867,2026-06-19,remote_relocation,0
FGU4691,2026-06-19,legit_role_change,0
FRV1809,2026-06-19,remote_relocation,0
FVA0221,2026-06-19,remote_relocation,0
GNJ4718,2026-06-19,remote_relocation,0
GQM3009,2026-06-19,remote_relocation,0
HKB6535,2026-06-19,remote_relocation,0
HNP8722,2026-06-19,remote_relocation,0
HUW0385,2026-06-19,remote_relocation,0
HXH6707,2026-06-19,remote_relocation,0
JEZ2409,2026-06-19,remote_relocation,0
JVA7931,2026-06-19,remote_relocation,0
JWY4263,2026-06-19,remote_relocation,0
KRB4673,2026-06-19,legit_role_change,0
LXZ8609,2026-06-19,legit_role_change,0
MRB9312,2026-06-19,new_hire_onboarding,0
NBE8069,2026-06-19,remote_relocation,0
NNN7074,2026-06-19,business_travel,0
NRK0173,2026-06-19,remote_relocation,0
NVQ5269,2026-06-19,remote_relocation,0
PHK3119,2026-06-19,new_hire_onboarding,0
PHM0513,2026-06-19,business_travel,0
PXN7264,2026-06-19,remote_relocation,0
PYB7646,2026-06-19,remote_relocation,0
PYE7970,2026-06-19,M7,1
QDE0143,2026-06-19,remote_relocation,0
QDT9172,2026-06-19,remote_relocation,0
QEU7845,2026-06-19,remote_relocation,0
QGK7077,2026-06-19,on_call_night_work,0
RHK5954,2026-06-19,M3,1
RKP1272,2026-06-19,remote_relocation,0
RNS1506,2026-06-19,remote_relocation,0
RVG2870,2026-06-19,new_hire_onboarding,0
SCA9486,2026-06-19,remote_relocation,0
SUF2908,2026-06-19,remote_relocation,0
TDM1734,2026-06-19,remote_relocation,0
TPG1817,2026-06-19,remote_relocation,0
TQL9765,2026-06-19,remote_relocation,0
TRG3333,2026-06-19,remote_relocation,0
TSJ9915,2026-06-19,business_travel,0
UDC1036,2026-06-19,legit_role_change,0
UEY0965,2026-06-19,remote_relocation,0
UMH4248,2026-06-19,remote_relocation,0
UUS3207,2026-06-19,remote_relocation,0
VCL2588,2026-06-19,on_call_night_work,0
VHU4170,2026-06-19,quarter_close_spike,0
VLE2985,2026-06-19,remote_relocation,0
VXJ5240,2026-06-19,quarter_close_spike,0
WDQ5874,2026-06-19,remote_relocation,0
WMF0666,2026-06-19,quarter_close_spike,0
XBD0169,2026-06-19,quarter_close_spike,0
XHV9567,2026-06-19,remote_relocation,0
YDR6958,2026-06-19,remote_relocation,0
YWJ6443,2026-06-19,M2,1
ZAT8680,2026-06-19,remote_relocation,0
ZWD7442,2026-06-19,new_hire_onboarding,0
AGA7372,2026-06-20,weekend_deadline,0
KZS8027,2026-06-20,weekend_deadline,0
MRB9312,2026-06-20,new_hire_onboarding,0
PHK3119,2026-06-20,new_hire_onboarding,0
RHK5954,2026-06-20,M3,1
RVG2870,2026-06-20,new_hire_onboarding,0
RZM7542,2026-06-20,weekend_deadline,0
SFX9426,2026-06-20,weekend_deadline,0
UDC1036,2026-06-20,legit_role_change,0
UKD6455,2026-06-20,on_call_night_work,0
UMH4248,2026-06-20,remote_relocation,0
VCL2588,2026-06-20,on_call_night_work,0
YWJ6443,2026-06-20,M2,1
ZWD7442,2026-06-20,new_hire_onboarding,0
AGA7372,2026-06-21,weekend_deadline,0
EWT2292,2026-06-21,on_call_night_work,0
FGU4691,2026-06-21,legit_role_change,0
FQR7082,2026-06-21,weekend_deadline,0
JEZ2409,2026-06-21,remote_relocation,0
KZS8027,2026-06-21,weekend_deadline,0
LUW6194,2026-06-21,M3,1
LXZ8609,2026-06-21,legit_role_change,0
MRB9312,2026-06-21,new_hire_onboarding,0
PHK3119,2026-06-21,new_hire_onboarding,0
PYE7970,2026-06-21,M7,1
RHK5954,2026-06-21,M3,1
RVG2870,2026-06-21,new_hire_onboarding,0
RZM7542,2026-06-21,weekend_deadline,0
SCA9486,2026-06-21,remote_relocation,0
SFX9426,2026-06-21,weekend_deadline,0
UUS3207,2026-06-21,remote_relocation,0
XUY0616,2026-06-21,M7,1
YWJ6443,2026-06-21,M2,1
ZWD7442,2026-06-21,new_hire_onboarding,0
EGC4448,2026-06-22,remote_relocation,0
EQJ3213,2026-06-22,remote_relocation,0
EWT2292,2026-06-22,on_call_night_work,0
EYN3867,2026-06-22,remote_relocation,0
FGU4691,2026-06-22,legit_role_change,0
FRV1809,2026-06-22,remote_relocation,0
FSK9241,2026-06-22,quarter_close_spike,0
GNJ4718,2026-06-22,remote_relocation,0
GQM3009,2026-06-22,remote_relocation,0
HKB6535,2026-06-22,remote_relocation,0
HNP8722,2026-06-22,remote_relocation,0
HUW0385,2026-06-22,remote_relocation,0
HXH6707,2026-06-22,remote_relocation,0
HZX9435,2026-06-22,business_travel,0
JEZ2409,2026-06-22,remote_relocation,0
JVA7931,2026-06-22,remote_relocation,0
JWY4263,2026-06-22,remote_relocation,0
KRB4673,2026-06-22,legit_role_change,0
LXZ8609,2026-06-22,legit_role_change,0
MRB9312,2026-06-22,new_hire_onboarding,0
NBE8069,2026-06-22,remote_relocation,0
NRK0173,2026-06-22,remote_relocation,0
NVQ5269,2026-06-22,remote_relocation,0
PHK3119,2026-06-22,new_hire_onboarding,0
PHM0513,2026-06-22,business_travel,0
PXN7264,2026-06-22,remote_relocation,0
PYB7646,2026-06-22,remote_relocation,0
PYE7970,2026-06-22,M7,1
QDE0143,2026-06-22,remote_relocation,0
QDT9172,2026-06-22,remote_relocation,0
QEU7845,2026-06-22,remote_relocation,0
RAT3363,2026-06-22,remote_relocation,0
RHK5954,2026-06-22,M3,1
RKP1272,2026-06-22,remote_relocation,0
RNS1506,2026-06-22,remote_relocation,0
RVG2870,2026-06-22,new_hire_onboarding,0
SCA9486,2026-06-22,remote_relocation,0
SUF2908,2026-06-22,remote_relocation,0
TDM1734,2026-06-22,remote_relocation,0
TPG1817,2026-06-22,remote_relocation,0
TQL9765,2026-06-22,remote_relocation,0
TRG3333,2026-06-22,remote_relocation,0
UEY0965,2026-06-22,remote_relocation,0
UKD6455,2026-06-22,on_call_night_work,0
UMH4248,2026-06-22,remote_relocation,0
UUS3207,2026-06-22,remote_relocation,0
VCL2588,2026-06-22,on_call_night_work,0
VLE2985,2026-06-22,remote_relocation,0
VXJ5240,2026-06-22,quarter_close_spike,0
WDQ5874,2026-06-22,remote_relocation,0
XBD0169,2026-06-22,quarter_close_spike,0
XHV9567,2026-06-22,remote_relocation,0
XUY0616,2026-06-22,M7,1
YDR6958,2026-06-22,remote_relocation,0
YWJ6443,2026-06-22,M2,1
ZAT8680,2026-06-22,remote_relocation,0
ZWD7442,2026-06-22,new_hire_onboarding,0
EGC4448,2026-06-23,remote_relocation,0
EQJ3213,2026-06-23,remote_relocation,0
EYN3867,2026-06-23,remote_relocation,0
FGU4691,2026-06-23,legit_role_change,0
FRV1809,2026-06-23,remote_relocation,0
FSK9241,2026-06-23,quarter_close_spike,0
FVA0221,2026-06-23,remote_relocation,0
GNJ4718,2026-06-23,remote_relocation,0
GQM3009,2026-06-23,remote_relocation,0
HKB6535,2026-06-23,remote_relocation,0
HNP8722,2026-06-23,remote_relocation,0
HUW0385,2026-06-23,remote_relocation,0
HXH6707,2026-06-23,remote_relocation,0
HZX9435,2026-06-23,business_travel,0
JEZ2409,2026-06-23,remote_relocation,0
JVA7931,2026-06-23,remote_relocation,0
JWY4263,2026-06-23,remote_relocation,0
LXZ8609,2026-06-23,legit_role_change,0
MQC6265,2026-06-23,business_travel,0
MRB9312,2026-06-23,new_hire_onboarding,0
NBE8069,2026-06-23,remote_relocation,0
NVQ5269,2026-06-23,remote_relocation,0
NZT5565,2026-06-23,M2,1
PHK3119,2026-06-23,new_hire_onboarding,0
PXN7264,2026-06-23,remote_relocation,0
PYB7646,2026-06-23,remote_relocation,0
QDE0143,2026-06-23,remote_relocation,0
QDT9172,2026-06-23,remote_relocation,0
QEU7845,2026-06-23,remote_relocation,0
RAT3363,2026-06-23,remote_relocation,0
RKP1272,2026-06-23,remote_relocation,0
RNS1506,2026-06-23,remote_relocation,0
RVG2870,2026-06-23,new_hire_onboarding,0
SCA9486,2026-06-23,remote_relocation,0
SUF2908,2026-06-23,remote_relocation,0
TDM1734,2026-06-23,remote_relocation,0
TPG1817,2026-06-23,remote_relocation,0
TQL9765,2026-06-23,remote_relocation,0
TRG3333,2026-06-23,remote_relocation,0
UDC1036,2026-06-23,legit_role_change,0
UEY0965,2026-06-23,remote_relocation,0
UMH4248,2026-06-23,remote_relocation,0
UUS3207,2026-06-23,remote_relocation,0
VLE2985,2026-06-23,remote_relocation,0
WDQ5874,2026-06-23,remote_relocation,0
XHV9567,2026-06-23,remote_relocation,0
XUY0616,2026-06-23,M7,1
YDR6958,2026-06-23,remote_relocation,0
YWJ6443,2026-06-23,M2,1
ZAT8680,2026-06-23,remote_relocation,0
ZWD7442,2026-06-23,new_hire_onboarding,0
EQJ3213,2026-06-24,remote_relocation,0
FGU4691,2026-06-24,legit_role_change,0
FRV1809,2026-06-24,remote_relocation,0
FVA0221,2026-06-24,remote_relocation,0
GNJ4718,2026-06-24,remote_relocation,0
GQM3009,2026-06-24,remote_relocation,0
HKB6535,2026-06-24,remote_relocation,0
HNP8722,2026-06-24,remote_relocation,0
HUW0385,2026-06-24,remote_relocation,0
HXH6707,2026-06-24,remote_relocation,0
HZX9435,2026-06-24,business_travel,0
JEZ2409,2026-06-24,remote_relocation,0
JVA7931,2026-06-24,remote_relocation,0
JWY4263,2026-06-24,remote_relocation,0
KRB4673,2026-06-24,legit_role_change,0
LAD8190,2026-06-24,M4,1
MAV1191,2026-06-24,M1,1
MQC6265,2026-06-24,business_travel,0
MRB9312,2026-06-24,new_hire_onboarding,0
NBE8069,2026-06-24,remote_relocation,0
NVQ5269,2026-06-24,remote_relocation,0
NZT5565,2026-06-24,M2,1
PHK3119,2026-06-24,new_hire_onboarding,0
PWL2596,2026-06-24,business_travel,0
PXN7264,2026-06-24,remote_relocation,0
PYB7646,2026-06-24,remote_relocation,0
PYE7970,2026-06-24,M7,1
QDE0143,2026-06-24,remote_relocation,0
QDT9172,2026-06-24,remote_relocation,0
QEU7845,2026-06-24,remote_relocation,0
QGK7077,2026-06-24,on_call_night_work,0
RKP1272,2026-06-24,remote_relocation,0
RNS1506,2026-06-24,remote_relocation,0
RVG2870,2026-06-24,new_hire_onboarding,0
SCA9486,2026-06-24,remote_relocation,0
SUF2908,2026-06-24,remote_relocation,0
TDM1734,2026-06-24,remote_relocation,0
TPG1817,2026-06-24,remote_relocation,0
TQL9765,2026-06-24,remote_relocation,0
TRG3333,2026-06-24,remote_relocation,0
UEY0965,2026-06-24,remote_relocation,0
UMH4248,2026-06-24,remote_relocation,0
UUS3207,2026-06-24,remote_relocation,0
VLE2985,2026-06-24,remote_relocation,0
WDQ5874,2026-06-24,remote_relocation,0
XHV9567,2026-06-24,remote_relocation,0
XUY0616,2026-06-24,M7,1
YDR6958,2026-06-24,remote_relocation,0
YLA7200,2026-06-24,M6,1
YWJ6443,2026-06-24,M2,1
ZAT8680,2026-06-24,remote_relocation,0
ZWD7442,2026-06-24,new_hire_onboarding,0
CME8175,2026-06-25,on_call_night_work,0
EGC4448,2026-06-25,remote_relocation,0
EQJ3213,2026-06-25,remote_relocation,0
EYN3867,2026-06-25,remote_relocation,0
FGU4691,2026-06-25,legit_role_change,0
FRV1809,2026-06-25,remote_relocation,0
FSK9241,2026-06-25,quarter_close_spike,0
FVA0221,2026-06-25,remote_relocation,0
GNJ4718,2026-06-25,remote_relocation,0
GQM3009,2026-06-25,remote_relocation,0
HKB6535,2026-06-25,remote_relocation,0
HNP8722,2026-06-25,remote_relocation,0
HUW0385,2026-06-25,remote_relocation,0
HXH6707,2026-06-25,remote_relocation,0
HZX9435,2026-06-25,business_travel,0
JDA6078,2026-06-25,remote_relocation,0
JEZ2409,2026-06-25,remote_relocation,0
JVA7931,2026-06-25,remote_relocation,0
JWY4263,2026-06-25,remote_relocation,0
LXZ8609,2026-06-25,legit_role_change,0
MAV1191,2026-06-25,M1,1
MQC6265,2026-06-25,business_travel,0
MRB9312,2026-06-25,new_hire_onboarding,0
NBE8069,2026-06-25,remote_relocation,0
NRK0173,2026-06-25,remote_relocation,0
NVQ5269,2026-06-25,remote_relocation,0
NZT5565,2026-06-25,M2,1
PHK3119,2026-06-25,new_hire_onboarding,0
PWL2596,2026-06-25,business_travel,0
PXN7264,2026-06-25,remote_relocation,0
PYB7646,2026-06-25,remote_relocation,0
QDE0143,2026-06-25,remote_relocation,0
QDT9172,2026-06-25,remote_relocation,0
QEU7845,2026-06-25,remote_relocation,0
RAT3363,2026-06-25,remote_relocation,0
RKP1272,2026-06-25,remote_relocation,0
RNS1506,2026-06-25,remote_relocation,0
RVG2870,2026-06-25,new_hire_onboarding,0
SCA9486,2026-06-25,remote_relocation,0
SUF2908,2026-06-25,remote_relocation,0
TDM1734,2026-06-25,remote_relocation,0
TPG1817,2026-06-25,remote_relocation,0
TQL9765,2026-06-25,remote_relocation,0
TRG3333,2026-06-25,remote_relocation,0
UEY0965,2026-06-25,remote_relocation,0
UKD6455,2026-06-25,on_call_night_work,0
UMH4248,2026-06-25,remote_relocation,0
UUS3207,2026-06-25,remote_relocation,0
VLE2985,2026-06-25,remote_relocation,0
WDQ5874,2026-06-25,remote_relocation,0
XUY0616,2026-06-25,M7,1
YDR6958,2026-06-25,remote_relocation,0
ZAT8680,2026-06-25,remote_relocation,0
ZWD7442,2026-06-25,new_hire_onboarding,0
DTC1360,2026-06-26,remote_relocation,0
EGC4448,2026-06-26,remote_relocation,0
EQJ3213,2026-06-26,remote_relocation,0
EYN3867,2026-06-26,remote_relocation,0
FGU4691,2026-06-26,legit_role_change,0
FRV1809,2026-06-26,remote_relocation,0
FSK9241,2026-06-26,quarter_close_spike,0
FVA0221,2026-06-26,remote_relocation,0
GNJ4718,2026-06-26,remote_relocation,0
GQM3009,2026-06-26,remote_relocation,0
HKB6535,2026-06-26,remote_relocation,0
HNP8722,2026-06-26,remote_relocation,0
HUW0385,2026-06-26,remote_relocation,0
HXH6707,2026-06-26,remote_relocation,0
HZX9435,2026-06-26,business_travel,0
JDA6078,2026-06-26,remote_relocation,0
JEZ2409,2026-06-26,remote_relocation,0
JVA7931,2026-06-26,remote_relocation,0
JWY4263,2026-06-26,remote_relocation,0
KRB4673,2026-06-26,legit_role_change,0
LXZ8609,2026-06-26,legit_role_change,0
MAV1191,2026-06-26,M1,1
MQC6265,2026-06-26,business_travel,0
MRB9312,2026-06-26,new_hire_onboarding,0
NBE8069,2026-06-26,remote_relocation,0
NRK0173,2026-06-26,remote_relocation,0
NVQ5269,2026-06-26,remote_relocation,0
NZT5565,2026-06-26,M2,1
PHK3119,2026-06-26,new_hire_onboarding,0
PWL2596,2026-06-26,business_travel,0
PXN7264,2026-06-26,remote_relocation,0
PYB7646,2026-06-26,remote_relocation,0
QDT9172,2026-06-26,remote_relocation,0
QEU7845,2026-06-26,remote_relocation,0
RAT3363,2026-06-26,remote_relocation,0
RKP1272,2026-06-26,remote_relocation,0
RNS1506,2026-06-26,remote_relocation,0
RVG2870,2026-06-26,new_hire_onboarding,0
SCA9486,2026-06-26,remote_relocation,0
SUF2908,2026-06-26,remote_relocation,0
TDM1734,2026-06-26,remote_relocation,0
TPG1817,2026-06-26,remote_relocation,0
TQL9765,2026-06-26,remote_relocation,0
TRG3333,2026-06-26,remote_relocation,0
TZU4501,2026-06-26,on_call_night_work,0
UEY0965,2026-06-26,remote_relocation,0
UMH4248,2026-06-26,remote_relocation,0
UUS3207,2026-06-26,remote_relocation,0
VLE2985,2026-06-26,remote_relocation,0
WDQ5874,2026-06-26,remote_relocation,0
XHV9567,2026-06-26,remote_relocation,0
YDR6958,2026-06-26,remote_relocation,0
ZAT8680,2026-06-26,remote_relocation,0
ZWD7442,2026-06-26,new_hire_onboarding,0
AGA7372,2026-06-27,weekend_deadline,0
FQR7082,2026-06-27,weekend_deadline,0
KRB4673,2026-06-27,legit_role_change,0
MAV1191,2026-06-27,M1,1
MRB9312,2026-06-27,new_hire_onboarding,0
NBE8069,2026-06-27,remote_relocation,0
NZT5565,2026-06-27,M2,1
RVG2870,2026-06-27,new_hire_onboarding,0
SFX9426,2026-06-27,weekend_deadline,0
UDC1036,2026-06-27,legit_role_change,0
UKD6455,2026-06-27,on_call_night_work,0
WLN4398,2026-06-27,weekend_deadline,0
XUY0616,2026-06-27,M7,1
ZWD7442,2026-06-27,new_hire_onboarding,0
FGU4691,2026-06-28,legit_role_change,0
FQR7082,2026-06-28,weekend_deadline,0
GQH7330,2026-06-28,on_call_night_work,0
KRB4673,2026-06-28,legit_role_change,0
MRB9312,2026-06-28,new_hire_onboarding,0
NRK0173,2026-06-28,remote_relocation,0
NZT5565,2026-06-28,M2,1
RVG2870,2026-06-28,new_hire_onboarding,0
RZM7542,2026-06-28,weekend_deadline,0
SFX9426,2026-06-28,weekend_deadline,0
UDC1036,2026-06-28,legit_role_change,0
WLN4398,2026-06-28,weekend_deadline,0
XUY0616,2026-06-28,M7,1
ZWD7442,2026-06-28,new_hire_onboarding,0
DTC1360,2026-06-29,remote_relocation,0
EGC4448,2026-06-29,remote_relocation,0
EQJ3213,2026-06-29,remote_relocation,0
EYN3867,2026-06-29,remote_relocation,0
FRV1809,2026-06-29,remote_relocation,0
FVA0221,2026-06-29,remote_relocation,0
GNJ4718,2026-06-29,remote_relocation,0
GQM3009,2026-06-29,remote_relocation,0
HKB6535,2026-06-29,remote_relocation,0
HNP8722,2026-06-29,remote_relocation,0
HUW0385,2026-06-29,remote_relocation,0
HZX9435,2026-06-29,business_travel,0
JDA6078,2026-06-29,remote_relocation,0
JEZ2409,2026-06-29,remote_relocation,0
JVA7931,2026-06-29,remote_relocation,0
JWY4263,2026-06-29,remote_relocation,0
KRB4673,2026-06-29,legit_role_change,0
LAD8190,2026-06-29,M4,1
NBE8069,2026-06-29,remote_relocation,0
NRK0173,2026-06-29,remote_relocation,0
NVQ5269,2026-06-29,remote_relocation,0
NZT5565,2026-06-29,M2,1
PWL2596,2026-06-29,business_travel,0
PXN7264,2026-06-29,remote_relocation,0
PYB7646,2026-06-29,remote_relocation,0
QDE0143,2026-06-29,remote_relocation,0
QDT9172,2026-06-29,remote_relocation,0
QEU7845,2026-06-29,remote_relocation,0
QJE3186,2026-06-29,remote_relocation,0
RAT3363,2026-06-29,remote_relocation,0
RKP1272,2026-06-29,remote_relocation,0
RNS1506,2026-06-29,remote_relocation,0
RVG2870,2026-06-29,new_hire_onboarding,0
SCA9486,2026-06-29,remote_relocation,0
SUF2908,2026-06-29,remote_relocation,0
TDM1734,2026-06-29,remote_relocation,0
TPG1817,2026-06-29,remote_relocation,0
TQL9765,2026-06-29,remote_relocation,0
TRG3333,2026-06-29,remote_relocation,0
UDC1036,2026-06-29,legit_role_change,0
UEY0965,2026-06-29,remote_relocation,0
UMH4248,2026-06-29,remote_relocation,0
VLE2985,2026-06-29,remote_relocation,0
WDQ5874,2026-06-29,remote_relocation,0
XHV9567,2026-06-29,remote_relocation,0
YDR6958,2026-06-29,remote_relocation,0
ZAT8680,2026-06-29,remote_relocation,0
ZWD7442,2026-06-29,new_hire_onboarding,0
DTC1360,2026-06-30,remote_relocation,0
EGC4448,2026-06-30,remote_relocation,0
EQJ3213,2026-06-30,remote_relocation,0
EYN3867,2026-06-30,remote_relocation,0
FRV1809,2026-06-30,remote_relocation,0
FVA0221,2026-06-30,remote_relocation,0
GNJ4718,2026-06-30,remote_relocation,0
GQM3009,2026-06-30,remote_relocation,0
HKB6535,2026-06-30,remote_relocation,0
HNP8722,2026-06-30,remote_relocation,0
HUW0385,2026-06-30,remote_relocation,0
HZX9435,2026-06-30,business_travel,0
JDA6078,2026-06-30,remote_relocation,0
JEZ2409,2026-06-30,remote_relocation,0
JVA7931,2026-06-30,remote_relocation,0
JWY4263,2026-06-30,remote_relocation,0
NBE8069,2026-06-30,remote_relocation,0
NRK0173,2026-06-30,remote_relocation,0
NVQ5269,2026-06-30,remote_relocation,0
PXN7264,2026-06-30,remote_relocation,0
PYB7646,2026-06-30,remote_relocation,0
QDE0143,2026-06-30,remote_relocation,0
QDT9172,2026-06-30,remote_relocation,0
QEU7845,2026-06-30,remote_relocation,0
QJE3186,2026-06-30,remote_relocation,0
RAT3363,2026-06-30,remote_relocation,0
RKP1272,2026-06-30,remote_relocation,0
RNS1506,2026-06-30,remote_relocation,0
RVG2870,2026-06-30,new_hire_onboarding,0
SCA9486,2026-06-30,remote_relocation,0
SUF2908,2026-06-30,remote_relocation,0
TDM1734,2026-06-30,remote_relocation,0
TPG1817,2026-06-30,remote_relocation,0
TQL9765,2026-06-30,remote_relocation,0
TRG3333,2026-06-30,remote_relocation,0
UEY0965,2026-06-30,remote_relocation,0
UMH4248,2026-06-30,remote_relocation,0
UUS3207,2026-06-30,remote_relocation,0
VLE2985,2026-06-30,remote_relocation,0
WDQ5874,2026-06-30,remote_relocation,0
XHV9567,2026-06-30,remote_relocation,0
ZAT8680,2026-06-30,remote_relocation,0
AHL0182,2026-07-01,M6,1
DTC1360,2026-07-01,remote_relocation,0
EGC4448,2026-07-01,remote_relocation,0
EQJ3213,2026-07-01,remote_relocation,0
EYN3867,2026-07-01,remote_relocation,0
FRV1809,2026-07-01,remote_relocation,0
FVA0221,2026-07-01,remote_relocation,0
GNJ4718,2026-07-01,remote_relocation,0
GQM3009,2026-07-01,remote_relocation,0
HKB6535,2026-07-01,remote_relocation,0
HNP8722,2026-07-01,remote_relocation,0
HUW0385,2026-07-01,remote_relocation,0
HXH6707,2026-07-01,remote_relocation,0
HZX9435,2026-07-01,business_travel,0
JDA6078,2026-07-01,remote_relocation,0
JEZ2409,2026-07-01,remote_relocation,0
JVA7931,2026-07-01,remote_relocation,0
JWY4263,2026-07-01,remote_relocation,0
NBE8069,2026-07-01,remote_relocation,0
NRK0173,2026-07-01,remote_relocation,0
NVQ5269,2026-07-01,remote_relocation,0
PXN7264,2026-07-01,remote_relocation,0
PYB7646,2026-07-01,remote_relocation,0
QDE0143,2026-07-01,remote_relocation,0
QDT9172,2026-07-01,remote_relocation,0
QEU7845,2026-07-01,remote_relocation,0
QJE3186,2026-07-01,remote_relocation,0
RAT3363,2026-07-01,remote_relocation,0
RKP1272,2026-07-01,remote_relocation,0
RNS1506,2026-07-01,remote_relocation,0
SCA9486,2026-07-01,remote_relocation,0
SUF2908,2026-07-01,remote_relocation,0
TDM1734,2026-07-01,remote_relocation,0
TPG1817,2026-07-01,remote_relocation,0
TQL9765,2026-07-01,remote_relocation,0
TRG3333,2026-07-01,remote_relocation,0
UDC1036,2026-07-01,legit_role_change,0
UMH4248,2026-07-01,remote_relocation,0
UUS3207,2026-07-01,remote_relocation,0
VLE2985,2026-07-01,remote_relocation,0
WDQ5874,2026-07-01,remote_relocation,0
XHV9567,2026-07-01,remote_relocation,0
YDR6958,2026-07-01,remote_relocation,0
ZAT8680,2026-07-01,remote_relocation,0
DTC1360,2026-07-02,remote_relocation,0
EGC4448,2026-07-02,remote_relocation,0
EQJ3213,2026-07-02,remote_relocation,0
EYN3867,2026-07-02,remote_relocation,0
FRV1809,2026-07-02,remote_relocation,0
FVA0221,2026-07-02,remote_relocation,0
GNJ4718,2026-07-02,remote_relocation,0
GQM3009,2026-07-02,remote_relocation,0
HKB6535,2026-07-02,remote_relocation,0
HNP8722,2026-07-02,remote_relocation,0
HUW0385,2026-07-02,remote_relocation,0
HXH6707,2026-07-02,remote_relocation,0
JDA6078,2026-07-02,remote_relocation,0
JEZ2409,2026-07-02,remote_relocation,0
JVA7931,2026-07-02,remote_relocation,0
JWY4263,2026-07-02,remote_relocation,0
NBE8069,2026-07-02,remote_relocation,0
NRK0173,2026-07-02,remote_relocation,0
NVQ5269,2026-07-02,remote_relocation,0
PXN7264,2026-07-02,remote_relocation,0
PYB7646,2026-07-02,remote_relocation,0
QDE0143,2026-07-02,remote_relocation,0
QDT9172,2026-07-02,remote_relocation,0
QEU7845,2026-07-02,remote_relocation,0
QJE3186,2026-07-02,remote_relocation,0
RAT3363,2026-07-02,remote_relocation,0
RKP1272,2026-07-02,remote_relocation,0
RNS1506,2026-07-02,remote_relocation,0
SCA9486,2026-07-02,remote_relocation,0
SUF2908,2026-07-02,remote_relocation,0
TDM1734,2026-07-02,remote_relocation,0
TPG1817,2026-07-02,remote_relocation,0
TQL9765,2026-07-02,remote_relocation,0
TRG3333,2026-07-02,remote_relocation,0
UEY0965,2026-07-02,remote_relocation,0
UMH4248,2026-07-02,remote_relocation,0
UUS3207,2026-07-02,remote_relocation,0
VLE2985,2026-07-02,remote_relocation,0
WDQ5874,2026-07-02,remote_relocation,0
XHV9567,2026-07-02,remote_relocation,0
YDR6958,2026-07-02,remote_relocation,0
ZAT8680,2026-07-02,remote_relocation,0
DTC1360,2026-07-03,remote_relocation,0
EGC4448,2026-07-03,remote_relocation,0
EQJ3213,2026-07-03,remote_relocation,0
EYN3867,2026-07-03,remote_relocation,0
FRV1809,2026-07-03,remote_relocation,0
FVA0221,2026-07-03,remote_relocation,0
GNJ4718,2026-07-03,remote_relocation,0
GQM3009,2026-07-03,remote_relocation,0
HKB6535,2026-07-03,remote_relocation,0
HNP8722,2026-07-03,remote_relocation,0
HUW0385,2026-07-03,remote_relocation,0
HXH6707,2026-07-03,remote_relocation,0
JDA6078,2026-07-03,remote_relocation,0
JEZ2409,2026-07-03,remote_relocation,0
JVA7931,2026-07-03,remote_relocation,0
JWY4263,2026-07-03,remote_relocation,0
NBE8069,2026-07-03,remote_relocation,0
NRK0173,2026-07-03,remote_relocation,0
NVQ5269,2026-07-03,remote_relocation,0
PXN7264,2026-07-03,remote_relocation,0
PYB7646,2026-07-03,remote_relocation,0
QDE0143,2026-07-03,remote_relocation,0
QEU7845,2026-07-03,remote_relocation,0
QJE3186,2026-07-03,remote_relocation,0
RAT3363,2026-07-03,remote_relocation,0
RKP1272,2026-07-03,remote_relocation,0
RNS1506,2026-07-03,remote_relocation,0
SCA9486,2026-07-03,remote_relocation,0
SUF2908,2026-07-03,remote_relocation,0
TDM1734,2026-07-03,remote_relocation,0
TPG1817,2026-07-03,remote_relocation,0
TQL9765,2026-07-03,remote_relocation,0
TRG3333,2026-07-03,remote_relocation,0
UEY0965,2026-07-03,remote_relocation,0
UMH4248,2026-07-03,remote_relocation,0
UUS3207,2026-07-03,remote_relocation,0
VLE2985,2026-07-03,remote_relocation,0
WDQ5874,2026-07-03,remote_relocation,0
XHV9567,2026-07-03,remote_relocation,0
YDR6958,2026-07-03,remote_relocation,0
ZAT8680,2026-07-03,remote_relocation,0
