user_id,role,department,peer_group,work_start,work_end,home_country,home_city,on_call,primary_device
GND9693,Software Engineer,Engineering,Engineering-Software_Engineer,09:27,17:44,GB,London,False,JB86341
DEX6345,Sales Representative,Sales,Sales-Sales_Representative,08:35,16:46,US,New York,False,PT79282
DBZ5792,Software Engineer,Engineering,Engineering-Software_Engineer,08:03,16:43,US,New York,False,KD95946
GDQ4471,Financial Analyst,Finance,Finance-Financial_Analyst,08:34,16:44,IN,Pune,False,KK65396
HXH6707,Financial Analyst,Finance,Finance-Financial_Analyst,08:58,17:28,US,Austin,False,TU03255
QUF3361,Legal Counsel,Legal,Legal-Legal_Counsel,05:58,15:27,US,Seattle,False,JZ48439
HGD7422,Manager,Sales,Sales-Manager,06:13,14:27,GB,Manchester,False,XY27146
MHN7634,Systems Administrator,IT,IT-Systems_Administrator,08:04,16:13,US,Austin,False,RN50158
BQC9005,HR Specialist,HR,HR-HR_Specialist,09:10,18:19,GB,London,False,KK75667
NRG9357,Manager,Engineering,Engineering-Manager,09:06,18:15,IN,Hyderabad,False,LC44318
FCS6144,Manager,Engineering,Engineering-Manager,09:17,18:38,US,Austin,False,KH87786
DQV6521,Sales Representative,Sales,Sales-Sales_Representative,09:11,17:28,BR,Sao Paulo,False,TS89275
JNS0679,DevOps Engineer,DevOps,DevOps-DevOps_Engineer,09:21,18:20,US,Chicago,False,GA41434
PMT8929,Software Engineer,Engineering,Engineering-Software_Engineer,08:58,17:27,DE,Hamburg,False,PM99405
HNT5815,DevOps Engineer,DevOps,DevOps-DevOps_Engineer,08:02,16:31,DE,Berlin,False,UE34709
QJY3577,Support Agent,Support,Support-Support_Agent,06:05,14:30,US,Seattle,True,DS38487
XRA6244,Support Agent,Support,Support-Support_Agent,08:57,18:25,DE,Hamburg,False,AK03992
FVG4733,Software Engineer,Engineering,Engineering-Software_Engineer,06:04,14:17,GB,London,False,JZ77457
UPL0578,Systems Administrator,IT,IT-Systems_Administrator,09:19,18:05,BR,Rio de Janeiro,False,TH30540
XNY7975,Legal Counsel,Legal,Legal-Legal_Counsel,08:16,17:31,BR,Rio de Janeiro,False,WR65320
KZG4945,DevOps Engineer,DevOps,DevOps-DevOps_Engineer,08:07,16:53,US,Seattle,True,VR21644
LGE7701,Software Engineer,Engineering,Engineering-Software_Engineer,09:10,18:39,BR,Rio de Janeiro,False,UF47119
QKF3756,Manager,Engineering,Engineering-Manager,08:07,16:15,DE,Hamburg,False,RS79995
ETF1221,DevOps Engineer,DevOps,DevOps-DevOps_Engineer,08:38,17:45,US,Denver,True,UT89802
SUG3283,Support Agent,Support,Support-Support_Agent,08:45,17:45,US,Denver,False,AE34897
TZA7171,Sales Representative,Sales,Sales-Sales_Representative,05:49,14:33,IN,Pune,False,UP22988
FHR9973,Software Engineer,Engineering,Engineering-Software_Engineer,09:14,18:27,GB,London,False,AT91553
ZWY4442,Systems Administrator,IT,IT-Systems_Administrator,06:28,15:13,US,Seattle,False,CE53552
XBN4913,DevOps Engineer,DevOps,DevOps-DevOps_Engineer,06:13,14:46,IN,Bengaluru,False,LX80502
HHD9083,Software Engineer,Engineering,Engineering-Software_Engineer,09:05,17:59,US,Seattle,False,RZ66549
EKA8131,Support Agent,Support,Support-Support_Agent,08:22,16:31,GB,Manchester,False,KV44291
FGK0491,Software Engineer,Engineering,Engineering-Software_Engineer,09:22,18:12,US,Chicago,False,YB29906
LCK9948,Support Agent,Support,Support-Support_Agent,08:13,17:16,IN,Hyderabad,False,LD33206
BSW8923,Software Engineer,Engineering,Engineering-Software_Engineer,08:19,16:53,US,Chicago,False,VR48185
PDG5421,DevOps Engineer,DevOps,DevOps-DevOps_Engineer,08:39,17:32,DE,Hamburg,False,XB08059
FVX0860,Manager,Engineering,Engineering-Manager,08:48,18:11,US,Chicago,False,UK51776
HEP6887,Sales Representative,Sales,Sales-Sales_Representative,08:01,16:48,US,New York,False,NA25766
XLD3365,Systems Administrator,IT,IT-Systems_Administrator,09:26,18:53,IN,Pune,False,YU58975
TEB4639,Systems Administrator,IT,IT-Systems_Administrator,08:30,16:48,US,Seattle,False,WY29916
BJB5097,Software Engineer,Engineering,Engineering-Software_Engineer,08:36,17:04,IN,Pune,False,ZV87944
NTR2952,Software Engineer,Engineering,Engineering-Software_Engineer,08:37,17:56,US,New York,False,NM13240
TPW6281,Sales Representative,Sales,Sales-Sales_Representative,09:25,18:17,GB,London,False,MB30473
ZVB8376,Sales Representative,Sales,Sales-Sales_Representative,09:10,18:24,US,New York,False,HA08464
MJD5091,Manager,Support,Support-Manager,08:55,17:07,GB,Manchester,False,TP67734
XGE6775,Sales Representative,Sales,Sales-Sales_Representative,08:26,16:54,DE,Munich,False,XL46829
STE4877,Legal Counsel,Legal,Legal-Legal_Counsel,09:06,17:22,GB,Leeds,False,GA56370
VUH9541,DevOps Engineer,DevOps,DevOps-DevOps_Engineer,09:16,17:22,US,Seattle,False,NA52093
UDC1036,Legal Counsel,Legal,Legal-Legal_Counsel,09:19,17:55,IN,Bengaluru,False,SX45872
TVQ3558,Sales Representative,Sales,Sales-Sales_Representative,08:46,16:55,GB,Leeds,False,TQ90678
ETJ1562,Legal Counsel,Legal,Legal-Legal_Counsel,08:07,16:58,US,Austin,False,BC45352
QBD5497,DevOps Engineer,DevOps,DevOps-DevOps_Engineer,08:00,16:56,GB,Leeds,False,ZM70369
GTD1289,Financial Analyst,Finance,Finance-Financial_Analyst,09:23,17:43,IN,Hyderabad,False,NP84087
GCX8279,Systems Administrator,IT,IT-Systems_Administrator,09:14,18:20,GB,London,True,DT01116
UMZ2829,Sales Representative,Sales,Sales-Sales_Representative,09:02,17:07,DE,Hamburg,False,ER20942
MSQ8629,Systems Administrator,IT,IT-Systems_Administrator,06:20,15:30,GB,London,False,NU00861
JNF8252,Software Engineer,Engineering,Engineering-Software_Engineer,08:51,17:03,US,New York,False,ED28834
PNS5109,Support Agent,Support,Support-Support_Agent,09:01,17:42,US,Austin,False,VM25868
LYU9776,Manager,DevOps,DevOps-Manager,08:04,16:37,IN,Bengaluru,True,XK12512
NES9078,Support Agent,Support,Support-Support_Agent,09:18,17:28,DE,Munich,False,PE36645
AWR3646,Software Engineer,Engineering,Engineering-Software_Engineer,08:40,18:08,US,Austin,False,WU37146
EGC4448,Software Engineer,Engineering,Engineering-Software_Engineer,08:55,17:27,DE,Berlin,False,CR71848
JGB0064,DevOps Engineer,DevOps,DevOps-DevOps_Engineer,08:57,18:17,US,Denver,False,ZT71873
VMF5653,Systems Administrator,IT,IT-Systems_Administrator,08:28,17:03,IN,Bengaluru,False,ER86725
GXX6793,Manager,Engineering,Engineering-Manager,08:20,17:21,DE,Hamburg,False,UC88338
EAE9892,Support Agent,Support,Support-Support_Agent,08:24,17:03,US,Austin,False,PR73798
YXE8184,Manager,HR,HR-Manager,09:23,17:31,US,New York,False,FV51244
SZM2079,Financial Analyst,Finance,Finance-Financial_Analyst,08:53,17:29,US,New York,False,KS75031
MKC9629,Support Agent,Support,Support-Support_Agent,09:06,17:18,BR,Curitiba,True,RQ89407
LVS6177,Manager,HR,HR-Manager,08:52,17:12,US,Denver,False,FK74038
YWK9244,Support Agent,Support,Support-Support_Agent,05:40,14:53,US,Seattle,True,DL78480
UUH8521,Sales Representative,Sales,Sales-Sales_Representative,08:00,16:11,US,Chicago,False,BV40157
GHW1878,Software Engineer,Engineering,Engineering-Software_Engineer,08:53,17:20,DE,Munich,False,BJ50494
XYY9723,Sales Representative,Sales,Sales-Sales_Representative,09:12,18:32,US,Austin,False,SH17740
ZFL8607,Legal Counsel,Legal,Legal-Legal_Counsel,08:24,17:31,DE,Munich,False,HF23952
XDF3286,Financial Analyst,Finance,Finance-Financial_Analyst,08:59,18:21,DE,Berlin,False,HC94566
YCY0882,Manager,Legal,Legal-Manager,08:23,17:22,US,Chicago,False,FY54267
ZLJ5960,Systems Administrator,IT,IT-Systems_Administrator,09:07,17:30,IN,Pune,False,AZ88862
KTE8576,Legal Counsel,Legal,Legal-Legal_Counsel,08:22,16:35,US,Seattle,False,JP63576
YML8814,Sales Representative,Sales,Sales-Sales_Representative,08:00,16:54,US,New York,False,JC43238
AEH6551,Sales Representative,Sales,Sales-Sales_Representative,08:46,17:50,US,Austin,False,LD99808
AKV0526,Manager,Legal,Legal-Manager,08:23,16:38,IN,Pune,False,XB54235
TLW1083,Systems Administrator,IT,IT-Systems_Administrator,09:02,17:06,IN,Hyderabad,True,NP37924
CLM1185,Manager,Engineering,Engineering-Manager,09:09,17:48,US,New York,False,MF16816
CRP1610,Systems Administrator,IT,IT-Systems_Administrator,08:03,17:24,US,New York,False,AW12646
TXQ6972,Sales Representative,Sales,Sales-Sales_Representative,08:57,18:03,DE,Munich,False,VB34094
BFV9326,DevOps Engineer,DevOps,DevOps-DevOps_Engineer,08:25,16:53,GB,Leeds,False,PD26320
YGW2220,Software Engineer,Engineering,Engineering-Software_Engineer,09:04,18:34,US,Chicago,False,WC91111
TNT2352,HR Specialist,HR,HR-HR_Specialist,09:21,17:47,GB,Manchester,False,JN62472
FTQ9220,Manager,Sales,Sales-Manager,09:27,17:46,DE,Berlin,False,EU27169
XCS2082,HR Specialist,HR,HR-HR_Specialist,09:01,17:06,US,Seattle,False,RV46389
WAC4462,Support Agent,Support,Support-Support_Agent,08:47,16:54,US,Chicago,False,UL06250
JVW7508,Support Agent,Support,Support-Support_Agent,08:33,17:50,GB,London,True,EC05817
ZLQ1264,Sales Representative,Sales,Sales-Sales_Representative,06:12,14:47,DE,Munich,False,GB16814
ATY1642,Systems Administrator,IT,IT-Systems_Administrator,08:17,17:08,US,Denver,True,TN13743
JSA7385,Legal Counsel,Legal,Legal-Legal_Counsel,08:30,17:21,GB,Leeds,False,UT59806
GXQ4234,Systems Administrator,IT,IT-Systems_Administrator,06:27,15:52,US,New York,False,EV33028
FYC6985,DevOps Engineer,DevOps,DevOps-DevOps_Engineer,08:39,17:23,US,Seattle,False,ZV47598
DYQ2940,Systems Administrator,IT,IT-Systems_Administrator,09:15,17:48,US,Austin,False,HF42194
JVA8754,Manager,Legal,Legal-Manager,06:29,14:51,GB,Manchester,False,VZ16413
LDC5457,Software Engineer,Engineering,Engineering-Software_Engineer,08:21,17:30,GB,London,False,AC50065
BYA7369,Software Engineer,Engineering,Engineering-Software_Engineer,08:26,16:59,DE,Hamburg,False,XX89238
TDW4991,Software Engineer,Engineering,Engineering-Software_Engineer,08:31,17:49,DE,Berlin,False,CQ34515
UGU2332,Manager,Sales,Sales-Manager,08:55,17:59,US,Seattle,False,ZL75299
ADV1511,Software Engineer,Engineering,Engineering-Software_Engineer,08:14,16:14,IN,Hyderabad,False,FL59621
HYK2871,Systems Administrator,IT,IT-Systems_Administrator,09:03,17:17,DE,Hamburg,False,SH69658
YSR4292,Software Engineer,Engineering,Engineering-Software_Engineer,08:53,17:15,US,Chicago,False,QR21284
KAQ4260,HR Specialist,HR,HR-HR_Specialist,08:40,17:58,IN,Bengaluru,False,MB13546
YAW5851,Sales Representative,Sales,Sales-Sales_Representative,09:02,17:17,US,New York,False,WV97516
QNP1003,Support Agent,Support,Support-Support_Agent,09:12,18:02,GB,Manchester,True,WK34200
NUC9178,Software Engineer,Engineering,Engineering-Software_Engineer,05:47,14:19,DE,Berlin,False,PQ55178
RTK6170,Software Engineer,Engineering,Engineering-Software_Engineer,08:05,16:24,GB,Manchester,False,BK60285
VJA7085,HR Specialist,HR,HR-HR_Specialist,09:15,17:25,IN,Bengaluru,False,SZ30269
YSW7344,Software Engineer,Engineering,Engineering-Software_Engineer,08:14,16:18,BR,Curitiba,False,QV04887
DRQ4774,HR Specialist,HR,HR-HR_Specialist,08:14,17:29,IN,Hyderabad,False,KY11232
GYE0667,Software Engineer,Engineering,Engineering-Software_Engineer,09:30,18:18,US,New York,False,LL85535
SXL0642,Support Agent,Support,Support-Support_Agent,08:57,18:15,GB,Leeds,False,LN17381
JMY7303,Support Agent,Support,Support-Support_Agent,09:30,18:51,IN,Pune,False,RF50504
AAA0409,Sales Representative,Sales,Sales-Sales_Representative,08:26,17:40,US,Seattle,False,BQ09289
HDS8884,Software Engineer,Engineering,Engineering-Software_Engineer,08:42,17:28,US,Chicago,False,TG96948
ZSD2941,Sales Representative,Sales,Sales-Sales_Representative,08:09,16:35,BR,Rio de Janeiro,False,FQ24310
SJN3046,Support Agent,Support,Support-Support_Agent,08:50,17:19,DE,Berlin,False,JP07479
KHX2969,Manager,Engineering,Engineering-Manager,08:56,18:09,IN,Pune,False,HY20719
ZMK0606,DevOps Engineer,DevOps,DevOps-DevOps_Engineer,09:20,18:13,GB,London,False,DH05824
SXN1549,Systems Administrator,IT,IT-Systems_Administrator,09:12,18:19,US,New York,False,YU04620
RLA1209,DevOps Engineer,DevOps,DevOps-DevOps_Engineer,09:08,18:28,US,Denver,False,FV37445
QWM5245,Software Engineer,Engineering,Engineering-Software_Engineer,13:42,22:31,US,Chicago,False,GM39443
SPA9874,Software Engineer,Engineering,Engineering-Software_Engineer,05:59,14:40,DE,Berlin,False,CJ42024
MQE0556,Software Engineer,Engineering,Engineering-Software_Engineer,13:34,21:42,DE,Hamburg,False,AQ64817
YGD6007,Software Engineer,Engineering,Engineering-Software_Engineer,08:44,17:36,US,Seattle,False,NJ62583
PBB3896,Software Engineer,Engineering,Engineering-Software_Engineer,08:10,16:15,BR,Rio de Janeiro,False,TU40051
QGN4889,Manager,DevOps,DevOps-Manager,08:09,16:22,DE,Munich,False,ZD76932
CXM1041,DevOps Engineer,DevOps,DevOps-DevOps_Engineer,08:34,16:54,US,Seattle,True,SF96992
HZY8923,Financial Analyst,Finance,Finance-Financial_Analyst,05:43,14:39,GB,London,False,EZ62905
WUQ1004,Systems Administrator,IT,IT-Systems_Administrator,05:33,15:02,US,Chicago,False,UV68864
FYW9481,Software Engineer,Engineering,Engineering-Software_Engineer,08:11,17:25,GB,London,False,YY79474
DVP3588,DevOps Engineer,DevOps,DevOps-DevOps_Engineer,08:23,17:36,US,Austin,False,ZP72098
AHL0182,Software Engineer,Engineering,Engineering-Software_Engineer,08:20,17:12,IN,Hyderabad,False,ES60701
WRH5562,Support Agent,Support,Support-Support_Agent,08:30,17:29,US,Austin,False,AR50921
UCZ4677,Financial Analyst,Finance,Finance-Financial_Analyst,08:24,17:06,US,New York,False,NN27216
TGH1943,Software Engineer,Engineering,Engineering-Software_Engineer,08:09,16:21,BR,Rio de Janeiro,False,ZB71674
XYY3402,DevOps Engineer,DevOps,DevOps-DevOps_Engineer,08:58,17:47,US,Seattle,False,QR80147
UKM1933,Sales Representative,Sales,Sales-Sales_Representative,09:03,17:15,US,Seattle,False,UD51461
UQU4319,Manager,Engineering,Engineering-Manager,08:26,17:35,IN,Hyderabad,False,TX51752
DLN5803,Systems Administrator,IT,IT-Systems_Administrator,08:47,16:54,IN,Hyderabad,True,BE71510
UUZ0064,Software Engineer,Engineering,Engineering-Software_Engineer,09:28,18:47,GB,Manchester,False,DP72010
YLW8258,Sales Representative,Sales,Sales-Sales_Representative,08:54,17:51,US,Seattle,False,JP33568
LQT4211,DevOps Engineer,DevOps,DevOps-DevOps_Engineer,09:02,18:25,IN,Hyderabad,False,RX85153
VUU0128,DevOps Engineer,DevOps,DevOps-DevOps_Engineer,08:19,16:43,BR,Sao Paulo,False,JC09055
BXW0831,Sales Representative,Sales,Sales-Sales_Representative,08:51,17:35,US,Austin,False,UK77780
BBY7672,HR Specialist,HR,HR-HR_Specialist,08:46,18:08,IN,Hyderabad,False,NG42056
FXW8392,Support Agent,Support,Support-Support_Agent,06:30,15:54,BR,Rio de Janeiro,False,YF03667
SPR1414,DevOps Engineer,DevOps,DevOps-DevOps_Engineer,05:41,14:03,DE,Hamburg,True,CD11514
BXJ9998,Software Engineer,Engineering,Engineering-Software_Engineer,09:21,17:47,GB,Manchester,False,AP02493
BZR9273,HR Specialist,HR,HR-HR_Specialist,09:05,17:43,GB,Leeds,False,AE63127
BZW2422,Financial Analyst,Finance,Finance-Financial_Analyst,09:12,18:14,BR,Rio de Janeiro,False,YM38072
JFZ5861,Systems Administrator,IT,IT-Systems_Administrator,08:42,17:45,IN,Bengaluru,False,VK79626
VKT8106,Software Engineer,Engineering,Engineering-Software_Engineer,08:55,16:58,GB,London,False,VU86040
ZMY8800,Sales Representative,Sales,Sales-Sales_Representative,09:07,18:32,DE,Hamburg,False,GV32933
CJS2105,Manager,Engineering,Engineering-Manager,08:08,17:13,US,Austin,False,QW34708
XLU2700,Systems Administrator,IT,IT-Systems_Administrator,09:19,18:24,GB,London,True,KW46303
TFM2868,Financial Analyst,Finance,Finance-Financial_Analyst,08:11,17:36,GB,Manchester,False,NE71756
JMM1620,Support Agent,Support,Support-Support_Agent,09:11,18:21,US,Seattle,False,EU83362
KPJ6277,Support Agent,Support,Support-Support_Agent,05:46,15:02,US,Seattle,True,JM09929
CUA1783,Support Agent,Support,Support-Support_Agent,08:48,17:35,GB,Leeds,False,JA23908
JQS8684,Sales Representative,Sales,Sales-Sales_Representative,08:06,17:21,US,Chicago,False,KC73593
QPP6179,Software Engineer,Engineering,Engineering-Software_Engineer,08:54,17:16,US,New York,False,DT11910
DJM4868,DevOps Engineer,DevOps,DevOps-DevOps_Engineer,08:48,18:13,US,Chicago,False,CF45592
YDS0481,Manager,Finance,Finance-Manager,09:05,17:09,DE,Berlin,False,YR28534
HEK2183,DevOps Engineer,DevOps,DevOps-DevOps_Engineer,09:25,18:41,IN,Hyderabad,True,PS40391
EEL8338,Financial Analyst,Finance,Finance-Financial_Analyst,09:14,18:29,DE,Munich,False,ZD82290
YBY3674,Sales Representative,Sales,Sales-Sales_Representative,08:06,17:04,US,Denver,False,XK30195
PRU8353,Support Agent,Support,Support-Support_Agent,05:42,14:58,GB,Leeds,False,EA91783
BFF9449,Support Agent,Support,Support-Support_Agent,09:09,17:34,US,Austin,False,PJ82897
WYK8060,Manager,Sales,Sales-Manager,08:40,16:50,GB,Manchester,False,XU80793
YYG6468,Software Engineer,Engineering,Engineering-Software_Engineer,06:25,15:30,US,Chicago,False,RN21255
PZE6595,Financial Analyst,Finance,Finance-Financial_Analyst,08:20,17:47,DE,Munich,False,QN20414
SXT0742,Manager,Finance,Finance-Manager,14:15,23:16,DE,Berlin,False,QB20233
DFV4967,Software Engineer,Engineering,Engineering-Software_Engineer,09:12,18:11,US,New York,False,SU42942
LFZ8894,Financial Analyst,Finance,Finance-Financial_Analyst,08:03,16:47,GB,Leeds,False,HG84798
VZK5081,Manager,Support,Support-Manager,09:03,18:29,US,New York,False,FQ24430
LRF4337,Manager,DevOps,DevOps-Manager,13:45,23:11,US,Chicago,False,HJ01466
URE3093,Systems Administrator,IT,IT-Systems_Administrator,08:23,17:30,US,New York,True,YA64676
ATR3306,Financial Analyst,Finance,Finance-Financial_Analyst,08:11,16:14,DE,Berlin,False,EB78441
CQY5588,Manager,Finance,Finance-Manager,05:39,14:13,US,Denver,False,VW54121
MRE0291,Software Engineer,Engineering,Engineering-Software_Engineer,08:01,17:16,US,Austin,False,LA28725
PLD6480,Support Agent,Support,Support-Support_Agent,08:54,17:54,US,Austin,True,SR08550
RVL1733,Sales Representative,Sales,Sales-Sales_Representative,08:32,17:33,BR,Curitiba,False,PK41655
MWQ7682,Manager,Legal,Legal-Manager,08:00,16:39,GB,Leeds,False,XJ69568
NME3935,Sales Representative,Sales,Sales-Sales_Representative,08:12,16:41,US,New York,False,KK78465
LWR1242,DevOps Engineer,DevOps,DevOps-DevOps_Engineer,09:25,17:38,US,Seattle,False,LU42749
VBX6372,DevOps Engineer,DevOps,DevOps-DevOps_Engineer,08:39,17:01,GB,Leeds,False,AL15052
VYM2689,Support Agent,Support,Support-Support_Agent,09:25,18:45,GB,Manchester,False,SH69810
MJH8260,Sales Representative,Sales,Sales-Sales_Representative,09:29,17:29,GB,Leeds,False,ET58574
KFS8428,Software Engineer,Engineering,Engineering-Software_Engineer,06:26,15:48,IN,Pune,False,DV15267
CLU4292,Systems Administrator,IT,IT-Systems_Administrator,06:29,15:53,DE,Berlin,True,KD60447
GMU4984,Support Agent,Support,Support-Support_Agent,09:24,18:35,IN,Hyderabad,False,NM14398
NMA8068,Software Engineer,Engineering,Engineering-Software_Engineer,08:56,18:26,US,Seattle,False,GN49759
TYH3356,Sales Representative,Sales,Sales-Sales_Representative,13:39,22:26,BR,Curitiba,False,GD37092
RCT0485,Systems Administrator,IT,IT-Systems_Administrator,09:22,17:56,US,New York,False,HP78238
ZPC9799,Software Engineer,Engineering,Engineering-Software_Engineer,05:35,14:29,US,Denver,False,AB35064
YHQ6287,Support Agent,Support,Support-Support_Agent,08:30,16:59,BR,Rio de Janeiro,True,NZ31822
CGF9960,Software Engineer,Engineering,Engineering-Software_Engineer,08:19,17:41,BR,Rio de Janeiro,False,NK78276
QJG3172,Systems Administrator,IT,IT-Systems_Administrator,05:58,15:25,US,New York,False,PF07005
AUD9365,Software Engineer,Engineering,Engineering-Software_Engineer,13:01,21:03,US,Denver,False,BA52906
QTQ7721,DevOps Engineer,DevOps,DevOps-DevOps_Engineer,08:09,17:04,US,New York,False,XY99440
ENV8864,Sales Representative,Sales,Sales-Sales_Representative,08:34,17:19,US,Chicago,False,JT72696
KFM9718,Sales Representative,Sales,Sales-Sales_Representative,09:28,18:23,GB,Leeds,False,VD21908
RLF5434,HR Specialist,HR,HR-HR_Specialist,08:34,17:20,DE,Munich,False,GW49228
KUH3986,Legal Counsel,Legal,Legal-Legal_Counsel,09:05,18:22,US,New York,False,HF91820
ESG8664,Manager,Finance,Finance-Manager,13:52,22:36,DE,Berlin,False,EC68213
JNQ3318,DevOps Engineer,DevOps,DevOps-DevOps_Engineer,09:13,18:00,GB,Leeds,False,JX90767
KXD0078,Software Engineer,Engineering,Engineering-Software_Engineer,14:12,23:24,BR,Sao Paulo,False,LA73072
XZK3985,Legal Counsel,Legal,Legal-Legal_Counsel,08:00,17:06,US,Chicago,False,KG46078
GRZ7341,Legal Counsel,Legal,Legal-Legal_Counsel,08:46,16:47,US,Chicago,False,YG22478
NCG9169,Software Engineer,Engineering,Engineering-Software_Engineer,09:12,17:56,IN,Bengaluru,False,CA51325
FMY6666,Support Agent,Support,Support-Support_Agent,08:53,17:58,DE,Munich,True,RN12697
GLN5250,Support Agent,Support,Support-Support_Agent,09:19,17:24,DE,Berlin,False,CQ38552
BBH7509,Sales Representative,Sales,Sales-Sales_Representative,06:06,14:06,IN,Hyderabad,False,RV56522
CUQ6424,Manager,Support,Support-Manager,05:57,14:34,DE,Berlin,False,WU58878
UHH4524,Support Agent,Support,Support-Support_Agent,09:18,17:57,BR,Sao Paulo,False,UZ90501
SHR2210,Systems Administrator,IT,IT-Systems_Administrator,08:43,17:02,GB,Manchester,False,GP53751
USG4601,Support Agent,Support,Support-Support_Agent,08:59,17:22,US,Seattle,False,BA26629
MJA3558,Sales Representative,Sales,Sales-Sales_Representative,08:43,16:46,US,Denver,False,JM56473
VPJ9971,Systems Administrator,IT,IT-Systems_Administrator,08:52,17:28,US,Denver,False,ZZ79339
DEM6096,Software Engineer,Engineering,Engineering-Software_Engineer,08:13,16:13,US,Denver,False,ZQ83397
TFG1591,Sales Representative,Sales,Sales-Sales_Representative,08:05,17:35,GB,London,False,QK10668
XTF5743,Software Engineer,Engineering,Engineering-Software_Engineer,08:18,16:50,US,Seattle,False,LU01595
JWR6908,Systems Administrator,IT,IT-Systems_Administrator,08:12,16:13,DE,Hamburg,False,YS80119
FGE5760,Financial Analyst,Finance,Finance-Financial_Analyst,14:12,22:38,DE,Hamburg,False,DT87727
WQL8707,DevOps Engineer,DevOps,DevOps-DevOps_Engineer,06:24,14:26,DE,Hamburg,False,QX76674
FYA1434,DevOps Engineer,DevOps,DevOps-DevOps_Engineer,06:14,14:34,US,Chicago,False,VH78163
FUK9154,DevOps Engineer,DevOps,DevOps-DevOps_Engineer,08:16,17:00,US,Seattle,True,ZF38111
KNZ9610,Software Engineer,Engineering,Engineering-Software_Engineer,09:22,18:33,US,New York,False,RT88722
RLN0770,Sales Representative,Sales,Sales-Sales_Representative,09:19,17:48,GB,London,False,YE72794
XYA5835,Systems Administrator,IT,IT-Systems_Administrator,08:58,18:05,DE,Berlin,False,QZ33458
KZL0169,Systems Administrator,IT,IT-Systems_Administrator,08:05,16:28,US,Chicago,False,GP43787
PQP1845,Systems Administrator,IT,IT-Systems_Administrator,08:19,16:27,IN,Hyderabad,False,MA29165
WHU1145,Sales Representative,Sales,Sales-Sales_Representative,09:02,18:23,US,Austin,False,YR37833
JEZ2409,HR Specialist,HR,HR-HR_Specialist,14:21,22:41,US,New York,False,VT62174
UKN0534,Software Engineer,Engineering,Engineering-Software_Engineer,09:06,18:17,DE,Munich,False,NN04461
HKM6541,Sales Representative,Sales,Sales-Sales_Representative,08:18,16:37,US,Denver,False,LF22433
CDJ5646,HR Specialist,HR,HR-HR_Specialist,06:06,15:23,GB,London,False,ZG36006
HLH7567,DevOps Engineer,DevOps,DevOps-DevOps_Engineer,09:29,18:59,DE,Hamburg,False,GW90265
BNC0564,Manager,DevOps,DevOps-Manager,08:25,17:47,IN,Bengaluru,True,MT97414
RQX2265,Software Engineer,Engineering,Engineering-Software_Engineer,08:34,17:13,IN,Bengaluru,False,KR72511
NVE7583,Software Engineer,Engineering,Engineering-Software_Engineer,08:44,17:36,US,Seattle,False,XR09856
DAG0153,DevOps Engineer,DevOps,DevOps-DevOps_Engineer,08:00,17:30,DE,Hamburg,False,NC64735
EWF9587,Financial Analyst,Finance,Finance-Financial_Analyst,08:55,18:18,US,New York,False,JY62017
WNZ8578,Manager,Engineering,Engineering-Manager,09:02,18:00,IN,Hyderabad,False,BX32940
TMU3491,Software Engineer,Engineering,Engineering-Software_Engineer,09:08,17:57,GB,Leeds,False,AU95399
UZE6671,Software Engineer,Engineering,Engineering-Software_Engineer,08:19,16:50,GB,Leeds,False,UL77334
VCZ1344,Manager,Sales,Sales-Manager,09:03,17:15,DE,Munich,False,RJ64370
NUT6859,Legal Counsel,Legal,Legal-Legal_Counsel,09:16,18:28,IN,Hyderabad,False,VU66721
YHC8602,Manager,Legal,Legal-Manager,08:35,17:21,US,Seattle,False,EF68637
TDT0042,Support Agent,Support,Support-Support_Agent,09:03,17:26,BR,Sao Paulo,False,WS04064
PKG2686,Software Engineer,Engineering,Engineering-Software_Engineer,08:05,17:02,GB,Leeds,False,TK26457
SLQ3295,Support Agent,Support,Support-Support_Agent,09:08,18:09,DE,Munich,False,ZS70963
UEP3443,Software Engineer,Engineering,Engineering-Software_Engineer,08:05,16:10,US,Austin,False,YY37592
MYB1326,Sales Representative,Sales,Sales-Sales_Representative,13:57,23:11,DE,Munich,False,PQ23724
WPP7340,Software Engineer,Engineering,Engineering-Software_Engineer,08:51,17:02,US,New York,False,TF43377
FGX9186,DevOps Engineer,DevOps,DevOps-DevOps_Engineer,09:12,17:15,US,Denver,False,NT16095
PFV1079,HR Specialist,HR,HR-HR_Specialist,08:51,17:53,BR,Rio de Janeiro,False,TJ29836
XFS4277,Financial Analyst,Finance,Finance-Financial_Analyst,08:15,17:23,BR,Curitiba,False,GX05331
XAD7151,Systems Administrator,IT,IT-Systems_Administrator,08:53,18:09,US,Denver,False,YU65070
PEE1804,Support Agent,Support,Support-Support_Agent,08:58,17:49,GB,Manchester,False,FE45283
MHX3186,Systems Administrator,IT,IT-Systems_Administrator,08:56,17:04,GB,Manchester,False,RR31118
MTX6608,Software Engineer,Engineering,Engineering-Software_Engineer,08:38,17:58,BR,Sao Paulo,False,AM08720
JLN5393,Systems Administrator,IT,IT-Systems_Administrator,09:20,18:32,BR,Curitiba,True,BA87807
DDZ9005,DevOps Engineer,DevOps,DevOps-DevOps_Engineer,08:02,16:33,US,Chicago,False,HG46955
UJY8631,Legal Counsel,Legal,Legal-Legal_Counsel,09:06,18:25,GB,Manchester,False,YH88572
GFT4344,DevOps Engineer,DevOps,DevOps-DevOps_Engineer,09:21,17:56,US,Chicago,False,YG58374
NKN8760,Manager,IT,IT-Manager,08:47,16:55,US,New York,False,BZ10787
LYP2797,Sales Representative,Sales,Sales-Sales_Representative,08:02,16:23,GB,London,False,KY82423
AGS7505,Software Engineer,Engineering,Engineering-Software_Engineer,08:52,17:22,US,Denver,False,ZH65063
ERN1693,Support Agent,Support,Support-Support_Agent,08:39,17:06,IN,Bengaluru,False,ZC93077
ESZ6803,DevOps Engineer,DevOps,DevOps-DevOps_Engineer,08:26,16:42,IN,Pune,False,EA35185
WAH0322,Sales Representative,Sales,Sales-Sales_Representative,08:26,16:31,US,New York,False,JZ74140
HLA2435,Software Engineer,Engineering,Engineering-Software_Engineer,08:43,18:02,GB,London,False,QV37021
SAN4105,Financial Analyst,Finance,Finance-Financial_Analyst,08:00,16:35,US,Seattle,False,HN17822
LQR5886,Software Engineer,Engineering,Engineering-Software_Engineer,08:32,17:42,DE,Hamburg,False,NV98348
HGV8736,Sales Representative,Sales,Sales-Sales_Representative,08:17,17:00,BR,Curitiba,False,JJ98171
BPD2991,Systems Administrator,IT,IT-Systems_Administrator,08:05,16:50,US,New York,True,KL02938
DLZ6510,Sales Representative,Sales,Sales-Sales_Representative,09:03,17:51,US,New York,False,GM64040
MYY1099,Systems Administrator,IT,IT-Systems_Administrator,08:28,17:50,US,Seattle,False,EC69525
PPN1181,Financial Analyst,Finance,Finance-Financial_Analyst,08:20,17:15,US,New York,False,SH20845
ZBC1875,Systems Administrator,IT,IT-Systems_Administrator,09:15,17:30,GB,Leeds,False,YE05658
ZXX1919,Software Engineer,Engineering,Engineering-Software_Engineer,08:22,17:25,IN,Bengaluru,False,PD29014
XHX3127,Manager,HR,HR-Manager,08:25,17:52,US,Denver,False,MV57064
NAF6431,Support Agent,Support,Support-Support_Agent,14:09,22:41,GB,Manchester,False,ZJ16771
HRT1077,Manager,Finance,Finance-Manager,09:08,18:33,US,Seattle,False,SL93931
ZWY3357,Sales Representative,Sales,Sales-Sales_Representative,05:49,15:16,IN,Hyderabad,False,SW85269
DXE2593,Systems Administrator,IT,IT-Systems_Administrator,08:10,16:49,US,New York,False,NS96115
WYG9423,DevOps Engineer,DevOps,DevOps-DevOps_Engineer,08:24,17:30,IN,Hyderabad,True,YZ55134
MUX6778,Software Engineer,Engineering,Engineering-Software_Engineer,09:27,17:42,GB,Manchester,False,BH08101
MCC9628,Support Agent,Support,Support-Support_Agent,08:16,17:32,US,Denver,False,WN35908
FHJ7859,DevOps Engineer,DevOps,DevOps-DevOps_Engineer,08:57,17:43,US,New York,False,AF25266
ATG5393,Manager,Engineering,Engineering-Manager,09:00,18:14,US,Chicago,False,YN60373
SUX4332,Support Agent,Support,Support-Support_Agent,08:48,17:14,US,Chicago,False,XG72579
HAD1624,Support Agent,Support,Support-Support_Agent,08:52,17:44,US,Chicago,False,CB98118
BJS0189,Sales Representative,Sales,Sales-Sales_Representative,08:53,17:56,US,Austin,False,HE22961
LHL1358,Systems Administrator,IT,IT-Systems_Administrator,09:03,18:18,BR,Sao Paulo,False,FZ39506
HSN4879,Systems Administrator,IT,IT-Systems_Administrator,08:38,16:41,DE,Munich,False,QP41290
HTL3528,Support Agent,Support,Support-Support_Agent,08:46,16:56,IN,Pune,False,DS72425
DUC6242,HR Specialist,HR,HR-HR_Specialist,09:20,18:25,US,Denver,False,RP24684
RMU7060,Sales Representative,Sales,Sales-Sales_Representative,08:24,16:58,US,Austin,False,HN51578
UKE7449,Support Agent,Support,Support-Support_Agent,06:27,15:22,BR,Sao Paulo,False,BJ73640
KVS9522,DevOps Engineer,DevOps,DevOps-DevOps_Engineer,08:18,16:23,IN,Bengaluru,True,CX07649
APF7818,Sales Representative,Sales,Sales-Sales_Representative,08:45,16:54,IN,Hyderabad,False,XR21816
SYZ4998,Sales Representative,Sales,Sales-Sales_Representative,05:58,15:16,GB,Manchester,False,BG33238
ZQE5200,Sales Representative,Sales,Sales-Sales_Representative,09:15,17:41,US,Seattle,False,XX33100
MHF4555,Sales Representative,Sales,Sales-Sales_Representative,09:06,17:57,US,New York,False,NA24628
FAQ1887,Systems Administrator,IT,IT-Systems_Administrator,09:00,18:23,BR,Rio de Janeiro,False,LC29464
CBK5478,Systems Administrator,IT,IT-Systems_Administrator,09:04,17:50,US,New York,False,ED47082
WEB9338,DevOps Engineer,DevOps,DevOps-DevOps_Engineer,09:15,17:57,DE,Berlin,False,GV48335
BLL7712,Legal Counsel,Legal,Legal-Legal_Counsel,08:51,17:58,US,Chicago,False,EG94135
WZQ9342,Support Agent,Support,Support-Support_Agent,08:51,17:59,US,Chicago,False,ZC52890
XNB5488,Support Agent,Support,Support-Support_Agent,13:43,22:51,GB,Leeds,False,BV75865
JZT4989,Financial Analyst,Finance,Finance-Financial_Analyst,13:30,22:07,US,Seattle,False,LD46908
YHD5834,Support Agent,Support,Support-Support_Agent,13:22,22:37,US,Seattle,False,QC04408
DKQ6781,Financial Analyst,Finance,Finance-Financial_Analyst,08:15,16:35,IN,Hyderabad,False,MC72696
JJC4744,Manager,Sales,Sales-Manager,06:19,15:28,GB,London,False,ZH12865
AEY2241,Sales Representative,Sales,Sales-Sales_Representative,09:04,17:26,IN,Hyderabad,False,YN17806
MRU1672,Systems Administrator,IT,IT-Systems_Administrator,08:39,16:57,US,Chicago,False,TJ93109
NKB9927,Legal Counsel,Legal,Legal-Legal_Counsel,08:45,18:01,US,Seattle,False,MK50131
YTW4996,Support Agent,Support,Support-Support_Agent,09:11,18:23,GB,Manchester,False,VY13488
FYG5704,Support Agent,Support,Support-Support_Agent,08:33,16:38,US,Chicago,False,NZ62316
LTK1460,Support Agent,Support,Support-Support_Agent,08:33,16:40,BR,Sao Paulo,True,WM97385
BHH6500,Support Agent,Support,Support-Support_Agent,13:11,21:23,GB,Manchester,False,NC66362
LWR8329,Support Agent,Support,Support-Support_Agent,13:26,22:33,US,Chicago,False,NS26624
FXU9222,Sales Representative,Sales,Sales-Sales_Representative,09:18,18:19,DE,Munich,False,PE09619
TLA8499,Manager,Support,Support-Manager,13:23,21:32,IN,Bengaluru,True,CR76974
TFH1718,DevOps Engineer,DevOps,DevOps-DevOps_Engineer,05:45,14:41,US,Chicago,False,TC48477
JBQ2200,Financial Analyst,Finance,Finance-Financial_Analyst,08:15,16:39,GB,Manchester,False,LR11295
GMG6846,Systems Administrator,IT,IT-Systems_Administrator,08:54,17:18,US,Seattle,False,LP23155
QQA3427,Support Agent,Support,Support-Support_Agent,08:50,17:06,BR,Sao Paulo,False,ZX91175
GJJ8559,Software Engineer,Engineering,Engineering-Software_Engineer,08:12,16:29,GB,Leeds,False,VL64367
UNN8662,Sales Representative,Sales,Sales-Sales_Representative,08:05,16:51,US,Denver,False,RX35077
YDR6958,Manager,Support,Support-Manager,13:43,22:37,GB,Leeds,False,RQ66679
FRT6341,Financial Analyst,Finance,Finance-Financial_Analyst,13:03,21:30,US,Seattle,False,NK12247
LHD4579,Manager,DevOps,DevOps-Manager,08:07,16:55,US,Chicago,True,KL27626
QTN7519,Support Agent,Support,Support-Support_Agent,09:25,18:14,GB,Manchester,False,HA99124
ZFA0404,Legal Counsel,Legal,Legal-Legal_Counsel,08:51,18:03,GB,Manchester,False,YZ21392
YDD4870,Systems Administrator,IT,IT-Systems_Administrator,08:08,16:16,US,Austin,False,SW57208
JWK4353,Sales Representative,Sales,Sales-Sales_Representative,08:27,17:12,GB,Leeds,False,TZ06140
PTK0032,Software Engineer,Engineering,Engineering-Software_Engineer,08:52,17:25,IN,Pune,False,EB82644
UUK6210,Software Engineer,Engineering,Engineering-Software_Engineer,09:09,18:20,US,Seattle,False,NV11970
GYF6442,Software Engineer,Engineering,Engineering-Software_Engineer,13:27,22:55,US,Austin,False,GV70370
ZUV4197,Financial Analyst,Finance,Finance-Financial_Analyst,08:12,16:58,GB,Leeds,False,SJ51168
GUE6869,Systems Administrator,IT,IT-Systems_Administrator,13:37,22:06,US,Denver,False,NL85266
VYB4200,DevOps Engineer,DevOps,DevOps-DevOps_Engineer,09:30,17:31,DE,Hamburg,True,VT41658
MKV2715,Software Engineer,Engineering,Engineering-Software_Engineer,09:27,18:44,DE,Hamburg,False,MJ11665
MLQ6298,Software Engineer,Engineering,Engineering-Software_Engineer,08:12,17:35,GB,Leeds,False,CC00927
SQA3601,Systems Administrator,IT,IT-Systems_Administrator,13:29,22:57,DE,Hamburg,False,TE45759
ZGH0956,Support Agent,Support,Support-Support_Agent,09:12,17:19,DE,Hamburg,False,WP70204
KHF6510,Financial Analyst,Finance,Finance-Financial_Analyst,06:30,14:55,BR,Curitiba,False,PE54121
XJU4690,Systems Administrator,IT,IT-Systems_Administrator,09:18,17:44,US,Seattle,False,WY56212
RCD1239,Software Engineer,Engineering,Engineering-Software_Engineer,08:28,17:58,DE,Berlin,False,VS42127
EKP0000,DevOps Engineer,DevOps,DevOps-DevOps_Engineer,08:54,17:04,IN,Bengaluru,True,LT31211
JFW7402,Software Engineer,Engineering,Engineering-Software_Engineer,08:04,17:28,DE,Hamburg,False,EM04737
EGV7193,Manager,Support,Support-Manager,08:08,17:13,IN,Hyderabad,False,PU51614
EDM9899,DevOps Engineer,DevOps,DevOps-DevOps_Engineer,09:08,17:24,GB,Leeds,False,PA74729
JSU5299,Support Agent,Support,Support-Support_Agent,08:33,16:45,US,New York,False,WW82741
BXU0879,Support Agent,Support,Support-Support_Agent,13:43,22:14,IN,Bengaluru,True,WA02475
NJA9445,HR Specialist,HR,HR-HR_Specialist,08:32,16:44,DE,Munich,False,LN45006
YSJ8697,Financial Analyst,Finance,Finance-Financial_Analyst,08:19,16:58,US,Seattle,False,SP96598
FRV1809,Legal Counsel,Legal,Legal-Legal_Counsel,08:47,17:40,GB,Manchester,False,EW74397
AQD8170,Manager,Engineering,Engineering-Manager,09:20,18:26,GB,Manchester,False,VC24774
ERS0269,Software Engineer,Engineering,Engineering-Software_Engineer,13:49,22:31,IN,Pune,False,UM94918
EWT2292,Systems Administrator,IT,IT-Systems_Administrator,08:43,17:48,US,Denver,True,VJ97292
GLY2041,Sales Representative,Sales,Sales-Sales_Representative,08:36,16:54,US,New York,False,YH60516
DTY9614,Software Engineer,Engineering,Engineering-Software_Engineer,09:09,18:19,BR,Curitiba,False,HY86784
NAV6136,Sales Representative,Sales,Sales-Sales_Representative,08:15,16:20,GB,Leeds,False,YL56958
RDZ6044,Manager,HR,HR-Manager,08:55,17:30,US,Austin,False,FW69334
MVK9589,Software Engineer,Engineering,Engineering-Software_Engineer,14:19,23:28,IN,Pune,False,EA68117
HKB6535,Manager,Support,Support-Manager,08:41,16:57,US,New York,False,UV07923
NCU9337,Sales Representative,Sales,Sales-Sales_Representative,08:50,17:41,US,Seattle,False,LV36287
JTY5915,Software Engineer,Engineering,Engineering-Software_Engineer,08:40,17:07,US,Austin,False,YD38386
RLJ7278,Software Engineer,Engineering,Engineering-Software_Engineer,14:16,23:18,BR,Rio de Janeiro,False,JM58642
UUP0066,Manager,Support,Support-Manager,06:22,15:27,GB,Leeds,True,EQ26693
FWZ2671,DevOps Engineer,DevOps,DevOps-DevOps_Engineer,08:35,18:04,DE,Munich,False,KG31645
XUG1117,Financial Analyst,Finance,Finance-Financial_Analyst,09:26,18:25,GB,Leeds,False,RT98581
USB2186,Legal Counsel,Legal,Legal-Legal_Counsel,05:46,15:11,GB,Manchester,False,XN71120
GGA9880,Software Engineer,Engineering,Engineering-Software_Engineer,08:10,17:36,US,Denver,False,EB78632
UMD2487,Legal Counsel,Legal,Legal-Legal_Counsel,13:16,21:35,US,Denver,False,EY84307
QJS2178,Software Engineer,Engineering,Engineering-Software_Engineer,08:04,16:15,DE,Munich,False,XP71641
NDK9291,Software Engineer,Engineering,Engineering-Software_Engineer,13:01,21:59,US,New York,False,PQ16758
SZK8704,Financial Analyst,Finance,Finance-Financial_Analyst,08:39,18:03,US,New York,False,BK63937
NUY8872,Systems Administrator,IT,IT-Systems_Administrator,08:59,17:59,US,Denver,True,WA07689
MJM5790,Software Engineer,Engineering,Engineering-Software_Engineer,09:03,17:26,DE,Hamburg,False,DP70999
SXZ6117,Support Agent,Support,Support-Support_Agent,14:19,22:53,IN,Pune,False,UR13735
GCQ7162,HR Specialist,HR,HR-HR_Specialist,08:00,17:12,IN,Bengaluru,False,YZ82733
PZS5578,Systems Administrator,IT,IT-Systems_Administrator,14:04,22:18,GB,London,False,SE42825
QRE1538,Financial Analyst,Finance,Finance-Financial_Analyst,08:07,16:58,DE,Hamburg,False,LU53016
NFK9565,Software Engineer,Engineering,Engineering-Software_Engineer,08:36,17:07,US,Seattle,False,XM50525
NUM6882,HR Specialist,HR,HR-HR_Specialist,06:22,15:18,US,Chicago,False,XT17861
PBL6806,Software Engineer,Engineering,Engineering-Software_Engineer,08:44,18:09,DE,Munich,False,RM66755
JEE2601,Support Agent,Support,Support-Support_Agent,05:36,14:13,IN,Pune,False,FG63832
CZQ8792,Support Agent,Support,Support-Support_Agent,09:23,18:52,US,New York,False,ZT35119
LMG0501,Sales Representative,Sales,Sales-Sales_Representative,08:28,16:31,DE,Hamburg,False,EA26916
PTJ4935,Manager,Support,Support-Manager,08:09,16:58,US,New York,False,VF02817
VVL2346,Sales Representative,Sales,Sales-Sales_Representative,09:30,18:15,IN,Bengaluru,False,VS92022
NFE6544,Sales Representative,Sales,Sales-Sales_Representative,08:55,17:15,DE,Berlin,False,SE50422
ECR2274,Software Engineer,Engineering,Engineering-Software_Engineer,08:05,17:26,US,Seattle,False,AX16611
QVB2396,Manager,Support,Support-Manager,08:07,16:32,US,Chicago,False,AP88666
ZWE5825,Financial Analyst,Finance,Finance-Financial_Analyst,06:28,15:16,DE,Berlin,False,JZ78872
SVV6625,Financial Analyst,Finance,Finance-Financial_Analyst,09:26,18:49,DE,Munich,False,HM26058
UMH4248,Software Engineer,Engineering,Engineering-Software_Engineer,08:56,18:22,GB,Leeds,False,SF80263
LMY5094,Software Engineer,Engineering,Engineering-Software_Engineer,09:00,17:49,US,New York,False,MV36842
VQP7918,Manager,Sales,Sales-Manager,09:07,18:30,IN,Hyderabad,False,EZ00615
HLG5262,Systems Administrator,IT,IT-Systems_Administrator,08:05,17:33,IN,Bengaluru,False,BN72225
XVL5101,Sales Representative,Sales,Sales-Sales_Representative,08:13,16:17,US,Seattle,False,FS90304
FYQ9194,Manager,DevOps,DevOps-Manager,08:24,17:11,GB,Leeds,True,RV73877
NQN2890,DevOps Engineer,DevOps,DevOps-DevOps_Engineer,13:55,22:50,US,Denver,False,AY62035
FNC9573,Financial Analyst,Finance,Finance-Financial_Analyst,09:00,17:50,IN,Bengaluru,False,VL87633
LZY0366,Sales Representative,Sales,Sales-Sales_Representative,09:22,17:44,US,Seattle,False,FB19384
XAA3696,Sales Representative,Sales,Sales-Sales_Representative,08:06,16:09,US,Chicago,False,DR34990
QAK7911,Financial Analyst,Finance,Finance-Financial_Analyst,13:13,21:28,US,Denver,False,WL33445
AZN7804,Systems Administrator,IT,IT-Systems_Administrator,08:26,17:51,US,New York,False,NV41890
MSQ4117,Support Agent,Support,Support-Support_Agent,09:29,17:58,GB,Manchester,False,UQ45274
RTM5796,Manager,Engineering,Engineering-Manager,08:35,17:08,IN,Pune,False,VC36711
EJE4902,Sales Representative,Sales,Sales-Sales_Representative,05:55,15:20,DE,Munich,False,MJ31906
WHA4844,Software Engineer,Engineering,Engineering-Software_Engineer,05:56,14:44,US,Austin,False,WX20111
CSG2617,Support Agent,Support,Support-Support_Agent,13:33,22:59,IN,Bengaluru,False,LZ49836
BJW8481,Sales Representative,Sales,Sales-Sales_Representative,08:30,17:15,DE,Munich,False,AA14614
BJY5505,Sales Representative,Sales,Sales-Sales_Representative,08:21,16:33,BR,Sao Paulo,False,CU26443
VQK5549,Software Engineer,Engineering,Engineering-Software_Engineer,08:54,17:54,GB,Manchester,False,JK77372
SCV7784,Systems Administrator,IT,IT-Systems_Administrator,08:50,17:02,US,Denver,False,TU47097
UVE9288,DevOps Engineer,DevOps,DevOps-DevOps_Engineer,08:19,16:32,US,Chicago,True,PH37037
ZJG4527,Sales Representative,Sales,Sales-Sales_Representative,08:48,17:40,DE,Munich,False,JL18387
MAH8506,Sales Representative,Sales,Sales-Sales_Representative,08:58,17:54,DE,Munich,False,GA83317
BZF9291,Legal Counsel,Legal,Legal-Legal_Counsel,09:16,17:59,GB,Leeds,False,XL48813
YEA8551,Legal Counsel,Legal,Legal-Legal_Counsel,13:11,22:25,US,New York,False,PY51408
MVR5390,Software Engineer,Engineering,Engineering-Software_Engineer,09:14,17:18,IN,Bengaluru,False,VU29574
VTP7518,Sales Representative,Sales,Sales-Sales_Representative,08:06,17:03,GB,London,False,SK71826
UKD6455,DevOps Engineer,DevOps,DevOps-DevOps_Engineer,08:10,16:41,US,Austin,True,BF15121
TCG6346,Manager,Sales,Sales-Manager,09:10,17:39,US,Seattle,False,HP97484
AJN8374,Legal Counsel,Legal,Legal-Legal_Counsel,08:25,16:53,GB,Manchester,False,CD41734
PVP1024,Sales Representative,Sales,Sales-Sales_Representative,09:17,17:56,US,New York,False,HL55350
MEP0762,DevOps Engineer,DevOps,DevOps-DevOps_Engineer,08:47,18:06,GB,Leeds,True,MQ25615
AGA7372,Sales Representative,Sales,Sales-Sales_Representative,08:16,16:23,US,Seattle,False,CP39087
JSQ3890,Legal Counsel,Legal,Legal-Legal_Counsel,13:24,21:27,US,Seattle,False,GS55942
EHJ5183,Software Engineer,Engineering,Engineering-Software_Engineer,06:21,15:35,GB,London,False,ZT44710
XSS6374,Manager,Engineering,Engineering-Manager,08:08,16:36,US,New York,False,QK53527
LZT1886,Legal Counsel,Legal,Legal-Legal_Counsel,06:27,15:39,IN,Bengaluru,False,ZF43424
SLW4036,Manager,Sales,Sales-Manager,08:23,17:13,GB,Manchester,False,KS95859
SFV7598,DevOps Engineer,DevOps,DevOps-DevOps_Engineer,08:20,17:08,US,Seattle,False,FT18501
TZQ9935,Support Agent,Support,Support-Support_Agent,09:17,18:03,DE,Munich,True,GK91120
FFK3907,Sales Representative,Sales,Sales-Sales_Representative,08:46,17:32,IN,Bengaluru,False,LN06129
KVQ4352,Legal Counsel,Legal,Legal-Legal_Counsel,09:28,18:24,BR,Sao Paulo,False,MN69152
YRW9640,Software Engineer,Engineering,Engineering-Software_Engineer,09:25,17:45,GB,London,False,SQ58611
JSS6150,Software Engineer,Engineering,Engineering-Software_Engineer,08:01,17:31,IN,Hyderabad,False,FC94688
RUH8404,Sales Representative,Sales,Sales-Sales_Representative,08:56,17:25,US,Denver,False,MJ40829
MAC3040,Software Engineer,Engineering,Engineering-Software_Engineer,08:11,16:28,BR,Curitiba,False,BY75789
ZSX0554,Sales Representative,Sales,Sales-Sales_Representative,08:31,17:50,GB,Leeds,False,BS41928
GQH7330,DevOps Engineer,DevOps,DevOps-DevOps_Engineer,08:58,17:09,IN,Pune,True,UC46954
PEV4917,Manager,Engineering,Engineering-Manager,09:09,18:34,IN,Hyderabad,False,FX76591
KZU0595,Software Engineer,Engineering,Engineering-Software_Engineer,09:00,17:01,US,Austin,False,GJ88258
MCM4583,Software Engineer,Engineering,Engineering-Software_Engineer,08:21,17:12,US,Denver,False,CM04226
MAN5960,Sales Representative,Sales,Sales-Sales_Representative,08:08,16:11,GB,Manchester,False,VW57319
VKU7930,Manager,Engineering,Engineering-Manager,09:06,17:29,US,New York,False,ZS65322
UUN8790,Software Engineer,Engineering,Engineering-Software_Engineer,05:57,15:23,IN,Bengaluru,False,PF97016
URQ8735,Manager,Sales,Sales-Manager,08:31,17:42,DE,Berlin,False,EG34117
SHS7915,Software Engineer,Engineering,Engineering-Software_Engineer,08:16,16:45,US,Denver,False,SL65344
THA0831,Manager,Sales,Sales-Manager,06:04,15:04,US,Seattle,False,AZ66433
NTF4227,Legal Counsel,Legal,Legal-Legal_Counsel,08:06,17:16,US,Austin,False,QZ86518
CTX8615,Software Engineer,Engineering,Engineering-Software_Engineer,08:00,16:02,DE,Hamburg,False,EQ98309
CUK8266,Support Agent,Support,Support-Support_Agent,08:00,17:22,GB,London,False,MW93032
BHW7050,Sales Representative,Sales,Sales-Sales_Representative,06:04,14:54,BR,Sao Paulo,False,HK81021
SCD9494,Financial Analyst,Finance,Finance-Financial_Analyst,08:06,17:06,BR,Sao Paulo,False,WG36378
AAD3954,Manager,DevOps,DevOps-Manager,09:23,18:04,DE,Hamburg,False,MA26533
XDY0096,DevOps Engineer,DevOps,DevOps-DevOps_Engineer,08:14,16:45,GB,Manchester,False,NU75761
XJA0182,Financial Analyst,Finance,Finance-Financial_Analyst,09:28,18:48,US,Chicago,False,LM87952
VEF7773,Software Engineer,Engineering,Engineering-Software_Engineer,09:17,18:04,BR,Rio de Janeiro,False,UG15147
BTT9251,Financial Analyst,Finance,Finance-Financial_Analyst,05:44,14:47,GB,Manchester,False,MU56181
BXQ0249,Software Engineer,Engineering,Engineering-Software_Engineer,13:35,22:15,IN,Bengaluru,False,KQ95061
QKS9196,Software Engineer,Engineering,Engineering-Software_Engineer,06:20,14:55,GB,Leeds,False,HS57716
EAE5559,Support Agent,Support,Support-Support_Agent,09:08,18:14,US,Chicago,False,XH78328
TES3512,Support Agent,Support,Support-Support_Agent,05:34,13:49,US,Seattle,True,UL22493
HBS3101,Software Engineer,Engineering,Engineering-Software_Engineer,08:15,17:00,US,Seattle,False,BA61375
HSG3626,Support Agent,Support,Support-Support_Agent,09:09,18:20,BR,Rio de Janeiro,True,YZ58399
QVG8689,Support Agent,Support,Support-Support_Agent,09:25,17:31,US,Austin,True,QD84581
LWY2367,Systems Administrator,IT,IT-Systems_Administrator,06:13,14:26,US,Seattle,False,NV81048
NHS9306,Software Engineer,Engineering,Engineering-Software_Engineer,09:23,18:24,GB,Manchester,False,TM11249
MEG7072,DevOps Engineer,DevOps,DevOps-DevOps_Engineer,08:13,16:39,US,New York,True,SJ81953
DHH4426,DevOps Engineer,DevOps,DevOps-DevOps_Engineer,09:21,17:36,US,Denver,True,RW01391
PCC6098,Software Engineer,Engineering,Engineering-Software_Engineer,09:04,18:25,US,Denver,False,NW85014
VRA4171,Sales Representative,Sales,Sales-Sales_Representative,08:04,16:11,US,Denver,False,PB84214
PBR8005,Manager,Engineering,Engineering-Manager,09:22,17:25,US,Denver,False,MG31755
DKN8106,Sales Representative,Sales,Sales-Sales_Representative,08:06,16:47,US,Denver,False,YJ40698
JDQ9865,Manager,DevOps,DevOps-Manager,09:05,17:54,GB,Manchester,False,YH35335
DRH2063,Support Agent,Support,Support-Support_Agent,09:18,18:39,US,New York,False,EC26056
FPZ7336,Financial Analyst,Finance,Finance-Financial_Analyst,09:17,18:17,DE,Hamburg,False,BV67233
MPF6269,Manager,IT,IT-Manager,08:03,16:54,DE,Berlin,False,VH51977
XPE0612,Sales Representative,Sales,Sales-Sales_Representative,08:57,18:13,BR,Curitiba,False,UH26002
DZT3304,Software Engineer,Engineering,Engineering-Software_Engineer,08:38,17:35,GB,Manchester,False,MX15040
RSX1179,Support Agent,Support,Support-Support_Agent,09:14,18:39,GB,Leeds,False,NU02074
LXG5367,Support Agent,Support,Support-Support_Agent,09:17,17:22,IN,Pune,True,BD12446
BKQ9760,Sales Representative,Sales,Sales-Sales_Representative,08:17,16:42,DE,Berlin,False,AV35684
DNZ5078,Sales Representative,Sales,Sales-Sales_Representative,08:16,17:06,GB,Manchester,False,TN15221
EVE9861,Manager,Support,Support-Manager,08:24,16:46,BR,Curitiba,False,QM60369
MHA1657,Support Agent,Support,Support-Support_Agent,09:14,18:38,GB,Manchester,False,CL18822
SBE6209,Support Agent,Support,Support-Support_Agent,08:05,16:33,GB,Leeds,False,PN76227
HNP8722,Software Engineer,Engineering,Engineering-Software_Engineer,14:20,22:34,GB,London,False,XT29505
DDB3409,Software Engineer,Engineering,Engineering-Software_Engineer,08:19,17:19,IN,Hyderabad,False,SB32280
WKX4894,Software Engineer,Engineering,Engineering-Software_Engineer,08:41,17:05,IN,Bengaluru,False,VV42948
RWL2205,Sales Representative,Sales,Sales-Sales_Representative,08:40,18:07,IN,Hyderabad,False,TZ18709
RMZ9198,Systems Administrator,IT,IT-Systems_Administrator,08:59,17:48,BR,Curitiba,False,VW27614
CCC1913,Manager,Engineering,Engineering-Manager,09:01,18:21,GB,London,False,DC00236
AJR6231,Financial Analyst,Finance,Finance-Financial_Analyst,08:08,16:23,GB,Leeds,False,DX97056
ETS0307,DevOps Engineer,DevOps,DevOps-DevOps_Engineer,09:11,18:41,IN,Bengaluru,False,PR62532
YRT1492,Financial Analyst,Finance,Finance-Financial_Analyst,08:54,18:05,GB,London,False,XA67125
DZR5647,Financial Analyst,Finance,Finance-Financial_Analyst,09:18,17:51,BR,Curitiba,False,LV01752
SJW7363,Manager,DevOps,DevOps-Manager,08:33,16:46,GB,Leeds,True,LD01395
QMF5236,Software Engineer,Engineering,Engineering-Software_Engineer,05:59,14:43,IN,Hyderabad,False,ND41910
FQZ0453,Sales Representative,Sales,Sales-Sales_Representative,09:06,17:34,US,Denver,False,WX79345
PRQ3344,Legal Counsel,Legal,Legal-Legal_Counsel,05:56,15:03,DE,Munich,False,DL26861
RMR1374,Systems Administrator,IT,IT-Systems_Administrator,08:06,17:07,US,New York,False,RS59815
LHZ9770,Systems Administrator,IT,IT-Systems_Administrator,13:44,22:25,IN,Hyderabad,False,WR77419
AWD6308,Systems Administrator,IT,IT-Systems_Administrator,08:03,17:07,DE,Berlin,False,ZK26312
VBT7946,Manager,Legal,Legal-Manager,09:07,17:15,GB,London,False,HX11767
VQZ9758,Support Agent,Support,Support-Support_Agent,08:38,18:00,IN,Bengaluru,False,ZS88481
RXJ5397,Systems Administrator,IT,IT-Systems_Administrator,06:13,14:21,DE,Hamburg,False,KJ32094
YMQ0646,Software Engineer,Engineering,Engineering-Software_Engineer,08:31,17:01,IN,Bengaluru,False,VK30178
WLP6666,Software Engineer,Engineering,Engineering-Software_Engineer,08:26,17:30,US,Chicago,False,FF56441
DAR0062,Sales Representative,Sales,Sales-Sales_Representative,14:18,23:02,DE,Berlin,False,HH04293
CKC4751,Software Engineer,Engineering,Engineering-Software_Engineer,08:51,18:04,DE,Hamburg,False,HD75833
NUK6400,Software Engineer,Engineering,Engineering-Software_Engineer,08:46,17:03,DE,Hamburg,False,KP75614
EHC8047,Support Agent,Support,Support-Support_Agent,08:55,17:49,GB,London,False,CW62630
KBZ6105,Manager,Support,Support-Manager,09:23,17:52,DE,Munich,False,XN74463
WMY3465,Software Engineer,Engineering,Engineering-Software_Engineer,09:30,17:59,US,Austin,False,AP55633
BDA7532,Systems Administrator,IT,IT-Systems_Administrator,08:32,17:53,US,Denver,False,AC44975
ENG6450,Support Agent,Support,Support-Support_Agent,09:22,17:30,GB,Leeds,False,NM84579
EQJ3213,Support Agent,Support,Support-Support_Agent,05:42,13:52,US,Chicago,False,PL86853
ALJ0624,Support Agent,Support,Support-Support_Agent,08:11,16:33,BR,Sao Paulo,False,ZL38558
BSA5255,Sales Representative,Sales,Sales-Sales_Representative,13:24,22:17,US,Denver,False,ZT34503
XYD3019,Systems Administrator,IT,IT-Systems_Administrator,09:13,18:10,US,Seattle,False,HC46983
LMK4501,Manager,DevOps,DevOps-Manager,05:31,13:50,DE,Munich,True,AB92218
ZHC1108,Software Engineer,Engineering,Engineering-Software_Engineer,09:21,17:21,US,Denver,False,SW18199
QSY1804,Sales Representative,Sales,Sales-Sales_Representative,08:14,16:25,IN,Pune,False,MT29454
AKL6350,HR Specialist,HR,HR-HR_Specialist,08:55,18:15,US,New York,False,KJ32189
FYT5150,Support Agent,Support,Support-Support_Agent,05:51,15:21,BR,Curitiba,False,EK83320
UXU9375,Software Engineer,Engineering,Engineering-Software_Engineer,08:41,17:29,GB,London,False,JT31226
ZMU4248,Manager,HR,HR-Manager,08:58,17:05,DE,Berlin,False,VM26725
PED6057,Software Engineer,Engineering,Engineering-Software_Engineer,08:37,17:03,GB,London,False,YR47411
KZM4130,Software Engineer,Engineering,Engineering-Software_Engineer,09:19,17:54,GB,Leeds,False,NU40905
VGH6886,Support Agent,Support,Support-Support_Agent,08:47,17:10,IN,Pune,False,UK48805
MHU5504,Sales Representative,Sales,Sales-Sales_Representative,05:43,13:51,US,New York,False,JR15305
ZNR6493,Systems Administrator,IT,IT-Systems_Administrator,08:57,17:25,GB,Manchester,False,PJ94522
TLD8832,DevOps Engineer,DevOps,DevOps-DevOps_Engineer,08:25,17:33,US,Seattle,False,CE87493
MDW8277,Manager,Support,Support-Manager,08:34,16:41,US,Austin,False,LK16504
KDK7913,Manager,DevOps,DevOps-Manager,08:41,17:52,BR,Rio de Janeiro,False,NJ42810
SHK7018,Sales Representative,Sales,Sales-Sales_Representative,13:43,22:45,GB,Leeds,False,SU41041
NRA8457,Support Agent,Support,Support-Support_Agent,09:26,17:42,GB,Manchester,False,LR20299
WZM1211,Sales Representative,Sales,Sales-Sales_Representative,09:14,18:38,IN,Hyderabad,False,CP12088
ANC8004,Support Agent,Support,Support-Support_Agent,08:03,17:01,DE,Hamburg,False,WD05849
KPQ0052,Support Agent,Support,Support-Support_Agent,14:28,23:03,IN,Bengaluru,False,MX02114
REB6617,Manager,Finance,Finance-Manager,09:27,18:53,DE,Munich,False,WR19178
AFU9191,Financial Analyst,Finance,Finance-Financial_Analyst,08:49,17:05,IN,Hyderabad,False,QK38401
QJQ6157,Software Engineer,Engineering,Engineering-Software_Engineer,14:25,23:19,DE,Berlin,False,YM19717
PHD2134,Legal Counsel,Legal,Legal-Legal_Counsel,09:19,17:45,DE,Hamburg,False,DS71782
RNL9984,Software Engineer,Engineering,Engineering-Software_Engineer,05:36,13:55,US,Chicago,False,PN63042
TER6346,Manager,Engineering,Engineering-Manager,08:32,17:54,GB,London,False,XK14498
KZE3724,Software Engineer,Engineering,Engineering-Software_Engineer,09:03,17:58,US,Austin,False,DF91412
RST2294,Support Agent,Support,Support-Support_Agent,09:12,18:27,US,Seattle,False,WZ47235
TEV0826,Software Engineer,Engineering,Engineering-Software_Engineer,08:31,16:34,IN,Pune,False,DH38303
KXL3085,Software Engineer,Engineering,Engineering-Software_Engineer,06:00,14:45,US,Denver,False,ZC36713
QZZ7745,Financial Analyst,Finance,Finance-Financial_Analyst,08:06,16:59,US,Denver,False,ZS06463
HQL2235,Sales Representative,Sales,Sales-Sales_Representative,09:03,17:54,GB,Leeds,False,UC68651
JWE8116,Software Engineer,Engineering,Engineering-Software_Engineer,08:08,16:52,GB,London,False,JB06690
UYN3931,DevOps Engineer,DevOps,DevOps-DevOps_Engineer,08:22,17:33,US,New York,False,PT74786
KBH1637,Software Engineer,Engineering,Engineering-Software_Engineer,09:06,17:18,DE,Berlin,False,YQ02612
PYR2813,Sales Representative,Sales,Sales-Sales_Representative,09:05,18:35,US,Seattle,False,QK86598
JML4492,DevOps Engineer,DevOps,DevOps-DevOps_Engineer,08:03,17:26,GB,Leeds,False,YJ22804
NRP9066,Sales Representative,Sales,Sales-Sales_Representative,08:36,17:52,US,Denver,False,HP78413
EPC6113,Software Engineer,Engineering,Engineering-Software_Engineer,09:27,18:47,US,Austin,False,LG18687
HUX5908,Software Engineer,Engineering,Engineering-Software_Engineer,08:52,18:15,US,Chicago,False,AV87991
GZG5689,Financial Analyst,Finance,Finance-Financial_Analyst,08:53,17:37,DE,Berlin,False,LJ74534
MCD6857,Systems Administrator,IT,IT-Systems_Administrator,05:38,14:50,IN,Hyderabad,False,WV98511
KXE5201,Manager,Engineering,Engineering-Manager,08:21,16:49,DE,Munich,False,LM16319
WMQ7096,Software Engineer,Engineering,Engineering-Software_Engineer,09:28,18:37,IN,Hyderabad,False,ER20771
EFT3587,Software Engineer,Engineering,Engineering-Software_Engineer,08:23,17:48,IN,Hyderabad,False,AZ54760
EFE0724,Manager,IT,IT-Manager,08:02,17:16,US,New York,False,UP46044
CGH0249,Financial Analyst,Finance,Finance-Financial_Analyst,05:46,14:00,IN,Hyderabad,False,KK45241
JGS3000,Support Agent,Support,Support-Support_Agent,09:30,17:53,DE,Hamburg,True,ZD86266
MHC8389,Systems Administrator,IT,IT-Systems_Administrator,08:02,16:52,US,Denver,False,XG39529
DLF9810,Systems Administrator,IT,IT-Systems_Administrator,09:23,18:18,IN,Hyderabad,False,SA38710
QSP9232,DevOps Engineer,DevOps,DevOps-DevOps_Engineer,08:33,17:21,US,New York,False,DT95275
MFJ0514,Manager,Finance,Finance-Manager,13:20,22:42,US,New York,False,QT00959
PNY6570,HR Specialist,HR,HR-HR_Specialist,09:20,18:29,US,Denver,False,LN02072
CXT3659,Systems Administrator,IT,IT-Systems_Administrator,08:15,17:10,BR,Curitiba,True,NY24451
AQH3623,Financial Analyst,Finance,Finance-Financial_Analyst,08:21,16:42,US,Austin,False,US06321
XXK4064,Sales Representative,Sales,Sales-Sales_Representative,06:02,14:53,US,Chicago,False,DP46852
EDW0551,Sales Representative,Sales,Sales-Sales_Representative,09:01,18:02,US,Austin,False,KB75000
CNL4143,Financial Analyst,Finance,Finance-Financial_Analyst,13:14,21:28,IN,Pune,False,AL05452
TNM5145,Support Agent,Support,Support-Support_Agent,05:59,15:21,BR,Curitiba,False,PS42189
UHJ6632,Systems Administrator,IT,IT-Systems_Administrator,09:15,18:27,DE,Munich,False,MG47962
RLL0589,Manager,Engineering,Engineering-Manager,09:19,18:17,GB,London,False,YV26309
VVR8997,Manager,Finance,Finance-Manager,09:02,17:28,GB,London,False,FJ35311
WRH3845,Sales Representative,Sales,Sales-Sales_Representative,06:15,15:26,US,Chicago,False,GR97656
MDL2782,Financial Analyst,Finance,Finance-Financial_Analyst,08:44,18:10,BR,Curitiba,False,UE77966
HZA0727,Support Agent,Support,Support-Support_Agent,05:48,15:12,US,Austin,False,QY05070
WDF1281,DevOps Engineer,DevOps,DevOps-DevOps_Engineer,09:29,17:47,DE,Berlin,False,NP26350
RGK6603,Software Engineer,Engineering,Engineering-Software_Engineer,09:29,17:37,US,Seattle,False,VM56822
PNP5201,Systems Administrator,IT,IT-Systems_Administrator,09:27,18:10,US,New York,True,HS65191
LVJ1007,Support Agent,Support,Support-Support_Agent,08:26,17:25,US,Austin,False,NU63073
VJS9473,Financial Analyst,Finance,Finance-Financial_Analyst,09:23,18:06,IN,Hyderabad,False,WL38449
CDM9834,Sales Representative,Sales,Sales-Sales_Representative,08:35,17:02,US,Austin,False,XQ33226
TAD4989,Support Agent,Support,Support-Support_Agent,09:02,17:24,IN,Hyderabad,False,QP45513
TEV4925,Legal Counsel,Legal,Legal-Legal_Counsel,09:21,18:50,IN,Bengaluru,False,HQ54926
UYH3482,Financial Analyst,Finance,Finance-Financial_Analyst,08:18,16:35,DE,Hamburg,False,EV86737
EGN8911,Financial Analyst,Finance,Finance-Financial_Analyst,08:12,16:18,US,Denver,False,UH45281
LCT4451,Manager,IT,IT-Manager,09:29,18:16,IN,Bengaluru,False,QU19077
AHP2632,DevOps Engineer,DevOps,DevOps-DevOps_Engineer,08:07,16:07,DE,Munich,False,NA11801
UDZ3030,Sales Representative,Sales,Sales-Sales_Representative,08:06,16:34,GB,London,False,FX11961
WPC3142,Software Engineer,Engineering,Engineering-Software_Engineer,08:05,16:49,US,New York,False,QM87283
RQF4228,Systems Administrator,IT,IT-Systems_Administrator,08:08,16:24,US,New York,False,ZN18124
SGK3997,Systems Administrator,IT,IT-Systems_Administrator,06:18,15:32,BR,Rio de Janeiro,True,FD47769
DDM6212,Support Agent,Support,Support-Support_Agent,08:45,17:12,DE,Munich,False,LA92741
XSM9395,Manager,Sales,Sales-Manager,13:10,21:39,DE,Hamburg,False,QG29614
PCH7421,Sales Representative,Sales,Sales-Sales_Representative,08:44,17:16,US,Denver,False,MB25381
RNC6937,Software Engineer,Engineering,Engineering-Software_Engineer,08:41,18:00,BR,Rio de Janeiro,False,DD76965
MLP3442,Software Engineer,Engineering,Engineering-Software_Engineer,08:46,16:49,DE,Berlin,False,PT61586
RGW3074,Sales Representative,Sales,Sales-Sales_Representative,06:13,14:13,US,Austin,False,FJ60010
ZKA7775,DevOps Engineer,DevOps,DevOps-DevOps_Engineer,08:01,17:14,US,New York,True,WR23143
FRW3182,Software Engineer,Engineering,Engineering-Software_Engineer,09:24,17:59,DE,Berlin,False,RR53391
RBT7287,Financial Analyst,Finance,Finance-Financial_Analyst,08:47,18:15,US,Chicago,False,LE99051
JVJ0517,Sales Representative,Sales,Sales-Sales_Representative,09:00,17:54,US,Austin,False,PB27745
TVC5587,Manager,Legal,Legal-Manager,08:58,18:00,IN,Bengaluru,False,DN14411
ZFP4052,Software Engineer,Engineering,Engineering-Software_Engineer,08:03,17:20,IN,Hyderabad,False,TP17812
WAT3736,Software Engineer,Engineering,Engineering-Software_Engineer,08:25,17:51,US,New York,False,WU17465
UNZ9660,Software Engineer,Engineering,Engineering-Software_Engineer,09:19,18:30,IN,Pune,False,EW45558
SDK3028,DevOps Engineer,DevOps,DevOps-DevOps_Engineer,13:52,22:12,US,Chicago,True,EE09209
WWV0479,Sales Representative,Sales,Sales-Sales_Representative,08:40,17:01,DE,Munich,False,PG52303
NWC4997,Software Engineer,Engineering,Engineering-Software_Engineer,08:02,16:41,GB,Manchester,False,QH10223
WGT5862,HR Specialist,HR,HR-HR_Specialist,05:48,15:06,IN,Hyderabad,False,LY13170
UFL2774,HR Specialist,HR,HR-HR_Specialist,13:40,21:54,BR,Curitiba,False,EW30873
VRF2496,Software Engineer,Engineering,Engineering-Software_Engineer,09:21,17:26,GB,Leeds,False,HF95963
SDA4591,Software Engineer,Engineering,Engineering-Software_Engineer,09:06,18:03,US,New York,False,VQ53676
AFH4934,Sales Representative,Sales,Sales-Sales_Representative,08:15,17:25,IN,Pune,False,GU65003
CHQ2090,Legal Counsel,Legal,Legal-Legal_Counsel,08:54,17:17,US,Denver,False,MD69370
XFK4688,Software Engineer,Engineering,Engineering-Software_Engineer,06:20,15:38,BR,Rio de Janeiro,False,CK66810
AWD1773,Manager,Engineering,Engineering-Manager,09:04,18:08,DE,Hamburg,False,NF88944
LEQ0221,DevOps Engineer,DevOps,DevOps-DevOps_Engineer,09:01,17:38,GB,London,True,YG27015
AKG3234,Software Engineer,Engineering,Engineering-Software_Engineer,09:27,18:35,US,Seattle,False,VP01904
MLK3460,Support Agent,Support,Support-Support_Agent,08:50,17:24,US,Denver,False,LV05404
UXJ0087,Systems Administrator,IT,IT-Systems_Administrator,09:00,17:41,IN,Hyderabad,False,BG36174
TMZ3304,Software Engineer,Engineering,Engineering-Software_Engineer,08:13,17:26,US,Austin,False,UZ41070
TFA6797,Software Engineer,Engineering,Engineering-Software_Engineer,08:26,17:14,GB,London,False,WX31127
RZG0245,Systems Administrator,IT,IT-Systems_Administrator,13:42,22:55,US,New York,False,WS25978
ELY1202,Support Agent,Support,Support-Support_Agent,08:41,17:08,BR,Sao Paulo,False,TY71102
BNP5840,Support Agent,Support,Support-Support_Agent,08:20,16:46,DE,Munich,False,AP33989
RHB3473,Support Agent,Support,Support-Support_Agent,09:14,18:37,US,Denver,False,FY88566
EGE4292,Support Agent,Support,Support-Support_Agent,13:43,21:58,DE,Berlin,False,CS80911
YWC7675,Support Agent,Support,Support-Support_Agent,08:41,17:08,BR,Sao Paulo,True,LT56039
ACG7504,Sales Representative,Sales,Sales-Sales_Representative,14:06,23:34,IN,Pune,False,DY41306
HDF6619,Sales Representative,Sales,Sales-Sales_Representative,06:09,14:47,GB,Manchester,False,FK06222
UHB1648,Financial Analyst,Finance,Finance-Financial_Analyst,08:11,17:41,GB,Manchester,False,WJ56897
PEB4761,HR Specialist,HR,HR-HR_Specialist,08:44,16:55,DE,Munich,False,LK29927
BMC8908,Legal Counsel,Legal,Legal-Legal_Counsel,09:22,17:23,DE,Hamburg,False,SK43412
NNN7074,Sales Representative,Sales,Sales-Sales_Representative,08:47,17:26,US,Austin,False,FW26499
DVH0547,Financial Analyst,Finance,Finance-Financial_Analyst,08:50,18:15,US,Denver,False,SD62808
TJL7396,Support Agent,Support,Support-Support_Agent,06:20,15:16,US,Denver,False,HD55396
PBC9781,Software Engineer,Engineering,Engineering-Software_Engineer,05:48,13:48,BR,Rio de Janeiro,False,BF71762
EDT4917,Legal Counsel,Legal,Legal-Legal_Counsel,08:20,17:27,IN,Pune,False,LY24531
BYG9198,Legal Counsel,Legal,Legal-Legal_Counsel,13:56,22:46,US,Austin,False,XA25163
XVA6947,HR Specialist,HR,HR-HR_Specialist,08:59,17:21,US,New York,False,GS86914
FYX5955,HR Specialist,HR,HR-HR_Specialist,09:20,18:42,BR,Rio de Janeiro,False,XL45137
XPA8625,Systems Administrator,IT,IT-Systems_Administrator,08:22,17:14,GB,Manchester,False,DD24915
JDA6078,Financial Analyst,Finance,Finance-Financial_Analyst,08:52,16:56,GB,Manchester,False,PA62805
FHF0974,Systems Administrator,IT,IT-Systems_Administrator,09:03,17:08,IN,Pune,False,VS65695
RWR4951,Financial Analyst,Finance,Finance-Financial_Analyst,08:34,16:35,GB,London,False,YT48636
GHQ3847,Support Agent,Support,Support-Support_Agent,08:59,17:56,BR,Sao Paulo,False,XU19230
RPB6169,Software Engineer,Engineering,Engineering-Software_Engineer,09:28,18:55,BR,Rio de Janeiro,False,XX02788
DNS6392,Support Agent,Support,Support-Support_Agent,08:13,16:24,IN,Hyderabad,False,ED62703
ZPB1790,Sales Representative,Sales,Sales-Sales_Representative,08:31,17:47,GB,Leeds,False,ST99124
VVU9833,Software Engineer,Engineering,Engineering-Software_Engineer,08:22,16:31,US,Chicago,False,GC97905
QDS1979,Systems Administrator,IT,IT-Systems_Administrator,08:33,17:02,DE,Munich,False,QP66026
ZWD7442,DevOps Engineer,DevOps,DevOps-DevOps_Engineer,09:03,18:08,US,Chicago,False,GP00932
RNP3279,Manager,DevOps,DevOps-Manager,09:27,17:49,GB,Leeds,False,LX45603
CCK9983,Legal Counsel,Legal,Legal-Legal_Counsel,08:08,17:16,IN,Bengaluru,False,QJ55060
EYU6957,DevOps Engineer,DevOps,DevOps-DevOps_Engineer,08:13,16:57,US,Austin,False,KX19365
LCT5452,Manager,Finance,Finance-Manager,08:01,16:18,GB,London,False,MN68045
ZPS7623,Sales Representative,Sales,Sales-Sales_Representative,08:09,16:56,US,Chicago,False,LW82914
ECH8609,DevOps Engineer,DevOps,DevOps-DevOps_Engineer,08:26,16:40,US,Austin,False,XM87373
WJJ3459,Manager,Sales,Sales-Manager,09:15,18:17,DE,Munich,False,CJ65833
KWA2081,Systems Administrator,IT,IT-Systems_Administrator,08:36,17:35,IN,Pune,False,EG64975
ZMY6132,Sales Representative,Sales,Sales-Sales_Representative,08:10,17:24,BR,Rio de Janeiro,False,KW52140
DTR1676,Software Engineer,Engineering,Engineering-Software_Engineer,08:14,16:38,GB,Leeds,False,QR05344
AYA0123,Financial Analyst,Finance,Finance-Financial_Analyst,09:07,17:42,US,Seattle,False,BR82743
AAT6431,Support Agent,Support,Support-Support_Agent,08:41,17:29,US,Chicago,False,MP09678
ZRH2565,Manager,DevOps,DevOps-Manager,08:01,17:00,GB,Manchester,True,ZU68840
PQW6333,Software Engineer,Engineering,Engineering-Software_Engineer,08:24,17:30,BR,Curitiba,False,AC06627
PBN7758,Software Engineer,Engineering,Engineering-Software_Engineer,06:10,14:50,GB,Leeds,False,XD73292
ZVF2710,Sales Representative,Sales,Sales-Sales_Representative,05:39,13:45,US,Seattle,False,FE73173
REX4712,Software Engineer,Engineering,Engineering-Software_Engineer,13:09,21:57,US,Chicago,False,CK29975
UPD2858,Financial Analyst,Finance,Finance-Financial_Analyst,13:31,21:55,GB,Manchester,False,MW86264
MSV4399,Financial Analyst,Finance,Finance-Financial_Analyst,05:43,14:20,US,Austin,False,YQ63557
ACW5886,Financial Analyst,Finance,Finance-Financial_Analyst,09:26,18:44,GB,Manchester,False,PF39955
QUP4565,Financial Analyst,Finance,Finance-Financial_Analyst,13:38,22:35,DE,Berlin,False,MQ68110
PGM4497,Software Engineer,Engineering,Engineering-Software_Engineer,05:51,15:05,DE,Hamburg,False,EM62252
GCA6821,Financial Analyst,Finance,Finance-Financial_Analyst,08:48,18:06,IN,Pune,False,JU99438
KCS1345,HR Specialist,HR,HR-HR_Specialist,08:54,17:21,DE,Hamburg,False,FC58017
ZXZ5897,Sales Representative,Sales,Sales-Sales_Representative,08:04,16:52,US,Seattle,False,NW67522
SCA9486,Sales Representative,Sales,Sales-Sales_Representative,08:17,17:11,GB,London,False,RK31335
JHS3839,Software Engineer,Engineering,Engineering-Software_Engineer,08:02,17:16,US,Denver,False,HW90213
BNN4648,Sales Representative,Sales,Sales-Sales_Representative,09:05,17:46,US,Chicago,False,FC83726
EXR3425,Financial Analyst,Finance,Finance-Financial_Analyst,08:07,16:21,GB,Manchester,False,WU14668
XDH2481,HR Specialist,HR,HR-HR_Specialist,13:23,22:41,US,Seattle,False,PE65811
CPS9069,Manager,IT,IT-Manager,14:22,22:38,US,Seattle,False,CQ96261
QVW8593,Sales Representative,Sales,Sales-Sales_Representative,14:06,22:42,GB,Manchester,False,DV24776
GUW5758,Legal Counsel,Legal,Legal-Legal_Counsel,08:37,17:06,IN,Bengaluru,False,WM63555
NYY0809,Legal Counsel,Legal,Legal-Legal_Counsel,08:38,16:46,IN,Hyderabad,False,DJ87808
PZP4279,Systems Administrator,IT,IT-Systems_Administrator,14:09,23:17,DE,Berlin,False,VS50837
PJA2498,Manager,Support,Support-Manager,08:12,16:27,US,Denver,False,EJ08363
VKE4599,DevOps Engineer,DevOps,DevOps-DevOps_Engineer,08:54,17:29,IN,Hyderabad,False,KJ60510
BTP8472,DevOps Engineer,DevOps,DevOps-DevOps_Engineer,09:10,17:12,GB,Manchester,False,DN16454
NDQ7160,DevOps Engineer,DevOps,DevOps-DevOps_Engineer,09:10,18:17,US,Seattle,False,NJ43968
MXP4447,Financial Analyst,Finance,Finance-Financial_Analyst,08:24,16:41,IN,Pune,False,JR94399
AMQ0877,Support Agent,Support,Support-Support_Agent,08:39,18:07,GB,London,False,QE57103
RNQ2109,Systems Administrator,IT,IT-Systems_Administrator,06:16,15:39,US,New York,False,TG73589
GZS8306,Support Agent,Support,Support-Support_Agent,09:01,17:27,US,Chicago,False,BZ81840
HLZ1544,Sales Representative,Sales,Sales-Sales_Representative,09:25,17:29,GB,London,False,HA12093
UWY3981,Support Agent,Support,Support-Support_Agent,09:08,17:37,BR,Curitiba,False,DH15559
PGT7229,Sales Representative,Sales,Sales-Sales_Representative,09:13,18:29,IN,Bengaluru,False,YR83447
BZA5306,Software Engineer,Engineering,Engineering-Software_Engineer,08:39,18:00,US,New York,False,PU51741
FAM1900,DevOps Engineer,DevOps,DevOps-DevOps_Engineer,08:08,16:41,GB,Manchester,False,KX48555
MLG1806,Sales Representative,Sales,Sales-Sales_Representative,14:21,23:04,GB,Leeds,False,LB35792
DHT3461,Systems Administrator,IT,IT-Systems_Administrator,08:22,17:11,GB,Manchester,False,PY30224
FPV8534,Support Agent,Support,Support-Support_Agent,09:08,17:56,US,New York,True,RH68208
XYT8632,Support Agent,Support,Support-Support_Agent,09:30,18:14,GB,London,False,KJ72522
VHE3897,Financial Analyst,Finance,Finance-Financial_Analyst,06:05,14:15,BR,Curitiba,False,BK74790
VWK2440,Support Agent,Support,Support-Support_Agent,13:03,22:19,US,Chicago,False,BZ87194
CNY0484,Sales Representative,Sales,Sales-Sales_Representative,05:37,14:39,US,Austin,False,XD60687
JRS7748,Software Engineer,Engineering,Engineering-Software_Engineer,09:17,18:35,BR,Sao Paulo,False,GQ37469
XZZ4821,DevOps Engineer,DevOps,DevOps-DevOps_Engineer,08:30,16:59,US,Seattle,False,XD43939
ZSN0830,Software Engineer,Engineering,Engineering-Software_Engineer,09:04,17:45,BR,Rio de Janeiro,False,XT04138
CMF1527,DevOps Engineer,DevOps,DevOps-DevOps_Engineer,14:09,23:13,US,New York,False,UZ45477
AGH1760,Software Engineer,Engineering,Engineering-Software_Engineer,08:40,17:58,GB,Manchester,False,CB31372
GJK7367,Systems Administrator,IT,IT-Systems_Administrator,08:55,18:02,BR,Rio de Janeiro,False,DT41196
HEP4992,Software Engineer,Engineering,Engineering-Software_Engineer,08:28,17:39,BR,Sao Paulo,False,GJ67197
EJM7562,Support Agent,Support,Support-Support_Agent,08:17,17:22,US,Denver,False,QE63579
VDX6246,Software Engineer,Engineering,Engineering-Software_Engineer,08:37,18:05,BR,Rio de Janeiro,False,MT31531
MMV4490,DevOps Engineer,DevOps,DevOps-DevOps_Engineer,08:06,17:18,GB,Manchester,False,ZJ59754
BKG3081,Software Engineer,Engineering,Engineering-Software_Engineer,09:18,17:30,IN,Bengaluru,False,QL38600
ZEU3356,Legal Counsel,Legal,Legal-Legal_Counsel,06:11,15:14,GB,London,False,LN99254
EYN3867,Systems Administrator,IT,IT-Systems_Administrator,09:25,17:32,GB,London,False,BR51328
BKB9111,Sales Representative,Sales,Sales-Sales_Representative,09:29,18:41,BR,Curitiba,False,DW64905
VFK7595,Support Agent,Support,Support-Support_Agent,08:59,18:11,US,Austin,True,VU71200
XVG6611,Financial Analyst,Finance,Finance-Financial_Analyst,09:28,18:43,IN,Pune,False,SG78486
PZN2159,Support Agent,Support,Support-Support_Agent,08:21,17:29,BR,Curitiba,True,CN26501
ZJV8865,Support Agent,Support,Support-Support_Agent,08:17,16:57,US,Chicago,False,YL21775
WBH1128,Sales Representative,Sales,Sales-Sales_Representative,08:46,18:08,US,New York,False,YH98965
KNL2118,Sales Representative,Sales,Sales-Sales_Representative,09:21,18:12,BR,Sao Paulo,False,SA76782
UMF6912,Systems Administrator,IT,IT-Systems_Administrator,08:20,17:12,GB,Leeds,False,HJ27185
JZV6139,Support Agent,Support,Support-Support_Agent,09:12,18:00,US,New York,True,RZ04324
MQK7676,Software Engineer,Engineering,Engineering-Software_Engineer,09:07,18:37,GB,Manchester,False,DK74591
EFS6320,Financial Analyst,Finance,Finance-Financial_Analyst,08:23,16:38,US,Seattle,False,QU90017
NMG2401,HR Specialist,HR,HR-HR_Specialist,08:45,17:44,GB,London,False,KV47737
AXY2263,DevOps Engineer,DevOps,DevOps-DevOps_Engineer,06:20,15:16,BR,Curitiba,False,EP18722
GXX9756,Sales Representative,Sales,Sales-Sales_Representative,08:17,16:33,US,Denver,False,AD38476
YFA5069,HR Specialist,HR,HR-HR_Specialist,09:09,18:29,DE,Hamburg,False,ND04632
FXS1805,HR Specialist,HR,HR-HR_Specialist,06:13,15:01,US,Austin,False,JL17931
EWE2142,Financial Analyst,Finance,Finance-Financial_Analyst,09:13,17:33,BR,Rio de Janeiro,False,ZQ58506
RVG2870,Manager,Finance,Finance-Manager,08:27,16:43,US,Denver,False,NR99350
RYG9568,Legal Counsel,Legal,Legal-Legal_Counsel,08:07,16:21,DE,Berlin,False,QE35892
NSQ4495,Manager,Support,Support-Manager,08:24,17:54,US,Austin,False,HS16244
XCW2400,Financial Analyst,Finance,Finance-Financial_Analyst,09:13,17:44,US,Seattle,False,MC12627
PEP3911,Software Engineer,Engineering,Engineering-Software_Engineer,09:14,17:21,GB,Leeds,False,YJ44031
RSX0455,DevOps Engineer,DevOps,DevOps-DevOps_Engineer,08:58,17:01,DE,Berlin,False,HZ26909
HFA2536,Financial Analyst,Finance,Finance-Financial_Analyst,08:09,16:38,GB,Leeds,False,QE10941
GCA3290,DevOps Engineer,DevOps,DevOps-DevOps_Engineer,05:31,14:53,BR,Rio de Janeiro,False,YR63185
HUW0385,Manager,Finance,Finance-Manager,08:04,16:14,GB,Leeds,False,KC49582
ULK7678,Support Agent,Support,Support-Support_Agent,08:50,17:14,IN,Bengaluru,False,ZX88295
RJE7048,Sales Representative,Sales,Sales-Sales_Representative,09:00,18:25,GB,Leeds,False,ZZ85728
UMB9505,Financial Analyst,Finance,Finance-Financial_Analyst,09:06,18:00,US,Austin,False,UJ83855
HUX0645,Sales Representative,Sales,Sales-Sales_Representative,13:10,22:11,DE,Munich,False,DQ59070
SVG0207,Software Engineer,Engineering,Engineering-Software_Engineer,09:13,18:33,US,Seattle,False,QY74298
NNF1030,DevOps Engineer,DevOps,DevOps-DevOps_Engineer,08:52,17:49,US,Austin,True,BV85094
KYJ2437,DevOps Engineer,DevOps,DevOps-DevOps_Engineer,09:13,17:36,US,Denver,False,FB69245
PXE9068,Software Engineer,Engineering,Engineering-Software_Engineer,09:26,17:58,US,Chicago,False,KG68849
YPA6465,DevOps Engineer,DevOps,DevOps-DevOps_Engineer,14:16,23:03,IN,Pune,False,BS68988
KQK8927,DevOps Engineer,DevOps,DevOps-DevOps_Engineer,08:21,16:41,IN,Hyderabad,False,LF14318
WRB3527,DevOps Engineer,DevOps,DevOps-DevOps_Engineer,09:27,18:02,US,New York,True,SA08465
HKA8269,Manager,HR,HR-Manager,09:00,17:42,DE,Berlin,False,UL76055
MSB2345,Financial Analyst,Finance,Finance-Financial_Analyst,09:07,18:02,BR,Curitiba,False,DR30406
VBV3674,DevOps Engineer,DevOps,DevOps-DevOps_Engineer,09:14,17:47,US,Denver,False,LS56347
YSD3389,Manager,Sales,Sales-Manager,08:24,17:09,DE,Hamburg,False,KP48871
MSW7113,Sales Representative,Sales,Sales-Sales_Representative,09:06,17:22,US,Chicago,False,MU76121
TBB1123,Manager,Engineering,Engineering-Manager,05:31,14:51,IN,Hyderabad,False,PS10484
EZH0707,Software Engineer,Engineering,Engineering-Software_Engineer,13:51,22:04,US,Denver,False,AT69337
VXB2603,Support Agent,Support,Support-Support_Agent,09:18,18:34,GB,London,False,SP65505
QWE4909,Sales Representative,Sales,Sales-Sales_Representative,09:17,17:43,BR,Rio de Janeiro,False,CF47782
JED1399,Support Agent,Support,Support-Support_Agent,13:07,21:56,US,Chicago,False,MG94645
BHN1070,Support Agent,Support,Support-Support_Agent,08:12,17:00,US,Austin,False,KF31730
DCS2764,HR Specialist,HR,HR-HR_Specialist,06:10,15:10,GB,Leeds,False,QF96893
TNQ7412,DevOps Engineer,DevOps,DevOps-DevOps_Engineer,08:00,16:10,US,New York,False,AX98102
QQP2991,Financial Analyst,Finance,Finance-Financial_Analyst,09:09,18:30,GB,London,False,UT89997
NTA8758,Systems Administrator,IT,IT-Systems_Administrator,13:03,21:56,BR,Sao Paulo,False,NN02464
RDH0031,HR Specialist,HR,HR-HR_Specialist,13:08,21:18,US,New York,False,WN12329
EXB4687,Systems Administrator,IT,IT-Systems_Administrator,08:10,16:39,BR,Sao Paulo,False,SU29096
CQN3399,Support Agent,Support,Support-Support_Agent,09:30,17:51,GB,Leeds,True,LA95497
JAC2356,Support Agent,Support,Support-Support_Agent,08:37,17:56,DE,Hamburg,False,JS10224
XVD6009,Systems Administrator,IT,IT-Systems_Administrator,09:23,18:22,BR,Sao Paulo,False,VE70367
XNW4360,Manager,Support,Support-Manager,08:18,17:23,DE,Berlin,False,MW56219
BKG0428,Manager,DevOps,DevOps-Manager,08:18,17:42,US,New York,True,QM42595
FGC5618,Software Engineer,Engineering,Engineering-Software_Engineer,09:22,18:30,BR,Sao Paulo,False,HD88630
GNL3436,Sales Representative,Sales,Sales-Sales_Representative,09:16,18:37,GB,Manchester,False,CC07123
YSM2801,Manager,Sales,Sales-Manager,05:43,13:50,DE,Munich,False,XL89173
HUF5919,Sales Representative,Sales,Sales-Sales_Representative,09:25,17:38,US,Chicago,False,FS01482
ALC5255,Systems Administrator,IT,IT-Systems_Administrator,09:00,17:24,GB,Manchester,False,MC99252
DUJ3384,Software Engineer,Engineering,Engineering-Software_Engineer,08:24,16:27,US,Seattle,False,WT95135
UTB8574,DevOps Engineer,DevOps,DevOps-DevOps_Engineer,08:11,16:47,IN,Bengaluru,True,CQ35809
NFG5180,DevOps Engineer,DevOps,DevOps-DevOps_Engineer,08:27,17:31,GB,Leeds,False,SS63963
BHC0056,HR Specialist,HR,HR-HR_Specialist,09:15,17:48,US,Austin,False,KJ30972
YJN2204,Support Agent,Support,Support-Support_Agent,08:00,16:29,US,Seattle,False,WK87503
WYA6618,Manager,Legal,Legal-Manager,08:53,17:09,DE,Munich,False,XH89404
UWT0424,Legal Counsel,Legal,Legal-Legal_Counsel,06:16,15:23,GB,Manchester,False,WT06841
QRG1638,Financial Analyst,Finance,Finance-Financial_Analyst,09:05,17:29,US,Seattle,False,XM17961
RZH8934,Support Agent,Support,Support-Support_Agent,09:05,18:04,GB,London,False,RV82214
FNB0006,DevOps Engineer,DevOps,DevOps-DevOps_Engineer,08:19,17:14,GB,Manchester,False,QT52727
HRA1811,Manager,DevOps,DevOps-Manager,08:50,17:45,GB,London,False,BV58079
MJQ0726,DevOps Engineer,DevOps,DevOps-DevOps_Engineer,08:46,16:53,IN,Pune,False,JB36676
QPN5696,Support Agent,Support,Support-Support_Agent,08:25,16:35,US,Denver,False,RZ98968
PPN0097,Sales Representative,Sales,Sales-Sales_Representative,08:13,16:56,IN,Hyderabad,False,FK08258
UHE0352,Support Agent,Support,Support-Support_Agent,13:51,22:28,IN,Hyderabad,False,HM61799
EHH0831,DevOps Engineer,DevOps,DevOps-DevOps_Engineer,08:59,18:17,GB,Leeds,True,VV92285
RCW3682,DevOps Engineer,DevOps,DevOps-DevOps_Engineer,09:08,17:45,US,Austin,False,UN37953
LXN8835,Support Agent,Support,Support-Support_Agent,08:32,16:40,US,Denver,False,WK91620
BRC6957,Legal Counsel,Legal,Legal-Legal_Counsel,09:24,17:49,US,New York,False,FZ19519
RXT9110,Software Engineer,Engineering,Engineering-Software_Engineer,08:43,18:05,US,Denver,False,ZN19061
VWK2421,Software Engineer,Engineering,Engineering-Software_Engineer,08:22,16:32,US,Chicago,False,MU72886
KMC7017,Systems Administrator,IT,IT-Systems_Administrator,08:59,18:14,US,Chicago,False,XZ24199
AGP7231,DevOps Engineer,DevOps,DevOps-DevOps_Engineer,08:46,18:12,GB,Leeds,False,PT84626
AGK7687,Manager,Sales,Sales-Manager,08:50,17:29,IN,Hyderabad,False,EU17024
HLE8534,Systems Administrator,IT,IT-Systems_Administrator,09:09,18:08,US,Denver,True,JF21499
TJL4519,Manager,Sales,Sales-Manager,08:14,16:35,BR,Curitiba,False,KE54564
DSE9841,Support Agent,Support,Support-Support_Agent,09:29,18:45,GB,London,True,FH07362
KBH1111,Financial Analyst,Finance,Finance-Financial_Analyst,08:36,17:31,GB,London,False,XQ97667
HJQ8937,DevOps Engineer,DevOps,DevOps-DevOps_Engineer,08:22,17:46,IN,Pune,False,WA82663
YEB9577,Software Engineer,Engineering,Engineering-Software_Engineer,08:14,17:00,IN,Hyderabad,False,YK41535
FKD9447,Sales Representative,Sales,Sales-Sales_Representative,08:05,17:14,DE,Hamburg,False,KE53901
SNN2223,Software Engineer,Engineering,Engineering-Software_Engineer,08:34,17:43,US,Seattle,False,AU44929
VPM9822,Financial Analyst,Finance,Finance-Financial_Analyst,09:18,17:52,US,Denver,False,NX39652
QDR5644,Sales Representative,Sales,Sales-Sales_Representative,08:40,17:00,US,Seattle,False,WL62122
AMG0435,Software Engineer,Engineering,Engineering-Software_Engineer,09:29,17:59,US,Seattle,False,ES15287
MBR7933,DevOps Engineer,DevOps,DevOps-DevOps_Engineer,06:07,14:16,BR,Curitiba,True,QG06531
RSL7536,Sales Representative,Sales,Sales-Sales_Representative,08:51,18:10,DE,Munich,False,XY19694
ELX7360,Software Engineer,Engineering,Engineering-Software_Engineer,08:48,18:08,US,Chicago,False,ES64586
VNR5092,Sales Representative,Sales,Sales-Sales_Representative,08:48,17:29,US,Chicago,False,UA71675
DJF2928,DevOps Engineer,DevOps,DevOps-DevOps_Engineer,09:05,17:53,GB,Manchester,False,UV22955
JYN2779,Financial Analyst,Finance,Finance-Financial_Analyst,08:22,16:40,BR,Sao Paulo,False,XJ72332
QMQ7100,DevOps Engineer,DevOps,DevOps-DevOps_Engineer,08:55,18:03,US,Denver,False,KJ97499
LKX2108,Financial Analyst,Finance,Finance-Financial_Analyst,08:44,17:25,US,New York,False,LB87772
VFA6765,DevOps Engineer,DevOps,DevOps-DevOps_Engineer,14:10,23:31,GB,Leeds,False,ZC56918
GUZ0270,Manager,Engineering,Engineering-Manager,08:25,17:54,DE,Berlin,False,QT61936
QTM2961,Support Agent,Support,Support-Support_Agent,08:04,17:15,DE,Berlin,False,PT46743
SQU9903,Support Agent,Support,Support-Support_Agent,08:04,16:41,US,New York,False,HU27155
XEM8057,Software Engineer,Engineering,Engineering-Software_Engineer,08:54,17:25,BR,Rio de Janeiro,False,BX85557
URS5582,Financial Analyst,Finance,Finance-Financial_Analyst,08:22,16:44,US,Denver,False,MS10222
PSZ0395,HR Specialist,HR,HR-HR_Specialist,08:10,16:32,GB,Manchester,False,ZX61692
WGM2789,HR Specialist,HR,HR-HR_Specialist,09:13,17:18,US,Seattle,False,NB12916
TVL8943,Sales Representative,Sales,Sales-Sales_Representative,09:04,17:28,DE,Berlin,False,PK23771
LZM5214,Sales Representative,Sales,Sales-Sales_Representative,08:33,17:15,GB,Leeds,False,TT65236
HQD9108,Sales Representative,Sales,Sales-Sales_Representative,09:28,17:44,GB,London,False,VK44113
TNW8789,Support Agent,Support,Support-Support_Agent,08:25,17:46,US,New York,True,LK51010
CQW5666,Systems Administrator,IT,IT-Systems_Administrator,08:38,16:47,GB,London,False,KJ35414
TWC7231,Software Engineer,Engineering,Engineering-Software_Engineer,09:14,18:33,IN,Hyderabad,False,NK99669
TDJ7685,Support Agent,Support,Support-Support_Agent,13:37,22:40,US,New York,True,QS82437
CCJ4180,Support Agent,Support,Support-Support_Agent,09:12,17:54,GB,Manchester,False,KM09333
PLH4504,Support Agent,Support,Support-Support_Agent,08:38,17:16,GB,Manchester,False,SD75883
NGY1374,Software Engineer,Engineering,Engineering-Software_Engineer,14:20,22:50,GB,Leeds,False,WJ49036
AWP0070,HR Specialist,HR,HR-HR_Specialist,09:02,17:29,US,Austin,False,JG68395
DSR1969,Sales Representative,Sales,Sales-Sales_Representative,08:42,17:16,BR,Curitiba,False,WY45813
PWT2372,HR Specialist,HR,HR-HR_Specialist,08:29,16:36,BR,Sao Paulo,False,JU86051
XPG0614,DevOps Engineer,DevOps,DevOps-DevOps_Engineer,09:24,18:25,US,Seattle,False,XM85806
FWE2981,Sales Representative,Sales,Sales-Sales_Representative,08:36,17:40,IN,Bengaluru,False,BR34309
DAA6296,Sales Representative,Sales,Sales-Sales_Representative,13:31,21:47,IN,Pune,False,LU16171
CNT6452,Support Agent,Support,Support-Support_Agent,08:07,16:25,US,Austin,False,CK74464
KGW8827,Manager,Support,Support-Manager,13:57,23:27,GB,Leeds,True,AS06262
JUZ1834,Legal Counsel,Legal,Legal-Legal_Counsel,08:04,16:56,US,Chicago,False,KF25561
MSJ4788,Software Engineer,Engineering,Engineering-Software_Engineer,08:29,17:16,US,New York,False,CF12668
GXL3526,Systems Administrator,IT,IT-Systems_Administrator,08:28,17:21,US,New York,False,BX14653
EGU0127,Software Engineer,Engineering,Engineering-Software_Engineer,13:04,21:46,DE,Hamburg,False,VV77575
GXS8307,Sales Representative,Sales,Sales-Sales_Representative,13:03,21:57,BR,Rio de Janeiro,False,DX02136
JHB0982,Systems Administrator,IT,IT-Systems_Administrator,09:22,17:47,US,Seattle,True,WJ72397
GTR6357,Sales Representative,Sales,Sales-Sales_Representative,08:38,17:05,BR,Rio de Janeiro,False,CL05295
MMM0073,HR Specialist,HR,HR-HR_Specialist,08:42,17:02,DE,Hamburg,False,HK72270
LWK7649,Sales Representative,Sales,Sales-Sales_Representative,06:30,15:10,IN,Pune,False,RV31434
VTL6818,Systems Administrator,IT,IT-Systems_Administrator,06:20,14:48,US,New York,False,ZS06128
USY9492,Financial Analyst,Finance,Finance-Financial_Analyst,09:01,17:33,GB,Leeds,False,QE95133
SPM1999,Sales Representative,Sales,Sales-Sales_Representative,09:28,18:39,DE,Munich,False,XK89389
DCJ2497,Support Agent,Support,Support-Support_Agent,08:11,17:08,US,New York,True,LJ10396
UWN1593,Systems Administrator,IT,IT-Systems_Administrator,13:31,21:45,US,New York,False,JJ60080
JJX7773,Sales Representative,Sales,Sales-Sales_Representative,08:44,17:06,IN,Bengaluru,False,SP17260
PKA7047,DevOps Engineer,DevOps,DevOps-DevOps_Engineer,09:09,18:29,US,Chicago,True,YW75826
GNR6761,Sales Representative,Sales,Sales-Sales_Representative,06:20,14:59,US,Seattle,False,XH56294
VZH0138,Software Engineer,Engineering,Engineering-Software_Engineer,06:19,14:34,US,Denver,False,ER65133
KCA1959,Financial Analyst,Finance,Finance-Financial_Analyst,13:27,22:14,GB,Leeds,False,UH51944
ZXP2806,Support Agent,Support,Support-Support_Agent,08:58,18:14,US,Denver,False,KZ16622
EFG3727,Legal Counsel,Legal,Legal-Legal_Counsel,08:58,17:09,GB,London,False,ND25017
FXH7307,Systems Administrator,IT,IT-Systems_Administrator,08:42,17:49,GB,London,True,CN87306
QZQ7908,Manager,DevOps,DevOps-Manager,08:17,17:12,US,Seattle,False,KH57021
EKS3015,Sales Representative,Sales,Sales-Sales_Representative,09:15,18:00,BR,Curitiba,False,ET07509
JWU4729,Software Engineer,Engineering,Engineering-Software_Engineer,08:45,17:47,DE,Munich,False,YS98100
GNJ4718,Manager,Support,Support-Manager,09:25,18:05,BR,Sao Paulo,False,JC42943
QKH9033,Financial Analyst,Finance,Finance-Financial_Analyst,13:01,22:31,US,Chicago,False,YD61241
HTF8013,DevOps Engineer,DevOps,DevOps-DevOps_Engineer,08:18,17:24,GB,Manchester,False,BL10933
DDZ1774,Software Engineer,Engineering,Engineering-Software_Engineer,08:35,17:30,US,Austin,False,RM53628
LAG9610,Manager,Support,Support-Manager,08:33,17:02,US,Austin,False,HC82052
LQN1265,Manager,IT,IT-Manager,08:39,17:48,BR,Rio de Janeiro,False,NJ73427
PMJ2575,Manager,Support,Support-Manager,06:03,14:08,US,New York,True,XU94405
AET4214,HR Specialist,HR,HR-HR_Specialist,08:52,17:35,IN,Hyderabad,False,SZ15892
PHM0513,Manager,Finance,Finance-Manager,05:39,13:40,US,Chicago,False,AW69276
PVW1705,HR Specialist,HR,HR-HR_Specialist,09:19,18:01,US,Austin,False,KD79590
QMM7832,Manager,DevOps,DevOps-Manager,08:13,17:05,US,Austin,False,BM22910
CNX4632,DevOps Engineer,DevOps,DevOps-DevOps_Engineer,09:20,17:22,DE,Munich,False,JC21318
ZEV5989,Sales Representative,Sales,Sales-Sales_Representative,08:00,16:26,BR,Sao Paulo,False,FR04612
RKM6563,Sales Representative,Sales,Sales-Sales_Representative,13:39,22:15,US,Austin,False,KT05831
XKZ3308,Financial Analyst,Finance,Finance-Financial_Analyst,09:28,18:43,DE,Berlin,False,SX46522
UHY5838,Systems Administrator,IT,IT-Systems_Administrator,08:17,17:10,IN,Pune,False,KZ70444
DZL5487,HR Specialist,HR,HR-HR_Specialist,09:25,18:43,US,New York,False,XY35443
PTM5097,Manager,Legal,Legal-Manager,08:48,16:49,BR,Curitiba,False,UH96947
HSU2212,Sales Representative,Sales,Sales-Sales_Representative,09:26,18:40,GB,Leeds,False,WP15574
HXL1791,Software Engineer,Engineering,Engineering-Software_Engineer,09:04,17:09,IN,Pune,False,QD46122
HGG0852,DevOps Engineer,DevOps,DevOps-DevOps_Engineer,08:01,17:23,BR,Curitiba,False,KL95772
BTK6682,Manager,Finance,Finance-Manager,08:52,17:02,US,Chicago,False,RK23593
EFJ1543,DevOps Engineer,DevOps,DevOps-DevOps_Engineer,09:03,17:26,US,New York,False,NR22296
FBZ1173,Support Agent,Support,Support-Support_Agent,08:03,17:14,US,New York,False,KD00384
VUU1814,Manager,Finance,Finance-Manager,13:57,23:01,US,Chicago,False,CY12813
DNM0765,Financial Analyst,Finance,Finance-Financial_Analyst,08:13,17:09,GB,London,False,HF31425
HAB6562,Financial Analyst,Finance,Finance-Financial_Analyst,09:16,18:05,GB,Leeds,False,KK65036
WBK2271,Financial Analyst,Finance,Finance-Financial_Analyst,08:18,16:28,GB,Manchester,False,CX25355
ELP0004,Sales Representative,Sales,Sales-Sales_Representative,08:36,17:55,GB,Manchester,False,LA77098
RRJ2491,HR Specialist,HR,HR-HR_Specialist,09:03,17:22,US,Denver,False,UB99256
SRN5527,Sales Representative,Sales,Sales-Sales_Representative,05:49,15:03,US,Chicago,False,JG23606
PQP1240,DevOps Engineer,DevOps,DevOps-DevOps_Engineer,09:15,18:03,US,Chicago,False,GT72702
LLE7318,Systems Administrator,IT,IT-Systems_Administrator,08:25,16:35,DE,Hamburg,False,ZQ03671
AER2755,Support Agent,Support,Support-Support_Agent,08:09,17:12,US,Chicago,False,CA93549
REY5228,Systems Administrator,IT,IT-Systems_Administrator,08:38,17:26,US,Austin,True,DL79726
JNP1683,Support Agent,Support,Support-Support_Agent,09:29,18:04,US,Seattle,False,MG32995
DQZ4406,Software Engineer,Engineering,Engineering-Software_Engineer,05:48,14:02,US,Chicago,False,QA44010
SZP9194,Legal Counsel,Legal,Legal-Legal_Counsel,09:01,17:01,IN,Bengaluru,False,TF55624
TSJ9915,Software Engineer,Engineering,Engineering-Software_Engineer,13:37,21:41,IN,Bengaluru,False,XZ95430
DZS5070,HR Specialist,HR,HR-HR_Specialist,08:56,17:11,IN,Bengaluru,False,YX44476
RUZ2026,Financial Analyst,Finance,Finance-Financial_Analyst,08:43,17:34,BR,Curitiba,False,GA58978
TWP7521,Financial Analyst,Finance,Finance-Financial_Analyst,08:48,17:29,GB,Leeds,False,BS94697
TQX9577,Manager,HR,HR-Manager,09:13,18:07,BR,Rio de Janeiro,False,GZ23368
LKY2027,Manager,Support,Support-Manager,08:42,17:54,GB,Leeds,False,GM76253
QUX8484,Sales Representative,Sales,Sales-Sales_Representative,08:57,17:04,US,New York,False,RV25285
LQC3932,Sales Representative,Sales,Sales-Sales_Representative,08:05,16:36,DE,Hamburg,False,SC65316
HRZ7452,DevOps Engineer,DevOps,DevOps-DevOps_Engineer,08:07,16:33,US,Chicago,False,YT67077
YTT3725,HR Specialist,HR,HR-HR_Specialist,08:13,16:35,US,Chicago,False,YG88179
CAS0219,Financial Analyst,Finance,Finance-Financial_Analyst,05:52,15:17,BR,Curitiba,False,YX73825
TKR9198,Software Engineer,Engineering,Engineering-Software_Engineer,08:48,17:28,IN,Bengaluru,False,YG32633
MED2542,Manager,DevOps,DevOps-Manager,14:13,23:36,IN,Bengaluru,False,HS79034
KHW3426,DevOps Engineer,DevOps,DevOps-DevOps_Engineer,08:18,17:39,US,Austin,True,XX12731
LAH1595,Systems Administrator,IT,IT-Systems_Administrator,08:31,16:49,US,Denver,False,NM93919
QDT9172,Financial Analyst,Finance,Finance-Financial_Analyst,08:17,16:36,IN,Hyderabad,False,XP87213
NER9488,Sales Representative,Sales,Sales-Sales_Representative,05:56,14:02,DE,Hamburg,False,BH81717
EUM2584,DevOps Engineer,DevOps,DevOps-DevOps_Engineer,05:56,14:34,DE,Munich,True,FM77745
EXR7447,HR Specialist,HR,HR-HR_Specialist,09:01,17:33,BR,Rio de Janeiro,False,NC44760
HMZ5952,Systems Administrator,IT,IT-Systems_Administrator,08:30,17:57,US,New York,False,DH95860
PDE2825,HR Specialist,HR,HR-HR_Specialist,09:01,17:52,US,New York,False,RR58692
PEX4943,Software Engineer,Engineering,Engineering-Software_Engineer,08:49,17:12,US,New York,False,CF60145
BGD9256,Support Agent,Support,Support-Support_Agent,09:08,17:58,GB,Leeds,False,EF60687
QGX1659,Manager,Engineering,Engineering-Manager,08:38,17:26,IN,Pune,False,QF22181
FGK1238,DevOps Engineer,DevOps,DevOps-DevOps_Engineer,08:07,16:42,BR,Rio de Janeiro,True,YE05999
XZE2186,Support Agent,Support,Support-Support_Agent,09:06,17:17,US,Seattle,False,NQ92526
ZER4905,Software Engineer,Engineering,Engineering-Software_Engineer,09:27,18:26,US,Chicago,False,VA66984
LQL0537,Support Agent,Support,Support-Support_Agent,08:49,17:37,US,Denver,False,KD36983
CBQ4454,Software Engineer,Engineering,Engineering-Software_Engineer,09:06,18:12,US,New York,False,XZ63732
PYP8182,Systems Administrator,IT,IT-Systems_Administrator,08:47,18:15,BR,Rio de Janeiro,True,NC54328
WZU7591,DevOps Engineer,DevOps,DevOps-DevOps_Engineer,08:53,18:14,US,Chicago,False,GC35770
RKB7991,Software Engineer,Engineering,Engineering-Software_Engineer,09:23,17:50,US,New York,False,WD85740
JFR6002,Financial Analyst,Finance,Finance-Financial_Analyst,08:06,17:19,US,New York,False,FA60081
FHC5582,Financial Analyst,Finance,Finance-Financial_Analyst,09:30,17:38,US,Chicago,False,KG08814
WNL8355,Manager,IT,IT-Manager,09:07,17:56,US,Seattle,False,UW68788
YGU2995,HR Specialist,HR,HR-HR_Specialist,06:29,15:09,GB,Leeds,False,WP85336
THH6830,Sales Representative,Sales,Sales-Sales_Representative,14:12,22:37,US,Seattle,False,KV38299
MQC6265,Software Engineer,Engineering,Engineering-Software_Engineer,09:29,17:29,US,Chicago,False,NA09055
FFU2880,Software Engineer,Engineering,Engineering-Software_Engineer,09:18,18:00,DE,Munich,False,SS56736
GMQ7067,Legal Counsel,Legal,Legal-Legal_Counsel,08:54,17:42,BR,Sao Paulo,False,RQ30476
JRD4682,DevOps Engineer,DevOps,DevOps-DevOps_Engineer,09:13,17:21,GB,London,True,MX25971
GAL0464,Financial Analyst,Finance,Finance-Financial_Analyst,09:01,17:13,BR,Curitiba,False,MB88581
VRT7427,Sales Representative,Sales,Sales-Sales_Representative,09:11,18:30,US,Austin,False,XH81564
MAN1556,Manager,Engineering,Engineering-Manager,08:01,16:39,US,New York,False,PQ28229
EDY8122,Support Agent,Support,Support-Support_Agent,08:46,17:04,IN,Pune,True,PR26591
TEM1066,Sales Representative,Sales,Sales-Sales_Representative,08:26,17:29,US,Chicago,False,CD54423
NTU7090,Manager,IT,IT-Manager,09:29,17:50,DE,Hamburg,True,LW15917
SUP0820,Systems Administrator,IT,IT-Systems_Administrator,09:08,17:57,US,Austin,False,ZP01625
FRM0180,Manager,HR,HR-Manager,08:24,16:31,US,Denver,False,DT97308
SEP7391,HR Specialist,HR,HR-HR_Specialist,09:08,18:08,US,Seattle,False,LV69080
MSK8626,Systems Administrator,IT,IT-Systems_Administrator,05:54,14:47,US,Chicago,True,BQ18636
BPS9189,Legal Counsel,Legal,Legal-Legal_Counsel,08:02,17:30,US,Denver,False,SK32671
ACU8130,Software Engineer,Engineering,Engineering-Software_Engineer,08:36,16:41,GB,Manchester,False,MQ76722
RFN8997,Financial Analyst,Finance,Finance-Financial_Analyst,08:07,16:48,DE,Berlin,False,DP73758
AEE1704,Financial Analyst,Finance,Finance-Financial_Analyst,09:11,17:26,US,Denver,False,MZ29915
JBR9641,Support Agent,Support,Support-Support_Agent,14:19,22:27,GB,Manchester,False,VN80637
FXU6508,Sales Representative,Sales,Sales-Sales_Representative,08:57,18:07,US,Chicago,False,AX98369
URW1882,Software Engineer,Engineering,Engineering-Software_Engineer,05:38,13:53,DE,Berlin,False,MN08992
JAT3224,HR Specialist,HR,HR-HR_Specialist,05:39,15:06,US,Austin,False,WN27315
QFJ3194,DevOps Engineer,DevOps,DevOps-DevOps_Engineer,08:03,16:31,GB,Leeds,False,RS92564
CPF7783,Financial Analyst,Finance,Finance-Financial_Analyst,09:01,18:17,DE,Berlin,False,PD70224
ZAT8680,Manager,Engineering,Engineering-Manager,13:38,22:13,IN,Bengaluru,False,NC16041
BTU7896,DevOps Engineer,DevOps,DevOps-DevOps_Engineer,09:04,18:28,GB,London,False,EB97134
TDM1734,Support Agent,Support,Support-Support_Agent,08:04,16:31,BR,Curitiba,False,PE34630
MJL7606,Support Agent,Support,Support-Support_Agent,09:12,18:35,DE,Berlin,False,FC47303
FPS7859,Manager,Sales,Sales-Manager,09:06,17:57,DE,Berlin,False,EK41190
LRJ7325,Support Agent,Support,Support-Support_Agent,08:51,18:09,US,Denver,False,MG09310
RGD4993,Support Agent,Support,Support-Support_Agent,08:55,18:03,BR,Rio de Janeiro,True,ET60631
LNX5432,Financial Analyst,Finance,Finance-Financial_Analyst,08:40,17:29,US,Seattle,False,MY49642
XNS3801,Manager,Finance,Finance-Manager,05:55,15:15,IN,Hyderabad,False,QL96689
XRY2967,HR Specialist,HR,HR-HR_Specialist,08:56,18:01,IN,Bengaluru,False,WH17785
QPA7343,Support Agent,Support,Support-Support_Agent,08:51,16:57,GB,Leeds,False,CY61026
DEM6967,Financial Analyst,Finance,Finance-Financial_Analyst,08:07,16:56,US,Chicago,False,FK58338
FVG6519,Manager,Engineering,Engineering-Manager,09:10,18:30,DE,Munich,False,KK67720
GJF6121,Financial Analyst,Finance,Finance-Financial_Analyst,08:31,17:52,DE,Berlin,False,AV82968
HNT2630,Financial Analyst,Finance,Finance-Financial_Analyst,08:33,17:55,GB,London,False,YD52966
WAZ0807,HR Specialist,HR,HR-HR_Specialist,08:48,17:04,IN,Pune,False,TC19846
JZS9834,Systems Administrator,IT,IT-Systems_Administrator,08:46,17:29,US,Seattle,False,CJ26396
URQ0978,Manager,HR,HR-Manager,08:18,17:13,DE,Munich,False,GF37527
UKK9924,Sales Representative,Sales,Sales-Sales_Representative,14:28,23:10,GB,Manchester,False,HD68115
HQG1404,Sales Representative,Sales,Sales-Sales_Representative,08:20,16:32,DE,Munich,False,YR33641
RBN4080,Legal Counsel,Legal,Legal-Legal_Counsel,08:02,16:15,US,Austin,False,DM19061
KRQ7567,Software Engineer,Engineering,Engineering-Software_Engineer,09:06,17:45,GB,Manchester,False,YS26694
EDJ2298,Manager,Engineering,Engineering-Manager,08:25,16:38,IN,Bengaluru,False,HG74304
KZS8027,Software Engineer,Engineering,Engineering-Software_Engineer,08:57,18:16,DE,Berlin,False,UC24342
QKE0827,Financial Analyst,Finance,Finance-Financial_Analyst,08:08,16:54,US,Seattle,False,DM17000
ENH2152,Sales Representative,Sales,Sales-Sales_Representative,09:11,17:55,BR,Rio de Janeiro,False,QF21528
CST4793,Financial Analyst,Finance,Finance-Financial_Analyst,06:17,15:28,US,Austin,False,QE58050
WCK0268,Financial Analyst,Finance,Finance-Financial_Analyst,08:27,17:37,DE,Munich,False,JZ74525
BDJ0886,DevOps Engineer,DevOps,DevOps-DevOps_Engineer,08:17,17:09,DE,Berlin,False,LD03595
ALS5650,Sales Representative,Sales,Sales-Sales_Representative,08:53,18:22,BR,Sao Paulo,False,VT80648
UXD0306,Systems Administrator,IT,IT-Systems_Administrator,05:51,14:45,US,New York,False,FP17065
DKY8909,Legal Counsel,Legal,Legal-Legal_Counsel,08:17,17:28,US,Seattle,False,BA60600
CBE9388,Systems Administrator,IT,IT-Systems_Administrator,09:00,17:05,US,New York,False,AN88982
CXD4649,HR Specialist,HR,HR-HR_Specialist,09:22,18:00,GB,Leeds,False,SQ78943
VME9953,Systems Administrator,IT,IT-Systems_Administrator,08:47,17:51,DE,Hamburg,False,YE81545
VMP2757,Sales Representative,Sales,Sales-Sales_Representative,08:49,17:37,BR,Rio de Janeiro,False,QB93359
JML7524,HR Specialist,HR,HR-HR_Specialist,08:46,17:25,US,Chicago,False,RQ48064
WSK1631,Manager,DevOps,DevOps-Manager,08:42,17:26,US,Austin,False,PA99733
PWL2596,Sales Representative,Sales,Sales-Sales_Representative,09:12,17:45,US,New York,False,PP11286
TBE1642,Manager,Engineering,Engineering-Manager,08:27,17:56,DE,Berlin,False,RV04811
KRV2364,Support Agent,Support,Support-Support_Agent,09:25,18:36,US,Seattle,False,WN18862
JUP3771,Software Engineer,Engineering,Engineering-Software_Engineer,09:15,17:58,DE,Munich,False,JW87702
KFN4851,Software Engineer,Engineering,Engineering-Software_Engineer,08:10,16:32,US,Seattle,False,EY71729
CVD5263,Software Engineer,Engineering,Engineering-Software_Engineer,09:24,18:19,GB,Manchester,False,PW71417
ZKL1192,Software Engineer,Engineering,Engineering-Software_Engineer,08:31,16:35,US,Chicago,False,DS02002
BEQ4335,DevOps Engineer,DevOps,DevOps-DevOps_Engineer,09:27,18:36,US,New York,False,HH25454
FYP3672,Software Engineer,Engineering,Engineering-Software_Engineer,09:29,18:39,US,Chicago,False,WV25876
UHG0793,Systems Administrator,IT,IT-Systems_Administrator,08:43,17:18,IN,Pune,False,FG65003
PUQ5557,Software Engineer,Engineering,Engineering-Software_Engineer,14:26,22:45,US,New York,False,HZ76724
GSY3617,Sales Representative,Sales,Sales-Sales_Representative,09:29,18:04,US,Denver,False,TC03154
XEZ3392,Financial Analyst,Finance,Finance-Financial_Analyst,05:35,15:02,IN,Hyderabad,False,SY67686
PNM6398,Software Engineer,Engineering,Engineering-Software_Engineer,08:54,17:35,DE,Munich,False,BR44584
JGJ5272,Systems Administrator,IT,IT-Systems_Administrator,09:08,18:25,GB,London,True,ZG23371
YGG5201,Sales Representative,Sales,Sales-Sales_Representative,08:19,17:11,BR,Sao Paulo,False,CW45848
NHK5243,Financial Analyst,Finance,Finance-Financial_Analyst,08:21,16:57,US,Seattle,False,EY79217
QLT1421,Software Engineer,Engineering,Engineering-Software_Engineer,08:46,17:27,IN,Bengaluru,False,HL54648
KJA5482,Support Agent,Support,Support-Support_Agent,08:36,18:00,GB,London,False,HT49743
JRM5199,Support Agent,Support,Support-Support_Agent,09:26,17:37,BR,Rio de Janeiro,True,DJ42353
PPH2089,Financial Analyst,Finance,Finance-Financial_Analyst,08:07,16:33,US,Denver,False,HD13144
WFH6695,Manager,Sales,Sales-Manager,08:30,17:31,US,Chicago,False,KD24280
KMQ0179,Software Engineer,Engineering,Engineering-Software_Engineer,06:18,14:20,US,Chicago,False,WS87743
KYK2416,Software Engineer,Engineering,Engineering-Software_Engineer,08:23,17:09,US,Seattle,False,WV75292
VBA9177,HR Specialist,HR,HR-HR_Specialist,08:42,17:03,US,Denver,False,VZ93646
BJJ9883,Systems Administrator,IT,IT-Systems_Administrator,09:19,17:28,DE,Hamburg,False,GQ42797
HVQ8555,HR Specialist,HR,HR-HR_Specialist,08:37,18:04,US,Austin,False,KG31403
DZG4068,Support Agent,Support,Support-Support_Agent,09:29,18:29,GB,London,False,JB80903
UNN4361,Financial Analyst,Finance,Finance-Financial_Analyst,09:11,18:24,BR,Sao Paulo,False,YG08621
GCD7223,Sales Representative,Sales,Sales-Sales_Representative,13:19,21:33,US,Austin,False,ZH36363
PYE7970,Software Engineer,Engineering,Engineering-Software_Engineer,09:02,17:34,IN,Bengaluru,False,WK49695
YEG4420,HR Specialist,HR,HR-HR_Specialist,06:08,15:38,US,Chicago,False,JS56047
SZF0602,Financial Analyst,Finance,Finance-Financial_Analyst,13:17,21:57,US,Chicago,False,VV02760
GBA1658,Sales Representative,Sales,Sales-Sales_Representative,08:50,17:06,IN,Bengaluru,False,XZ47559
ZUM4588,DevOps Engineer,DevOps,DevOps-DevOps_Engineer,09:02,18:21,DE,Berlin,False,RT57149
YJZ1653,Manager,Engineering,Engineering-Manager,09:20,17:54,US,Denver,False,KR84710
LWX4132,Systems Administrator,IT,IT-Systems_Administrator,08:14,16:37,DE,Munich,False,HZ65648
HWH3695,DevOps Engineer,DevOps,DevOps-DevOps_Engineer,08:46,17:03,DE,Munich,False,ZP00986
SXT6195,Legal Counsel,Legal,Legal-Legal_Counsel,08:55,17:12,US,Chicago,False,SR10993
TKK6517,Financial Analyst,Finance,Finance-Financial_Analyst,09:22,18:50,US,Austin,False,MQ82598
ALH8441,Support Agent,Support,Support-Support_Agent,08:06,16:31,US,Chicago,False,EV14576
RQG6891,DevOps Engineer,DevOps,DevOps-DevOps_Engineer,09:02,17:30,US,Chicago,False,QM93950
EGE8954,Systems Administrator,IT,IT-Systems_Administrator,08:25,17:16,IN,Hyderabad,False,JK42569
NFU7665,Software Engineer,Engineering,Engineering-Software_Engineer,08:06,16:06,US,Seattle,False,ZQ07429
EJW8504,Sales Representative,Sales,Sales-Sales_Representative,08:59,17:05,IN,Bengaluru,False,EZ57135
DUU2402,Support Agent,Support,Support-Support_Agent,08:36,17:05,US,New York,False,EC22136
TJX7065,DevOps Engineer,DevOps,DevOps-DevOps_Engineer,09:16,18:42,US,Denver,False,BK17025
KVG5688,Manager,Support,Support-Manager,08:16,16:18,GB,London,False,ZS75356
VBN6472,Software Engineer,Engineering,Engineering-Software_Engineer,08:49,17:50,US,Chicago,False,VL23876
DTW9753,Manager,Engineering,Engineering-Manager,08:28,17:54,GB,Leeds,False,RW75010
VEF4759,Support Agent,Support,Support-Support_Agent,08:05,16:58,BR,Rio de Janeiro,False,WB59489
TNE2852,Support Agent,Support,Support-Support_Agent,08:10,16:12,GB,London,False,LA26165
CYF6152,Legal Counsel,Legal,Legal-Legal_Counsel,08:06,16:33,GB,Leeds,False,YJ20751
FQD7162,Manager,Sales,Sales-Manager,08:15,16:41,DE,Berlin,False,TB42642
MPP4576,Support Agent,Support,Support-Support_Agent,08:15,17:45,DE,Munich,False,VA52769
CWG0826,Sales Representative,Sales,Sales-Sales_Representative,08:59,17:15,US,Chicago,False,JE78715
TRM4185,Support Agent,Support,Support-Support_Agent,06:19,15:06,US,Austin,True,ZK45660
BFU5786,Support Agent,Support,Support-Support_Agent,08:42,18:08,GB,London,False,SG96440
TFF8582,Software Engineer,Engineering,Engineering-Software_Engineer,08:25,16:56,GB,Leeds,False,FC90072
PBA7729,Financial Analyst,Finance,Finance-Financial_Analyst,08:01,17:16,US,New York,False,PV20990
TWL1975,DevOps Engineer,DevOps,DevOps-DevOps_Engineer,08:13,16:48,US,New York,False,SX04130
MJM7888,DevOps Engineer,DevOps,DevOps-DevOps_Engineer,09:03,17:40,GB,Manchester,False,WE56999
KYD1776,DevOps Engineer,DevOps,DevOps-DevOps_Engineer,08:55,18:22,US,Chicago,False,HR18335
LSM9484,Sales Representative,Sales,Sales-Sales_Representative,09:18,18:36,DE,Hamburg,False,GV72973
EPE6804,Systems Administrator,IT,IT-Systems_Administrator,08:22,17:38,GB,Leeds,False,JL78104
SQL5063,Sales Representative,Sales,Sales-Sales_Representative,08:18,16:51,GB,Leeds,False,UN64550
QCU6852,Systems Administrator,IT,IT-Systems_Administrator,08:57,18:15,US,Denver,False,FY71752
XUY0616,Software Engineer,Engineering,Engineering-Software_Engineer,09:02,17:07,BR,Sao Paulo,False,SJ81038
MVX7320,Software Engineer,Engineering,Engineering-Software_Engineer,08:51,17:47,DE,Hamburg,False,XU85464
GKN1863,Support Agent,Support,Support-Support_Agent,08:37,17:43,GB,London,False,FV59119
VZM3725,Systems Administrator,IT,IT-Systems_Administrator,08:17,17:12,US,Austin,False,CY88522
RDR1473,Software Engineer,Engineering,Engineering-Software_Engineer,08:36,16:48,IN,Pune,False,MJ48585
UEY0965,Systems Administrator,IT,IT-Systems_Administrator,08:32,16:33,US,Denver,False,UZ93048
KSM1848,Sales Representative,Sales,Sales-Sales_Representative,08:44,17:35,BR,Curitiba,False,WN59861
CPV6745,Sales Representative,Sales,Sales-Sales_Representative,08:51,17:27,GB,London,False,FX27179
PAJ2937,Legal Counsel,Legal,Legal-Legal_Counsel,08:21,17:19,US,Denver,False,HG17470
CBJ1209,Software Engineer,Engineering,Engineering-Software_Engineer,08:02,16:32,DE,Hamburg,False,VF25967
RVW4189,Financial Analyst,Finance,Finance-Financial_Analyst,14:01,22:18,GB,Manchester,False,XP55347
NVR3124,HR Specialist,HR,HR-HR_Specialist,09:30,17:53,US,Austin,False,RL79029
FYM3175,Manager,Engineering,Engineering-Manager,08:45,17:19,GB,Manchester,False,WP35566
DHG3808,Software Engineer,Engineering,Engineering-Software_Engineer,08:26,17:56,US,New York,False,PA94243
BZC7950,Manager,Support,Support-Manager,09:22,17:55,GB,London,False,HA18480
UTD2378,Support Agent,Support,Support-Support_Agent,06:00,15:06,BR,Rio de Janeiro,False,US67641
WDQ5874,Sales Representative,Sales,Sales-Sales_Representative,08:58,18:04,US,New York,False,SB49490
LLZ7844,HR Specialist,HR,HR-HR_Specialist,13:17,22:20,IN,Hyderabad,False,YK73490
DDH6028,Systems Administrator,IT,IT-Systems_Administrator,09:21,17:26,BR,Curitiba,False,VS57373
ZPQ8314,Sales Representative,Sales,Sales-Sales_Representative,09:11,18:09,DE,Hamburg,False,PG48512
CVP7987,HR Specialist,HR,HR-HR_Specialist,08:05,17:03,IN,Pune,False,LU92206
GCE4615,Software Engineer,Engineering,Engineering-Software_Engineer,09:28,17:32,US,Chicago,False,RW55808
DTW2539,Sales Representative,Sales,Sales-Sales_Representative,08:19,17:04,BR,Sao Paulo,False,QX69791
JCZ9974,Legal Counsel,Legal,Legal-Legal_Counsel,08:26,16:52,GB,London,False,QY30719
PZS1941,Software Engineer,Engineering,Engineering-Software_Engineer,09:10,17:46,US,Chicago,False,YC20442
XNQ7534,Systems Administrator,IT,IT-Systems_Administrator,08:17,16:22,US,Seattle,False,PG64294
DVA8512,DevOps Engineer,DevOps,DevOps-DevOps_Engineer,08:52,17:24,US,New York,False,BQ34289
TFV1889,Financial Analyst,Finance,Finance-Financial_Analyst,09:01,18:19,GB,London,False,GP79723
VXH2095,Sales Representative,Sales,Sales-Sales_Representative,08:31,17:08,GB,Leeds,False,VD51826
VPM8632,DevOps Engineer,DevOps,DevOps-DevOps_Engineer,09:21,17:45,DE,Munich,True,CJ10582
TZZ2486,Financial Analyst,Finance,Finance-Financial_Analyst,14:11,22:43,US,Chicago,False,DW13965
YTJ0104,Software Engineer,Engineering,Engineering-Software_Engineer,08:50,17:07,IN,Hyderabad,False,MU66105
KTA2564,Sales Representative,Sales,Sales-Sales_Representative,13:19,22:22,BR,Rio de Janeiro,False,RE08181
DUL4786,Systems Administrator,IT,IT-Systems_Administrator,08:47,18:08,BR,Rio de Janeiro,False,SX66964
EZS7293,Financial Analyst,Finance,Finance-Financial_Analyst,14:11,22:14,GB,Manchester,False,YS97276
JNV0867,Legal Counsel,Legal,Legal-Legal_Counsel,08:00,16:55,BR,Sao Paulo,False,JL28535
LKZ9027,Software Engineer,Engineering,Engineering-Software_Engineer,09:29,18:36,GB,Manchester,False,SY44339
SPJ4788,DevOps Engineer,DevOps,DevOps-DevOps_Engineer,09:10,17:32,GB,Leeds,False,XQ16454
JZE7158,Software Engineer,Engineering,Engineering-Software_Engineer,08:06,16:39,US,Denver,False,LU22191
CNT2141,DevOps Engineer,DevOps,DevOps-DevOps_Engineer,09:04,17:42,US,Seattle,False,NJ51802
PYB7646,Support Agent,Support,Support-Support_Agent,06:25,14:30,US,New York,False,XC61853
UPJ2100,DevOps Engineer,DevOps,DevOps-DevOps_Engineer,09:06,17:17,IN,Hyderabad,False,HC69525
NBP4754,DevOps Engineer,DevOps,DevOps-DevOps_Engineer,13:42,21:59,GB,Manchester,True,TK43809
QPT3554,Support Agent,Support,Support-Support_Agent,08:15,17:22,BR,Rio de Janeiro,False,AB60958
GPG7115,Manager,DevOps,DevOps-Manager,13:53,22:13,DE,Munich,False,UR40444
ENQ5809,Sales Representative,Sales,Sales-Sales_Representative,08:01,16:50,IN,Hyderabad,False,NM83686
DSD1676,Sales Representative,Sales,Sales-Sales_Representative,08:37,17:24,US,New York,False,NK08944
BTH2898,Sales Representative,Sales,Sales-Sales_Representative,08:54,17:45,GB,Manchester,False,YX32478
VLW8532,Legal Counsel,Legal,Legal-Legal_Counsel,09:07,18:08,US,Denver,False,UV01874
XKJ6099,DevOps Engineer,DevOps,DevOps-DevOps_Engineer,08:02,16:57,GB,London,False,FR43512
PGN9049,Software Engineer,Engineering,Engineering-Software_Engineer,08:29,17:26,US,Austin,False,VS29302
FLU6438,Systems Administrator,IT,IT-Systems_Administrator,05:59,14:32,GB,London,False,WB07076
TKZ3718,Manager,DevOps,DevOps-Manager,09:10,17:46,US,Austin,False,BP92061
PDY2639,Support Agent,Support,Support-Support_Agent,09:22,17:58,BR,Curitiba,False,BV60219
GTZ0192,Support Agent,Support,Support-Support_Agent,08:13,17:05,US,Chicago,True,KE95746
NAY5358,Financial Analyst,Finance,Finance-Financial_Analyst,08:35,17:10,US,New York,False,YV83299
FPH2619,HR Specialist,HR,HR-HR_Specialist,05:41,14:31,US,Chicago,False,HH58666
WMT1608,Manager,DevOps,DevOps-Manager,09:23,18:29,US,New York,False,FQ87963
HRA4252,Software Engineer,Engineering,Engineering-Software_Engineer,09:03,18:26,GB,London,False,PC79820
FLJ4544,Sales Representative,Sales,Sales-Sales_Representative,08:14,16:51,GB,Leeds,False,YZ93014
PSS7319,Systems Administrator,IT,IT-Systems_Administrator,13:54,23:20,GB,Manchester,False,RQ58174
ZAN7200,Software Engineer,Engineering,Engineering-Software_Engineer,09:17,17:17,GB,Manchester,False,JW47346
RNS1506,Systems Administrator,IT,IT-Systems_Administrator,05:31,14:34,US,Austin,False,LU58829
RXQ5315,Support Agent,Support,Support-Support_Agent,08:54,17:28,BR,Sao Paulo,False,ZL07180
PSV3856,Support Agent,Support,Support-Support_Agent,09:16,18:46,BR,Curitiba,False,HC35872
GPV1467,Support Agent,Support,Support-Support_Agent,09:24,18:44,GB,London,False,GJ31166
EZT3212,Software Engineer,Engineering,Engineering-Software_Engineer,08:37,17:18,US,Austin,False,SG06690
CWB2189,HR Specialist,HR,HR-HR_Specialist,08:28,16:30,US,New York,False,PN40975
RZM7542,Financial Analyst,Finance,Finance-Financial_Analyst,08:56,17:40,US,Chicago,False,BU63118
QCJ4335,Support Agent,Support,Support-Support_Agent,08:08,16:28,US,Denver,False,TQ88828
BYS3633,Financial Analyst,Finance,Finance-Financial_Analyst,08:25,16:53,GB,Manchester,False,AG86895
GRM4321,Manager,Engineering,Engineering-Manager,09:26,18:48,DE,Hamburg,False,AY92372
WVD6813,Systems Administrator,IT,IT-Systems_Administrator,08:11,17:41,GB,Leeds,False,EP99861
DEA2977,Support Agent,Support,Support-Support_Agent,08:33,17:24,IN,Bengaluru,True,LQ52596
ELR1269,Software Engineer,Engineering,Engineering-Software_Engineer,08:54,17:01,GB,London,False,QJ27291
NKZ6411,Financial Analyst,Finance,Finance-Financial_Analyst,09:22,17:23,BR,Curitiba,False,AD45077
EXR0869,Systems Administrator,IT,IT-Systems_Administrator,08:33,17:34,BR,Curitiba,False,ET05029
VEN8982,DevOps Engineer,DevOps,DevOps-DevOps_Engineer,09:08,18:03,IN,Pune,False,UF43318
VTF6090,Software Engineer,Engineering,Engineering-Software_Engineer,13:41,22:55,US,Seattle,False,GU93368
EYR9807,Software Engineer,Engineering,Engineering-Software_Engineer,05:45,14:14,BR,Curitiba,False,FG09245
HLH4250,Sales Representative,Sales,Sales-Sales_Representative,13:18,22:45,IN,Hyderabad,False,UX07628
JHW6568,Legal Counsel,Legal,Legal-Legal_Counsel,08:41,17:18,IN,Hyderabad,False,EU81626
PNS6712,Systems Administrator,IT,IT-Systems_Administrator,09:23,18:52,IN,Pune,True,VR74800
KRH8286,Manager,Finance,Finance-Manager,08:05,17:07,GB,Manchester,False,CB27623
BCA1450,Manager,DevOps,DevOps-Manager,09:20,18:32,GB,Leeds,True,MU87580
RWT7328,DevOps Engineer,DevOps,DevOps-DevOps_Engineer,08:22,17:50,US,Chicago,False,EP20038
LQN7970,Software Engineer,Engineering,Engineering-Software_Engineer,08:49,17:44,IN,Hyderabad,False,HL00024
DUR0271,Sales Representative,Sales,Sales-Sales_Representative,09:16,17:57,US,Chicago,False,PM35578
BDZ4358,Manager,Sales,Sales-Manager,08:06,17:09,BR,Rio de Janeiro,False,BG46176
GFH2961,Systems Administrator,IT,IT-Systems_Administrator,08:08,16:39,US,Denver,False,EV19713
VRM4862,Financial Analyst,Finance,Finance-Financial_Analyst,09:22,18:50,US,Chicago,False,SV56353
UCW7537,Software Engineer,Engineering,Engineering-Software_Engineer,08:49,17:29,US,Seattle,False,PD06365
ZFX7717,Sales Representative,Sales,Sales-Sales_Representative,09:17,18:11,GB,London,False,BF71400
RVY6685,HR Specialist,HR,HR-HR_Specialist,08:47,18:10,IN,Hyderabad,False,PQ09431
JNB7620,Software Engineer,Engineering,Engineering-Software_Engineer,09:05,18:11,BR,Sao Paulo,False,WR82097
RAX0999,Financial Analyst,Finance,Finance-Financial_Analyst,09:21,17:32,US,Seattle,False,PL71840
KLA1121,Software Engineer,Engineering,Engineering-Software_Engineer,06:15,15:39,DE,Berlin,False,XT03656
DFM1886,HR Specialist,HR,HR-HR_Specialist,08:54,17:44,DE,Berlin,False,NG42009
THR6236,Support Agent,Support,Support-Support_Agent,05:32,14:10,US,Denver,False,UN95041
MBF0954,Software Engineer,Engineering,Engineering-Software_Engineer,05:34,13:55,US,New York,False,UT32297
KLZ7303,Manager,Sales,Sales-Manager,09:20,17:26,IN,Pune,False,JN07767
WTA6371,Support Agent,Support,Support-Support_Agent,08:36,16:43,DE,Hamburg,False,HQ15123
EHN6896,Software Engineer,Engineering,Engineering-Software_Engineer,08:12,16:13,US,Seattle,False,VB80631
JXW2592,Legal Counsel,Legal,Legal-Legal_Counsel,09:11,18:02,US,Seattle,False,SN19179
XEY1384,Manager,IT,IT-Manager,08:34,17:51,GB,Manchester,False,HH09394
VQU7934,Manager,Sales,Sales-Manager,09:00,17:44,US,Austin,False,DF70235
WKR1017,Sales Representative,Sales,Sales-Sales_Representative,14:10,23:26,US,Denver,False,DV08089
AXC9012,Sales Representative,Sales,Sales-Sales_Representative,09:09,17:19,GB,Manchester,False,NR33012
DDL7713,Manager,Support,Support-Manager,08:51,17:06,US,Austin,False,YX64912
JQB4720,Manager,Sales,Sales-Manager,09:24,18:21,US,Seattle,False,VW33718
QGB6336,Sales Representative,Sales,Sales-Sales_Representative,08:49,17:52,GB,Manchester,False,YN18750
JYE3282,Systems Administrator,IT,IT-Systems_Administrator,05:38,13:44,US,New York,False,KD88041
CUR2946,Manager,Engineering,Engineering-Manager,08:43,18:03,GB,London,False,WK82684
RJF0501,Sales Representative,Sales,Sales-Sales_Representative,08:21,17:05,BR,Sao Paulo,False,VB19440
ZAD3041,Financial Analyst,Finance,Finance-Financial_Analyst,08:48,17:20,US,New York,False,KQ35631
DYJ4158,Systems Administrator,IT,IT-Systems_Administrator,09:09,17:22,US,New York,True,YL63449
NXT0050,Manager,Engineering,Engineering-Manager,08:16,16:23,BR,Sao Paulo,False,RF50087
DBB2553,Financial Analyst,Finance,Finance-Financial_Analyst,05:50,14:33,BR,Rio de Janeiro,False,MD53704
TUG1929,Software Engineer,Engineering,Engineering-Software_Engineer,08:51,17:28,US,Denver,False,BX55228
JYJ0485,Systems Administrator,IT,IT-Systems_Administrator,09:18,17:27,GB,London,False,CW62969
KAN7127,Software Engineer,Engineering,Engineering-Software_Engineer,09:27,18:45,GB,Leeds,False,HZ79359
YUW0130,Sales Representative,Sales,Sales-Sales_Representative,08:12,16:48,IN,Hyderabad,False,SZ96440
SWS4507,Financial Analyst,Finance,Finance-Financial_Analyst,08:43,18:11,DE,Berlin,False,QZ99951
DRU4946,DevOps Engineer,DevOps,DevOps-DevOps_Engineer,08:42,16:59,BR,Rio de Janeiro,False,TS41934
AUS4314,Software Engineer,Engineering,Engineering-Software_Engineer,13:43,22:01,US,Seattle,False,BC29204
HPF2563,Support Agent,Support,Support-Support_Agent,08:13,17:38,BR,Rio de Janeiro,True,XY12036
XMV6673,HR Specialist,HR,HR-HR_Specialist,09:27,17:51,US,New York,False,YP67542
BAS9086,Legal Counsel,Legal,Legal-Legal_Counsel,08:11,17:08,US,Denver,False,MV14166
SMG3942,Financial Analyst,Finance,Finance-Financial_Analyst,09:27,18:23,DE,Munich,False,MZ76607
ZPM1121,Financial Analyst,Finance,Finance-Financial_Analyst,09:04,17:41,IN,Bengaluru,False,KV21680
AMT3951,Manager,Engineering,Engineering-Manager,06:11,15:14,US,Austin,False,HD32962
BDJ2914,HR Specialist,HR,HR-HR_Specialist,08:06,16:58,IN,Hyderabad,False,EL56918
AGQ6804,Software Engineer,Engineering,Engineering-Software_Engineer,08:54,17:06,US,New York,False,YN03022
SMJ5423,Support Agent,Support,Support-Support_Agent,08:05,16:46,US,New York,False,KF04866
BCK0017,Software Engineer,Engineering,Engineering-Software_Engineer,09:25,17:30,GB,Manchester,False,UJ96312
VJQ4915,Financial Analyst,Finance,Finance-Financial_Analyst,06:28,15:12,US,Chicago,False,MW15467
QAQ9676,Software Engineer,Engineering,Engineering-Software_Engineer,09:25,18:18,BR,Curitiba,False,RS88361
NQN3339,Support Agent,Support,Support-Support_Agent,08:59,18:17,GB,Manchester,False,LS29182
PSV1353,Financial Analyst,Finance,Finance-Financial_Analyst,09:10,18:31,US,Seattle,False,ZC11243
PNT1274,Manager,DevOps,DevOps-Manager,09:07,17:43,IN,Pune,False,YS55783
KND1968,Software Engineer,Engineering,Engineering-Software_Engineer,08:16,17:37,DE,Hamburg,False,NA82458
YDU0477,Software Engineer,Engineering,Engineering-Software_Engineer,09:13,18:16,GB,Leeds,False,LY27159
ZLS6708,HR Specialist,HR,HR-HR_Specialist,08:31,17:26,US,Austin,False,NY31239
NHA3655,HR Specialist,HR,HR-HR_Specialist,09:11,17:58,GB,Manchester,False,RL98150
XXA2565,Support Agent,Support,Support-Support_Agent,08:05,16:44,US,New York,True,GC20049
SBZ8625,Legal Counsel,Legal,Legal-Legal_Counsel,09:12,17:26,US,Chicago,False,VN23815
QTJ3272,Support Agent,Support,Support-Support_Agent,09:22,18:30,GB,London,False,FU44795
GCH8602,Software Engineer,Engineering,Engineering-Software_Engineer,08:01,17:29,IN,Hyderabad,False,HE99506
WYR6092,Manager,IT,IT-Manager,09:25,18:53,GB,Manchester,False,TA17132
TMF5870,Sales Representative,Sales,Sales-Sales_Representative,08:13,16:17,US,Denver,False,KU27255
HPN5740,Financial Analyst,Finance,Finance-Financial_Analyst,09:02,18:14,GB,London,False,XU48607
SSY7885,Systems Administrator,IT,IT-Systems_Administrator,09:23,18:30,BR,Curitiba,False,FA75189
FWP5615,Software Engineer,Engineering,Engineering-Software_Engineer,08:04,16:26,DE,Berlin,False,MY82753
NCD0177,DevOps Engineer,DevOps,DevOps-DevOps_Engineer,08:26,17:38,GB,Leeds,False,QP68955
YXP0912,Financial Analyst,Finance,Finance-Financial_Analyst,08:50,17:10,DE,Hamburg,False,HM45121
SUF2908,Software Engineer,Engineering,Engineering-Software_Engineer,09:17,18:41,BR,Curitiba,False,QK38696
FTB2147,Software Engineer,Engineering,Engineering-Software_Engineer,08:50,18:01,US,New York,False,ZH67798
TQS5889,Manager,IT,IT-Manager,08:44,17:12,GB,London,False,DW19283
GUH6255,Legal Counsel,Legal,Legal-Legal_Counsel,06:00,14:26,US,Denver,False,MJ85873
QXA0717,Systems Administrator,IT,IT-Systems_Administrator,08:39,16:53,GB,Leeds,True,JD54492
ABX8155,DevOps Engineer,DevOps,DevOps-DevOps_Engineer,08:44,17:11,GB,Manchester,False,FD17260
GJE2945,Manager,Sales,Sales-Manager,08:22,17:25,US,New York,False,JP98863
CME8175,Support Agent,Support,Support-Support_Agent,08:04,17:16,DE,Berlin,True,XV25208
RZU7007,Support Agent,Support,Support-Support_Agent,08:19,16:19,GB,Manchester,True,CH24975
EVA6243,Systems Administrator,IT,IT-Systems_Administrator,08:27,17:07,US,Seattle,False,JE92344
ARA7680,HR Specialist,HR,HR-HR_Specialist,08:37,16:59,GB,Leeds,False,TC77445
BCA8693,HR Specialist,HR,HR-HR_Specialist,13:16,22:05,IN,Pune,False,QU52024
PLP4598,Systems Administrator,IT,IT-Systems_Administrator,09:09,18:18,US,New York,True,CU31258
MFH3970,Financial Analyst,Finance,Finance-Financial_Analyst,08:10,16:36,GB,Manchester,False,ZD19376
XRH2855,Sales Representative,Sales,Sales-Sales_Representative,09:14,17:43,IN,Pune,False,RB51254
TEZ5652,Manager,IT,IT-Manager,08:32,17:49,GB,Manchester,True,NX77845
PWX3110,Sales Representative,Sales,Sales-Sales_Representative,09:19,17:42,BR,Curitiba,False,UF89172
AXF9093,Software Engineer,Engineering,Engineering-Software_Engineer,08:27,16:58,GB,Manchester,False,HY43744
SHS0097,Support Agent,Support,Support-Support_Agent,09:27,18:19,DE,Hamburg,False,QA07397
XQM4117,Systems Administrator,IT,IT-Systems_Administrator,08:59,17:55,IN,Hyderabad,False,TV41461
WSP7770,Support Agent,Support,Support-Support_Agent,06:00,14:16,US,Denver,True,SW23147
BLE1166,Sales Representative,Sales,Sales-Sales_Representative,08:54,17:39,BR,Rio de Janeiro,False,ZM94351
VVG9350,Software Engineer,Engineering,Engineering-Software_Engineer,13:48,22:38,US,Seattle,False,BZ81000
CGF8722,Systems Administrator,IT,IT-Systems_Administrator,08:37,17:01,IN,Bengaluru,True,HA87688
AHU1712,Systems Administrator,IT,IT-Systems_Administrator,08:09,17:01,US,Austin,False,BA77580
MUE9125,DevOps Engineer,DevOps,DevOps-DevOps_Engineer,09:17,18:09,IN,Pune,True,DJ99505
LCB1568,Financial Analyst,Finance,Finance-Financial_Analyst,08:54,17:45,DE,Berlin,False,CK16422
UXD8068,Software Engineer,Engineering,Engineering-Software_Engineer,05:48,14:56,GB,Leeds,False,MH57309
SJD0467,HR Specialist,HR,HR-HR_Specialist,08:44,18:06,GB,Manchester,False,SZ89448
TEZ8512,Support Agent,Support,Support-Support_Agent,08:01,16:39,DE,Hamburg,False,WK90037
ZBE2522,Manager,DevOps,DevOps-Manager,14:26,23:06,GB,London,False,MW91462
PZC7671,Financial Analyst,Finance,Finance-Financial_Analyst,08:27,17:04,US,Denver,False,RD73678
HJV4248,Support Agent,Support,Support-Support_Agent,08:00,16:13,US,Austin,True,PS22763
RAR4641,Legal Counsel,Legal,Legal-Legal_Counsel,06:06,14:21,US,Seattle,False,EV72242
BKT2605,Financial Analyst,Finance,Finance-Financial_Analyst,06:20,15:42,BR,Rio de Janeiro,False,VD18175
CHE2136,Systems Administrator,IT,IT-Systems_Administrator,08:35,18:04,BR,Curitiba,False,QM92355
LDP4391,Support Agent,Support,Support-Support_Agent,08:13,17:34,IN,Hyderabad,False,FC23534
KLW7912,Manager,HR,HR-Manager,09:09,18:39,US,New York,False,VL21107
QMR8609,Financial Analyst,Finance,Finance-Financial_Analyst,09:18,18:41,US,Austin,False,QN06292
SPC4371,Systems Administrator,IT,IT-Systems_Administrator,08:56,18:13,GB,Manchester,False,VM87188
ABQ3289,Sales Representative,Sales,Sales-Sales_Representative,08:26,17:15,US,Chicago,False,KS19035
NNQ2778,Sales Representative,Sales,Sales-Sales_Representative,08:40,18:00,US,New York,False,DY94057
UDW8277,Legal Counsel,Legal,Legal-Legal_Counsel,09:09,17:32,US,Seattle,False,EQ48660
EDQ2066,Sales Representative,Sales,Sales-Sales_Representative,06:15,15:22,GB,Leeds,False,EP65618
KLN6982,Sales Representative,Sales,Sales-Sales_Representative,09:27,18:48,US,Denver,False,DZ42767
XME0410,Software Engineer,Engineering,Engineering-Software_Engineer,08:52,17:26,DE,Munich,False,TM82315
VTP8919,Sales Representative,Sales,Sales-Sales_Representative,09:01,18:13,GB,Leeds,False,JH21132
CPJ0831,Support Agent,Support,Support-Support_Agent,06:06,14:10,US,Chicago,False,XU61368
APP7090,Financial Analyst,Finance,Finance-Financial_Analyst,08:55,17:21,DE,Munich,False,ZW18240
ZKU3851,Financial Analyst,Finance,Finance-Financial_Analyst,09:14,17:50,GB,Leeds,False,UM57968
YYD5558,Software Engineer,Engineering,Engineering-Software_Engineer,08:30,17:25,GB,London,False,ZH28540
ZZL0154,Software Engineer,Engineering,Engineering-Software_Engineer,08:48,17:24,BR,Sao Paulo,False,XE89384
GNA5070,Sales Representative,Sales,Sales-Sales_Representative,08:53,18:17,US,New York,False,LL98578
EPR5162,Manager,Sales,Sales-Manager,05:45,14:40,GB,London,False,UQ99044
UTP4301,Sales Representative,Sales,Sales-Sales_Representative,08:59,16:59,US,Denver,False,GT38164
WNK3585,DevOps Engineer,DevOps,DevOps-DevOps_Engineer,09:03,17:34,BR,Rio de Janeiro,False,TJ72234
GWF6569,Financial Analyst,Finance,Finance-Financial_Analyst,08:37,17:41,US,Austin,False,MA84365
HKH3896,Financial Analyst,Finance,Finance-Financial_Analyst,08:24,17:14,GB,London,False,FC45532
BJF0383,Support Agent,Support,Support-Support_Agent,09:15,18:38,US,Austin,False,RQ90521
ZJV1416,Manager,Support,Support-Manager,05:58,14:28,US,Denver,False,PQ49197
RYA2244,Systems Administrator,IT,IT-Systems_Administrator,09:18,17:59,US,Seattle,False,BA44588
WYQ0257,Legal Counsel,Legal,Legal-Legal_Counsel,08:34,17:27,IN,Bengaluru,False,GQ47225
WQK1133,Support Agent,Support,Support-Support_Agent,08:24,17:06,US,New York,False,TU58525
YUQ8188,Systems Administrator,IT,IT-Systems_Administrator,09:09,18:11,DE,Hamburg,False,YA86258
FMC2914,Manager,IT,IT-Manager,08:13,16:14,US,Denver,True,LM70881
EAY4106,Manager,Finance,Finance-Manager,08:09,17:06,IN,Hyderabad,False,TB05475
UJW2838,Software Engineer,Engineering,Engineering-Software_Engineer,08:11,17:37,US,Denver,False,NP81063
UUX8159,Sales Representative,Sales,Sales-Sales_Representative,09:14,17:32,BR,Sao Paulo,False,TZ99563
TDL5657,DevOps Engineer,DevOps,DevOps-DevOps_Engineer,08:22,17:33,BR,Rio de Janeiro,True,CX27605
DVE4400,Sales Representative,Sales,Sales-Sales_Representative,08:15,17:03,US,Seattle,False,BK53711
UNG0275,Manager,DevOps,DevOps-Manager,08:18,17:39,US,Chicago,False,KQ33960
YJG3414,Sales Representative,Sales,Sales-Sales_Representative,08:05,17:13,IN,Pune,False,LN67587
DRJ4735,Legal Counsel,Legal,Legal-Legal_Counsel,08:45,18:05,US,Chicago,False,HG46769
EER7836,Systems Administrator,IT,IT-Systems_Administrator,13:15,21:37,DE,Munich,True,MH58687
SEA8756,Support Agent,Support,Support-Support_Agent,08:53,17:23,BR,Rio de Janeiro,False,KP55810
KHR6403,Software Engineer,Engineering,Engineering-Software_Engineer,09:15,17:54,BR,Curitiba,False,AD07780
SSG9024,Software Engineer,Engineering,Engineering-Software_Engineer,13:20,22:06,US,Chicago,False,XE50953
PFG1051,Financial Analyst,Finance,Finance-Financial_Analyst,09:07,18:11,US,New York,False,HJ91095
PBD5101,Legal Counsel,Legal,Legal-Legal_Counsel,09:10,18:30,US,Seattle,False,RU56129
THK0416,DevOps Engineer,DevOps,DevOps-DevOps_Engineer,14:08,22:18,DE,Munich,False,BD24310
DRJ2995,Sales Representative,Sales,Sales-Sales_Representative,08:03,16:57,DE,Hamburg,False,SM41534
LRJ0183,Manager,DevOps,DevOps-Manager,09:08,17:27,US,New York,False,SY89795
LAD8190,DevOps Engineer,DevOps,DevOps-DevOps_Engineer,08:29,16:54,DE,Hamburg,False,AZ16424
QYP8443,Systems Administrator,IT,IT-Systems_Administrator,13:49,21:57,GB,Manchester,False,XE57959
KBM5303,DevOps Engineer,DevOps,DevOps-DevOps_Engineer,08:26,17:32,US,Seattle,False,HQ69758
QJL1246,Manager,Support,Support-Manager,08:00,16:47,BR,Sao Paulo,False,WA19517
AEP7116,Financial Analyst,Finance,Finance-Financial_Analyst,09:25,17:26,DE,Berlin,False,QK94272
NGJ9474,HR Specialist,HR,HR-HR_Specialist,08:19,16:23,DE,Munich,False,RS39148
DRV9684,Sales Representative,Sales,Sales-Sales_Representative,08:20,17:41,DE,Hamburg,False,EV83031
RQA6801,Financial Analyst,Finance,Finance-Financial_Analyst,06:13,15:16,US,Austin,False,UC18564
ZZA4587,Support Agent,Support,Support-Support_Agent,08:51,18:12,GB,Leeds,True,XM82946
GNL6288,Software Engineer,Engineering,Engineering-Software_Engineer,06:07,14:34,US,Seattle,False,EC46817
RBC5531,Financial Analyst,Finance,Finance-Financial_Analyst,09:07,17:29,IN,Hyderabad,False,ZK65467
HFM4572,Sales Representative,Sales,Sales-Sales_Representative,13:11,21:22,DE,Berlin,False,AF73900
GTK1590,Support Agent,Support,Support-Support_Agent,09:22,17:45,GB,Manchester,True,SE97825
NZZ9025,Sales Representative,Sales,Sales-Sales_Representative,08:06,17:02,BR,Rio de Janeiro,False,NE96686
PUD8038,Manager,Sales,Sales-Manager,05:38,13:53,DE,Berlin,False,HN14164
VGV9685,Systems Administrator,IT,IT-Systems_Administrator,09:16,18:46,US,Chicago,False,HM20079
MAL8528,Manager,Support,Support-Manager,08:28,17:33,US,New York,False,LU86104
YWJ4356,Software Engineer,Engineering,Engineering-Software_Engineer,09:01,18:11,US,Seattle,False,VW88213
UWB6084,Software Engineer,Engineering,Engineering-Software_Engineer,06:02,14:02,GB,Manchester,False,GV93449
LSK8578,Sales Representative,Sales,Sales-Sales_Representative,05:50,14:40,GB,Leeds,False,MC09850
FDF0458,Sales Representative,Sales,Sales-Sales_Representative,09:13,18:29,US,Seattle,False,WX56671
BQV4296,Systems Administrator,IT,IT-Systems_Administrator,13:11,21:45,DE,Hamburg,False,GP82996
FVC2640,Software Engineer,Engineering,Engineering-Software_Engineer,09:25,18:30,GB,Manchester,False,YL85508
QDE0143,Systems Administrator,IT,IT-Systems_Administrator,08:02,16:23,US,Chicago,False,JR66154
QTA6267,Support Agent,Support,Support-Support_Agent,09:17,18:17,GB,Manchester,False,WC30724
RDC0040,HR Specialist,HR,HR-HR_Specialist,09:20,18:21,IN,Pune,False,XS12302
FNE3605,Software Engineer,Engineering,Engineering-Software_Engineer,13:06,22:17,US,New York,False,QB94068
DVB7286,DevOps Engineer,DevOps,DevOps-DevOps_Engineer,09:24,18:51,US,Denver,False,XB54301
YEZ8532,HR Specialist,HR,HR-HR_Specialist,09:14,17:55,US,Denver,False,EA12591
QAG3461,Support Agent,Support,Support-Support_Agent,08:02,16:59,DE,Munich,False,MK52204
HPJ5838,Support Agent,Support,Support-Support_Agent,09:05,17:09,US,Denver,False,VS45051
CHZ0215,Systems Administrator,IT,IT-Systems_Administrator,09:15,17:27,US,New York,False,RX78802
PFM2070,Financial Analyst,Finance,Finance-Financial_Analyst,08:04,17:25,US,New York,False,LH61632
WKB5191,Support Agent,Support,Support-Support_Agent,08:52,17:01,US,Denver,False,MY22481
VMM6896,Manager,Finance,Finance-Manager,09:29,17:37,DE,Berlin,False,KJ48781
FGU4691,HR Specialist,HR,HR-HR_Specialist,08:33,17:38,US,Chicago,False,HV17640
JCD9617,DevOps Engineer,DevOps,DevOps-DevOps_Engineer,13:55,22:14,US,New York,False,QR76070
SLV6160,Systems Administrator,IT,IT-Systems_Administrator,08:28,16:54,BR,Sao Paulo,False,PB48073
WDF1317,Support Agent,Support,Support-Support_Agent,05:40,13:56,GB,Leeds,True,HP58836
TUV1356,Systems Administrator,IT,IT-Systems_Administrator,13:04,22:03,GB,Manchester,False,AJ14199
DPN5279,Software Engineer,Engineering,Engineering-Software_Engineer,08:44,18:04,BR,Sao Paulo,False,WZ63894
UMH6643,Software Engineer,Engineering,Engineering-Software_Engineer,14:30,23:01,US,Seattle,False,VU05275
GTS1980,Financial Analyst,Finance,Finance-Financial_Analyst,09:08,17:27,US,Seattle,False,NX12969
LTN9063,Manager,Finance,Finance-Manager,08:52,17:27,US,Seattle,False,EY45223
TCY5836,Support Agent,Support,Support-Support_Agent,08:50,17:10,BR,Sao Paulo,False,TL12806
FBQ1663,DevOps Engineer,DevOps,DevOps-DevOps_Engineer,14:09,22:48,IN,Bengaluru,False,GB57251
FJC1208,Software Engineer,Engineering,Engineering-Software_Engineer,08:08,16:50,US,New York,False,DH03321
AUN2227,Support Agent,Support,Support-Support_Agent,09:06,18:21,US,Chicago,False,XX17645
DGL2730,HR Specialist,HR,HR-HR_Specialist,09:18,18:42,DE,Hamburg,False,CE52574
GEZ2239,Support Agent,Support,Support-Support_Agent,09:23,18:49,DE,Hamburg,True,QJ04058
NFQ8693,Software Engineer,Engineering,Engineering-Software_Engineer,08:49,17:45,US,Chicago,False,GR38305
XEC2112,Financial Analyst,Finance,Finance-Financial_Analyst,08:42,18:00,GB,Leeds,False,AV29136
XJA7836,Systems Administrator,IT,IT-Systems_Administrator,08:18,16:33,US,Chicago,False,NQ05063
QWV1502,Support Agent,Support,Support-Support_Agent,09:18,17:47,US,Denver,False,UN20502
WYZ2196,Systems Administrator,IT,IT-Systems_Administrator,09:08,17:26,IN,Pune,False,QD22942
GTJ3421,Legal Counsel,Legal,Legal-Legal_Counsel,08:37,17:34,DE,Munich,False,JX76660
AKK7619,Support Agent,Support,Support-Support_Agent,08:30,17:54,GB,London,False,GU67337
XVL9516,Systems Administrator,IT,IT-Systems_Administrator,09:09,18:28,IN,Bengaluru,False,EA47491
SVX4420,DevOps Engineer,DevOps,DevOps-DevOps_Engineer,06:25,15:48,DE,Munich,False,FN33183
FPN0799,Financial Analyst,Finance,Finance-Financial_Analyst,08:30,17:36,DE,Berlin,False,WA84580
XYM2687,Software Engineer,Engineering,Engineering-Software_Engineer,08:03,17:22,US,Chicago,False,AH42668
LML9355,Support Agent,Support,Support-Support_Agent,09:30,18:03,GB,Leeds,False,SJ57266
BVH4601,Manager,Support,Support-Manager,08:09,16:41,US,Seattle,False,JL02817
RSD1634,Legal Counsel,Legal,Legal-Legal_Counsel,08:17,17:25,DE,Munich,False,RA77016
PZF1734,DevOps Engineer,DevOps,DevOps-DevOps_Engineer,09:30,18:26,US,Denver,False,YK29373
RZU1592,DevOps Engineer,DevOps,DevOps-DevOps_Engineer,13:34,21:55,GB,Manchester,False,QY92859
BQZ1130,Support Agent,Support,Support-Support_Agent,09:10,17:27,US,Denver,False,RZ19859
GXP2441,Software Engineer,Engineering,Engineering-Software_Engineer,08:49,16:56,DE,Munich,False,WT05237
FPR2130,Sales Representative,Sales,Sales-Sales_Representative,06:02,14:45,IN,Hyderabad,False,ER97947
GDJ5184,Sales Representative,Sales,Sales-Sales_Representative,09:14,17:18,US,Denver,False,CX78498
YQH6723,Support Agent,Support,Support-Support_Agent,08:07,17:31,US,Seattle,False,AN88987
PCT1393,Support Agent,Support,Support-Support_Agent,08:05,17:12,US,Chicago,False,MG60304
HMU0162,Sales Representative,Sales,Sales-Sales_Representative,08:28,17:43,US,Seattle,False,QC75757
ECY9951,Support Agent,Support,Support-Support_Agent,08:05,16:21,GB,London,False,KH78789
YVK4363,Support Agent,Support,Support-Support_Agent,08:17,17:15,BR,Rio de Janeiro,False,ET13452
ZPV1141,Sales Representative,Sales,Sales-Sales_Representative,06:04,15:19,DE,Berlin,False,FU94562
KDY7383,Sales Representative,Sales,Sales-Sales_Representative,05:30,14:24,US,Seattle,False,HV75670
ARF3086,Systems Administrator,IT,IT-Systems_Administrator,09:20,18:32,IN,Hyderabad,False,KL54122
XNT0875,Sales Representative,Sales,Sales-Sales_Representative,09:00,18:29,BR,Curitiba,False,XM12376
XLL6759,Manager,Sales,Sales-Manager,08:16,17:15,IN,Bengaluru,False,YF54039
WZE9326,HR Specialist,HR,HR-HR_Specialist,09:13,18:11,US,Austin,False,NB17864
KKY5139,Support Agent,Support,Support-Support_Agent,08:47,17:13,US,Austin,False,VX44668
YXE8611,Manager,HR,HR-Manager,09:00,17:49,IN,Hyderabad,False,CH44310
TJE8399,HR Specialist,HR,HR-HR_Specialist,08:35,17:28,US,Denver,False,TK38867
MKS7553,Software Engineer,Engineering,Engineering-Software_Engineer,09:20,18:45,DE,Hamburg,False,WH57561
HQY0328,Systems Administrator,IT,IT-Systems_Administrator,08:54,17:46,DE,Munich,False,JH56952
NMY8501,Support Agent,Support,Support-Support_Agent,13:49,21:58,BR,Sao Paulo,False,LD92815
XMZ1293,Manager,Legal,Legal-Manager,05:38,13:43,GB,London,False,RP04081
ZZM0775,HR Specialist,HR,HR-HR_Specialist,09:17,17:18,US,Denver,False,SS11736
NCS6343,Support Agent,Support,Support-Support_Agent,08:36,17:30,US,Denver,True,GZ09802
GCQ3102,Sales Representative,Sales,Sales-Sales_Representative,08:33,16:40,BR,Rio de Janeiro,False,NJ38024
FHC5061,Software Engineer,Engineering,Engineering-Software_Engineer,09:29,18:40,US,New York,False,ZA47065
QGK7077,DevOps Engineer,DevOps,DevOps-DevOps_Engineer,09:09,17:11,US,Seattle,True,BA73022
KTW8603,Systems Administrator,IT,IT-Systems_Administrator,09:29,17:45,IN,Pune,False,VF66740
UWU3881,Financial Analyst,Finance,Finance-Financial_Analyst,08:14,17:09,US,Denver,False,ZJ40899
VYZ7165,Software Engineer,Engineering,Engineering-Software_Engineer,06:16,15:30,GB,London,False,WB17317
FSK9241,Sales Representative,Sales,Sales-Sales_Representative,13:49,22:28,BR,Rio de Janeiro,False,NY00632
SLX6104,Sales Representative,Sales,Sales-Sales_Representative,09:08,17:23,US,New York,False,NN99978
CCS8327,HR Specialist,HR,HR-HR_Specialist,08:55,18:17,US,Denver,False,CG04774
YAD0299,Software Engineer,Engineering,Engineering-Software_Engineer,08:20,17:29,GB,London,False,MQ09107
KCF6129,Systems Administrator,IT,IT-Systems_Administrator,09:01,17:33,BR,Sao Paulo,False,PP59019
DZG9817,Sales Representative,Sales,Sales-Sales_Representative,06:05,14:39,BR,Sao Paulo,False,BR21620
HAW4590,Financial Analyst,Finance,Finance-Financial_Analyst,08:19,16:56,GB,Leeds,False,UQ98970
VDQ2768,Legal Counsel,Legal,Legal-Legal_Counsel,05:45,14:28,DE,Berlin,False,FR84979
QUW9085,Support Agent,Support,Support-Support_Agent,08:30,17:21,US,Denver,False,YE09310
MAV1191,Support Agent,Support,Support-Support_Agent,08:06,16:17,US,Denver,True,PW90097
HLJ1034,Sales Representative,Sales,Sales-Sales_Representative,08:32,16:33,BR,Rio de Janeiro,False,BV75874
BHJ3735,Support Agent,Support,Support-Support_Agent,09:20,18:40,IN,Hyderabad,False,AV09684
GRZ0805,Support Agent,Support,Support-Support_Agent,08:20,16:24,GB,London,True,ZJ61980
SKT4546,Systems Administrator,IT,IT-Systems_Administrator,08:57,18:08,GB,Leeds,False,AN15938
BMC3336,Manager,Finance,Finance-Manager,08:04,17:30,US,Chicago,False,RR76815
CFT8853,Legal Counsel,Legal,Legal-Legal_Counsel,09:24,18:14,US,Denver,False,WS26446
MHX0037,Software Engineer,Engineering,Engineering-Software_Engineer,09:10,17:40,GB,Manchester,False,HH17675
HVS3166,DevOps Engineer,DevOps,DevOps-DevOps_Engineer,08:54,16:59,US,Chicago,False,FZ65344
ACZ8154,Support Agent,Support,Support-Support_Agent,08:14,16:49,BR,Curitiba,True,ED20110
WXP4500,Manager,Engineering,Engineering-Manager,08:38,17:25,DE,Hamburg,False,YY92592
GML1669,Support Agent,Support,Support-Support_Agent,08:31,16:50,IN,Pune,False,AF39231
HWZ1536,Software Engineer,Engineering,Engineering-Software_Engineer,08:25,17:25,US,Chicago,False,NU40951
CHG2521,Software Engineer,Engineering,Engineering-Software_Engineer,09:23,18:12,IN,Pune,False,HJ46565
SNY9928,Sales Representative,Sales,Sales-Sales_Representative,08:27,16:35,US,Seattle,False,AF01269
ZHB5881,Support Agent,Support,Support-Support_Agent,09:29,18:18,US,Chicago,False,XJ45000
LCE0048,Financial Analyst,Finance,Finance-Financial_Analyst,08:29,17:02,US,Chicago,False,BX11680
MQF2689,Financial Analyst,Finance,Finance-Financial_Analyst,13:56,23:15,US,New York,False,ES43423
PNE9210,Legal Counsel,Legal,Legal-Legal_Counsel,09:15,18:43,DE,Berlin,False,GM57782
CWD1018,HR Specialist,HR,HR-HR_Specialist,08:30,17:55,BR,Curitiba,False,LB76261
MHV8956,Software Engineer,Engineering,Engineering-Software_Engineer,13:12,22:02,GB,Manchester,False,HN95118
DZG6303,Financial Analyst,Finance,Finance-Financial_Analyst,08:20,16:52,US,Chicago,False,SD47895
ZMX3445,Sales Representative,Sales,Sales-Sales_Representative,08:16,17:38,GB,Manchester,False,VN38214
HUX4923,DevOps Engineer,DevOps,DevOps-DevOps_Engineer,08:17,17:16,DE,Munich,True,MT26454
VSW3128,Sales Representative,Sales,Sales-Sales_Representative,09:10,17:23,GB,Leeds,False,BW59572
BCJ1051,Support Agent,Support,Support-Support_Agent,14:00,22:52,US,Austin,False,LF39889
MPG6197,Manager,DevOps,DevOps-Manager,08:33,16:46,GB,Leeds,True,XS32094
RXQ7992,Sales Representative,Sales,Sales-Sales_Representative,09:27,18:08,US,Austin,False,QD31774
YYZ1409,DevOps Engineer,DevOps,DevOps-DevOps_Engineer,09:02,18:32,US,Austin,False,TS54997
GWB9650,Systems Administrator,IT,IT-Systems_Administrator,08:07,16:25,US,Denver,False,PJ14367
LUW6194,Manager,Engineering,Engineering-Manager,08:47,18:02,US,Chicago,False,TY80003
AFT4004,Systems Administrator,IT,IT-Systems_Administrator,08:02,16:51,IN,Pune,False,DZ72507
KVF2705,Software Engineer,Engineering,Engineering-Software_Engineer,05:56,14:12,US,Chicago,False,AE64331
ZVM3947,Support Agent,Support,Support-Support_Agent,09:29,18:06,GB,Leeds,False,MC76507
ZJD0585,Support Agent,Support,Support-Support_Agent,08:25,17:40,DE,Hamburg,False,DQ72602
SLJ5128,Software Engineer,Engineering,Engineering-Software_Engineer,08:36,16:53,GB,London,False,YN85127
WLT1936,Legal Counsel,Legal,Legal-Legal_Counsel,08:56,17:41,BR,Sao Paulo,False,UV65902
KRS4164,HR Specialist,HR,HR-HR_Specialist,08:43,17:07,BR,Rio de Janeiro,False,EE02482
ZCX0055,Software Engineer,Engineering,Engineering-Software_Engineer,08:31,17:30,GB,Leeds,False,ZS84047
CNE5112,DevOps Engineer,DevOps,DevOps-DevOps_Engineer,09:25,17:31,GB,Leeds,True,JF57080
WQC7071,DevOps Engineer,DevOps,DevOps-DevOps_Engineer,08:22,17:09,GB,London,False,GJ21967
KDX8366,HR Specialist,HR,HR-HR_Specialist,05:30,13:55,DE,Munich,False,QF84743
MUT3554,Software Engineer,Engineering,Engineering-Software_Engineer,09:05,17:18,BR,Sao Paulo,False,NN14824
FPK2167,Manager,Sales,Sales-Manager,06:18,14:21,DE,Berlin,False,TP17727
UNF6010,Sales Representative,Sales,Sales-Sales_Representative,08:56,17:36,DE,Hamburg,False,GD00113
NJW2195,Sales Representative,Sales,Sales-Sales_Representative,08:51,17:07,DE,Hamburg,False,JM63997
FGQ3884,Support Agent,Support,Support-Support_Agent,08:16,17:23,DE,Munich,False,RZ74509
JHY7276,Legal Counsel,Legal,Legal-Legal_Counsel,08:19,16:32,GB,London,False,GN52250
ZKZ0318,Software Engineer,Engineering,Engineering-Software_Engineer,08:37,16:42,US,Denver,False,YD28716
AUH1017,Software Engineer,Engineering,Engineering-Software_Engineer,08:54,17:02,US,Chicago,False,PX25740
CEL7303,DevOps Engineer,DevOps,DevOps-DevOps_Engineer,08:47,18:04,IN,Pune,False,JG89034
RBE2056,Software Engineer,Engineering,Engineering-Software_Engineer,08:46,16:58,GB,London,False,PR41186
KHQ4432,Manager,Legal,Legal-Manager,08:44,17:26,BR,Sao Paulo,False,JY32397
NTK2859,Software Engineer,Engineering,Engineering-Software_Engineer,08:10,16:44,BR,Rio de Janeiro,False,VA54858
GEP1888,Support Agent,Support,Support-Support_Agent,08:53,17:34,IN,Bengaluru,False,EY80007
FFL5038,Sales Representative,Sales,Sales-Sales_Representative,08:54,17:42,DE,Berlin,False,XN85752
MXF0245,Legal Counsel,Legal,Legal-Legal_Counsel,08:16,16:36,US,New York,False,GV01555
CVS8644,DevOps Engineer,DevOps,DevOps-DevOps_Engineer,08:35,17:14,DE,Munich,True,ZV45041
ULN5586,Legal Counsel,Legal,Legal-Legal_Counsel,09:04,17:43,US,Austin,False,ZM53013
AHB3837,Manager,DevOps,DevOps-Manager,08:49,17:10,US,Denver,True,NX63806
EUE6872,DevOps Engineer,DevOps,DevOps-DevOps_Engineer,08:00,17:11,IN,Hyderabad,True,HL44152
RPU8492,DevOps Engineer,DevOps,DevOps-DevOps_Engineer,14:11,23:32,US,Seattle,False,ZX12942
VWG6333,Financial Analyst,Finance,Finance-Financial_Analyst,08:10,16:48,BR,Rio de Janeiro,False,QS63131
TLX2731,DevOps Engineer,DevOps,DevOps-DevOps_Engineer,08:58,17:43,DE,Munich,False,TG81639
XMQ4841,Support Agent,Support,Support-Support_Agent,08:06,17:27,GB,Manchester,False,BC88757
PBG2200,Financial Analyst,Finance,Finance-Financial_Analyst,08:55,17:16,IN,Pune,False,UB56153
AVA4350,Software Engineer,Engineering,Engineering-Software_Engineer,14:02,23:21,DE,Hamburg,False,ZL86414
VXP7389,Sales Representative,Sales,Sales-Sales_Representative,09:27,18:21,IN,Pune,False,KC25550
JFH7028,Manager,Engineering,Engineering-Manager,09:11,17:53,GB,Manchester,False,ZL44284
JQL1140,Software Engineer,Engineering,Engineering-Software_Engineer,08:13,16:28,IN,Hyderabad,False,SV75011
LAB2540,Systems Administrator,IT,IT-Systems_Administrator,06:12,14:51,GB,Leeds,False,EF07720
NCF3260,DevOps Engineer,DevOps,DevOps-DevOps_Engineer,08:54,17:58,US,Seattle,True,ZH31673
QRU5619,Systems Administrator,IT,IT-Systems_Administrator,08:16,17:42,IN,Bengaluru,False,QH86869
KFG0382,Financial Analyst,Finance,Finance-Financial_Analyst,08:16,17:32,US,New York,False,CW04822
ZXZ4586,Software Engineer,Engineering,Engineering-Software_Engineer,08:32,17:16,GB,Manchester,False,QQ14688
BES5832,Software Engineer,Engineering,Engineering-Software_Engineer,08:39,16:55,US,Austin,False,JJ53430
PHG2290,Sales Representative,Sales,Sales-Sales_Representative,08:55,17:58,GB,Leeds,False,GV09174
CQK5506,Systems Administrator,IT,IT-Systems_Administrator,08:25,16:52,GB,Leeds,False,LB08213
XQJ9768,HR Specialist,HR,HR-HR_Specialist,05:42,14:01,GB,Leeds,False,PU82341
BWK1175,DevOps Engineer,DevOps,DevOps-DevOps_Engineer,08:19,16:33,US,Denver,False,BB40079
DXE3664,Manager,Support,Support-Manager,08:13,17:42,US,Chicago,False,BD80830
JFW4707,Support Agent,Support,Support-Support_Agent,08:10,16:20,US,Seattle,False,PM34601
YJK5622,Support Agent,Support,Support-Support_Agent,08:29,17:28,GB,Manchester,False,DJ67300
MDE9058,Sales Representative,Sales,Sales-Sales_Representative,08:51,18:15,US,Chicago,False,ME62062
DRP1861,Software Engineer,Engineering,Engineering-Software_Engineer,08:24,16:41,IN,Bengaluru,False,BG67896
WFK1303,Software Engineer,Engineering,Engineering-Software_Engineer,09:05,18:07,DE,Berlin,False,UL85363
PDT8522,Support Agent,Support,Support-Support_Agent,06:14,15:42,GB,London,False,RE07444
YSX2928,Software Engineer,Engineering,Engineering-Software_Engineer,09:29,18:52,DE,Munich,False,PV09016
YQJ4344,Software Engineer,Engineering,Engineering-Software_Engineer,05:51,15:01,GB,Leeds,False,WW68293
BZS4586,Financial Analyst,Finance,Finance-Financial_Analyst,09:05,17:57,DE,Munich,False,PN96865
QDB3652,HR Specialist,HR,HR-HR_Specialist,08:08,17:34,GB,Manchester,False,MJ97951
QKT5936,Support Agent,Support,Support-Support_Agent,09:15,18:17,GB,Leeds,True,VG15476
FAB6246,Sales Representative,Sales,Sales-Sales_Representative,08:35,17:43,US,New York,False,TF78064
AFF2174,Legal Counsel,Legal,Legal-Legal_Counsel,08:14,16:30,DE,Hamburg,False,DF44465
KKW9426,Systems Administrator,IT,IT-Systems_Administrator,09:18,18:37,BR,Rio de Janeiro,False,FW08757
YVQ4468,Software Engineer,Engineering,Engineering-Software_Engineer,08:36,16:46,GB,Manchester,False,DJ32481
SPK8158,Support Agent,Support,Support-Support_Agent,08:52,16:58,GB,Leeds,True,VT51719
XYZ5709,Manager,Support,Support-Manager,08:51,17:59,BR,Curitiba,False,EN22552
ACN5603,Support Agent,Support,Support-Support_Agent,08:52,17:36,IN,Bengaluru,False,TN21824
KJF3665,Software Engineer,Engineering,Engineering-Software_Engineer,08:22,17:32,US,New York,False,KE75136
LZD5274,Software Engineer,Engineering,Engineering-Software_Engineer,09:17,18:21,US,Seattle,False,UH45078
FQR7082,Manager,HR,HR-Manager,09:14,18:12,GB,Leeds,False,RT66040
GGK8360,HR Specialist,HR,HR-HR_Specialist,09:01,18:19,US,Chicago,False,EG83864
ZKC0776,Manager,Support,Support-Manager,13:08,22:27,GB,Leeds,False,ER62617
PJM7982,HR Specialist,HR,HR-HR_Specialist,08:04,17:22,IN,Pune,False,WF85113
TCG1206,Software Engineer,Engineering,Engineering-Software_Engineer,09:29,18:02,US,Denver,False,LH83083
TUH6119,Systems Administrator,IT,IT-Systems_Administrator,06:14,15:02,IN,Hyderabad,False,LD65985
MRB9312,HR Specialist,HR,HR-HR_Specialist,09:27,17:32,US,Austin,False,TK59708
TDT2911,DevOps Engineer,DevOps,DevOps-DevOps_Engineer,08:41,17:10,DE,Berlin,True,DB49997
ZZH3377,Sales Representative,Sales,Sales-Sales_Representative,08:57,17:05,IN,Bengaluru,False,TQ92108
KZW1655,Software Engineer,Engineering,Engineering-Software_Engineer,08:12,16:28,DE,Berlin,False,KF11069
PAJ6400,HR Specialist,HR,HR-HR_Specialist,13:01,22:24,IN,Bengaluru,False,LP97466
VWK1858,Support Agent,Support,Support-Support_Agent,08:14,17:19,GB,Leeds,True,HZ61679
UHW1685,Support Agent,Support,Support-Support_Agent,09:00,18:24,IN,Pune,False,SD95340
MSK1068,HR Specialist,HR,HR-HR_Specialist,08:05,16:08,BR,Curitiba,False,JT26585
NCU7789,Sales Representative,Sales,Sales-Sales_Representative,13:31,22:58,BR,Sao Paulo,False,QA90589
GPM7681,Sales Representative,Sales,Sales-Sales_Representative,14:19,23:33,DE,Hamburg,False,HD54714
YJC5459,Support Agent,Support,Support-Support_Agent,08:43,17:31,US,Austin,True,BS70360
WNC6066,HR Specialist,HR,HR-HR_Specialist,08:26,17:54,US,New York,False,SX22032
PGM8326,Software Engineer,Engineering,Engineering-Software_Engineer,09:00,17:38,GB,Manchester,False,WV76275
GMA8519,Support Agent,Support,Support-Support_Agent,08:21,16:52,US,Denver,False,EV98591
ASJ5787,Manager,Support,Support-Manager,05:54,14:25,US,Austin,False,RT86405
XPM0847,Sales Representative,Sales,Sales-Sales_Representative,05:55,14:28,US,Seattle,False,CD65541
FVL4917,Manager,Legal,Legal-Manager,09:11,18:10,IN,Pune,False,HV36100
UZH3465,Sales Representative,Sales,Sales-Sales_Representative,09:17,17:49,GB,London,False,UH07248
MCX2638,Systems Administrator,IT,IT-Systems_Administrator,08:58,18:17,GB,Manchester,False,AN63150
TSB0198,Systems Administrator,IT,IT-Systems_Administrator,08:17,16:59,US,New York,False,QB75207
LZA4757,Manager,Engineering,Engineering-Manager,09:13,18:15,IN,Hyderabad,False,HB42964
RUU4323,Sales Representative,Sales,Sales-Sales_Representative,09:27,18:38,IN,Hyderabad,False,AG07835
QDN2660,HR Specialist,HR,HR-HR_Specialist,09:19,18:36,US,Chicago,False,ZB63390
NDZ4258,Sales Representative,Sales,Sales-Sales_Representative,08:54,18:14,DE,Munich,False,BT86504
YEL9905,Systems Administrator,IT,IT-Systems_Administrator,08:24,17:17,DE,Hamburg,False,YP29954
XBY3937,Sales Representative,Sales,Sales-Sales_Representative,13:05,21:23,GB,London,False,UB95347
YJJ7053,Sales Representative,Sales,Sales-Sales_Representative,09:07,18:37,IN,Bengaluru,False,AQ38747
YSE5930,DevOps Engineer,DevOps,DevOps-DevOps_Engineer,09:00,17:51,GB,Manchester,False,TP80508
LBU3936,Manager,DevOps,DevOps-Manager,08:53,16:54,DE,Berlin,False,DD01958
AMG2238,Support Agent,Support,Support-Support_Agent,09:16,17:24,GB,Manchester,True,LG90803
ALS8032,Manager,Legal,Legal-Manager,08:27,17:04,US,New York,False,SK14280
GGL2672,Sales Representative,Sales,Sales-Sales_Representative,09:03,17:54,IN,Hyderabad,False,DT05740
KHV5264,Sales Representative,Sales,Sales-Sales_Representative,13:30,21:52,DE,Berlin,False,JD29701
KUB8455,Manager,Support,Support-Manager,09:16,17:22,BR,Sao Paulo,False,KA20684
PRY5497,Software Engineer,Engineering,Engineering-Software_Engineer,08:53,17:28,DE,Munich,False,CG09671
JCT2106,Manager,Support,Support-Manager,09:29,17:38,BR,Rio de Janeiro,False,WS67535
LGB8139,Sales Representative,Sales,Sales-Sales_Representative,08:11,17:20,US,Denver,False,DN81883
KWS9285,Support Agent,Support,Support-Support_Agent,08:29,17:52,GB,Leeds,False,ZS15430
FKD3736,Sales Representative,Sales,Sales-Sales_Representative,09:17,18:24,US,Austin,False,EE02455
WGX9994,Financial Analyst,Finance,Finance-Financial_Analyst,08:24,17:51,IN,Hyderabad,False,XD36271
HYL3094,HR Specialist,HR,HR-HR_Specialist,14:05,22:35,DE,Munich,False,NR12541
RFH9751,Financial Analyst,Finance,Finance-Financial_Analyst,05:54,14:00,US,New York,False,UE54197
TZG5035,Financial Analyst,Finance,Finance-Financial_Analyst,09:00,18:13,BR,Rio de Janeiro,False,ZF42502
RMA9672,Financial Analyst,Finance,Finance-Financial_Analyst,08:50,17:16,US,New York,False,SF67154
JVA7931,Support Agent,Support,Support-Support_Agent,09:08,17:28,US,New York,True,AK14798
YMF0181,Software Engineer,Engineering,Engineering-Software_Engineer,08:29,16:51,BR,Curitiba,False,ZT15925
DKP7995,Manager,Sales,Sales-Manager,05:58,14:53,IN,Bengaluru,False,XD53129
EKT5856,Software Engineer,Engineering,Engineering-Software_Engineer,08:26,16:29,US,New York,False,GK70089
GKW1903,HR Specialist,HR,HR-HR_Specialist,06:13,14:47,US,Denver,False,VQ84687
ZHY2106,HR Specialist,HR,HR-HR_Specialist,14:07,22:15,DE,Berlin,False,LH72024
XAA1174,Manager,Support,Support-Manager,08:48,18:07,IN,Hyderabad,False,VH96870
GEL8176,Legal Counsel,Legal,Legal-Legal_Counsel,08:28,17:39,US,Austin,False,GQ02094
BEM7786,DevOps Engineer,DevOps,DevOps-DevOps_Engineer,14:25,22:41,IN,Hyderabad,False,SH00330
VYY0720,Software Engineer,Engineering,Engineering-Software_Engineer,08:49,18:02,GB,Leeds,False,AV52359
MSL0168,Financial Analyst,Finance,Finance-Financial_Analyst,08:19,17:48,US,Chicago,False,PZ12278
ZEQ5713,Sales Representative,Sales,Sales-Sales_Representative,09:18,18:24,US,Denver,False,KR08428
TBZ5694,Financial Analyst,Finance,Finance-Financial_Analyst,08:29,17:54,BR,Sao Paulo,False,ZV29564
BNT0262,Systems Administrator,IT,IT-Systems_Administrator,09:27,17:28,GB,Manchester,False,ZN61112
LKL1757,Sales Representative,Sales,Sales-Sales_Representative,09:15,17:49,US,Austin,False,HS45799
XNQ2936,Support Agent,Support,Support-Support_Agent,09:17,18:36,IN,Hyderabad,False,VV77810
VWU2029,Sales Representative,Sales,Sales-Sales_Representative,14:20,22:23,IN,Bengaluru,False,ZX49807
FWS7950,Software Engineer,Engineering,Engineering-Software_Engineer,09:14,17:34,GB,Leeds,False,NB34002
ADL7522,Software Engineer,Engineering,Engineering-Software_Engineer,08:55,16:58,IN,Bengaluru,False,BX24623
PEH7036,Sales Representative,Sales,Sales-Sales_Representative,08:16,16:27,IN,Hyderabad,False,FE40210
ZZV3753,HR Specialist,HR,HR-HR_Specialist,14:19,23:36,US,Seattle,False,HK37441
VNB1827,Manager,Sales,Sales-Manager,09:24,18:04,US,Austin,False,AB46908
PFZ1171,Financial Analyst,Finance,Finance-Financial_Analyst,08:40,16:44,DE,Hamburg,False,EC81769
VAV3377,Systems Administrator,IT,IT-Systems_Administrator,09:07,17:51,GB,Manchester,False,EW08580
AQJ5799,Sales Representative,Sales,Sales-Sales_Representative,09:10,17:27,DE,Berlin,False,MD98785
VCL2588,DevOps Engineer,DevOps,DevOps-DevOps_Engineer,08:18,17:36,US,Denver,True,EG92409
TAS0828,Legal Counsel,Legal,Legal-Legal_Counsel,08:26,17:22,IN,Hyderabad,False,ZN75251
XLK1677,Sales Representative,Sales,Sales-Sales_Representative,08:22,16:51,IN,Pune,False,MT19535
HXH2947,Software Engineer,Engineering,Engineering-Software_Engineer,09:03,17:58,IN,Bengaluru,False,MJ94479
LSN9254,Manager,Sales,Sales-Manager,08:33,17:06,GB,Leeds,False,KP00335
HDT4060,Software Engineer,Engineering,Engineering-Software_Engineer,08:06,17:18,IN,Pune,False,PW76060
KPY3791,Support Agent,Support,Support-Support_Agent,13:00,21:15,DE,Berlin,False,QQ36937
WQD6977,Manager,Support,Support-Manager,06:02,15:10,DE,Munich,False,AG82239
RAT3363,Sales Representative,Sales,Sales-Sales_Representative,09:27,17:35,US,Chicago,False,SW71130
GCD1014,DevOps Engineer,DevOps,DevOps-DevOps_Engineer,09:26,17:30,IN,Pune,False,KC11256
RQE5788,Manager,Finance,Finance-Manager,09:27,17:32,US,New York,False,CL91509
WNZ8194,HR Specialist,HR,HR-HR_Specialist,08:35,17:04,IN,Bengaluru,False,GN25645
TRG3333,Sales Representative,Sales,Sales-Sales_Representative,08:35,17:26,US,New York,False,WB49852
NQF1835,DevOps Engineer,DevOps,DevOps-DevOps_Engineer,09:02,18:28,US,Seattle,False,YN00569
DJF0573,Software Engineer,Engineering,Engineering-Software_Engineer,09:27,17:40,US,Chicago,False,ZN58433
QBQ6174,Manager,Support,Support-Manager,09:17,18:15,US,Seattle,False,TZ43177
QLB1108,Software Engineer,Engineering,Engineering-Software_Engineer,08:29,16:55,IN,Pune,False,MB46710
MHH6200,Sales Representative,Sales,Sales-Sales_Representative,08:16,17:19,GB,Leeds,False,QQ43330
UCQ6477,Sales Representative,Sales,Sales-Sales_Representative,08:15,17:38,DE,Berlin,False,AK06778
NCX1973,DevOps Engineer,DevOps,DevOps-DevOps_Engineer,09:21,18:22,US,Chicago,False,TZ33663
GJS8114,Sales Representative,Sales,Sales-Sales_Representative,09:12,18:14,IN,Pune,False,SS56722
GKY7969,Financial Analyst,Finance,Finance-Financial_Analyst,09:08,17:49,DE,Berlin,False,YB47331
VYT8978,Sales Representative,Sales,Sales-Sales_Representative,08:36,17:02,DE,Berlin,False,DH56303
WYK4800,DevOps Engineer,DevOps,DevOps-DevOps_Engineer,08:02,17:14,IN,Hyderabad,True,MS31969
NZT5565,Sales Representative,Sales,Sales-Sales_Representative,08:28,17:16,BR,Rio de Janeiro,False,ME42489
EUG9459,Software Engineer,Engineering,Engineering-Software_Engineer,08:24,17:28,GB,Leeds,False,KU57392
XVC0594,Systems Administrator,IT,IT-Systems_Administrator,08:49,17:30,US,Austin,True,AD25270
FAJ7200,Sales Representative,Sales,Sales-Sales_Representative,08:59,18:01,US,Chicago,False,TB13757
JNN3239,HR Specialist,HR,HR-HR_Specialist,08:25,17:21,US,Chicago,False,LT75870
VWC0356,Software Engineer,Engineering,Engineering-Software_Engineer,08:36,17:19,US,New York,False,UD05833
SGF3557,Systems Administrator,IT,IT-Systems_Administrator,09:10,18:20,US,New York,True,GF15765
LYU2291,HR Specialist,HR,HR-HR_Specialist,08:56,17:22,US,Denver,False,KW36800
KEQ0032,Software Engineer,Engineering,Engineering-Software_Engineer,09:01,17:47,US,Austin,False,AU31082
UAK2793,Systems Administrator,IT,IT-Systems_Administrator,09:19,17:23,US,Seattle,False,PF49579
BYL0894,HR Specialist,HR,HR-HR_Specialist,09:02,17:40,GB,Manchester,False,YJ16132
EMY0546,Legal Counsel,Legal,Legal-Legal_Counsel,09:15,17:35,US,Seattle,False,TN57294
UUN6760,Software Engineer,Engineering,Engineering-Software_Engineer,08:13,17:23,US,Denver,False,BZ04457
WMF0666,Sales Representative,Sales,Sales-Sales_Representative,08:51,17:48,DE,Berlin,False,TA95612
JQP1045,Legal Counsel,Legal,Legal-Legal_Counsel,08:40,18:04,BR,Curitiba,False,FC78575
EED0695,Legal Counsel,Legal,Legal-Legal_Counsel,08:37,17:41,IN,Bengaluru,False,VV51604
NWU4142,Legal Counsel,Legal,Legal-Legal_Counsel,08:53,17:48,US,Seattle,False,EG83069
NDL3725,HR Specialist,HR,HR-HR_Specialist,08:13,16:13,GB,London,False,MB74974
CHB9042,DevOps Engineer,DevOps,DevOps-DevOps_Engineer,05:51,15:19,DE,Berlin,False,HY46210
RVJ4834,Manager,Legal,Legal-Manager,08:59,17:02,IN,Hyderabad,False,HS90923
FAN1417,Support Agent,Support,Support-Support_Agent,13:49,22:32,DE,Hamburg,False,MT21146
GKB5174,Sales Representative,Sales,Sales-Sales_Representative,05:32,14:11,US,Seattle,False,SM00353
TRT5910,DevOps Engineer,DevOps,DevOps-DevOps_Engineer,08:13,16:31,IN,Pune,False,DS87557
NBD6359,Software Engineer,Engineering,Engineering-Software_Engineer,09:11,18:34,BR,Curitiba,False,QW58873
HCV6206,Systems Administrator,IT,IT-Systems_Administrator,08:39,17:41,GB,Manchester,False,PM76994
VYC8658,Software Engineer,Engineering,Engineering-Software_Engineer,08:23,17:17,BR,Sao Paulo,False,ZT09668
PLP3673,Manager,Sales,Sales-Manager,09:10,17:32,GB,London,False,KY31906
XMP7066,Support Agent,Support,Support-Support_Agent,08:35,17:58,US,Seattle,True,SM96651
HBP7240,Manager,Support,Support-Manager,08:03,17:26,GB,Leeds,False,WQ23955
AGD8568,Support Agent,Support,Support-Support_Agent,08:39,17:47,DE,Hamburg,False,JM32589
EKA2417,DevOps Engineer,DevOps,DevOps-DevOps_Engineer,14:07,22:15,GB,Leeds,False,QS63095
NWD3536,Financial Analyst,Finance,Finance-Financial_Analyst,09:24,18:33,US,Chicago,False,LN02570
EBR0860,Sales Representative,Sales,Sales-Sales_Representative,05:51,14:18,DE,Hamburg,False,PH41137
PBB8975,Software Engineer,Engineering,Engineering-Software_Engineer,05:51,14:19,DE,Berlin,False,HJ76189
UQJ8329,Financial Analyst,Finance,Finance-Financial_Analyst,09:06,18:04,US,Seattle,False,GJ10839
ZSM1073,Systems Administrator,IT,IT-Systems_Administrator,08:20,17:41,DE,Hamburg,False,EC05292
XCE3705,Support Agent,Support,Support-Support_Agent,09:01,18:19,BR,Sao Paulo,False,YH70017
NCR5141,Manager,IT,IT-Manager,13:17,21:36,US,Denver,False,GT13678
ARW8743,Support Agent,Support,Support-Support_Agent,09:23,17:23,IN,Hyderabad,True,TF39048
AWM5248,Software Engineer,Engineering,Engineering-Software_Engineer,08:31,17:50,BR,Sao Paulo,False,HH51441
SQV6235,Software Engineer,Engineering,Engineering-Software_Engineer,08:59,17:34,US,Seattle,False,VE57058
LNK6236,Sales Representative,Sales,Sales-Sales_Representative,08:18,17:43,IN,Pune,False,ZQ13239
XFD6884,Sales Representative,Sales,Sales-Sales_Representative,08:30,16:53,US,Denver,False,UN48556
YDX6053,DevOps Engineer,DevOps,DevOps-DevOps_Engineer,08:24,17:45,DE,Berlin,False,AA47750
HCB6961,Software Engineer,Engineering,Engineering-Software_Engineer,08:29,16:29,IN,Bengaluru,False,JN54749
LXN4389,Software Engineer,Engineering,Engineering-Software_Engineer,08:08,17:24,US,New York,False,KP10061
ZMT9493,DevOps Engineer,DevOps,DevOps-DevOps_Engineer,08:49,16:50,US,Seattle,False,JJ06067
KSS9566,Sales Representative,Sales,Sales-Sales_Representative,08:39,17:46,BR,Rio de Janeiro,False,VJ94732
FCP7199,Financial Analyst,Finance,Finance-Financial_Analyst,09:30,18:00,US,Denver,False,EW15430
GMK7177,HR Specialist,HR,HR-HR_Specialist,13:37,22:50,US,New York,False,HB61975
JSV7667,HR Specialist,HR,HR-HR_Specialist,09:11,18:12,US,Denver,False,ZL00845
YAN4865,Software Engineer,Engineering,Engineering-Software_Engineer,09:01,17:41,US,Denver,False,ED21983
RXP3546,HR Specialist,HR,HR-HR_Specialist,09:30,18:10,US,New York,False,YE23041
FVR9858,Legal Counsel,Legal,Legal-Legal_Counsel,08:50,16:56,IN,Bengaluru,False,PC28708
SYR2719,Sales Representative,Sales,Sales-Sales_Representative,09:20,17:23,US,Chicago,False,FS05047
KDJ0200,Systems Administrator,IT,IT-Systems_Administrator,08:54,17:01,BR,Curitiba,False,XG94709
PAZ8627,HR Specialist,HR,HR-HR_Specialist,09:07,17:30,GB,Leeds,False,KE63360
HFE3723,Software Engineer,Engineering,Engineering-Software_Engineer,09:06,18:20,US,Austin,False,GA49943
NKG7115,Systems Administrator,IT,IT-Systems_Administrator,09:28,18:43,GB,Manchester,False,MN26975
AFK9429,Sales Representative,Sales,Sales-Sales_Representative,06:28,15:13,GB,Leeds,False,KJ24041
TMW0645,Sales Representative,Sales,Sales-Sales_Representative,09:28,18:42,US,Seattle,False,XR58028
URA4638,Systems Administrator,IT,IT-Systems_Administrator,09:30,18:11,IN,Hyderabad,False,AD24248
SWH7097,Software Engineer,Engineering,Engineering-Software_Engineer,05:59,14:45,US,New York,False,LK35164
FXM5258,Financial Analyst,Finance,Finance-Financial_Analyst,05:40,15:08,US,Chicago,False,ZD58387
HKB7050,Systems Administrator,IT,IT-Systems_Administrator,08:16,17:38,GB,London,False,HP36554
UCZ1694,Manager,HR,HR-Manager,08:09,17:04,IN,Bengaluru,False,QH40378
LWK9207,Financial Analyst,Finance,Finance-Financial_Analyst,05:51,15:04,GB,Leeds,False,RR62135
WSQ7704,Manager,DevOps,DevOps-Manager,08:13,17:28,IN,Pune,True,BS98478
GXH8145,Software Engineer,Engineering,Engineering-Software_Engineer,08:25,16:26,BR,Rio de Janeiro,False,PJ36434
FAV1376,Financial Analyst,Finance,Finance-Financial_Analyst,06:01,15:24,GB,London,False,YL63663
NWE6943,Manager,Support,Support-Manager,09:14,17:58,DE,Berlin,False,PH77399
NSW2398,Software Engineer,Engineering,Engineering-Software_Engineer,14:21,23:31,GB,London,False,KS90393
GSN3813,Software Engineer,Engineering,Engineering-Software_Engineer,13:42,22:25,US,New York,False,UY13743
XJB9721,Manager,IT,IT-Manager,08:24,16:51,GB,London,False,DC52236
SYG1392,Sales Representative,Sales,Sales-Sales_Representative,09:29,18:41,US,Seattle,False,TM94247
JDY4897,Software Engineer,Engineering,Engineering-Software_Engineer,08:53,17:51,GB,Manchester,False,LN47099
RHV6827,HR Specialist,HR,HR-HR_Specialist,14:04,22:08,IN,Pune,False,XR42567
SZU0525,HR Specialist,HR,HR-HR_Specialist,09:21,17:41,GB,London,False,KL91794
ASX1419,Support Agent,Support,Support-Support_Agent,08:23,17:00,DE,Munich,False,WQ86652
AYF3784,DevOps Engineer,DevOps,DevOps-DevOps_Engineer,08:12,16:43,US,Austin,True,FG67914
XTM0397,HR Specialist,HR,HR-HR_Specialist,08:37,16:54,DE,Munich,False,ME08942
KFM9312,Support Agent,Support,Support-Support_Agent,05:57,15:17,US,Seattle,False,NM53543
QDG0193,Sales Representative,Sales,Sales-Sales_Representative,09:02,17:10,IN,Hyderabad,False,CG81466
LNF8692,Sales Representative,Sales,Sales-Sales_Representative,08:20,16:50,US,Chicago,False,XW35145
RGW3617,Software Engineer,Engineering,Engineering-Software_Engineer,09:09,18:29,US,New York,False,TG06262
PHK3119,Support Agent,Support,Support-Support_Agent,08:24,16:43,GB,London,False,AB17101
WPL1436,Legal Counsel,Legal,Legal-Legal_Counsel,08:34,16:41,US,Chicago,False,AB70979
WBU4426,Systems Administrator,IT,IT-Systems_Administrator,09:00,18:15,US,Denver,False,JD74862
HTM0498,Manager,Engineering,Engineering-Manager,08:19,16:52,US,New York,False,WB66505
VKV9371,Software Engineer,Engineering,Engineering-Software_Engineer,08:55,18:01,US,Austin,False,PT86128
LES3747,Systems Administrator,IT,IT-Systems_Administrator,08:05,16:28,GB,Leeds,True,DY66469
ACU9806,Manager,IT,IT-Manager,08:49,17:49,US,Chicago,False,PV51175
CZV3763,DevOps Engineer,DevOps,DevOps-DevOps_Engineer,06:07,14:28,GB,Manchester,False,JJ02327
WMZ5470,Legal Counsel,Legal,Legal-Legal_Counsel,08:52,18:13,US,Austin,False,MG94107
KVV5560,Manager,IT,IT-Manager,13:48,23:02,DE,Berlin,False,QF13310
KSJ5231,HR Specialist,HR,HR-HR_Specialist,06:30,15:20,US,Seattle,False,VC44771
YWL9659,Software Engineer,Engineering,Engineering-Software_Engineer,09:10,17:57,GB,Leeds,False,ZB45116
BYH4413,Support Agent,Support,Support-Support_Agent,08:14,17:41,US,Denver,False,GP70055
TSH1437,Software Engineer,Engineering,Engineering-Software_Engineer,06:27,15:38,US,Denver,False,VE45549
TJP4948,Systems Administrator,IT,IT-Systems_Administrator,08:27,16:34,DE,Munich,False,WZ20575
BQV8037,Support Agent,Support,Support-Support_Agent,09:21,18:41,IN,Pune,True,NV81412
FKJ0479,Software Engineer,Engineering,Engineering-Software_Engineer,05:30,14:33,US,Austin,False,VH20721
VDC9790,Legal Counsel,Legal,Legal-Legal_Counsel,05:37,14:35,GB,London,False,BJ92197
GUM8655,DevOps Engineer,DevOps,DevOps-DevOps_Engineer,08:33,17:04,IN,Pune,False,NJ96825
NJV8196,Systems Administrator,IT,IT-Systems_Administrator,08:41,17:33,BR,Sao Paulo,False,QF15318
HUD1777,Systems Administrator,IT,IT-Systems_Administrator,08:49,16:51,GB,London,True,GC36794
VWP2492,Systems Administrator,IT,IT-Systems_Administrator,13:19,22:32,IN,Hyderabad,False,WM73084
HLX3539,Software Engineer,Engineering,Engineering-Software_Engineer,08:03,17:10,BR,Sao Paulo,False,BJ95927
QHP7767,Support Agent,Support,Support-Support_Agent,08:34,17:53,US,New York,True,VK70317
ACU9294,Systems Administrator,IT,IT-Systems_Administrator,06:22,15:26,US,Chicago,False,RQ96924
SRD1581,Support Agent,Support,Support-Support_Agent,08:07,17:05,GB,London,False,FJ19796
JAS9456,Support Agent,Support,Support-Support_Agent,08:47,17:15,US,Chicago,False,JE44289
QLG0421,Manager,Sales,Sales-Manager,13:16,22:34,IN,Pune,False,EA48869
WYX0098,Financial Analyst,Finance,Finance-Financial_Analyst,09:02,18:32,IN,Bengaluru,False,AK69643
CHG9684,Support Agent,Support,Support-Support_Agent,08:29,17:41,IN,Pune,False,CS58734
KMJ6011,Software Engineer,Engineering,Engineering-Software_Engineer,09:14,18:11,GB,London,False,WB45160
PXN7264,Sales Representative,Sales,Sales-Sales_Representative,09:02,17:33,IN,Pune,False,LF92655
JKQ2520,Support Agent,Support,Support-Support_Agent,09:16,17:34,DE,Hamburg,False,DZ30441
YWJ6443,Systems Administrator,IT,IT-Systems_Administrator,08:06,16:58,US,Seattle,False,PU83240
XFR9329,Support Agent,Support,Support-Support_Agent,08:30,17:31,US,Denver,False,EQ61966
EBC4994,DevOps Engineer,DevOps,DevOps-DevOps_Engineer,09:01,17:57,US,Chicago,True,UK22663
NYE4816,Support Agent,Support,Support-Support_Agent,06:09,15:05,GB,Leeds,False,PP53382
RGF8001,Manager,IT,IT-Manager,08:44,17:13,IN,Hyderabad,False,FA09401
FTC7060,Manager,IT,IT-Manager,09:27,18:01,BR,Sao Paulo,False,QM31943
ERD3114,HR Specialist,HR,HR-HR_Specialist,06:28,14:56,BR,Sao Paulo,False,FS60693
DZC7596,Sales Representative,Sales,Sales-Sales_Representative,08:10,17:32,IN,Pune,False,ER74020
SUQ0985,Sales Representative,Sales,Sales-Sales_Representative,08:43,17:32,US,Seattle,False,KK86406
PQV1878,Support Agent,Support,Support-Support_Agent,08:49,17:44,GB,London,False,CY04613
DXT7847,Support Agent,Support,Support-Support_Agent,08:44,17:04,GB,London,False,TE57730
RBH8130,HR Specialist,HR,HR-HR_Specialist,09:16,18:16,US,Denver,False,EV25195
ZYS0684,Systems Administrator,IT,IT-Systems_Administrator,08:59,17:11,GB,London,False,NF35848
ZWH4767,Support Agent,Support,Support-Support_Agent,08:28,17:15,GB,London,False,AC83402
KMY8772,Software Engineer,Engineering,Engineering-Software_Engineer,09:21,18:06,BR,Curitiba,False,PU76974
VHU4170,Manager,Sales,Sales-Manager,09:17,18:28,US,Chicago,False,TP24218
CFV6297,Support Agent,Support,Support-Support_Agent,08:16,16:53,BR,Curitiba,False,EY20471
HNJ6294,Manager,Finance,Finance-Manager,09:26,18:52,US,Chicago,False,DU32480
SVP4915,Sales Representative,Sales,Sales-Sales_Representative,08:13,16:16,DE,Munich,False,YB99800
XWE1000,Systems Administrator,IT,IT-Systems_Administrator,09:21,18:46,IN,Hyderabad,False,PT25392
LLJ6063,Systems Administrator,IT,IT-Systems_Administrator,08:24,16:53,US,New York,False,BY46505
BKS0875,DevOps Engineer,DevOps,DevOps-DevOps_Engineer,08:16,17:07,US,Denver,False,JD36454
WQQ3666,DevOps Engineer,DevOps,DevOps-DevOps_Engineer,08:30,17:44,BR,Sao Paulo,False,XN47011
PJC3330,Manager,DevOps,DevOps-Manager,08:21,16:36,US,Chicago,True,MC79315
XHA3580,Sales Representative,Sales,Sales-Sales_Representative,08:31,16:35,US,Austin,False,JL32664
WVC7612,DevOps Engineer,DevOps,DevOps-DevOps_Engineer,08:11,16:53,US,New York,False,TA95320
TJL6481,Manager,Engineering,Engineering-Manager,06:00,15:09,US,New York,False,DY95824
RYS4688,Sales Representative,Sales,Sales-Sales_Representative,13:46,22:57,DE,Munich,False,UW08078
DST2687,Support Agent,Support,Support-Support_Agent,08:58,17:25,US,Seattle,True,PE00720
VQH6167,Legal Counsel,Legal,Legal-Legal_Counsel,08:46,18:13,GB,Leeds,False,KD77635
RWS1724,Financial Analyst,Finance,Finance-Financial_Analyst,08:59,18:11,GB,Leeds,False,QX06043
QJR8672,Software Engineer,Engineering,Engineering-Software_Engineer,13:35,22:00,US,Chicago,False,ST42094
VPP1509,Systems Administrator,IT,IT-Systems_Administrator,08:42,18:02,GB,Leeds,False,ND30321
XVX6602,Sales Representative,Sales,Sales-Sales_Representative,08:36,17:38,GB,Manchester,False,YW15557
ZPL4646,Support Agent,Support,Support-Support_Agent,14:01,22:05,US,Austin,True,UK96975
WDL1835,Software Engineer,Engineering,Engineering-Software_Engineer,08:17,17:42,BR,Curitiba,False,UP36872
WCS8950,Software Engineer,Engineering,Engineering-Software_Engineer,08:42,17:48,US,Seattle,False,VL81086
BMB4369,Software Engineer,Engineering,Engineering-Software_Engineer,08:32,17:14,US,Seattle,False,DR86868
MLR2624,Legal Counsel,Legal,Legal-Legal_Counsel,05:59,15:10,DE,Munich,False,NX47893
FPD3066,Financial Analyst,Finance,Finance-Financial_Analyst,08:30,17:06,GB,London,False,EM95702
KFA0115,Sales Representative,Sales,Sales-Sales_Representative,08:00,16:09,DE,Berlin,False,MF21099
ANG9867,Legal Counsel,Legal,Legal-Legal_Counsel,08:52,17:16,GB,Leeds,False,NZ91663
WLZ3212,HR Specialist,HR,HR-HR_Specialist,05:35,14:21,IN,Hyderabad,False,JS54333
WHX4263,Manager,Sales,Sales-Manager,09:16,17:36,GB,London,False,HT77756
SKH0523,Sales Representative,Sales,Sales-Sales_Representative,13:59,23:15,GB,London,False,DH68467
YEV3418,Software Engineer,Engineering,Engineering-Software_Engineer,08:26,17:06,IN,Pune,False,ZG10446
VHH8257,Software Engineer,Engineering,Engineering-Software_Engineer,08:29,17:54,US,New York,False,ZK68072
NVQ5269,Support Agent,Support,Support-Support_Agent,08:39,17:38,IN,Hyderabad,False,SL57621
CGR6865,Software Engineer,Engineering,Engineering-Software_Engineer,06:10,15:01,GB,Manchester,False,GF48994
YKL7625,Manager,Legal,Legal-Manager,09:18,18:07,DE,Munich,False,GS07410
SYH1622,HR Specialist,HR,HR-HR_Specialist,14:14,23:24,US,New York,False,WP21878
BTP4022,Manager,HR,HR-Manager,08:24,17:23,US,Chicago,False,ZH48507
ZYZ3045,Systems Administrator,IT,IT-Systems_Administrator,08:30,16:35,GB,London,True,WD83144
PRN9467,Support Agent,Support,Support-Support_Agent,08:04,16:33,DE,Hamburg,False,TV84376
LRF5084,Legal Counsel,Legal,Legal-Legal_Counsel,08:42,17:18,US,Austin,False,MJ03477
JLV8586,Sales Representative,Sales,Sales-Sales_Representative,09:17,17:47,US,Chicago,False,QY04669
PPT0631,Sales Representative,Sales,Sales-Sales_Representative,09:27,18:16,BR,Sao Paulo,False,NL52599
GPW3461,Sales Representative,Sales,Sales-Sales_Representative,08:29,17:17,IN,Bengaluru,False,DK69718
ZKC8052,Manager,HR,HR-Manager,08:25,17:51,US,Denver,False,PA44136
HFD4315,Software Engineer,Engineering,Engineering-Software_Engineer,09:10,17:53,US,Austin,False,LQ75625
HZX9435,HR Specialist,HR,HR-HR_Specialist,08:05,16:42,GB,Leeds,False,LQ60555
JSF4057,Financial Analyst,Finance,Finance-Financial_Analyst,09:10,17:29,US,New York,False,AL92883
JQB8686,Financial Analyst,Finance,Finance-Financial_Analyst,05:47,15:00,US,Seattle,False,VL04217
JHE6342,Support Agent,Support,Support-Support_Agent,08:55,17:09,US,Seattle,False,PB94926
NBE8069,DevOps Engineer,DevOps,DevOps-DevOps_Engineer,08:58,18:01,US,New York,False,AC16440
UGN5077,DevOps Engineer,DevOps,DevOps-DevOps_Engineer,05:32,14:38,BR,Curitiba,True,TQ00289
PHE1554,Software Engineer,Engineering,Engineering-Software_Engineer,13:40,22:53,BR,Curitiba,False,NK14216
YRH8194,Manager,DevOps,DevOps-Manager,08:38,17:52,BR,Sao Paulo,False,VW91383
WPG6278,Software Engineer,Engineering,Engineering-Software_Engineer,09:03,18:26,DE,Berlin,False,ST14404
HSH2400,Systems Administrator,IT,IT-Systems_Administrator,14:23,23:00,US,Chicago,True,RY01916
KXG6499,Sales Representative,Sales,Sales-Sales_Representative,08:41,17:25,BR,Curitiba,False,DP41964
VNT8293,Support Agent,Support,Support-Support_Agent,09:29,18:48,BR,Rio de Janeiro,True,DC61418
YSA9883,Manager,Sales,Sales-Manager,09:18,18:12,US,Austin,False,KV52258
EXA3734,Software Engineer,Engineering,Engineering-Software_Engineer,08:27,17:16,US,New York,False,BR60071
YYC2668,Software Engineer,Engineering,Engineering-Software_Engineer,08:58,17:34,US,Denver,False,UG73265
KPB4149,Support Agent,Support,Support-Support_Agent,13:10,21:32,US,Seattle,True,HV29164
LRZ2143,DevOps Engineer,DevOps,DevOps-DevOps_Engineer,08:12,16:30,DE,Berlin,True,CL91506
TCP3554,DevOps Engineer,DevOps,DevOps-DevOps_Engineer,08:02,16:52,US,Denver,False,ST97222
RHK5954,Support Agent,Support,Support-Support_Agent,08:15,17:22,US,Austin,False,FR99512
DPH1348,Manager,Support,Support-Manager,08:20,16:30,US,Seattle,False,EX68204
AZD2495,Manager,IT,IT-Manager,09:20,17:44,DE,Berlin,False,TT41040
BPW6998,Manager,Sales,Sales-Manager,08:10,17:10,IN,Bengaluru,False,FM82538
GAR8123,Software Engineer,Engineering,Engineering-Software_Engineer,08:50,17:31,GB,Leeds,False,EB02567
DVD2507,DevOps Engineer,DevOps,DevOps-DevOps_Engineer,08:26,16:27,US,New York,False,LQ15406
CXU6356,DevOps Engineer,DevOps,DevOps-DevOps_Engineer,08:39,16:59,GB,Manchester,False,BG98568
LBL5506,Support Agent,Support,Support-Support_Agent,08:24,16:41,DE,Hamburg,False,ZQ90310
ADK8646,Systems Administrator,IT,IT-Systems_Administrator,08:29,17:55,IN,Hyderabad,False,WE16320
TZH9641,Legal Counsel,Legal,Legal-Legal_Counsel,09:07,17:50,IN,Hyderabad,False,RB55109
TSM1883,Financial Analyst,Finance,Finance-Financial_Analyst,14:13,23:13,US,New York,False,XR09631
HWT1384,Manager,IT,IT-Manager,05:38,14:25,IN,Pune,False,BR23789
CLW3536,Legal Counsel,Legal,Legal-Legal_Counsel,13:32,22:39,US,Denver,False,DS61746
DVW7466,Financial Analyst,Finance,Finance-Financial_Analyst,06:26,15:09,US,New York,False,DL30776
DMJ7135,Sales Representative,Sales,Sales-Sales_Representative,09:13,17:55,IN,Hyderabad,False,AT19101
TGT0988,Manager,DevOps,DevOps-Manager,09:30,17:39,US,New York,False,MA93613
RZR1761,Manager,IT,IT-Manager,09:21,17:35,US,Denver,False,RU42709
JNY6012,Software Engineer,Engineering,Engineering-Software_Engineer,13:11,21:49,GB,London,False,TM04146
DBL8711,HR Specialist,HR,HR-HR_Specialist,09:02,18:04,BR,Curitiba,False,BX91703
AAE7371,Support Agent,Support,Support-Support_Agent,08:43,17:51,IN,Hyderabad,False,FS28440
EMZ5921,Software Engineer,Engineering,Engineering-Software_Engineer,08:14,16:44,DE,Berlin,False,EC51032
RME1406,Systems Administrator,IT,IT-Systems_Administrator,08:15,16:16,GB,London,True,PA40398
CFM9613,Financial Analyst,Finance,Finance-Financial_Analyst,08:14,16:19,US,Austin,False,XN28509
BGP2631,Sales Representative,Sales,Sales-Sales_Representative,08:30,17:08,IN,Hyderabad,False,UF71391
EWP1032,Legal Counsel,Legal,Legal-Legal_Counsel,08:12,16:20,US,Austin,False,ZN26114
WFU8122,Software Engineer,Engineering,Engineering-Software_Engineer,08:01,17:11,US,Austin,False,CZ50148
HNM5714,Systems Administrator,IT,IT-Systems_Administrator,08:03,17:22,GB,Leeds,False,PG00716
RAQ3126,Software Engineer,Engineering,Engineering-Software_Engineer,08:21,16:36,US,New York,False,ER82163
CQR0703,Software Engineer,Engineering,Engineering-Software_Engineer,05:57,15:00,US,Denver,False,CR62169
UKN2629,Systems Administrator,IT,IT-Systems_Administrator,08:18,17:45,US,Chicago,False,UK06126
YYV5359,Financial Analyst,Finance,Finance-Financial_Analyst,13:29,21:58,US,Austin,False,EW35678
HPM6207,Financial Analyst,Finance,Finance-Financial_Analyst,08:27,16:56,DE,Berlin,False,XG32001
UCW5515,Software Engineer,Engineering,Engineering-Software_Engineer,06:21,14:48,BR,Rio de Janeiro,False,NV05729
DTC1360,Software Engineer,Engineering,Engineering-Software_Engineer,09:17,18:26,US,Seattle,False,CP46661
WNZ6737,Legal Counsel,Legal,Legal-Legal_Counsel,08:16,17:46,US,Chicago,False,HM41689
JKQ9983,Support Agent,Support,Support-Support_Agent,05:46,15:01,GB,Leeds,False,AP07667
VXQ8396,HR Specialist,HR,HR-HR_Specialist,05:42,14:32,GB,London,False,PG57218
WZJ4162,Systems Administrator,IT,IT-Systems_Administrator,09:21,17:39,US,New York,False,PF23142
JMS2741,Sales Representative,Sales,Sales-Sales_Representative,09:02,17:10,GB,Manchester,False,CC73202
XEP1569,HR Specialist,HR,HR-HR_Specialist,08:32,16:38,GB,Leeds,False,GH41227
QBC9951,Sales Representative,Sales,Sales-Sales_Representative,08:20,17:06,DE,Berlin,False,HF40324
RZZ4712,DevOps Engineer,DevOps,DevOps-DevOps_Engineer,08:48,17:11,US,Denver,False,QW01042
URV9227,DevOps Engineer,DevOps,DevOps-DevOps_Engineer,13:29,21:56,DE,Munich,True,WE15341
EDX0830,Systems Administrator,IT,IT-Systems_Administrator,08:27,17:36,IN,Bengaluru,False,ZA23964
YZZ7371,Sales Representative,Sales,Sales-Sales_Representative,08:35,17:35,GB,Manchester,False,TV06182
HQK3324,Support Agent,Support,Support-Support_Agent,09:01,18:08,GB,Manchester,False,AL78719
QEY4677,Manager,Support,Support-Manager,09:30,18:28,US,New York,False,UF32009
GZE8262,Sales Representative,Sales,Sales-Sales_Representative,08:58,18:01,BR,Rio de Janeiro,False,LT22428
XQB0711,Sales Representative,Sales,Sales-Sales_Representative,14:15,23:21,DE,Hamburg,False,ME24299
JUX6921,Software Engineer,Engineering,Engineering-Software_Engineer,08:28,16:58,BR,Curitiba,False,TN13774
HSQ8158,Software Engineer,Engineering,Engineering-Software_Engineer,08:46,17:19,IN,Hyderabad,False,BA74143
PVN2212,DevOps Engineer,DevOps,DevOps-DevOps_Engineer,09:02,17:54,DE,Berlin,False,XU58949
ZZW5618,Software Engineer,Engineering,Engineering-Software_Engineer,08:49,17:05,DE,Berlin,False,NJ66332
JHU2260,DevOps Engineer,DevOps,DevOps-DevOps_Engineer,08:38,17:25,US,Denver,False,NQ93505
YFC6168,Manager,Engineering,Engineering-Manager,05:47,14:05,US,New York,False,DQ16900
UWP6800,Manager,IT,IT-Manager,05:32,13:51,US,Seattle,False,QF27442
RYB9111,DevOps Engineer,DevOps,DevOps-DevOps_Engineer,08:25,17:03,GB,London,True,VS47260
QGQ9398,Sales Representative,Sales,Sales-Sales_Representative,05:37,14:43,IN,Hyderabad,False,GS86723
GCC9567,HR Specialist,HR,HR-HR_Specialist,13:28,22:41,IN,Hyderabad,False,CD68547
PBH2552,Manager,Support,Support-Manager,08:20,17:03,US,Austin,False,QV69460
FYV5190,Sales Representative,Sales,Sales-Sales_Representative,08:01,16:13,US,New York,False,DM34516
HHT2257,Sales Representative,Sales,Sales-Sales_Representative,08:27,16:48,US,Chicago,False,RY23669
VXD9349,Systems Administrator,IT,IT-Systems_Administrator,08:05,16:12,DE,Hamburg,False,EG27212
XQJ3258,Sales Representative,Sales,Sales-Sales_Representative,08:16,17:00,US,New York,False,VU21776
XZW8899,Software Engineer,Engineering,Engineering-Software_Engineer,08:59,17:42,DE,Berlin,False,EE84389
DDD2744,Software Engineer,Engineering,Engineering-Software_Engineer,08:21,17:23,GB,London,False,SS07708
PUH7781,Sales Representative,Sales,Sales-Sales_Representative,08:01,17:20,US,New York,False,UR89176
RDA9676,Financial Analyst,Finance,Finance-Financial_Analyst,08:24,17:15,DE,Hamburg,False,DT67947
QPJ2223,HR Specialist,HR,HR-HR_Specialist,08:14,17:17,IN,Hyderabad,False,TJ48110
HJL4782,Support Agent,Support,Support-Support_Agent,08:51,17:33,US,Austin,True,PN37662
JSR7541,Support Agent,Support,Support-Support_Agent,05:38,13:57,US,Seattle,False,VZ10092
KHB9148,Software Engineer,Engineering,Engineering-Software_Engineer,08:34,17:53,IN,Pune,False,VR21552
EXP0252,Sales Representative,Sales,Sales-Sales_Representative,09:05,17:53,BR,Curitiba,False,SQ82448
HLA5869,Software Engineer,Engineering,Engineering-Software_Engineer,08:14,16:39,US,Seattle,False,RU96260
MPH7693,Software Engineer,Engineering,Engineering-Software_Engineer,08:19,16:49,US,Seattle,False,GL80498
QDX0204,Systems Administrator,IT,IT-Systems_Administrator,09:28,18:13,US,Austin,False,MJ10157
VZP1732,Support Agent,Support,Support-Support_Agent,14:20,22:40,US,Austin,False,MN43705
JRG9460,Software Engineer,Engineering,Engineering-Software_Engineer,08:30,17:38,DE,Berlin,False,GR11496
JXR2006,Systems Administrator,IT,IT-Systems_Administrator,09:08,17:24,IN,Pune,False,DW02142
FVH0365,HR Specialist,HR,HR-HR_Specialist,08:01,16:57,IN,Bengaluru,False,CP02681
MBT6537,Manager,IT,IT-Manager,09:18,18:46,GB,Leeds,False,GB92551
DAS6696,Systems Administrator,IT,IT-Systems_Administrator,08:16,17:17,US,Denver,False,YC82794
RLL7595,Software Engineer,Engineering,Engineering-Software_Engineer,14:00,22:26,GB,Manchester,False,WG47200
JPJ1683,Software Engineer,Engineering,Engineering-Software_Engineer,09:21,17:21,US,Seattle,False,TR92799
BCL5970,Manager,Support,Support-Manager,08:05,16:36,DE,Hamburg,False,VP32259
NDP9334,Manager,DevOps,DevOps-Manager,06:08,15:27,GB,Leeds,True,CZ58704
FAP2507,Financial Analyst,Finance,Finance-Financial_Analyst,05:53,14:22,DE,Munich,False,KK55878
LCD7746,Legal Counsel,Legal,Legal-Legal_Counsel,09:09,18:11,IN,Hyderabad,False,JU90129
GCN5908,DevOps Engineer,DevOps,DevOps-DevOps_Engineer,08:12,16:12,US,Denver,False,QM73417
XVK0763,Support Agent,Support,Support-Support_Agent,14:27,23:09,US,New York,False,SA39722
SWN1969,Financial Analyst,Finance,Finance-Financial_Analyst,09:07,17:50,GB,Manchester,False,QG77124
NQD2465,Sales Representative,Sales,Sales-Sales_Representative,08:09,17:09,US,New York,False,GY16198
CLG5170,Software Engineer,Engineering,Engineering-Software_Engineer,05:36,14:37,US,Austin,False,US93741
ALH7224,Software Engineer,Engineering,Engineering-Software_Engineer,08:09,17:07,IN,Bengaluru,False,BW72538
CYX4683,Software Engineer,Engineering,Engineering-Software_Engineer,08:01,16:59,US,Chicago,False,MT40243
PMD5808,Software Engineer,Engineering,Engineering-Software_Engineer,08:32,17:06,IN,Hyderabad,False,ZH13666
AJM2807,Support Agent,Support,Support-Support_Agent,08:21,16:22,IN,Bengaluru,False,HT86356
JFK1870,Legal Counsel,Legal,Legal-Legal_Counsel,05:56,14:18,IN,Hyderabad,False,FG85737
HFU3666,Legal Counsel,Legal,Legal-Legal_Counsel,08:48,18:12,IN,Bengaluru,False,UX20274
QTM3599,Support Agent,Support,Support-Support_Agent,08:20,17:31,US,New York,True,RE84205
JWD6444,Sales Representative,Sales,Sales-Sales_Representative,08:58,17:29,US,Seattle,False,NU62226
BUH4617,Manager,HR,HR-Manager,08:41,17:08,IN,Bengaluru,False,JK75700
FAP0273,Sales Representative,Sales,Sales-Sales_Representative,13:56,22:43,US,Austin,False,EN95499
WYW4325,Support Agent,Support,Support-Support_Agent,08:29,17:24,GB,London,False,AD38750
WVM6738,Manager,Support,Support-Manager,08:55,17:24,BR,Sao Paulo,False,HD57095
TRD4019,Support Agent,Support,Support-Support_Agent,05:52,15:00,BR,Curitiba,False,VM40458
KFQ0753,DevOps Engineer,DevOps,DevOps-DevOps_Engineer,09:25,18:27,US,Seattle,True,RQ94706
ENC6545,Software Engineer,Engineering,Engineering-Software_Engineer,08:13,16:26,DE,Munich,False,WW27352
ZHU0615,Legal Counsel,Legal,Legal-Legal_Counsel,08:42,17:15,US,New York,False,QW18833
XWA8738,Sales Representative,Sales,Sales-Sales_Representative,08:27,17:04,DE,Berlin,False,HF11315
LHN0841,Sales Representative,Sales,Sales-Sales_Representative,14:25,22:45,US,Chicago,False,SK16856
CNE2834,HR Specialist,HR,HR-HR_Specialist,09:08,18:03,US,Austin,False,TW82612
LEY0669,Software Engineer,Engineering,Engineering-Software_Engineer,13:46,23:16,GB,Manchester,False,GH95848
WUN4947,Financial Analyst,Finance,Finance-Financial_Analyst,08:07,16:41,IN,Bengaluru,False,JQ73360
AMH0036,Support Agent,Support,Support-Support_Agent,08:09,16:25,DE,Munich,False,SX05155
GGZ2556,Sales Representative,Sales,Sales-Sales_Representative,08:14,16:58,DE,Berlin,False,JA23097
EBR6957,Financial Analyst,Finance,Finance-Financial_Analyst,09:05,17:29,US,Austin,False,XW48903
TPG1817,DevOps Engineer,DevOps,DevOps-DevOps_Engineer,08:08,17:23,US,Chicago,False,CS45070
BZV5058,Manager,IT,IT-Manager,13:02,22:02,GB,Manchester,False,GT36959
LFD8878,Software Engineer,Engineering,Engineering-Software_Engineer,08:13,16:30,IN,Pune,False,EW54605
BZK1628,Sales Representative,Sales,Sales-Sales_Representative,09:24,17:39,BR,Curitiba,False,BB36839
RSQ5606,Manager,Sales,Sales-Manager,09:19,18:19,IN,Pune,False,CJ25049
FUP1453,Software Engineer,Engineering,Engineering-Software_Engineer,09:20,18:45,US,Seattle,False,VH99166
KGP8974,Software Engineer,Engineering,Engineering-Software_Engineer,05:33,14:02,US,New York,False,BX29599
AYV5603,DevOps Engineer,DevOps,DevOps-DevOps_Engineer,09:25,17:26,BR,Rio de Janeiro,False,KD86050
DSR3222,Sales Representative,Sales,Sales-Sales_Representative,09:02,17:09,US,Seattle,False,WB50525
RAV9544,Sales Representative,Sales,Sales-Sales_Representative,09:10,17:20,IN,Pune,False,VW46464
TCV9683,DevOps Engineer,DevOps,DevOps-DevOps_Engineer,08:12,16:52,GB,Leeds,False,HK16696
XEF7192,Manager,HR,HR-Manager,08:29,17:21,GB,London,False,CQ21549
WEP3010,Support Agent,Support,Support-Support_Agent,08:11,16:34,IN,Hyderabad,False,FE03429
NQZ4801,Software Engineer,Engineering,Engineering-Software_Engineer,13:21,21:40,US,Austin,False,WC00506
XWY4351,Support Agent,Support,Support-Support_Agent,08:00,16:41,US,Austin,False,TR08669
WCZ3825,Support Agent,Support,Support-Support_Agent,05:51,14:20,US,New York,False,QN01236
LNF3219,Support Agent,Support,Support-Support_Agent,09:29,17:56,DE,Hamburg,False,EV37197
HNZ8008,HR Specialist,HR,HR-HR_Specialist,08:47,18:13,GB,London,False,PQ24719
ATN8458,Legal Counsel,Legal,Legal-Legal_Counsel,14:25,23:53,US,Denver,False,TD75032
ZDB2083,Support Agent,Support,Support-Support_Agent,09:19,17:21,US,New York,False,KZ14088
LCD0888,Support Agent,Support,Support-Support_Agent,09:21,17:21,US,Austin,False,ZJ43128
UQX0155,Financial Analyst,Finance,Finance-Financial_Analyst,08:18,16:52,BR,Rio de Janeiro,False,DA57641
TZF4164,Sales Representative,Sales,Sales-Sales_Representative,09:16,18:18,US,Denver,False,HA00889
NHC4657,Software Engineer,Engineering,Engineering-Software_Engineer,08:18,16:58,IN,Bengaluru,False,JS92225
ETS6294,Sales Representative,Sales,Sales-Sales_Representative,09:27,18:50,IN,Hyderabad,False,CQ34637
FVT5025,Software Engineer,Engineering,Engineering-Software_Engineer,09:13,18:29,US,New York,False,NF42970
WLN4398,Legal Counsel,Legal,Legal-Legal_Counsel,09:22,17:51,US,New York,False,NM82528
QTV5992,Software Engineer,Engineering,Engineering-Software_Engineer,08:36,17:20,US,Seattle,False,EL75429
BGM2933,Manager,Sales,Sales-Manager,08:22,17:16,IN,Hyderabad,False,KK15746
NGP1594,Software Engineer,Engineering,Engineering-Software_Engineer,09:00,17:30,IN,Bengaluru,False,SR91564
GFK8181,Manager,Support,Support-Manager,08:39,17:57,IN,Pune,False,VX74710
CBT5366,Software Engineer,Engineering,Engineering-Software_Engineer,09:20,18:17,US,Austin,False,BZ82979
RCG7500,Sales Representative,Sales,Sales-Sales_Representative,09:19,18:43,US,Chicago,False,DG25779
XZY6637,Systems Administrator,IT,IT-Systems_Administrator,08:59,17:55,IN,Hyderabad,False,JE97138
QNB5318,Financial Analyst,Finance,Finance-Financial_Analyst,08:53,17:02,US,New York,False,HD19806
JNV6999,Financial Analyst,Finance,Finance-Financial_Analyst,06:10,14:10,IN,Bengaluru,False,YA24410
ABE2961,DevOps Engineer,DevOps,DevOps-DevOps_Engineer,09:14,18:44,DE,Berlin,True,GD39022
RAE4533,DevOps Engineer,DevOps,DevOps-DevOps_Engineer,08:29,17:02,DE,Munich,False,EC52329
ZEC7331,Sales Representative,Sales,Sales-Sales_Representative,08:26,17:55,BR,Sao Paulo,False,CE60714
AWX0001,Support Agent,Support,Support-Support_Agent,13:05,21:58,US,Austin,False,JX90320
QZF9573,Software Engineer,Engineering,Engineering-Software_Engineer,09:27,17:33,IN,Pune,False,BP21497
XZK3155,Sales Representative,Sales,Sales-Sales_Representative,09:04,17:33,US,Seattle,False,GM23783
JJM7250,DevOps Engineer,DevOps,DevOps-DevOps_Engineer,08:46,17:18,US,Chicago,True,AQ21316
DXS7351,Financial Analyst,Finance,Finance-Financial_Analyst,09:10,17:35,IN,Pune,False,KK83376
BDD2486,HR Specialist,HR,HR-HR_Specialist,05:50,14:54,GB,Leeds,False,LT22152
FAA5368,Manager,HR,HR-Manager,08:44,17:49,IN,Pune,False,JR42846
MDD1815,Legal Counsel,Legal,Legal-Legal_Counsel,08:25,17:19,GB,London,False,AM94034
DDN7438,Support Agent,Support,Support-Support_Agent,09:04,17:13,BR,Curitiba,False,CX01468
FYU3751,DevOps Engineer,DevOps,DevOps-DevOps_Engineer,08:26,17:19,BR,Sao Paulo,True,MS29338
XHS6584,Manager,Sales,Sales-Manager,08:18,16:42,DE,Berlin,False,KK01987
MUT1655,Systems Administrator,IT,IT-Systems_Administrator,08:43,16:51,US,Austin,False,UZ95789
WNE8020,Software Engineer,Engineering,Engineering-Software_Engineer,08:06,17:28,DE,Hamburg,False,JE40698
TQG3186,HR Specialist,HR,HR-HR_Specialist,08:18,17:25,US,Austin,False,QL91729
XRP6350,Systems Administrator,IT,IT-Systems_Administrator,09:29,18:22,DE,Munich,False,WM75753
SEX3930,Systems Administrator,IT,IT-Systems_Administrator,13:53,22:36,IN,Hyderabad,False,GR74042
LBZ7347,Support Agent,Support,Support-Support_Agent,06:18,15:34,US,Seattle,False,WM34840
FVY5415,Systems Administrator,IT,IT-Systems_Administrator,13:05,22:33,US,New York,False,VA71229
SPL6107,Sales Representative,Sales,Sales-Sales_Representative,08:13,16:36,GB,Leeds,False,YC31254
YZD2818,DevOps Engineer,DevOps,DevOps-DevOps_Engineer,13:05,21:34,BR,Curitiba,False,GD98830
SQE3562,DevOps Engineer,DevOps,DevOps-DevOps_Engineer,08:10,16:24,US,Denver,True,SA11817
QUJ2796,Financial Analyst,Finance,Finance-Financial_Analyst,09:08,17:13,US,Chicago,False,VP00419
AQA7238,DevOps Engineer,DevOps,DevOps-DevOps_Engineer,13:52,22:19,US,Denver,True,PM29842
NAS8626,Systems Administrator,IT,IT-Systems_Administrator,08:41,17:47,US,New York,False,WB76886
APN9200,Sales Representative,Sales,Sales-Sales_Representative,08:45,17:07,GB,Manchester,False,AT18429
PSQ4717,Sales Representative,Sales,Sales-Sales_Representative,09:03,18:05,GB,Leeds,False,DC91948
EGE2962,Software Engineer,Engineering,Engineering-Software_Engineer,08:31,17:44,GB,London,False,YX34429
NZS3709,Manager,DevOps,DevOps-Manager,08:51,17:45,US,Chicago,False,KV01796
LYW6509,Systems Administrator,IT,IT-Systems_Administrator,08:02,16:30,DE,Berlin,False,DV87504
CQE8059,Software Engineer,Engineering,Engineering-Software_Engineer,09:11,18:08,US,Austin,False,AR83820
YKZ8920,Manager,Support,Support-Manager,09:15,17:37,US,Chicago,False,GF28962
SMF2572,DevOps Engineer,DevOps,DevOps-DevOps_Engineer,09:19,17:45,US,Denver,True,FW49758
LAP2668,Software Engineer,Engineering,Engineering-Software_Engineer,08:23,17:21,US,Seattle,False,YU42585
QCY1152,DevOps Engineer,DevOps,DevOps-DevOps_Engineer,09:12,17:22,US,New York,False,ZZ55556
NCR2209,DevOps Engineer,DevOps,DevOps-DevOps_Engineer,05:59,14:18,GB,Manchester,False,PY46737
PMV7499,DevOps Engineer,DevOps,DevOps-DevOps_Engineer,08:45,17:58,GB,Manchester,True,CH47905
YJP1704,Software Engineer,Engineering,Engineering-Software_Engineer,09:09,18:07,US,Seattle,False,WX08030
QEU7845,Systems Administrator,IT,IT-Systems_Administrator,08:19,17:20,US,New York,False,TS57042
SGQ7195,Software Engineer,Engineering,Engineering-Software_Engineer,09:09,18:36,BR,Sao Paulo,False,LH51626
KPF0729,Financial Analyst,Finance,Finance-Financial_Analyst,06:24,14:24,DE,Munich,False,UU23284
JKK8889,Support Agent,Support,Support-Support_Agent,08:31,17:57,GB,Leeds,False,SK83961
WTH7327,Software Engineer,Engineering,Engineering-Software_Engineer,08:38,17:53,US,Austin,False,UF91162
YCY9763,Legal Counsel,Legal,Legal-Legal_Counsel,08:46,18:00,DE,Berlin,False,WQ52229
XMY1520,Systems Administrator,IT,IT-Systems_Administrator,08:09,17:39,GB,London,False,MS75248
LER8757,DevOps Engineer,DevOps,DevOps-DevOps_Engineer,08:41,17:16,IN,Pune,False,BP34045
HRC2558,Software Engineer,Engineering,Engineering-Software_Engineer,08:46,17:11,BR,Rio de Janeiro,False,MC18832
XEK4282,Software Engineer,Engineering,Engineering-Software_Engineer,09:15,17:30,US,Denver,False,UP64215
VXK9645,Legal Counsel,Legal,Legal-Legal_Counsel,09:07,17:38,IN,Pune,False,UH38066
WPW1401,Sales Representative,Sales,Sales-Sales_Representative,14:15,23:17,US,Austin,False,SW05196
WTK1910,Sales Representative,Sales,Sales-Sales_Representative,09:10,18:02,IN,Hyderabad,False,GK25529
AVL7593,Software Engineer,Engineering,Engineering-Software_Engineer,09:00,17:22,GB,Manchester,False,WX27912
FUK6375,Sales Representative,Sales,Sales-Sales_Representative,09:08,17:58,BR,Curitiba,False,FU77595
SUQ8029,Support Agent,Support,Support-Support_Agent,09:26,18:20,US,New York,True,ZY73751
JGH7582,Sales Representative,Sales,Sales-Sales_Representative,08:40,16:47,US,New York,False,SL65702
KQF9279,Support Agent,Support,Support-Support_Agent,08:18,16:46,BR,Rio de Janeiro,False,VD97282
YHZ7266,Sales Representative,Sales,Sales-Sales_Representative,08:32,17:02,GB,Leeds,False,EU69205
ZDX6609,Sales Representative,Sales,Sales-Sales_Representative,08:44,17:50,US,Denver,False,SR71813
FXZ4153,DevOps Engineer,DevOps,DevOps-DevOps_Engineer,08:24,16:56,US,Denver,False,SP71623
UBK2435,Support Agent,Support,Support-Support_Agent,08:19,17:00,US,Denver,False,SR00528
MFQ3194,Support Agent,Support,Support-Support_Agent,09:13,18:41,IN,Pune,False,DN20732
HBB3944,Software Engineer,Engineering,Engineering-Software_Engineer,08:53,18:02,BR,Rio de Janeiro,False,AL40617
UZX2476,Manager,Finance,Finance-Manager,08:54,17:56,US,Seattle,False,AW08617
YUQ8189,Manager,DevOps,DevOps-Manager,08:18,17:32,US,Denver,True,MK61165
MMS7742,DevOps Engineer,DevOps,DevOps-DevOps_Engineer,13:22,22:36,GB,London,False,GB64347
MFB4161,Support Agent,Support,Support-Support_Agent,08:42,17:57,GB,London,False,UE86308
MNL3521,Financial Analyst,Finance,Finance-Financial_Analyst,08:38,18:08,US,Chicago,False,HM31201
DAZ1017,Financial Analyst,Finance,Finance-Financial_Analyst,08:46,16:50,US,New York,False,BE17592
UJM1032,Support Agent,Support,Support-Support_Agent,08:01,17:25,BR,Sao Paulo,True,DV12583
UYF2390,Software Engineer,Engineering,Engineering-Software_Engineer,09:08,17:57,GB,London,False,MH04715
ENE5717,DevOps Engineer,DevOps,DevOps-DevOps_Engineer,09:06,17:33,DE,Munich,True,ZD44580
DZH7756,Software Engineer,Engineering,Engineering-Software_Engineer,09:05,17:22,BR,Rio de Janeiro,False,ZR73398
GMQ6392,Software Engineer,Engineering,Engineering-Software_Engineer,05:51,14:12,GB,Manchester,False,FL04247
NLG8390,Financial Analyst,Finance,Finance-Financial_Analyst,05:37,14:55,US,Chicago,False,HJ67136
ZYA4818,Manager,Support,Support-Manager,08:15,16:20,US,Denver,False,TE89415
JVX0462,Software Engineer,Engineering,Engineering-Software_Engineer,09:28,18:46,IN,Bengaluru,False,QP80574
KHD6248,Support Agent,Support,Support-Support_Agent,08:17,17:37,GB,London,False,PG91991
FXC0501,Manager,Legal,Legal-Manager,09:24,18:26,US,Seattle,False,PT37548
PTB4458,Manager,HR,HR-Manager,08:40,16:46,US,Denver,False,XH00738
JVN9713,DevOps Engineer,DevOps,DevOps-DevOps_Engineer,08:18,17:43,GB,London,False,YS30856
WXM4397,Software Engineer,Engineering,Engineering-Software_Engineer,09:28,18:36,IN,Pune,False,DS75405
EDX9440,DevOps Engineer,DevOps,DevOps-DevOps_Engineer,09:09,17:41,GB,London,False,PD27940
EDB1809,Systems Administrator,IT,IT-Systems_Administrator,08:21,17:19,GB,Leeds,False,EB91119
XHV9567,Software Engineer,Engineering,Engineering-Software_Engineer,08:44,16:53,IN,Hyderabad,False,SG73606
BYR0357,Software Engineer,Engineering,Engineering-Software_Engineer,09:02,17:19,US,Denver,False,TA32645
JPH6556,Financial Analyst,Finance,Finance-Financial_Analyst,09:18,17:28,GB,Manchester,False,UM25831
MCE2511,Systems Administrator,IT,IT-Systems_Administrator,09:29,18:32,US,Seattle,True,QT31477
FRD5529,Support Agent,Support,Support-Support_Agent,08:03,16:21,DE,Hamburg,False,VS16124
ZZE4562,Manager,DevOps,DevOps-Manager,09:01,17:12,US,Denver,False,FU74100
BQN7551,Software Engineer,Engineering,Engineering-Software_Engineer,08:29,17:04,GB,Leeds,False,KE74308
JLQ4852,Sales Representative,Sales,Sales-Sales_Representative,08:23,16:47,IN,Hyderabad,False,KZ00954
JAZ7167,Legal Counsel,Legal,Legal-Legal_Counsel,09:08,17:09,IN,Bengaluru,False,FA20465
MQW8479,Support Agent,Support,Support-Support_Agent,08:48,18:08,US,Denver,False,PX35303
UMW0726,Support Agent,Support,Support-Support_Agent,09:20,18:37,US,New York,False,XK49734
ERD6257,Software Engineer,Engineering,Engineering-Software_Engineer,09:27,17:29,DE,Hamburg,False,AG97673
ZVN1622,Financial Analyst,Finance,Finance-Financial_Analyst,14:05,22:41,US,Austin,False,DS10237
HMM0573,HR Specialist,HR,HR-HR_Specialist,08:41,17:03,BR,Sao Paulo,False,HU53610
NPU2327,Sales Representative,Sales,Sales-Sales_Representative,08:27,17:23,US,Austin,False,QN22931
PFJ2803,Manager,IT,IT-Manager,08:30,17:37,US,Seattle,False,QM64531
CPQ2082,Sales Representative,Sales,Sales-Sales_Representative,09:14,17:47,DE,Munich,False,TZ30946
XQW0837,Financial Analyst,Finance,Finance-Financial_Analyst,08:11,17:11,US,New York,False,QY17006
PJN1183,Sales Representative,Sales,Sales-Sales_Representative,09:09,17:10,US,Seattle,False,CS27743
PPE6652,HR Specialist,HR,HR-HR_Specialist,08:45,18:02,US,Austin,False,SC89900
NGN9252,Software Engineer,Engineering,Engineering-Software_Engineer,08:11,17:01,GB,Leeds,False,GK79133
LFM0357,Systems Administrator,IT,IT-Systems_Administrator,13:27,22:18,IN,Pune,False,CM01505
XKJ4542,Sales Representative,Sales,Sales-Sales_Representative,05:45,14:39,US,Chicago,False,HY88978
ADE0330,Software Engineer,Engineering,Engineering-Software_Engineer,08:02,16:31,US,Chicago,False,CK05654
VLD0014,Financial Analyst,Finance,Finance-Financial_Analyst,08:03,17:10,US,New York,False,YR34773
WXD2117,Systems Administrator,IT,IT-Systems_Administrator,09:26,18:48,GB,Leeds,True,JN75741
VQG5359,Financial Analyst,Finance,Finance-Financial_Analyst,09:06,18:18,IN,Pune,False,HX41626
JDL6872,Sales Representative,Sales,Sales-Sales_Representative,05:57,14:52,US,Denver,False,AV46741
TDP1357,Support Agent,Support,Support-Support_Agent,14:26,22:55,US,Austin,False,SW57840
HVZ6893,Manager,Support,Support-Manager,09:21,17:34,GB,London,False,AG91113
ESW3216,Financial Analyst,Finance,Finance-Financial_Analyst,08:20,17:34,DE,Berlin,False,NE46699
GYP1903,Manager,Engineering,Engineering-Manager,14:13,22:59,GB,Leeds,False,GT91456
DTR0426,Sales Representative,Sales,Sales-Sales_Representative,08:35,17:21,US,Chicago,False,DT49009
UBP6054,Financial Analyst,Finance,Finance-Financial_Analyst,08:37,17:06,DE,Berlin,False,ML33642
CFK9105,DevOps Engineer,DevOps,DevOps-DevOps_Engineer,08:02,17:00,GB,Manchester,False,KD63555
FSG4772,Software Engineer,Engineering,Engineering-Software_Engineer,05:40,14:16,GB,London,False,BW82046
CSB7056,Software Engineer,Engineering,Engineering-Software_Engineer,09:21,18:32,US,Chicago,False,VY67516
VZR3053,DevOps Engineer,DevOps,DevOps-DevOps_Engineer,08:25,17:20,US,Chicago,False,CC22727
XWB0313,Software Engineer,Engineering,Engineering-Software_Engineer,08:21,16:47,US,Seattle,False,BT02607
AWE2423,Sales Representative,Sales,Sales-Sales_Representative,08:08,17:03,BR,Sao Paulo,False,EK40143
UUU7336,Financial Analyst,Finance,Finance-Financial_Analyst,05:36,13:52,IN,Hyderabad,False,LM42345
JQF3808,Software Engineer,Engineering,Engineering-Software_Engineer,08:31,17:05,GB,Manchester,False,EC67069
ZZR0672,Software Engineer,Engineering,Engineering-Software_Engineer,06:27,15:09,US,Denver,False,YS30434
AJF5839,HR Specialist,HR,HR-HR_Specialist,08:42,17:06,GB,Manchester,False,XW53066
LKB0400,Financial Analyst,Finance,Finance-Financial_Analyst,06:18,14:45,US,New York,False,ML87632
FKH0396,Support Agent,Support,Support-Support_Agent,13:45,22:18,US,Denver,False,NC46994
RBA1609,Sales Representative,Sales,Sales-Sales_Representative,05:33,14:38,DE,Hamburg,False,JC57416
GBD0220,Manager,Finance,Finance-Manager,08:15,17:25,BR,Sao Paulo,False,AB63389
VKL2143,HR Specialist,HR,HR-HR_Specialist,08:17,17:38,US,Chicago,False,CH53364
BLW7802,Systems Administrator,IT,IT-Systems_Administrator,09:14,18:37,GB,Leeds,False,CK75658
VMF3722,Systems Administrator,IT,IT-Systems_Administrator,13:07,22:10,US,Austin,False,QF40948
SFX9426,Software Engineer,Engineering,Engineering-Software_Engineer,08:28,16:39,IN,Hyderabad,False,FB02443
QCX9814,Software Engineer,Engineering,Engineering-Software_Engineer,08:08,16:33,US,Austin,False,XY72616
MWN8039,Software Engineer,Engineering,Engineering-Software_Engineer,08:27,16:53,US,Chicago,False,UT84156
ZSP3745,Systems Administrator,IT,IT-Systems_Administrator,08:44,17:18,IN,Hyderabad,False,KS91215
AFL5958,Support Agent,Support,Support-Support_Agent,09:15,17:15,GB,Manchester,False,WN75826
APW9990,Financial Analyst,Finance,Finance-Financial_Analyst,08:06,17:18,GB,Manchester,False,ZE98977
KRB4673,Sales Representative,Sales,Sales-Sales_Representative,06:01,14:58,US,New York,False,NN50704
GDV3443,Sales Representative,Sales,Sales-Sales_Representative,08:38,18:07,GB,London,False,QR04420
YPQ3900,HR Specialist,HR,HR-HR_Specialist,08:39,17:17,US,Denver,False,CG27388
TZA8532,Software Engineer,Engineering,Engineering-Software_Engineer,08:53,17:32,GB,Leeds,False,LR33802
AQV4072,Financial Analyst,Finance,Finance-Financial_Analyst,08:11,16:31,IN,Pune,False,NL43377
PCP4778,DevOps Engineer,DevOps,DevOps-DevOps_Engineer,09:22,18:38,GB,Manchester,False,KG53837
WRQ6754,Support Agent,Support,Support-Support_Agent,09:14,17:54,GB,London,False,DM75088
YJF6358,Support Agent,Support,Support-Support_Agent,09:16,18:13,US,Chicago,False,XP01323
PNX1881,Financial Analyst,Finance,Finance-Financial_Analyst,14:00,23:09,IN,Hyderabad,False,GL60492
VQW4357,DevOps Engineer,DevOps,DevOps-DevOps_Engineer,08:08,17:04,US,Austin,False,ZH25735
UKM7992,Systems Administrator,IT,IT-Systems_Administrator,08:06,16:40,GB,Leeds,False,HL94254
NWJ3278,HR Specialist,HR,HR-HR_Specialist,08:05,16:08,DE,Munich,False,UX25701
NAP8909,HR Specialist,HR,HR-HR_Specialist,08:28,17:04,GB,Manchester,False,UU82198
WLC0943,Financial Analyst,Finance,Finance-Financial_Analyst,08:55,17:09,BR,Rio de Janeiro,False,KG85378
QPN4528,Manager,Engineering,Engineering-Manager,05:44,13:50,US,Seattle,False,JJ48619
LXX1956,Manager,DevOps,DevOps-Manager,08:16,17:00,GB,Manchester,False,DW36402
VQM6871,HR Specialist,HR,HR-HR_Specialist,08:49,17:43,BR,Rio de Janeiro,False,VK53783
CEG0096,Support Agent,Support,Support-Support_Agent,14:16,23:38,DE,Munich,False,ZY89673
GTF6224,Systems Administrator,IT,IT-Systems_Administrator,08:40,18:06,GB,Manchester,False,YF58291
ZUJ6730,Software Engineer,Engineering,Engineering-Software_Engineer,09:10,17:58,US,New York,False,BE71793
FMJ5549,DevOps Engineer,DevOps,DevOps-DevOps_Engineer,08:53,17:23,IN,Hyderabad,False,TR70084
VGT8508,Financial Analyst,Finance,Finance-Financial_Analyst,09:16,17:30,US,Austin,False,NS35498
TRW0306,DevOps Engineer,DevOps,DevOps-DevOps_Engineer,09:07,18:23,BR,Curitiba,False,YB99917
JUU7757,Sales Representative,Sales,Sales-Sales_Representative,09:02,17:02,GB,London,False,HQ14162
MWL3483,DevOps Engineer,DevOps,DevOps-DevOps_Engineer,06:05,14:14,GB,London,False,WF66755
ZJG3303,DevOps Engineer,DevOps,DevOps-DevOps_Engineer,08:04,16:12,BR,Curitiba,False,LB49674
CNK7263,Software Engineer,Engineering,Engineering-Software_Engineer,09:05,17:17,DE,Munich,False,UF16704
TDZ7818,Financial Analyst,Finance,Finance-Financial_Analyst,08:58,17:59,DE,Berlin,False,EP20574
SNA9538,Financial Analyst,Finance,Finance-Financial_Analyst,08:54,17:37,US,Austin,False,CR34041
LUS6673,Software Engineer,Engineering,Engineering-Software_Engineer,08:43,18:07,US,Chicago,False,ZY38779
NRK0173,DevOps Engineer,DevOps,DevOps-DevOps_Engineer,09:05,17:30,US,Austin,False,SU59577
BUG4150,Software Engineer,Engineering,Engineering-Software_Engineer,13:52,22:07,IN,Bengaluru,False,AH76816
XCK4519,Systems Administrator,IT,IT-Systems_Administrator,09:08,17:14,IN,Bengaluru,True,LJ63153
VGP5643,Support Agent,Support,Support-Support_Agent,08:00,16:16,IN,Pune,False,NH89855
EUV0987,Software Engineer,Engineering,Engineering-Software_Engineer,08:54,17:22,US,Austin,False,CN54002
ZUU9989,Support Agent,Support,Support-Support_Agent,08:05,17:12,US,Chicago,False,XV83753
GXB2823,Sales Representative,Sales,Sales-Sales_Representative,08:16,16:48,DE,Hamburg,False,WD67428
WQH4606,HR Specialist,HR,HR-HR_Specialist,08:22,17:30,IN,Pune,False,NB23997
GQM3009,Software Engineer,Engineering,Engineering-Software_Engineer,08:00,17:18,IN,Hyderabad,False,FX10886
ZYE5732,Sales Representative,Sales,Sales-Sales_Representative,09:19,18:29,US,Seattle,False,QC50334
FYW5995,Legal Counsel,Legal,Legal-Legal_Counsel,08:58,17:47,IN,Pune,False,GM70007
WQC0866,Software Engineer,Engineering,Engineering-Software_Engineer,08:28,16:38,IN,Bengaluru,False,GH88171
UAB1375,Support Agent,Support,Support-Support_Agent,09:17,17:19,US,Denver,False,TD40772
BNJ6311,Support Agent,Support,Support-Support_Agent,08:05,16:33,US,Denver,False,JU74701
EVC7489,Software Engineer,Engineering,Engineering-Software_Engineer,08:15,17:03,GB,London,False,LK62107
QGD3913,Systems Administrator,IT,IT-Systems_Administrator,08:43,16:49,IN,Hyderabad,False,SN78829
GMF3145,Sales Representative,Sales,Sales-Sales_Representative,08:36,17:01,US,Seattle,False,GP55804
UVK1579,Support Agent,Support,Support-Support_Agent,08:55,17:18,US,Seattle,False,JD38663
UWC4350,Support Agent,Support,Support-Support_Agent,06:07,14:27,US,Denver,False,WE39557
RKP9191,Sales Representative,Sales,Sales-Sales_Representative,06:14,15:20,GB,Manchester,False,WC36523
BBB2473,HR Specialist,HR,HR-HR_Specialist,08:58,17:09,GB,Leeds,False,DD18306
CQN9864,Support Agent,Support,Support-Support_Agent,08:25,16:41,US,Denver,False,SF57526
SDH1198,Software Engineer,Engineering,Engineering-Software_Engineer,08:17,17:17,US,Chicago,False,SG67693
BDB1193,Manager,Sales,Sales-Manager,08:43,16:46,US,Denver,False,QA68723
NNF5986,Software Engineer,Engineering,Engineering-Software_Engineer,08:42,17:50,US,Austin,False,QJ55167
WFZ8385,Software Engineer,Engineering,Engineering-Software_Engineer,09:28,18:04,GB,London,False,JB73996
WSH6100,Sales Representative,Sales,Sales-Sales_Representative,09:30,17:41,GB,Manchester,False,BH12414
LCU2967,Financial Analyst,Finance,Finance-Financial_Analyst,09:22,17:47,US,Seattle,False,AJ69381
MJK0021,Software Engineer,Engineering,Engineering-Software_Engineer,14:05,23:11,GB,London,False,GN12550
JWY4263,Systems Administrator,IT,IT-Systems_Administrator,08:20,16:54,US,Denver,False,KC70404
MGY2196,Software Engineer,Engineering,Engineering-Software_Engineer,08:44,17:19,BR,Curitiba,False,LK17777
WSN8487,Support Agent,Support,Support-Support_Agent,08:52,17:37,GB,Manchester,False,CA61125
NLQ3506,HR Specialist,HR,HR-HR_Specialist,09:04,17:11,US,Seattle,False,CF09753
VXJ5240,Financial Analyst,Finance,Finance-Financial_Analyst,06:27,14:37,GB,Leeds,False,EW88378
PXB7300,DevOps Engineer,DevOps,DevOps-DevOps_Engineer,08:36,17:32,US,New York,False,ZS50956
WFJ4177,Manager,IT,IT-Manager,09:28,18:56,US,Austin,False,RM49828
XHH7751,Support Agent,Support,Support-Support_Agent,08:05,16:31,IN,Bengaluru,False,NS90737
RVW4318,Software Engineer,Engineering,Engineering-Software_Engineer,08:43,17:17,BR,Curitiba,False,AK12944
HVB3260,Sales Representative,Sales,Sales-Sales_Representative,05:31,14:15,DE,Berlin,False,VP15964
TDD5958,DevOps Engineer,DevOps,DevOps-DevOps_Engineer,08:32,17:43,US,Austin,False,DY87909
AQS2010,HR Specialist,HR,HR-HR_Specialist,13:42,21:46,GB,London,False,KZ49095
RHN7379,Financial Analyst,Finance,Finance-Financial_Analyst,08:56,17:57,GB,Leeds,False,EM91005
JNN7072,Software Engineer,Engineering,Engineering-Software_Engineer,08:14,16:18,DE,Munich,False,UX52960
MMX3144,Manager,Sales,Sales-Manager,08:44,17:27,GB,Leeds,False,DA22413
ZFT8686,Manager,Engineering,Engineering-Manager,09:25,18:22,US,New York,False,JB66494
UCN8228,Systems Administrator,IT,IT-Systems_Administrator,08:26,17:27,BR,Curitiba,False,LC35785
EJK9290,Support Agent,Support,Support-Support_Agent,08:42,18:05,GB,Leeds,True,UM13859
EJF3816,DevOps Engineer,DevOps,DevOps-DevOps_Engineer,08:34,16:55,US,Denver,False,UV32322
MXQ5110,Systems Administrator,IT,IT-Systems_Administrator,08:09,17:00,US,New York,False,VY69329
PTV3708,Manager,Finance,Finance-Manager,06:24,15:28,US,New York,False,RV83831
DXZ1860,Support Agent,Support,Support-Support_Agent,08:08,17:29,IN,Bengaluru,False,QG15001
UWH4462,Support Agent,Support,Support-Support_Agent,09:21,17:33,US,Denver,False,XF36257
VMP1735,Sales Representative,Sales,Sales-Sales_Representative,09:20,18:15,US,New York,False,XB27438
TQL9765,DevOps Engineer,DevOps,DevOps-DevOps_Engineer,08:20,17:01,BR,Curitiba,True,JQ57700
HYU2698,DevOps Engineer,DevOps,DevOps-DevOps_Engineer,13:36,21:38,GB,Manchester,False,JR37138
HDN8462,Support Agent,Support,Support-Support_Agent,08:14,17:10,US,New York,False,KY10691
FET2735,Support Agent,Support,Support-Support_Agent,09:03,17:04,US,Chicago,False,TM24874
JSH7286,Software Engineer,Engineering,Engineering-Software_Engineer,09:14,17:44,DE,Berlin,False,VG84493
ZLF7328,Manager,Sales,Sales-Manager,08:48,17:57,US,New York,False,CE50749
XJR8615,Software Engineer,Engineering,Engineering-Software_Engineer,08:55,17:05,GB,London,False,TU21660
XBW4718,Systems Administrator,IT,IT-Systems_Administrator,05:34,14:33,US,Denver,False,TK84058
AVP8904,DevOps Engineer,DevOps,DevOps-DevOps_Engineer,14:10,23:10,IN,Pune,False,DF75711
GDC9972,Legal Counsel,Legal,Legal-Legal_Counsel,06:30,14:50,US,Denver,False,YX80439
ASH2177,Sales Representative,Sales,Sales-Sales_Representative,08:39,16:57,US,Denver,False,GP54820
UJU1283,HR Specialist,HR,HR-HR_Specialist,05:51,15:18,US,Seattle,False,EN76036
JHG6258,Financial Analyst,Finance,Finance-Financial_Analyst,09:11,18:18,DE,Munich,False,PL23798
LXW6900,Software Engineer,Engineering,Engineering-Software_Engineer,08:20,16:43,BR,Curitiba,False,PL36932
NNN1422,Support Agent,Support,Support-Support_Agent,09:29,18:38,US,Chicago,True,QT34574
SLC9182,Sales Representative,Sales,Sales-Sales_Representative,08:35,17:47,DE,Berlin,False,VK25544
TTT4652,Support Agent,Support,Support-Support_Agent,13:51,22:06,IN,Pune,True,YT29078
KUH9424,Sales Representative,Sales,Sales-Sales_Representative,08:36,16:56,BR,Sao Paulo,False,HW80967
JAW8019,Systems Administrator,IT,IT-Systems_Administrator,08:58,17:40,DE,Berlin,False,KZ78902
PZE6660,Financial Analyst,Finance,Finance-Financial_Analyst,08:32,16:44,GB,Manchester,False,AP67524
VXV7234,DevOps Engineer,DevOps,DevOps-DevOps_Engineer,09:11,17:33,GB,London,False,QF26421
LVX5290,DevOps Engineer,DevOps,DevOps-DevOps_Engineer,09:14,17:48,DE,Hamburg,True,GQ62510
FFV1864,Systems Administrator,IT,IT-Systems_Administrator,08:05,16:26,DE,Berlin,False,VX10661
LHA6122,Manager,Sales,Sales-Manager,08:58,17:15,IN,Pune,False,KP81135
MMD8298,Sales Representative,Sales,Sales-Sales_Representative,08:15,16:15,US,Chicago,False,TJ58228
UYA1901,Financial Analyst,Finance,Finance-Financial_Analyst,08:33,17:03,US,Chicago,False,MT78590
NFL7939,Support Agent,Support,Support-Support_Agent,08:02,17:01,US,Denver,True,XB49665
GRQ2954,Sales Representative,Sales,Sales-Sales_Representative,09:16,17:50,US,Denver,False,AH24000
BYW2880,Systems Administrator,IT,IT-Systems_Administrator,08:29,17:24,GB,Leeds,True,TV70525
JKC0234,Software Engineer,Engineering,Engineering-Software_Engineer,08:48,17:01,US,New York,False,XM87507
RTA4105,Software Engineer,Engineering,Engineering-Software_Engineer,08:02,17:01,GB,London,False,BB82815
FTT6242,Support Agent,Support,Support-Support_Agent,09:18,18:18,GB,London,False,XM90054
PXB5969,DevOps Engineer,DevOps,DevOps-DevOps_Engineer,08:01,16:39,US,Austin,False,PV44829
KTY9334,Legal Counsel,Legal,Legal-Legal_Counsel,09:09,18:20,BR,Rio de Janeiro,False,EL22324
SGG1149,Manager,Support,Support-Manager,08:36,17:41,DE,Munich,False,ZG87931
SKH1422,Financial Analyst,Finance,Finance-Financial_Analyst,08:56,17:56,GB,Leeds,False,HX81131
TYS0561,Financial Analyst,Finance,Finance-Financial_Analyst,09:25,17:25,IN,Hyderabad,False,TJ02920
CED7289,Software Engineer,Engineering,Engineering-Software_Engineer,09:29,18:27,US,Austin,False,CN92944
GPU2972,DevOps Engineer,DevOps,DevOps-DevOps_Engineer,08:59,17:56,US,Seattle,True,YZ57146
BDN6520,Support Agent,Support,Support-Support_Agent,09:10,17:54,GB,Leeds,False,EV15087
SYT0435,Sales Representative,Sales,Sales-Sales_Representative,13:56,22:20,US,Seattle,False,UZ07128
RPB2221,Financial Analyst,Finance,Finance-Financial_Analyst,06:18,15:07,DE,Hamburg,False,RU17448
UUS3207,Sales Representative,Sales,Sales-Sales_Representative,08:06,16:45,DE,Munich,False,UR11920
XTB8409,Software Engineer,Engineering,Engineering-Software_Engineer,08:33,17:08,IN,Pune,False,HX89235
GBN2847,Support Agent,Support,Support-Support_Agent,08:27,16:57,US,Seattle,False,WT03400
BRD9424,DevOps Engineer,DevOps,DevOps-DevOps_Engineer,08:03,16:16,US,Austin,False,EX05671
SHU2366,Software Engineer,Engineering,Engineering-Software_Engineer,08:52,17:56,DE,Berlin,False,NM28759
FDC3057,Financial Analyst,Finance,Finance-Financial_Analyst,14:11,23:21,DE,Munich,False,ZF54215
ZSB7055,Legal Counsel,Legal,Legal-Legal_Counsel,09:00,17:31,GB,Leeds,False,HX24048
EBY6721,Support Agent,Support,Support-Support_Agent,08:04,16:56,US,New York,False,BP62959
DPG4644,Software Engineer,Engineering,Engineering-Software_Engineer,09:17,17:41,DE,Hamburg,False,LK00101
PYE1356,Software Engineer,Engineering,Engineering-Software_Engineer,05:33,13:52,US,Denver,False,TW67890
EQA7194,HR Specialist,HR,HR-HR_Specialist,08:29,17:30,US,Denver,False,HQ40403
LBX7990,Software Engineer,Engineering,Engineering-Software_Engineer,08:15,17:07,BR,Sao Paulo,False,FY66053
RQV1932,Sales Representative,Sales,Sales-Sales_Representative,08:10,17:27,GB,London,False,XH68533
PLX1977,Support Agent,Support,Support-Support_Agent,08:51,17:18,US,Denver,False,RZ62438
MXS7118,Financial Analyst,Finance,Finance-Financial_Analyst,09:22,18:39,US,Denver,False,SW84405
THU9054,Manager,Engineering,Engineering-Manager,09:13,18:17,IN,Pune,False,AJ84572
FBU1062,Software Engineer,Engineering,Engineering-Software_Engineer,05:38,13:51,US,New York,False,LF58003
LXZ8609,Manager,Legal,Legal-Manager,08:36,17:39,GB,London,False,NX84727
JEV3007,Support Agent,Support,Support-Support_Agent,08:29,17:09,DE,Munich,False,CF15661
DAR0388,DevOps Engineer,DevOps,DevOps-DevOps_Engineer,08:47,18:03,GB,London,False,JR41205
BUX6794,Financial Analyst,Finance,Finance-Financial_Analyst,08:13,17:33,GB,London,False,UQ21857
SDV4997,Legal Counsel,Legal,Legal-Legal_Counsel,08:59,18:19,DE,Hamburg,False,KK06236
VNK6291,HR Specialist,HR,HR-HR_Specialist,08:01,16:42,DE,Berlin,False,AJ41351
JVL5883,Manager,Finance,Finance-Manager,05:34,13:52,GB,Manchester,False,ES72085
JUY7235,Software Engineer,Engineering,Engineering-Software_Engineer,08:03,17:03,BR,Curitiba,False,EV23960
KXL4804,DevOps Engineer,DevOps,DevOps-DevOps_Engineer,08:28,17:14,DE,Berlin,False,YD95757
DSQ0827,HR Specialist,HR,HR-HR_Specialist,08:58,18:07,US,Seattle,False,CR12971
CYD2166,Sales Representative,Sales,Sales-Sales_Representative,05:44,14:41,US,Austin,False,MK47665
TZX0052,Software Engineer,Engineering,Engineering-Software_Engineer,08:41,18:11,US,Chicago,False,CJ02059
QRS0130,Support Agent,Support,Support-Support_Agent,08:34,17:41,IN,Hyderabad,True,UK91137
JUU9722,Support Agent,Support,Support-Support_Agent,08:45,17:56,IN,Pune,False,EM50494
HXQ5785,Software Engineer,Engineering,Engineering-Software_Engineer,08:57,17:33,IN,Hyderabad,False,GJ82253
MZA4275,Software Engineer,Engineering,Engineering-Software_Engineer,08:21,17:23,DE,Hamburg,False,XP06914
MAP1021,Manager,Engineering,Engineering-Manager,08:47,17:31,US,Seattle,False,YQ91739
DKK2039,HR Specialist,HR,HR-HR_Specialist,08:18,16:42,BR,Curitiba,False,KZ43174
WPS5152,Sales Representative,Sales,Sales-Sales_Representative,09:05,17:23,GB,Leeds,False,MQ84244
VLE2985,Support Agent,Support,Support-Support_Agent,13:35,22:17,IN,Hyderabad,False,PF90499
URY3648,Systems Administrator,IT,IT-Systems_Administrator,08:32,16:59,IN,Bengaluru,False,WB08983
JLW9735,Manager,IT,IT-Manager,09:22,18:44,GB,Leeds,False,LG09549
TZU4501,Systems Administrator,IT,IT-Systems_Administrator,08:33,16:41,GB,Manchester,True,UU57316
PXF1684,Support Agent,Support,Support-Support_Agent,06:10,14:35,BR,Curitiba,False,TB91202
DVM0465,Financial Analyst,Finance,Finance-Financial_Analyst,09:21,18:14,DE,Munich,False,AL33125
BXG1360,Support Agent,Support,Support-Support_Agent,08:54,17:31,US,New York,False,LB93187
MHN4051,Systems Administrator,IT,IT-Systems_Administrator,08:29,17:25,US,Denver,False,NV51035
CWZ8878,Software Engineer,Engineering,Engineering-Software_Engineer,09:21,17:37,BR,Sao Paulo,False,QJ09209
ZDB4042,DevOps Engineer,DevOps,DevOps-DevOps_Engineer,08:09,16:31,IN,Hyderabad,False,YG71929
KAB4578,Manager,Sales,Sales-Manager,09:14,17:44,BR,Sao Paulo,False,SX64305
QCJ6394,Manager,Engineering,Engineering-Manager,14:28,23:13,US,Seattle,False,YZ91136
PVN5761,HR Specialist,HR,HR-HR_Specialist,08:36,17:14,US,Austin,False,ZF37408
HQS6029,Software Engineer,Engineering,Engineering-Software_Engineer,09:16,17:18,US,New York,False,YL78721
PQW5115,Legal Counsel,Legal,Legal-Legal_Counsel,08:44,18:14,US,New York,False,XK80461
BGL9169,Support Agent,Support,Support-Support_Agent,08:44,16:48,IN,Bengaluru,True,FK52201
ATS4072,Manager,DevOps,DevOps-Manager,09:25,17:42,GB,London,True,UL13620
WLX3952,Sales Representative,Sales,Sales-Sales_Representative,08:02,16:58,DE,Berlin,False,DL05785
DUZ1265,Sales Representative,Sales,Sales-Sales_Representative,08:13,17:16,US,New York,False,GX88947
LJQ0652,Software Engineer,Engineering,Engineering-Software_Engineer,08:07,17:08,GB,London,False,SK12682
SVK8051,DevOps Engineer,DevOps,DevOps-DevOps_Engineer,09:15,17:43,BR,Rio de Janeiro,False,MP15816
HNV3692,Manager,HR,HR-Manager,09:29,17:31,DE,Munich,False,BV03140
AGX2877,Support Agent,Support,Support-Support_Agent,08:14,17:32,BR,Curitiba,False,XY47242
QHA2778,Software Engineer,Engineering,Engineering-Software_Engineer,08:52,17:26,GB,London,False,PG87169
EDU0037,Software Engineer,Engineering,Engineering-Software_Engineer,09:20,17:43,DE,Munich,False,WF00813
MBL1790,Sales Representative,Sales,Sales-Sales_Representative,08:50,18:01,DE,Munich,False,TT02485
ZRX7182,Software Engineer,Engineering,Engineering-Software_Engineer,14:16,22:48,GB,Manchester,False,ZP03089
PFM8725,HR Specialist,HR,HR-HR_Specialist,08:41,17:14,US,Denver,False,TN78376
CBE8145,Software Engineer,Engineering,Engineering-Software_Engineer,08:00,16:57,US,Seattle,False,BB66163
EWY8648,Financial Analyst,Finance,Finance-Financial_Analyst,08:40,17:35,US,Chicago,False,NV61021
WZD7435,Software Engineer,Engineering,Engineering-Software_Engineer,09:04,18:15,DE,Munich,False,SY88557
SGQ6755,Systems Administrator,IT,IT-Systems_Administrator,08:56,17:59,US,Seattle,False,VF85936
LMF2492,Sales Representative,Sales,Sales-Sales_Representative,08:58,18:14,US,Seattle,False,GT50581
PSL2732,Systems Administrator,IT,IT-Systems_Administrator,09:06,18:31,US,Austin,False,ZD70624
CAJ8151,Manager,Sales,Sales-Manager,08:18,17:32,US,Denver,False,GU64435
FTD0398,Support Agent,Support,Support-Support_Agent,09:27,18:20,GB,Manchester,False,PE65726
FKX1002,Manager,Finance,Finance-Manager,08:40,17:38,US,Seattle,False,TC00822
EEE0834,Manager,Engineering,Engineering-Manager,09:28,18:33,US,Chicago,False,DV54232
WFC6275,DevOps Engineer,DevOps,DevOps-DevOps_Engineer,05:43,14:53,GB,Manchester,False,UJ07922
WWW6722,Sales Representative,Sales,Sales-Sales_Representative,08:14,16:50,DE,Hamburg,False,JE86935
WUQ4755,Sales Representative,Sales,Sales-Sales_Representative,08:47,17:13,DE,Berlin,False,EA84076
UZF0135,Legal Counsel,Legal,Legal-Legal_Counsel,09:16,17:24,GB,Manchester,False,ZJ75645
TWT6397,Manager,IT,IT-Manager,06:26,14:40,US,New York,False,FK18526
AFM6655,Sales Representative,Sales,Sales-Sales_Representative,08:17,16:57,GB,Leeds,False,BY85457
XHZ8584,Systems Administrator,IT,IT-Systems_Administrator,09:18,17:57,US,Seattle,False,PM07677
XHC8462,Sales Representative,Sales,Sales-Sales_Representative,08:38,17:21,IN,Bengaluru,False,VC38777
DDV4022,Software Engineer,Engineering,Engineering-Software_Engineer,08:09,16:48,US,Chicago,False,YG40214
MGR2928,Support Agent,Support,Support-Support_Agent,08:44,17:20,DE,Berlin,True,WB23426
RLV4764,Sales Representative,Sales,Sales-Sales_Representative,08:52,17:15,US,Denver,False,AL82662
HMS8171,Financial Analyst,Finance,Finance-Financial_Analyst,08:13,17:29,DE,Munich,False,SX69116
DHT9626,Sales Representative,Sales,Sales-Sales_Representative,08:36,17:03,GB,London,False,EY74280
QUE4515,DevOps Engineer,DevOps,DevOps-DevOps_Engineer,09:05,18:07,IN,Hyderabad,True,CZ27433
DEC1796,Software Engineer,Engineering,Engineering-Software_Engineer,09:15,17:45,IN,Hyderabad,False,VF42346
UXK1209,DevOps Engineer,DevOps,DevOps-DevOps_Engineer,08:39,17:04,US,Austin,True,ZV20801
QJE3186,Sales Representative,Sales,Sales-Sales_Representative,13:33,21:55,US,Austin,False,LP22186
XSB1345,Manager,Legal,Legal-Manager,08:06,16:27,GB,Manchester,False,GP51021
QLD5822,Legal Counsel,Legal,Legal-Legal_Counsel,09:27,17:59,US,Seattle,False,TM61033
YHC0501,Software Engineer,Engineering,Engineering-Software_Engineer,09:18,17:52,DE,Hamburg,False,WW31257
QNL2706,Systems Administrator,IT,IT-Systems_Administrator,08:34,17:36,GB,Leeds,False,RM81728
RSC5904,Manager,IT,IT-Manager,08:17,17:02,DE,Berlin,False,PF25905
XRQ5503,DevOps Engineer,DevOps,DevOps-DevOps_Engineer,05:41,14:06,US,Denver,False,ET52395
NYC3644,Software Engineer,Engineering,Engineering-Software_Engineer,06:06,14:35,BR,Curitiba,False,NL97718
UUQ7472,Manager,Finance,Finance-Manager,13:48,22:40,US,Denver,False,AM87795
CWG5462,Software Engineer,Engineering,Engineering-Software_Engineer,08:21,16:25,GB,Manchester,False,BM09985
RGC1753,Sales Representative,Sales,Sales-Sales_Representative,08:18,16:28,US,Austin,False,XY36547
WSM8984,Manager,Engineering,Engineering-Manager,09:30,18:35,GB,Manchester,False,KL41762
YFK8135,Manager,DevOps,DevOps-Manager,09:14,18:27,BR,Curitiba,True,UH49870
XRP2947,Manager,Engineering,Engineering-Manager,09:11,18:19,DE,Berlin,False,HC56476
DYE9273,Sales Representative,Sales,Sales-Sales_Representative,08:13,17:00,US,Austin,False,CJ20865
NJZ6951,Manager,Sales,Sales-Manager,09:29,18:50,US,Seattle,False,TX75480
EWC1412,DevOps Engineer,DevOps,DevOps-DevOps_Engineer,08:38,17:07,GB,Manchester,False,VF14057
HDQ4000,Legal Counsel,Legal,Legal-Legal_Counsel,14:09,22:55,GB,London,False,NY49183
JNL8381,Support Agent,Support,Support-Support_Agent,05:48,14:49,GB,Leeds,False,XV01453
TXG5620,Software Engineer,Engineering,Engineering-Software_Engineer,06:28,14:43,US,Denver,False,SX06884
NYU1092,Support Agent,Support,Support-Support_Agent,06:29,14:48,GB,London,True,XW74246
KLP0024,Support Agent,Support,Support-Support_Agent,08:53,17:09,US,Chicago,False,YQ43396
NQA4798,DevOps Engineer,DevOps,DevOps-DevOps_Engineer,09:29,17:49,GB,London,True,AP08060
BSX6865,Manager,Engineering,Engineering-Manager,09:23,18:25,GB,Manchester,False,KR07282
MLC0444,DevOps Engineer,DevOps,DevOps-DevOps_Engineer,05:44,14:31,IN,Bengaluru,False,CH09191
AZG7274,Software Engineer,Engineering,Engineering-Software_Engineer,08:16,16:36,US,Denver,False,DP57359
XRX7622,Systems Administrator,IT,IT-Systems_Administrator,08:45,17:52,GB,London,False,MJ66314
WXR3966,Sales Representative,Sales,Sales-Sales_Representative,08:15,17:09,US,New York,False,VQ56052
CDW9992,Manager,Support,Support-Manager,08:34,17:57,GB,Leeds,False,NL29903
MPN9504,Systems Administrator,IT,IT-Systems_Administrator,09:12,18:18,US,Austin,False,QK49091
JDR3160,HR Specialist,HR,HR-HR_Specialist,14:26,23:00,GB,London,False,GP59143
KQZ1852,HR Specialist,HR,HR-HR_Specialist,08:15,16:56,US,New York,False,WN44039
PRU1120,DevOps Engineer,DevOps,DevOps-DevOps_Engineer,06:29,15:47,GB,Manchester,False,LA28154
XSF2295,Manager,IT,IT-Manager,05:40,14:40,DE,Berlin,False,QA54267
AHW0731,Software Engineer,Engineering,Engineering-Software_Engineer,08:51,17:01,US,Denver,False,WU50060
SLU6811,Manager,DevOps,DevOps-Manager,08:50,18:17,IN,Hyderabad,False,BJ21543
TED8372,Support Agent,Support,Support-Support_Agent,08:19,16:25,US,Denver,True,HV04376
UJH4817,Sales Representative,Sales,Sales-Sales_Representative,08:23,17:02,GB,Manchester,False,GY56019
LPM3257,Software Engineer,Engineering,Engineering-Software_Engineer,13:25,22:54,US,Denver,False,DN16362
ZJF2677,Software Engineer,Engineering,Engineering-Software_Engineer,08:27,17:36,IN,Pune,False,CG50520
NRG1360,DevOps Engineer,DevOps,DevOps-DevOps_Engineer,06:09,14:53,GB,London,False,ZV59203
PZP2817,Software Engineer,Engineering,Engineering-Software_Engineer,08:53,17:56,GB,Manchester,False,ZU33665
GKJ3785,Financial Analyst,Finance,Finance-Financial_Analyst,08:45,17:54,US,New York,False,GR50730
UFV5252,Software Engineer,Engineering,Engineering-Software_Engineer,08:39,18:06,IN,Hyderabad,False,PF88562
KVE6797,HR Specialist,HR,HR-HR_Specialist,08:27,17:38,US,Seattle,False,RB40788
RRD0169,Manager,DevOps,DevOps-Manager,08:22,16:55,BR,Rio de Janeiro,False,BM68452
PUJ9838,Software Engineer,Engineering,Engineering-Software_Engineer,09:09,17:10,IN,Hyderabad,False,PJ68254
EAH0256,Support Agent,Support,Support-Support_Agent,08:41,18:09,US,Denver,False,VN98033
WSG6432,Sales Representative,Sales,Sales-Sales_Representative,08:20,17:05,DE,Hamburg,False,LX93171
BYQ0055,Sales Representative,Sales,Sales-Sales_Representative,08:29,17:34,US,New York,False,PY44612
KYD3626,Support Agent,Support,Support-Support_Agent,06:26,15:53,GB,Leeds,True,WK95441
QQJ6766,Systems Administrator,IT,IT-Systems_Administrator,08:06,16:13,BR,Sao Paulo,False,VH04840
RKP1272,Financial Analyst,Finance,Finance-Financial_Analyst,05:50,15:09,GB,Manchester,False,MG92888
JCN9287,Software Engineer,Engineering,Engineering-Software_Engineer,08:38,17:03,IN,Pune,False,SX16939
SZG1462,Software Engineer,Engineering,Engineering-Software_Engineer,08:26,17:12,DE,Berlin,False,ZM02564
PVA9116,Systems Administrator,IT,IT-Systems_Administrator,09:11,18:02,US,New York,False,HR35114
TLZ0839,Sales Representative,Sales,Sales-Sales_Representative,09:23,17:54,GB,Leeds,False,AU76691
VHZ9119,Sales Representative,Sales,Sales-Sales_Representative,08:57,17:21,IN,Hyderabad,False,BA10817
QBT1738,Software Engineer,Engineering,Engineering-Software_Engineer,09:15,17:53,US,Chicago,False,GU83283
LFR9724,DevOps Engineer,DevOps,DevOps-DevOps_Engineer,08:48,18:04,US,Chicago,False,CF83109
MPR8653,Financial Analyst,Finance,Finance-Financial_Analyst,09:27,18:37,US,Seattle,False,AT96513
HFN9307,HR Specialist,HR,HR-HR_Specialist,08:29,17:53,DE,Hamburg,False,DT85921
KBZ0887,Support Agent,Support,Support-Support_Agent,09:13,17:41,BR,Sao Paulo,False,RP30637
SSL4131,Software Engineer,Engineering,Engineering-Software_Engineer,08:45,17:01,US,Denver,False,MY55382
DGW0370,Support Agent,Support,Support-Support_Agent,08:46,17:31,US,Austin,True,LK44386
FVA0221,Manager,Finance,Finance-Manager,08:59,17:54,US,Chicago,False,ES92084
MKD7818,Sales Representative,Sales,Sales-Sales_Representative,08:50,17:50,US,New York,False,KY83906
JWF7936,Manager,Finance,Finance-Manager,14:08,23:21,BR,Rio de Janeiro,False,DS38887
AHZ1657,Support Agent,Support,Support-Support_Agent,13:36,22:55,DE,Hamburg,False,NZ59913
SHE0377,DevOps Engineer,DevOps,DevOps-DevOps_Engineer,08:01,16:01,BR,Rio de Janeiro,False,QH57913
TAG0290,Software Engineer,Engineering,Engineering-Software_Engineer,08:20,16:33,IN,Bengaluru,False,CX70221
HKT6698,Software Engineer,Engineering,Engineering-Software_Engineer,09:12,18:40,IN,Bengaluru,False,RF19124
PPM0735,DevOps Engineer,DevOps,DevOps-DevOps_Engineer,14:02,23:17,US,Chicago,False,VY12813
WLP3029,Legal Counsel,Legal,Legal-Legal_Counsel,09:14,18:42,IN,Bengaluru,False,FC16990
AQJ3094,Sales Representative,Sales,Sales-Sales_Representative,05:57,15:08,IN,Hyderabad,False,WX68157
ZEX4754,Support Agent,Support,Support-Support_Agent,09:08,17:27,DE,Berlin,False,SY77060
LJF1648,HR Specialist,HR,HR-HR_Specialist,08:17,17:10,US,Seattle,False,JD65733
SRD9645,Support Agent,Support,Support-Support_Agent,08:01,17:01,US,Austin,False,MB82254
LEY4602,Sales Representative,Sales,Sales-Sales_Representative,06:27,15:38,IN,Bengaluru,False,XC87071
RAN1908,Manager,Engineering,Engineering-Manager,09:06,17:16,DE,Munich,False,NT24740
DVB7034,Sales Representative,Sales,Sales-Sales_Representative,08:06,16:19,BR,Sao Paulo,False,NC93077
VCS1161,Software Engineer,Engineering,Engineering-Software_Engineer,06:15,15:31,US,Denver,False,NA59668
ZNA9483,Systems Administrator,IT,IT-Systems_Administrator,08:46,17:23,US,Seattle,False,NK82866
UML4272,Sales Representative,Sales,Sales-Sales_Representative,08:40,16:45,IN,Bengaluru,False,CG80855
PBM4108,DevOps Engineer,DevOps,DevOps-DevOps_Engineer,08:52,18:17,BR,Curitiba,True,MN38442
PKQ0587,Legal Counsel,Legal,Legal-Legal_Counsel,05:46,15:05,GB,London,False,YQ20008
YLA7200,Sales Representative,Sales,Sales-Sales_Representative,09:02,18:26,US,Austin,False,GK08828
NLR0262,Sales Representative,Sales,Sales-Sales_Representative,08:24,16:47,GB,Manchester,False,DV31667
DAL8893,Systems Administrator,IT,IT-Systems_Administrator,08:01,16:44,DE,Munich,False,ER58346
FJB0676,Support Agent,Support,Support-Support_Agent,14:25,22:54,US,Denver,False,XJ90076
FRD7881,DevOps Engineer,DevOps,DevOps-DevOps_Engineer,08:05,16:41,BR,Rio de Janeiro,False,TP94662
EHZ0093,Sales Representative,Sales,Sales-Sales_Representative,08:57,18:15,IN,Bengaluru,False,JK91937
JYU4145,Manager,Finance,Finance-Manager,08:17,16:50,US,New York,False,AK89401
LPT7739,Software Engineer,Engineering,Engineering-Software_Engineer,13:01,21:31,US,Chicago,False,GP93789
PGZ0051,Software Engineer,Engineering,Engineering-Software_Engineer,09:16,18:05,IN,Hyderabad,False,RV35500
FZE5041,HR Specialist,HR,HR-HR_Specialist,09:00,18:03,US,New York,False,MH54014
DQL0828,Sales Representative,Sales,Sales-Sales_Representative,09:28,18:55,US,Chicago,False,WF53780
PRL8162,Manager,Sales,Sales-Manager,13:12,22:37,IN,Pune,False,JD01257
XBD0169,Sales Representative,Sales,Sales-Sales_Representative,06:11,14:58,US,New York,False,JS15299
JNH9262,Manager,IT,IT-Manager,14:13,22:14,BR,Curitiba,False,VQ07938
ESB5979,DevOps Engineer,DevOps,DevOps-DevOps_Engineer,06:04,14:32,BR,Rio de Janeiro,True,MF39658
RNL4426,Support Agent,Support,Support-Support_Agent,08:15,16:30,DE,Munich,False,BK13924
XRP2096,Sales Representative,Sales,Sales-Sales_Representative,08:10,16:25,IN,Pune,False,JL46399
NQV6990,Sales Representative,Sales,Sales-Sales_Representative,08:50,18:11,DE,Munich,False,RK23528
XVM0970,Support Agent,Support,Support-Support_Agent,14:19,22:48,US,New York,False,DC44330
PRH8587,Manager,IT,IT-Manager,08:06,17:31,US,Austin,False,PK60598
JHV6000,Financial Analyst,Finance,Finance-Financial_Analyst,09:04,17:42,US,New York,False,CR03978
WGH9186,DevOps Engineer,DevOps,DevOps-DevOps_Engineer,08:53,16:56,US,New York,False,FX36385
HJJ8961,Support Agent,Support,Support-Support_Agent,05:50,14:40,US,Denver,False,VQ49877
FUC3570,HR Specialist,HR,HR-HR_Specialist,08:08,16:08,US,Seattle,False,VY54728
WEW2686,Software Engineer,Engineering,Engineering-Software_Engineer,09:18,18:21,IN,Hyderabad,False,VK50055
WWD8147,Support Agent,Support,Support-Support_Agent,08:10,17:38,US,Chicago,False,CA23925
BQW0871,Legal Counsel,Legal,Legal-Legal_Counsel,08:02,16:23,IN,Bengaluru,False,LP88479
ADH6725,Software Engineer,Engineering,Engineering-Software_Engineer,09:25,17:29,GB,Manchester,False,AQ78944
DUN8279,Software Engineer,Engineering,Engineering-Software_Engineer,09:24,17:30,GB,London,False,MY21601
WZF4980,Systems Administrator,IT,IT-Systems_Administrator,05:59,15:02,IN,Pune,False,AW18115
ABK1532,Software Engineer,Engineering,Engineering-Software_Engineer,06:19,14:26,IN,Bengaluru,False,TA12714
TEE2171,Legal Counsel,Legal,Legal-Legal_Counsel,09:23,18:22,US,New York,False,KB79152
JYE4158,DevOps Engineer,DevOps,DevOps-DevOps_Engineer,13:53,22:11,BR,Sao Paulo,False,QX06070
UKB0428,Sales Representative,Sales,Sales-Sales_Representative,08:09,16:18,US,Austin,False,WF74849
MLP4344,Sales Representative,Sales,Sales-Sales_Representative,09:24,18:42,US,Denver,False,QD70648
ZWD2716,Financial Analyst,Finance,Finance-Financial_Analyst,08:44,17:13,US,Denver,False,BV97413
LNA6079,Legal Counsel,Legal,Legal-Legal_Counsel,08:17,17:08,IN,Hyderabad,False,ZH94406
KXE4588,Manager,Engineering,Engineering-Manager,09:23,17:36,US,Austin,False,EF44342
SHG8557,Financial Analyst,Finance,Finance-Financial_Analyst,08:52,17:17,US,Austin,False,SV98044
ZHK7052,Software Engineer,Engineering,Engineering-Software_Engineer,08:34,17:29,GB,London,False,WQ19424
BQG7179,Systems Administrator,IT,IT-Systems_Administrator,08:14,17:16,BR,Sao Paulo,False,BT94953
WGH7459,DevOps Engineer,DevOps,DevOps-DevOps_Engineer,09:20,17:38,DE,Berlin,False,FD35114
QAU0816,Manager,Engineering,Engineering-Manager,09:09,17:42,GB,Leeds,False,GH10338
HQN1201,Manager,Engineering,Engineering-Manager,08:15,17:22,DE,Berlin,False,KR90341
XBH6953,Software Engineer,Engineering,Engineering-Software_Engineer,09:24,18:49,US,New York,False,QS96786
QER4766,Legal Counsel,Legal,Legal-Legal_Counsel,09:23,18:10,US,Chicago,False,TK83695
WBQ6532,Manager,Sales,Sales-Manager,08:33,17:42,US,Seattle,False,KV33056
JGK6296,Systems Administrator,IT,IT-Systems_Administrator,09:28,17:55,IN,Hyderabad,True,FA35764
NPJ6022,Sales Representative,Sales,Sales-Sales_Representative,08:54,17:36,US,Seattle,False,HR39566
TGV1198,Software Engineer,Engineering,Engineering-Software_Engineer,08:40,18:09,GB,London,False,GF27803
UWV2909,DevOps Engineer,DevOps,DevOps-DevOps_Engineer,08:28,17:31,IN,Bengaluru,False,HY98143
NFM9393,Support Agent,Support,Support-Support_Agent,06:11,15:15,DE,Hamburg,False,ME70013
TVU1499,Software Engineer,Engineering,Engineering-Software_Engineer,08:38,17:02,US,New York,False,FV43014
NEW0315,Software Engineer,Engineering,Engineering-Software_Engineer,08:13,16:21,BR,Rio de Janeiro,False,BV15890
LCU3989,Software Engineer,Engineering,Engineering-Software_Engineer,08:01,16:41,IN,Pune,False,MJ05656
USH7924,Manager,Engineering,Engineering-Manager,09:16,17:16,US,Austin,False,XW46682
LSS4926,DevOps Engineer,DevOps,DevOps-DevOps_Engineer,09:04,17:25,DE,Berlin,False,DX40160
QER6959,Sales Representative,Sales,Sales-Sales_Representative,09:06,17:54,GB,Leeds,False,QM40077
