id,date,user,pc,to,cc,bcc,from,size,attachments,content
E400001,08/03/2026 21:47:00,EMP101,PC-1001,team_leads@dta.com,,,norman.empson@dta.com,17695,weekly_sync.docx,"Hi team, sharing the updated sprint deliverable review notes for this week."
E400002,08/03/2026 22:34:00,AAF0535,PC-2408,team_leads@dta.com,,,althea.fleming@dta.com,21116,weekly_sync.docx,"Hi team, sharing the updated sprint deliverable review notes for this week."
E400003,08/03/2026 19:23:00,AAM0658,PC-9923,team_leads@dta.com,,,anthony.miller@dta.com,60520,weekly_sync.docx,"Hi team, sharing the updated sprint deliverable review notes for this week."
E400004,08/03/2026 22:19:00,BBS0039,PC-9436,team_leads@dta.com,,,brandon.starks@dta.com,44087,weekly_sync.docx,"Hi team, sharing the updated sprint deliverable review notes for this week."
E400005,08/03/2026 21:59:00,EMP102,PC-3012,team_leads@dta.com,,,alice.smith@dta.com,16207,weekly_sync.docx,"Hi team, sharing the updated sprint deliverable review notes for this week."
E400006,08/03/2026 21:06:00,EMP103,PC-4105,team_leads@dta.com,,,bob.jones@dta.com,72142,weekly_sync.docx,"Hi team, sharing the updated sprint deliverable review notes for this week."
E400007,08/03/2026 22:05:00,EMP104,PC-1102,team_leads@dta.com,,,carol.davis@dta.com,64350,weekly_sync.docx,"Hi team, sharing the updated sprint deliverable review notes for this week."
E400008,08/03/2026 19:30:00,EMP105,PC-5001,team_leads@dta.com,,,david.wilson@dta.com,62432,weekly_sync.docx,"Hi team, sharing the updated sprint deliverable review notes for this week."
E400009,08/03/2026 20:06:00,EMP106,PC-1088,team_leads@dta.com,,,elena.rostova@dta.com,50469,weekly_sync.docx,"Hi team, sharing the updated sprint deliverable review notes for this week."
E400010,08/03/2026 23:03:00,EMP107,PC-6110,team_leads@dta.com,,,frank.miller@dta.com,25947,weekly_sync.docx,"Hi team, sharing the updated sprint deliverable review notes for this week."
E400011,08/03/2026 19:44:00,EMP108,PC-1044,team_leads@dta.com,,,grace.hopper@dta.com,26662,weekly_sync.docx,"Hi team, sharing the updated sprint deliverable review notes for this week."
E400012,08/03/2026 22:33:00,EMP109,PC-7020,team_leads@dta.com,,,henry.ford@dta.com,81822,weekly_sync.docx,"Hi team, sharing the updated sprint deliverable review notes for this week."
E400013,08/03/2026 21:21:00,EMP110,PC-8005,team_leads@dta.com,,,isabella.cruz@dta.com,38365,weekly_sync.docx,"Hi team, sharing the updated sprint deliverable review notes for this week."
E400014,08/03/2026 21:55:00,EMP111,PC-3099,team_leads@dta.com,,,jack.ryan@dta.com,84603,weekly_sync.docx,"Hi team, sharing the updated sprint deliverable review notes for this week."
E400015,08/03/2026 22:28:00,EMP112,PC-2490,team_leads@dta.com,,,karen.page@dta.com,16117,weekly_sync.docx,"Hi team, sharing the updated sprint deliverable review notes for this week."
E400016,08/03/2026 22:09:00,EMP113,PC-7045,team_leads@dta.com,,,liam.neeson@dta.com,73953,weekly_sync.docx,"Hi team, sharing the updated sprint deliverable review notes for this week."
E400017,08/03/2026 20:29:00,EMP114,PC-1250,team_leads@dta.com,,,mia.wong@dta.com,19100,weekly_sync.docx,"Hi team, sharing the updated sprint deliverable review notes for this week."
E400018,08/03/2026 19:14:00,EMP115,PC-6125,team_leads@dta.com,,,noah.centineo@dta.com,72637,weekly_sync.docx,"Hi team, sharing the updated sprint deliverable review notes for this week."
E400019,08/03/2026 20:08:00,EMP116,PC-1300,team_leads@dta.com,,,olivia.wilde@dta.com,75092,weekly_sync.docx,"Hi team, sharing the updated sprint deliverable review notes for this week."
E400020,08/03/2026 19:38:00,EMP117,PC-9910,team_leads@dta.com,,,peter.parker@dta.com,67444,weekly_sync.docx,"Hi team, sharing the updated sprint deliverable review notes for this week."
E400021,08/03/2026 19:21:00,EMP118,PC-5022,team_leads@dta.com,,,quinn.fabray@dta.com,74493,weekly_sync.docx,"Hi team, sharing the updated sprint deliverable review notes for this week."
E400022,08/03/2026 18:33:00,EMP119,PC-3150,team_leads@dta.com,,,robert.langdon@dta.com,44271,weekly_sync.docx,"Hi team, sharing the updated sprint deliverable review notes for this week."
E400023,08/03/2026 19:40:00,EMP120,PC-4120,team_leads@dta.com,,,sophia.turner@dta.com,46814,weekly_sync.docx,"Hi team, sharing the updated sprint deliverable review notes for this week."
E400024,08/03/2026 21:25:00,EMP121,PC-8050,team_leads@dta.com,,,thomas.shelby@dta.com,39938,weekly_sync.docx,"Hi team, sharing the updated sprint deliverable review notes for this week."
E400025,08/03/2026 21:44:00,EMP122,PC-6150,team_leads@dta.com,,,uma.thurman@dta.com,81329,weekly_sync.docx,"Hi team, sharing the updated sprint deliverable review notes for this week."
E400026,08/03/2026 19:51:00,EMP123,PC-4190,team_leads@dta.com,,,victor.vance@dta.com,48930,weekly_sync.docx,"Hi team, sharing the updated sprint deliverable review notes for this week."
E400027,08/03/2026 22:36:00,EMP124,PC-9001,team_leads@dta.com,,,wendy.darling@dta.com,18658,weekly_sync.docx,"Hi team, sharing the updated sprint deliverable review notes for this week."
E400028,08/03/2026 21:01:00,EMP125,PC-9402,team_leads@dta.com,,,xavier.woods@dta.com,68057,weekly_sync.docx,"Hi team, sharing the updated sprint deliverable review notes for this week."
E400029,08/03/2026 19:25:00,EMP126,PC-9945,team_leads@dta.com,,,yara.greyjoy@dta.com,59795,weekly_sync.docx,"Hi team, sharing the updated sprint deliverable review notes for this week."
E400030,08/03/2026 22:03:00,EMP127,PC-1070,team_leads@dta.com,,,zachary.levi@dta.com,33299,weekly_sync.docx,"Hi team, sharing the updated sprint deliverable review notes for this week."
E400031,08/04/2026 19:06:00,EMP101,PC-1001,team_leads@dta.com,,,norman.empson@dta.com,26168,weekly_sync.docx,"Hi team, sharing the updated sprint deliverable review notes for this week."
E400032,08/04/2026 21:50:00,AAF0535,PC-2408,team_leads@dta.com,,,althea.fleming@dta.com,37313,weekly_sync.docx,"Hi team, sharing the updated sprint deliverable review notes for this week."
E400033,08/04/2026 20:45:00,AAM0658,PC-9923,team_leads@dta.com,,,anthony.miller@dta.com,15617,weekly_sync.docx,"Hi team, sharing the updated sprint deliverable review notes for this week."
E400034,08/04/2026 20:26:00,BBS0039,PC-9436,team_leads@dta.com,,,brandon.starks@dta.com,27157,weekly_sync.docx,"Hi team, sharing the updated sprint deliverable review notes for this week."
E400035,08/04/2026 21:26:00,EMP102,PC-3012,team_leads@dta.com,,,alice.smith@dta.com,21171,weekly_sync.docx,"Hi team, sharing the updated sprint deliverable review notes for this week."
E400036,08/04/2026 22:00:00,EMP103,PC-4105,team_leads@dta.com,,,bob.jones@dta.com,28683,weekly_sync.docx,"Hi team, sharing the updated sprint deliverable review notes for this week."
E400037,08/04/2026 21:59:00,EMP104,PC-1102,team_leads@dta.com,,,carol.davis@dta.com,12053,weekly_sync.docx,"Hi team, sharing the updated sprint deliverable review notes for this week."
E400038,08/04/2026 21:28:00,EMP105,PC-5001,team_leads@dta.com,,,david.wilson@dta.com,74021,weekly_sync.docx,"Hi team, sharing the updated sprint deliverable review notes for this week."
E400039,08/04/2026 19:39:00,EMP106,PC-1088,team_leads@dta.com,,,elena.rostova@dta.com,38100,weekly_sync.docx,"Hi team, sharing the updated sprint deliverable review notes for this week."
E400040,08/04/2026 18:50:00,EMP107,PC-6110,team_leads@dta.com,,,frank.miller@dta.com,62328,weekly_sync.docx,"Hi team, sharing the updated sprint deliverable review notes for this week."
E400041,08/04/2026 20:10:00,EMP108,PC-1044,team_leads@dta.com,,,grace.hopper@dta.com,79889,weekly_sync.docx,"Hi team, sharing the updated sprint deliverable review notes for this week."
E400042,08/04/2026 21:35:00,EMP109,PC-7020,team_leads@dta.com,,,henry.ford@dta.com,53588,weekly_sync.docx,"Hi team, sharing the updated sprint deliverable review notes for this week."
E400043,08/04/2026 23:14:00,EMP110,PC-8005,team_leads@dta.com,,,isabella.cruz@dta.com,48347,weekly_sync.docx,"Hi team, sharing the updated sprint deliverable review notes for this week."
E400044,08/04/2026 23:28:00,EMP111,PC-3099,team_leads@dta.com,,,jack.ryan@dta.com,82798,weekly_sync.docx,"Hi team, sharing the updated sprint deliverable review notes for this week."
E400045,08/04/2026 19:54:00,EMP112,PC-2490,team_leads@dta.com,,,karen.page@dta.com,65424,weekly_sync.docx,"Hi team, sharing the updated sprint deliverable review notes for this week."
E400046,08/04/2026 21:11:00,EMP113,PC-7045,team_leads@dta.com,,,liam.neeson@dta.com,74518,weekly_sync.docx,"Hi team, sharing the updated sprint deliverable review notes for this week."
E400047,08/04/2026 19:18:00,EMP114,PC-1250,team_leads@dta.com,,,mia.wong@dta.com,47774,weekly_sync.docx,"Hi team, sharing the updated sprint deliverable review notes for this week."
E400048,08/04/2026 22:10:00,EMP115,PC-6125,team_leads@dta.com,,,noah.centineo@dta.com,82008,weekly_sync.docx,"Hi team, sharing the updated sprint deliverable review notes for this week."
E400049,08/04/2026 20:02:00,EMP116,PC-1300,team_leads@dta.com,,,olivia.wilde@dta.com,54906,weekly_sync.docx,"Hi team, sharing the updated sprint deliverable review notes for this week."
E400050,08/04/2026 21:40:00,EMP117,PC-9910,team_leads@dta.com,,,peter.parker@dta.com,82702,weekly_sync.docx,"Hi team, sharing the updated sprint deliverable review notes for this week."
E400051,08/04/2026 18:54:00,EMP118,PC-5022,team_leads@dta.com,,,quinn.fabray@dta.com,74070,weekly_sync.docx,"Hi team, sharing the updated sprint deliverable review notes for this week."
E400052,08/04/2026 21:11:00,EMP119,PC-3150,team_leads@dta.com,,,robert.langdon@dta.com,27012,weekly_sync.docx,"Hi team, sharing the updated sprint deliverable review notes for this week."
E400053,08/04/2026 21:15:00,EMP120,PC-4120,team_leads@dta.com,,,sophia.turner@dta.com,43830,weekly_sync.docx,"Hi team, sharing the updated sprint deliverable review notes for this week."
E400054,08/04/2026 21:33:00,EMP121,PC-8050,team_leads@dta.com,,,thomas.shelby@dta.com,60571,weekly_sync.docx,"Hi team, sharing the updated sprint deliverable review notes for this week."
E400055,08/04/2026 21:33:00,EMP122,PC-6150,team_leads@dta.com,,,uma.thurman@dta.com,32052,weekly_sync.docx,"Hi team, sharing the updated sprint deliverable review notes for this week."
E400056,08/04/2026 20:33:00,EMP123,PC-4190,team_leads@dta.com,,,victor.vance@dta.com,44177,weekly_sync.docx,"Hi team, sharing the updated sprint deliverable review notes for this week."
E400057,08/04/2026 20:23:00,EMP124,PC-9001,team_leads@dta.com,,,wendy.darling@dta.com,54600,weekly_sync.docx,"Hi team, sharing the updated sprint deliverable review notes for this week."
E400058,08/04/2026 20:43:00,EMP125,PC-9402,team_leads@dta.com,,,xavier.woods@dta.com,37042,weekly_sync.docx,"Hi team, sharing the updated sprint deliverable review notes for this week."
E400059,08/04/2026 20:09:00,EMP126,PC-9945,team_leads@dta.com,,,yara.greyjoy@dta.com,14260,weekly_sync.docx,"Hi team, sharing the updated sprint deliverable review notes for this week."
E400060,08/04/2026 20:33:00,EMP127,PC-1070,team_leads@dta.com,,,zachary.levi@dta.com,57056,weekly_sync.docx,"Hi team, sharing the updated sprint deliverable review notes for this week."
E400061,08/05/2026 20:55:00,EMP101,PC-1001,team_leads@dta.com,,,norman.empson@dta.com,27670,weekly_sync.docx,"Hi team, sharing the updated sprint deliverable review notes for this week."
E400062,08/05/2026 19:27:00,AAF0535,PC-2408,team_leads@dta.com,,,althea.fleming@dta.com,41816,weekly_sync.docx,"Hi team, sharing the updated sprint deliverable review notes for this week."
E400063,08/05/2026 21:32:00,AAM0658,PC-9923,team_leads@dta.com,,,anthony.miller@dta.com,50290,weekly_sync.docx,"Hi team, sharing the updated sprint deliverable review notes for this week."
E400064,08/05/2026 19:27:00,BBS0039,PC-9436,team_leads@dta.com,,,brandon.starks@dta.com,18734,weekly_sync.docx,"Hi team, sharing the updated sprint deliverable review notes for this week."
E400065,08/05/2026 20:08:00,EMP102,PC-3012,team_leads@dta.com,,,alice.smith@dta.com,31555,weekly_sync.docx,"Hi team, sharing the updated sprint deliverable review notes for this week."
E400066,08/05/2026 22:23:00,EMP103,PC-4105,team_leads@dta.com,,,bob.jones@dta.com,80494,weekly_sync.docx,"Hi team, sharing the updated sprint deliverable review notes for this week."
E400067,08/05/2026 22:37:00,EMP104,PC-1102,team_leads@dta.com,,,carol.davis@dta.com,25006,weekly_sync.docx,"Hi team, sharing the updated sprint deliverable review notes for this week."
E400068,08/05/2026 18:40:00,EMP105,PC-5001,team_leads@dta.com,,,david.wilson@dta.com,65545,weekly_sync.docx,"Hi team, sharing the updated sprint deliverable review notes for this week."
E400069,08/05/2026 22:39:00,EMP106,PC-1088,team_leads@dta.com,,,elena.rostova@dta.com,42595,weekly_sync.docx,"Hi team, sharing the updated sprint deliverable review notes for this week."
E400070,08/05/2026 19:55:00,EMP107,PC-6110,team_leads@dta.com,,,frank.miller@dta.com,33747,weekly_sync.docx,"Hi team, sharing the updated sprint deliverable review notes for this week."
E400071,08/05/2026 21:56:00,EMP108,PC-1044,team_leads@dta.com,,,grace.hopper@dta.com,76722,weekly_sync.docx,"Hi team, sharing the updated sprint deliverable review notes for this week."
E400072,08/05/2026 19:28:00,EMP109,PC-7020,team_leads@dta.com,,,henry.ford@dta.com,42005,weekly_sync.docx,"Hi team, sharing the updated sprint deliverable review notes for this week."
E400073,08/05/2026 22:37:00,EMP110,PC-8005,team_leads@dta.com,,,isabella.cruz@dta.com,48458,weekly_sync.docx,"Hi team, sharing the updated sprint deliverable review notes for this week."
E400074,08/05/2026 20:01:00,EMP111,PC-3099,team_leads@dta.com,,,jack.ryan@dta.com,65955,weekly_sync.docx,"Hi team, sharing the updated sprint deliverable review notes for this week."
E400075,08/05/2026 19:47:00,EMP112,PC-2490,team_leads@dta.com,,,karen.page@dta.com,64976,weekly_sync.docx,"Hi team, sharing the updated sprint deliverable review notes for this week."
E400076,08/05/2026 21:56:00,EMP113,PC-7045,team_leads@dta.com,,,liam.neeson@dta.com,18764,weekly_sync.docx,"Hi team, sharing the updated sprint deliverable review notes for this week."
E400077,08/05/2026 20:58:00,EMP114,PC-1250,team_leads@dta.com,,,mia.wong@dta.com,43365,weekly_sync.docx,"Hi team, sharing the updated sprint deliverable review notes for this week."
E400078,08/05/2026 18:49:00,EMP115,PC-6125,team_leads@dta.com,,,noah.centineo@dta.com,32181,weekly_sync.docx,"Hi team, sharing the updated sprint deliverable review notes for this week."
E400079,08/05/2026 20:33:00,EMP116,PC-1300,team_leads@dta.com,,,olivia.wilde@dta.com,78616,weekly_sync.docx,"Hi team, sharing the updated sprint deliverable review notes for this week."
E400080,08/05/2026 20:32:00,EMP117,PC-9910,team_leads@dta.com,,,peter.parker@dta.com,76178,weekly_sync.docx,"Hi team, sharing the updated sprint deliverable review notes for this week."
E400081,08/05/2026 21:26:00,EMP118,PC-5022,team_leads@dta.com,,,quinn.fabray@dta.com,43300,weekly_sync.docx,"Hi team, sharing the updated sprint deliverable review notes for this week."
E400082,08/05/2026 21:20:00,EMP119,PC-3150,team_leads@dta.com,,,robert.langdon@dta.com,16852,weekly_sync.docx,"Hi team, sharing the updated sprint deliverable review notes for this week."
E400083,08/05/2026 22:14:00,EMP120,PC-4120,team_leads@dta.com,,,sophia.turner@dta.com,32232,weekly_sync.docx,"Hi team, sharing the updated sprint deliverable review notes for this week."
E400084,08/05/2026 20:07:00,EMP121,PC-8050,team_leads@dta.com,,,thomas.shelby@dta.com,53505,weekly_sync.docx,"Hi team, sharing the updated sprint deliverable review notes for this week."
E400085,08/05/2026 22:48:00,EMP122,PC-6150,team_leads@dta.com,,,uma.thurman@dta.com,25173,weekly_sync.docx,"Hi team, sharing the updated sprint deliverable review notes for this week."
E400086,08/05/2026 19:47:00,EMP123,PC-4190,team_leads@dta.com,,,victor.vance@dta.com,44007,weekly_sync.docx,"Hi team, sharing the updated sprint deliverable review notes for this week."
E400087,08/05/2026 22:30:00,EMP124,PC-9001,team_leads@dta.com,,,wendy.darling@dta.com,43566,weekly_sync.docx,"Hi team, sharing the updated sprint deliverable review notes for this week."
E400088,08/05/2026 23:27:00,EMP125,PC-9402,team_leads@dta.com,,,xavier.woods@dta.com,72981,weekly_sync.docx,"Hi team, sharing the updated sprint deliverable review notes for this week."
E400089,08/05/2026 22:39:00,EMP126,PC-9945,team_leads@dta.com,,,yara.greyjoy@dta.com,44780,weekly_sync.docx,"Hi team, sharing the updated sprint deliverable review notes for this week."
E400090,08/05/2026 22:18:00,EMP127,PC-1070,team_leads@dta.com,,,zachary.levi@dta.com,50696,weekly_sync.docx,"Hi team, sharing the updated sprint deliverable review notes for this week."
E400091,08/06/2026 22:00:00,EMP101,PC-1001,team_leads@dta.com,,,norman.empson@dta.com,42162,weekly_sync.docx,"Hi team, sharing the updated sprint deliverable review notes for this week."
E400092,08/06/2026 21:54:00,AAF0535,PC-2408,team_leads@dta.com,,,althea.fleming@dta.com,24735,weekly_sync.docx,"Hi team, sharing the updated sprint deliverable review notes for this week."
E400093,08/06/2026 21:30:00,AAM0658,PC-9923,team_leads@dta.com,,,anthony.miller@dta.com,66460,weekly_sync.docx,"Hi team, sharing the updated sprint deliverable review notes for this week."
E400094,08/06/2026 20:11:00,BBS0039,PC-9436,team_leads@dta.com,,,brandon.starks@dta.com,21869,weekly_sync.docx,"Hi team, sharing the updated sprint deliverable review notes for this week."
E400095,08/06/2026 18:45:00,EMP102,PC-3012,team_leads@dta.com,,,alice.smith@dta.com,71609,weekly_sync.docx,"Hi team, sharing the updated sprint deliverable review notes for this week."
E400096,08/06/2026 22:21:00,EMP103,PC-4105,team_leads@dta.com,,,bob.jones@dta.com,54992,weekly_sync.docx,"Hi team, sharing the updated sprint deliverable review notes for this week."
E400097,08/06/2026 20:47:00,EMP104,PC-1102,team_leads@dta.com,,,carol.davis@dta.com,27220,weekly_sync.docx,"Hi team, sharing the updated sprint deliverable review notes for this week."
E400098,08/06/2026 21:25:00,EMP105,PC-5001,team_leads@dta.com,,,david.wilson@dta.com,32253,weekly_sync.docx,"Hi team, sharing the updated sprint deliverable review notes for this week."
E400099,08/06/2026 21:34:00,EMP106,PC-1088,team_leads@dta.com,,,elena.rostova@dta.com,42947,weekly_sync.docx,"Hi team, sharing the updated sprint deliverable review notes for this week."
E400100,08/06/2026 22:43:00,EMP107,PC-6110,team_leads@dta.com,,,frank.miller@dta.com,71600,weekly_sync.docx,"Hi team, sharing the updated sprint deliverable review notes for this week."
E400101,08/06/2026 22:14:00,EMP108,PC-1044,team_leads@dta.com,,,grace.hopper@dta.com,84641,weekly_sync.docx,"Hi team, sharing the updated sprint deliverable review notes for this week."
E400102,08/06/2026 19:10:00,EMP109,PC-7020,team_leads@dta.com,,,henry.ford@dta.com,82807,weekly_sync.docx,"Hi team, sharing the updated sprint deliverable review notes for this week."
E400103,08/06/2026 19:24:00,EMP110,PC-8005,team_leads@dta.com,,,isabella.cruz@dta.com,28614,weekly_sync.docx,"Hi team, sharing the updated sprint deliverable review notes for this week."
E400104,08/06/2026 22:10:00,EMP111,PC-3099,team_leads@dta.com,,,jack.ryan@dta.com,17683,weekly_sync.docx,"Hi team, sharing the updated sprint deliverable review notes for this week."
E400105,08/06/2026 22:31:00,EMP112,PC-2490,team_leads@dta.com,,,karen.page@dta.com,70138,weekly_sync.docx,"Hi team, sharing the updated sprint deliverable review notes for this week."
E400106,08/06/2026 20:37:00,EMP113,PC-7045,team_leads@dta.com,,,liam.neeson@dta.com,81541,weekly_sync.docx,"Hi team, sharing the updated sprint deliverable review notes for this week."
E400107,08/06/2026 21:24:00,EMP114,PC-1250,team_leads@dta.com,,,mia.wong@dta.com,41949,weekly_sync.docx,"Hi team, sharing the updated sprint deliverable review notes for this week."
E400108,08/06/2026 20:56:00,EMP115,PC-6125,team_leads@dta.com,,,noah.centineo@dta.com,32006,weekly_sync.docx,"Hi team, sharing the updated sprint deliverable review notes for this week."
E400109,08/06/2026 21:26:00,EMP116,PC-1300,team_leads@dta.com,,,olivia.wilde@dta.com,19861,weekly_sync.docx,"Hi team, sharing the updated sprint deliverable review notes for this week."
E400110,08/06/2026 21:01:00,EMP117,PC-9910,team_leads@dta.com,,,peter.parker@dta.com,58090,weekly_sync.docx,"Hi team, sharing the updated sprint deliverable review notes for this week."
E400111,08/06/2026 22:12:00,EMP118,PC-5022,team_leads@dta.com,,,quinn.fabray@dta.com,84910,weekly_sync.docx,"Hi team, sharing the updated sprint deliverable review notes for this week."
E400112,08/06/2026 19:13:00,EMP119,PC-3150,team_leads@dta.com,,,robert.langdon@dta.com,47054,weekly_sync.docx,"Hi team, sharing the updated sprint deliverable review notes for this week."
E400113,08/06/2026 18:28:00,EMP120,PC-4120,team_leads@dta.com,,,sophia.turner@dta.com,30595,weekly_sync.docx,"Hi team, sharing the updated sprint deliverable review notes for this week."
E400114,08/06/2026 20:37:00,EMP121,PC-8050,team_leads@dta.com,,,thomas.shelby@dta.com,23135,weekly_sync.docx,"Hi team, sharing the updated sprint deliverable review notes for this week."
E400115,08/06/2026 19:55:00,EMP122,PC-6150,team_leads@dta.com,,,uma.thurman@dta.com,47804,weekly_sync.docx,"Hi team, sharing the updated sprint deliverable review notes for this week."
E400116,08/06/2026 21:22:00,EMP123,PC-4190,team_leads@dta.com,,,victor.vance@dta.com,52425,weekly_sync.docx,"Hi team, sharing the updated sprint deliverable review notes for this week."
E400117,08/06/2026 18:15:00,EMP124,PC-9001,team_leads@dta.com,,,wendy.darling@dta.com,77193,weekly_sync.docx,"Hi team, sharing the updated sprint deliverable review notes for this week."
E400118,08/06/2026 20:52:00,EMP125,PC-9402,team_leads@dta.com,,,xavier.woods@dta.com,17544,weekly_sync.docx,"Hi team, sharing the updated sprint deliverable review notes for this week."
E400119,08/06/2026 20:15:00,EMP126,PC-9945,team_leads@dta.com,,,yara.greyjoy@dta.com,27096,weekly_sync.docx,"Hi team, sharing the updated sprint deliverable review notes for this week."
E400120,08/06/2026 22:37:00,EMP127,PC-1070,team_leads@dta.com,,,zachary.levi@dta.com,25875,weekly_sync.docx,"Hi team, sharing the updated sprint deliverable review notes for this week."
E400121,08/07/2026 21:46:00,EMP101,PC-1001,team_leads@dta.com,,,norman.empson@dta.com,34037,weekly_sync.docx,"Hi team, sharing the updated sprint deliverable review notes for this week."
E400122,08/07/2026 19:32:00,AAF0535,PC-2408,team_leads@dta.com,,,althea.fleming@dta.com,25474,weekly_sync.docx,"Hi team, sharing the updated sprint deliverable review notes for this week."
E400123,08/07/2026 21:33:00,AAM0658,PC-9923,team_leads@dta.com,,,anthony.miller@dta.com,76764,weekly_sync.docx,"Hi team, sharing the updated sprint deliverable review notes for this week."
E400124,08/07/2026 21:28:00,BBS0039,PC-9436,team_leads@dta.com,,,brandon.starks@dta.com,20950,weekly_sync.docx,"Hi team, sharing the updated sprint deliverable review notes for this week."
E400125,08/07/2026 21:23:00,EMP102,PC-3012,team_leads@dta.com,,,alice.smith@dta.com,16929,weekly_sync.docx,"Hi team, sharing the updated sprint deliverable review notes for this week."
E400126,08/07/2026 20:51:00,EMP103,PC-4105,team_leads@dta.com,,,bob.jones@dta.com,84655,weekly_sync.docx,"Hi team, sharing the updated sprint deliverable review notes for this week."
E400127,08/07/2026 21:55:00,EMP104,PC-1102,team_leads@dta.com,,,carol.davis@dta.com,57015,weekly_sync.docx,"Hi team, sharing the updated sprint deliverable review notes for this week."
E400128,08/07/2026 20:45:00,EMP105,PC-5001,team_leads@dta.com,,,david.wilson@dta.com,32807,weekly_sync.docx,"Hi team, sharing the updated sprint deliverable review notes for this week."
E400129,08/07/2026 19:39:00,EMP106,PC-1088,team_leads@dta.com,,,elena.rostova@dta.com,55213,weekly_sync.docx,"Hi team, sharing the updated sprint deliverable review notes for this week."
E400130,08/07/2026 21:04:00,EMP107,PC-6110,team_leads@dta.com,,,frank.miller@dta.com,30537,weekly_sync.docx,"Hi team, sharing the updated sprint deliverable review notes for this week."
E400131,08/07/2026 22:47:00,EMP108,PC-1044,team_leads@dta.com,,,grace.hopper@dta.com,28750,weekly_sync.docx,"Hi team, sharing the updated sprint deliverable review notes for this week."
E400132,08/07/2026 21:57:00,EMP109,PC-7020,team_leads@dta.com,,,henry.ford@dta.com,75736,weekly_sync.docx,"Hi team, sharing the updated sprint deliverable review notes for this week."
E400133,08/07/2026 18:23:00,EMP110,PC-8005,team_leads@dta.com,,,isabella.cruz@dta.com,56140,weekly_sync.docx,"Hi team, sharing the updated sprint deliverable review notes for this week."
E400134,08/07/2026 18:49:00,EMP111,PC-3099,team_leads@dta.com,,,jack.ryan@dta.com,65852,weekly_sync.docx,"Hi team, sharing the updated sprint deliverable review notes for this week."
E400135,08/07/2026 21:59:00,EMP112,PC-2490,team_leads@dta.com,,,karen.page@dta.com,43348,weekly_sync.docx,"Hi team, sharing the updated sprint deliverable review notes for this week."
E400136,08/07/2026 22:49:00,EMP113,PC-7045,team_leads@dta.com,,,liam.neeson@dta.com,62052,weekly_sync.docx,"Hi team, sharing the updated sprint deliverable review notes for this week."
E400137,08/07/2026 22:53:00,EMP114,PC-1250,team_leads@dta.com,,,mia.wong@dta.com,60655,weekly_sync.docx,"Hi team, sharing the updated sprint deliverable review notes for this week."
E400138,08/07/2026 22:38:00,EMP115,PC-6125,team_leads@dta.com,,,noah.centineo@dta.com,41102,weekly_sync.docx,"Hi team, sharing the updated sprint deliverable review notes for this week."
E400139,08/07/2026 21:00:00,EMP116,PC-1300,team_leads@dta.com,,,olivia.wilde@dta.com,22696,weekly_sync.docx,"Hi team, sharing the updated sprint deliverable review notes for this week."
E400140,08/07/2026 23:08:00,EMP117,PC-9910,team_leads@dta.com,,,peter.parker@dta.com,73925,weekly_sync.docx,"Hi team, sharing the updated sprint deliverable review notes for this week."
E400141,08/07/2026 22:45:00,EMP118,PC-5022,team_leads@dta.com,,,quinn.fabray@dta.com,81176,weekly_sync.docx,"Hi team, sharing the updated sprint deliverable review notes for this week."
E400142,08/07/2026 21:04:00,EMP119,PC-3150,team_leads@dta.com,,,robert.langdon@dta.com,20232,weekly_sync.docx,"Hi team, sharing the updated sprint deliverable review notes for this week."
E400143,08/07/2026 21:08:00,EMP120,PC-4120,team_leads@dta.com,,,sophia.turner@dta.com,58244,weekly_sync.docx,"Hi team, sharing the updated sprint deliverable review notes for this week."
E400144,08/07/2026 20:50:00,EMP121,PC-8050,team_leads@dta.com,,,thomas.shelby@dta.com,83313,weekly_sync.docx,"Hi team, sharing the updated sprint deliverable review notes for this week."
E400145,08/07/2026 21:45:00,EMP122,PC-6150,team_leads@dta.com,,,uma.thurman@dta.com,20855,weekly_sync.docx,"Hi team, sharing the updated sprint deliverable review notes for this week."
E400146,08/07/2026 20:41:00,EMP123,PC-4190,team_leads@dta.com,,,victor.vance@dta.com,34949,weekly_sync.docx,"Hi team, sharing the updated sprint deliverable review notes for this week."
E400147,08/07/2026 23:30:00,EMP124,PC-9001,team_leads@dta.com,,,wendy.darling@dta.com,17492,weekly_sync.docx,"Hi team, sharing the updated sprint deliverable review notes for this week."
E400148,08/07/2026 20:50:00,EMP125,PC-9402,team_leads@dta.com,,,xavier.woods@dta.com,18265,weekly_sync.docx,"Hi team, sharing the updated sprint deliverable review notes for this week."
E400149,08/07/2026 22:14:00,EMP126,PC-9945,team_leads@dta.com,,,yara.greyjoy@dta.com,77211,weekly_sync.docx,"Hi team, sharing the updated sprint deliverable review notes for this week."
E400150,08/07/2026 21:52:00,EMP127,PC-1070,team_leads@dta.com,,,zachary.levi@dta.com,50504,weekly_sync.docx,"Hi team, sharing the updated sprint deliverable review notes for this week."
E400151,08/10/2026 19:55:00,EMP101,PC-1001,team_leads@dta.com,,,norman.empson@dta.com,84616,weekly_sync.docx,"Hi team, sharing the updated sprint deliverable review notes for this week."
E400152,08/10/2026 21:14:00,AAF0535,PC-2408,team_leads@dta.com,,,althea.fleming@dta.com,65665,weekly_sync.docx,"Hi team, sharing the updated sprint deliverable review notes for this week."
E400153,08/10/2026 18:54:00,AAM0658,PC-9923,team_leads@dta.com,,,anthony.miller@dta.com,28912,weekly_sync.docx,"Hi team, sharing the updated sprint deliverable review notes for this week."
E400154,08/10/2026 20:54:00,BBS0039,PC-9436,team_leads@dta.com,,,brandon.starks@dta.com,41552,weekly_sync.docx,"Hi team, sharing the updated sprint deliverable review notes for this week."
E400155,08/10/2026 22:10:00,EMP102,PC-3012,team_leads@dta.com,,,alice.smith@dta.com,81924,weekly_sync.docx,"Hi team, sharing the updated sprint deliverable review notes for this week."
E400156,08/10/2026 21:36:00,EMP103,PC-4105,team_leads@dta.com,,,bob.jones@dta.com,56252,weekly_sync.docx,"Hi team, sharing the updated sprint deliverable review notes for this week."
E400157,08/10/2026 19:47:00,EMP104,PC-1102,team_leads@dta.com,,,carol.davis@dta.com,15969,weekly_sync.docx,"Hi team, sharing the updated sprint deliverable review notes for this week."
E400158,08/10/2026 19:58:00,EMP105,PC-5001,team_leads@dta.com,,,david.wilson@dta.com,19852,weekly_sync.docx,"Hi team, sharing the updated sprint deliverable review notes for this week."
E400159,08/10/2026 20:10:00,EMP106,PC-1088,team_leads@dta.com,,,elena.rostova@dta.com,29139,weekly_sync.docx,"Hi team, sharing the updated sprint deliverable review notes for this week."
E400160,08/10/2026 20:35:00,EMP107,PC-6110,team_leads@dta.com,,,frank.miller@dta.com,30465,weekly_sync.docx,"Hi team, sharing the updated sprint deliverable review notes for this week."
E400161,08/10/2026 21:18:00,EMP108,PC-1044,team_leads@dta.com,,,grace.hopper@dta.com,32885,weekly_sync.docx,"Hi team, sharing the updated sprint deliverable review notes for this week."
E400162,08/10/2026 20:27:00,EMP109,PC-7020,team_leads@dta.com,,,henry.ford@dta.com,58254,weekly_sync.docx,"Hi team, sharing the updated sprint deliverable review notes for this week."
E400163,08/10/2026 19:53:00,EMP110,PC-8005,team_leads@dta.com,,,isabella.cruz@dta.com,29555,weekly_sync.docx,"Hi team, sharing the updated sprint deliverable review notes for this week."
E400164,08/10/2026 21:44:00,EMP111,PC-3099,team_leads@dta.com,,,jack.ryan@dta.com,49827,weekly_sync.docx,"Hi team, sharing the updated sprint deliverable review notes for this week."
E400165,08/10/2026 20:04:00,EMP112,PC-2490,team_leads@dta.com,,,karen.page@dta.com,60915,weekly_sync.docx,"Hi team, sharing the updated sprint deliverable review notes for this week."
E400166,08/10/2026 19:46:00,EMP113,PC-7045,team_leads@dta.com,,,liam.neeson@dta.com,17100,weekly_sync.docx,"Hi team, sharing the updated sprint deliverable review notes for this week."
E400167,08/10/2026 20:06:00,EMP114,PC-1250,team_leads@dta.com,,,mia.wong@dta.com,33299,weekly_sync.docx,"Hi team, sharing the updated sprint deliverable review notes for this week."
E400168,08/10/2026 21:40:00,EMP115,PC-6125,team_leads@dta.com,,,noah.centineo@dta.com,14180,weekly_sync.docx,"Hi team, sharing the updated sprint deliverable review notes for this week."
E400169,08/10/2026 21:53:00,EMP116,PC-1300,team_leads@dta.com,,,olivia.wilde@dta.com,74205,weekly_sync.docx,"Hi team, sharing the updated sprint deliverable review notes for this week."
E400170,08/10/2026 22:59:00,EMP117,PC-9910,team_leads@dta.com,,,peter.parker@dta.com,61832,weekly_sync.docx,"Hi team, sharing the updated sprint deliverable review notes for this week."
E400171,08/10/2026 20:03:00,EMP118,PC-5022,team_leads@dta.com,,,quinn.fabray@dta.com,66890,weekly_sync.docx,"Hi team, sharing the updated sprint deliverable review notes for this week."
E400172,08/10/2026 20:38:00,EMP119,PC-3150,team_leads@dta.com,,,robert.langdon@dta.com,39176,weekly_sync.docx,"Hi team, sharing the updated sprint deliverable review notes for this week."
E400173,08/10/2026 22:18:00,EMP120,PC-4120,team_leads@dta.com,,,sophia.turner@dta.com,75462,weekly_sync.docx,"Hi team, sharing the updated sprint deliverable review notes for this week."
E400174,08/10/2026 20:17:00,EMP121,PC-8050,team_leads@dta.com,,,thomas.shelby@dta.com,57718,weekly_sync.docx,"Hi team, sharing the updated sprint deliverable review notes for this week."
E400175,08/10/2026 20:46:00,EMP122,PC-6150,team_leads@dta.com,,,uma.thurman@dta.com,69983,weekly_sync.docx,"Hi team, sharing the updated sprint deliverable review notes for this week."
E400176,08/10/2026 19:57:00,EMP123,PC-4190,team_leads@dta.com,,,victor.vance@dta.com,43363,weekly_sync.docx,"Hi team, sharing the updated sprint deliverable review notes for this week."
E400177,08/10/2026 20:57:00,EMP124,PC-9001,team_leads@dta.com,,,wendy.darling@dta.com,30018,weekly_sync.docx,"Hi team, sharing the updated sprint deliverable review notes for this week."
E400178,08/10/2026 21:48:00,EMP125,PC-9402,team_leads@dta.com,,,xavier.woods@dta.com,49649,weekly_sync.docx,"Hi team, sharing the updated sprint deliverable review notes for this week."
E400179,08/10/2026 23:11:00,EMP126,PC-9945,team_leads@dta.com,,,yara.greyjoy@dta.com,34946,weekly_sync.docx,"Hi team, sharing the updated sprint deliverable review notes for this week."
E400180,08/10/2026 19:13:00,EMP127,PC-1070,team_leads@dta.com,,,zachary.levi@dta.com,51110,weekly_sync.docx,"Hi team, sharing the updated sprint deliverable review notes for this week."
E400181,08/11/2026 19:10:00,EMP101,PC-1001,team_leads@dta.com,,,norman.empson@dta.com,26764,weekly_sync.docx,"Hi team, sharing the updated sprint deliverable review notes for this week."
E400182,08/11/2026 21:35:00,AAF0535,PC-2408,team_leads@dta.com,,,althea.fleming@dta.com,37318,weekly_sync.docx,"Hi team, sharing the updated sprint deliverable review notes for this week."
E400183,08/11/2026 20:41:00,AAM0658,PC-9923,team_leads@dta.com,,,anthony.miller@dta.com,54415,weekly_sync.docx,"Hi team, sharing the updated sprint deliverable review notes for this week."
E400184,08/11/2026 18:02:00,BBS0039,PC-9436,team_leads@dta.com,,,brandon.starks@dta.com,46282,weekly_sync.docx,"Hi team, sharing the updated sprint deliverable review notes for this week."
E400185,08/11/2026 22:39:00,EMP102,PC-3012,team_leads@dta.com,,,alice.smith@dta.com,77866,weekly_sync.docx,"Hi team, sharing the updated sprint deliverable review notes for this week."
E400186,08/11/2026 21:19:00,EMP103,PC-4105,team_leads@dta.com,,,bob.jones@dta.com,66505,weekly_sync.docx,"Hi team, sharing the updated sprint deliverable review notes for this week."
E400187,08/11/2026 23:28:00,EMP104,PC-1102,team_leads@dta.com,,,carol.davis@dta.com,26707,weekly_sync.docx,"Hi team, sharing the updated sprint deliverable review notes for this week."
E400188,08/11/2026 21:38:00,EMP105,PC-5001,team_leads@dta.com,,,david.wilson@dta.com,76071,weekly_sync.docx,"Hi team, sharing the updated sprint deliverable review notes for this week."
E400189,08/11/2026 18:46:00,EMP106,PC-1088,team_leads@dta.com,,,elena.rostova@dta.com,72604,weekly_sync.docx,"Hi team, sharing the updated sprint deliverable review notes for this week."
E400190,08/11/2026 22:00:00,EMP107,PC-6110,team_leads@dta.com,,,frank.miller@dta.com,20357,weekly_sync.docx,"Hi team, sharing the updated sprint deliverable review notes for this week."
E400191,08/11/2026 19:39:00,EMP108,PC-1044,team_leads@dta.com,,,grace.hopper@dta.com,62132,weekly_sync.docx,"Hi team, sharing the updated sprint deliverable review notes for this week."
E400192,08/11/2026 19:54:00,EMP109,PC-7020,team_leads@dta.com,,,henry.ford@dta.com,35392,weekly_sync.docx,"Hi team, sharing the updated sprint deliverable review notes for this week."
E400193,08/11/2026 21:49:00,EMP110,PC-8005,team_leads@dta.com,,,isabella.cruz@dta.com,61712,weekly_sync.docx,"Hi team, sharing the updated sprint deliverable review notes for this week."
E400194,08/11/2026 20:52:00,EMP111,PC-3099,team_leads@dta.com,,,jack.ryan@dta.com,14050,weekly_sync.docx,"Hi team, sharing the updated sprint deliverable review notes for this week."
E400195,08/11/2026 21:22:00,EMP112,PC-2490,team_leads@dta.com,,,karen.page@dta.com,17798,weekly_sync.docx,"Hi team, sharing the updated sprint deliverable review notes for this week."
E400196,08/11/2026 22:01:00,EMP113,PC-7045,team_leads@dta.com,,,liam.neeson@dta.com,54030,weekly_sync.docx,"Hi team, sharing the updated sprint deliverable review notes for this week."
E400197,08/11/2026 18:34:00,EMP114,PC-1250,team_leads@dta.com,,,mia.wong@dta.com,84970,weekly_sync.docx,"Hi team, sharing the updated sprint deliverable review notes for this week."
E400198,08/11/2026 20:01:00,EMP115,PC-6125,team_leads@dta.com,,,noah.centineo@dta.com,66568,weekly_sync.docx,"Hi team, sharing the updated sprint deliverable review notes for this week."
E400199,08/11/2026 23:03:00,EMP116,PC-1300,team_leads@dta.com,,,olivia.wilde@dta.com,19552,weekly_sync.docx,"Hi team, sharing the updated sprint deliverable review notes for this week."
E400200,08/11/2026 19:49:00,EMP117,PC-9910,team_leads@dta.com,,,peter.parker@dta.com,82206,weekly_sync.docx,"Hi team, sharing the updated sprint deliverable review notes for this week."
E400201,08/11/2026 18:58:00,EMP118,PC-5022,team_leads@dta.com,,,quinn.fabray@dta.com,74835,weekly_sync.docx,"Hi team, sharing the updated sprint deliverable review notes for this week."
E400202,08/11/2026 21:19:00,EMP119,PC-3150,team_leads@dta.com,,,robert.langdon@dta.com,38805,weekly_sync.docx,"Hi team, sharing the updated sprint deliverable review notes for this week."
E400203,08/11/2026 20:47:00,EMP120,PC-4120,team_leads@dta.com,,,sophia.turner@dta.com,79215,weekly_sync.docx,"Hi team, sharing the updated sprint deliverable review notes for this week."
E400204,08/11/2026 19:33:00,EMP121,PC-8050,team_leads@dta.com,,,thomas.shelby@dta.com,46180,weekly_sync.docx,"Hi team, sharing the updated sprint deliverable review notes for this week."
E400205,08/11/2026 21:38:00,EMP122,PC-6150,team_leads@dta.com,,,uma.thurman@dta.com,56245,weekly_sync.docx,"Hi team, sharing the updated sprint deliverable review notes for this week."
E400206,08/11/2026 20:18:00,EMP123,PC-4190,team_leads@dta.com,,,victor.vance@dta.com,83058,weekly_sync.docx,"Hi team, sharing the updated sprint deliverable review notes for this week."
E400207,08/11/2026 18:50:00,EMP124,PC-9001,team_leads@dta.com,,,wendy.darling@dta.com,31795,weekly_sync.docx,"Hi team, sharing the updated sprint deliverable review notes for this week."
E400208,08/11/2026 18:17:00,EMP125,PC-9402,team_leads@dta.com,,,xavier.woods@dta.com,12866,weekly_sync.docx,"Hi team, sharing the updated sprint deliverable review notes for this week."
E400209,08/11/2026 19:27:00,EMP126,PC-9945,team_leads@dta.com,,,yara.greyjoy@dta.com,24624,weekly_sync.docx,"Hi team, sharing the updated sprint deliverable review notes for this week."
E400210,08/11/2026 19:17:00,EMP127,PC-1070,team_leads@dta.com,,,zachary.levi@dta.com,41603,weekly_sync.docx,"Hi team, sharing the updated sprint deliverable review notes for this week."
E400211,08/12/2026 21:20:00,EMP101,PC-1001,team_leads@dta.com,,,norman.empson@dta.com,61436,weekly_sync.docx,"Hi team, sharing the updated sprint deliverable review notes for this week."
E400212,08/12/2026 21:27:00,AAF0535,PC-2408,team_leads@dta.com,,,althea.fleming@dta.com,24499,weekly_sync.docx,"Hi team, sharing the updated sprint deliverable review notes for this week."
E400213,08/12/2026 18:59:00,AAM0658,PC-9923,team_leads@dta.com,,,anthony.miller@dta.com,53220,weekly_sync.docx,"Hi team, sharing the updated sprint deliverable review notes for this week."
E400214,08/12/2026 20:37:00,BBS0039,PC-9436,team_leads@dta.com,,,brandon.starks@dta.com,43519,weekly_sync.docx,"Hi team, sharing the updated sprint deliverable review notes for this week."
E400215,08/12/2026 19:56:00,EMP102,PC-3012,team_leads@dta.com,,,alice.smith@dta.com,24803,weekly_sync.docx,"Hi team, sharing the updated sprint deliverable review notes for this week."
E400216,08/12/2026 19:21:00,EMP103,PC-4105,team_leads@dta.com,,,bob.jones@dta.com,47825,weekly_sync.docx,"Hi team, sharing the updated sprint deliverable review notes for this week."
E400217,08/12/2026 19:52:00,EMP104,PC-1102,team_leads@dta.com,,,carol.davis@dta.com,50715,weekly_sync.docx,"Hi team, sharing the updated sprint deliverable review notes for this week."
E400218,08/12/2026 21:54:00,EMP105,PC-5001,team_leads@dta.com,,,david.wilson@dta.com,63068,weekly_sync.docx,"Hi team, sharing the updated sprint deliverable review notes for this week."
E400219,08/12/2026 19:56:00,EMP106,PC-1088,team_leads@dta.com,,,elena.rostova@dta.com,23442,weekly_sync.docx,"Hi team, sharing the updated sprint deliverable review notes for this week."
E400220,08/12/2026 21:00:00,EMP107,PC-6110,team_leads@dta.com,,,frank.miller@dta.com,54523,weekly_sync.docx,"Hi team, sharing the updated sprint deliverable review notes for this week."
E400221,08/12/2026 21:55:00,EMP108,PC-1044,team_leads@dta.com,,,grace.hopper@dta.com,61903,weekly_sync.docx,"Hi team, sharing the updated sprint deliverable review notes for this week."
E400222,08/12/2026 19:24:00,EMP109,PC-7020,team_leads@dta.com,,,henry.ford@dta.com,75469,weekly_sync.docx,"Hi team, sharing the updated sprint deliverable review notes for this week."
E400223,08/12/2026 20:20:00,EMP110,PC-8005,team_leads@dta.com,,,isabella.cruz@dta.com,26021,weekly_sync.docx,"Hi team, sharing the updated sprint deliverable review notes for this week."
E400224,08/12/2026 18:53:00,EMP111,PC-3099,team_leads@dta.com,,,jack.ryan@dta.com,51378,weekly_sync.docx,"Hi team, sharing the updated sprint deliverable review notes for this week."
E400225,08/12/2026 22:05:00,EMP112,PC-2490,team_leads@dta.com,,,karen.page@dta.com,43775,weekly_sync.docx,"Hi team, sharing the updated sprint deliverable review notes for this week."
E400226,08/12/2026 19:30:00,EMP113,PC-7045,team_leads@dta.com,,,liam.neeson@dta.com,72505,weekly_sync.docx,"Hi team, sharing the updated sprint deliverable review notes for this week."
E400227,08/12/2026 19:29:00,EMP114,PC-1250,team_leads@dta.com,,,mia.wong@dta.com,45119,weekly_sync.docx,"Hi team, sharing the updated sprint deliverable review notes for this week."
E400228,08/12/2026 22:41:00,EMP115,PC-6125,team_leads@dta.com,,,noah.centineo@dta.com,66827,weekly_sync.docx,"Hi team, sharing the updated sprint deliverable review notes for this week."
E400229,08/12/2026 18:34:00,EMP116,PC-1300,team_leads@dta.com,,,olivia.wilde@dta.com,64378,weekly_sync.docx,"Hi team, sharing the updated sprint deliverable review notes for this week."
E400230,08/12/2026 21:55:00,EMP117,PC-9910,team_leads@dta.com,,,peter.parker@dta.com,40971,weekly_sync.docx,"Hi team, sharing the updated sprint deliverable review notes for this week."
E400231,08/12/2026 19:49:00,EMP118,PC-5022,team_leads@dta.com,,,quinn.fabray@dta.com,50722,weekly_sync.docx,"Hi team, sharing the updated sprint deliverable review notes for this week."
E400232,08/12/2026 19:29:00,EMP119,PC-3150,team_leads@dta.com,,,robert.langdon@dta.com,69431,weekly_sync.docx,"Hi team, sharing the updated sprint deliverable review notes for this week."
E400233,08/12/2026 23:18:00,EMP120,PC-4120,team_leads@dta.com,,,sophia.turner@dta.com,43970,weekly_sync.docx,"Hi team, sharing the updated sprint deliverable review notes for this week."
E400234,08/12/2026 21:18:00,EMP121,PC-8050,team_leads@dta.com,,,thomas.shelby@dta.com,68640,weekly_sync.docx,"Hi team, sharing the updated sprint deliverable review notes for this week."
E400235,08/12/2026 22:13:00,EMP122,PC-6150,team_leads@dta.com,,,uma.thurman@dta.com,20200,weekly_sync.docx,"Hi team, sharing the updated sprint deliverable review notes for this week."
E400236,08/12/2026 21:17:00,EMP123,PC-4190,team_leads@dta.com,,,victor.vance@dta.com,53078,weekly_sync.docx,"Hi team, sharing the updated sprint deliverable review notes for this week."
E400237,08/12/2026 22:10:00,EMP124,PC-9001,team_leads@dta.com,,,wendy.darling@dta.com,23108,weekly_sync.docx,"Hi team, sharing the updated sprint deliverable review notes for this week."
E400238,08/12/2026 19:59:00,EMP125,PC-9402,team_leads@dta.com,,,xavier.woods@dta.com,66819,weekly_sync.docx,"Hi team, sharing the updated sprint deliverable review notes for this week."
E400239,08/12/2026 19:18:00,EMP126,PC-9945,team_leads@dta.com,,,yara.greyjoy@dta.com,76178,weekly_sync.docx,"Hi team, sharing the updated sprint deliverable review notes for this week."
E400240,08/12/2026 22:36:00,EMP127,PC-1070,team_leads@dta.com,,,zachary.levi@dta.com,62324,weekly_sync.docx,"Hi team, sharing the updated sprint deliverable review notes for this week."
E400241,08/13/2026 22:49:00,EMP101,PC-1001,team_leads@dta.com,,,norman.empson@dta.com,40905,weekly_sync.docx,"Hi team, sharing the updated sprint deliverable review notes for this week."
E400242,08/13/2026 21:22:00,AAF0535,PC-2408,team_leads@dta.com,,,althea.fleming@dta.com,78952,weekly_sync.docx,"Hi team, sharing the updated sprint deliverable review notes for this week."
E400243,08/13/2026 19:31:00,AAM0658,PC-9923,team_leads@dta.com,,,anthony.miller@dta.com,67725,weekly_sync.docx,"Hi team, sharing the updated sprint deliverable review notes for this week."
E400244,08/13/2026 20:33:00,BBS0039,PC-9436,team_leads@dta.com,,,brandon.starks@dta.com,27386,weekly_sync.docx,"Hi team, sharing the updated sprint deliverable review notes for this week."
E400245,08/13/2026 21:33:00,EMP102,PC-3012,team_leads@dta.com,,,alice.smith@dta.com,39082,weekly_sync.docx,"Hi team, sharing the updated sprint deliverable review notes for this week."
E400246,08/13/2026 20:29:00,EMP103,PC-4105,team_leads@dta.com,,,bob.jones@dta.com,47041,weekly_sync.docx,"Hi team, sharing the updated sprint deliverable review notes for this week."
E400247,08/13/2026 21:10:00,EMP104,PC-1102,team_leads@dta.com,,,carol.davis@dta.com,54217,weekly_sync.docx,"Hi team, sharing the updated sprint deliverable review notes for this week."
E400248,08/13/2026 19:02:00,EMP105,PC-5001,team_leads@dta.com,,,david.wilson@dta.com,24202,weekly_sync.docx,"Hi team, sharing the updated sprint deliverable review notes for this week."
E400249,08/13/2026 22:39:00,EMP106,PC-1088,team_leads@dta.com,,,elena.rostova@dta.com,72089,weekly_sync.docx,"Hi team, sharing the updated sprint deliverable review notes for this week."
E400250,08/13/2026 21:31:00,EMP107,PC-6110,team_leads@dta.com,,,frank.miller@dta.com,29117,weekly_sync.docx,"Hi team, sharing the updated sprint deliverable review notes for this week."
E400251,08/13/2026 21:17:00,EMP108,PC-1044,team_leads@dta.com,,,grace.hopper@dta.com,12088,weekly_sync.docx,"Hi team, sharing the updated sprint deliverable review notes for this week."
E400252,08/13/2026 20:16:00,EMP109,PC-7020,team_leads@dta.com,,,henry.ford@dta.com,22803,weekly_sync.docx,"Hi team, sharing the updated sprint deliverable review notes for this week."
E400253,08/13/2026 22:42:00,EMP110,PC-8005,team_leads@dta.com,,,isabella.cruz@dta.com,24475,weekly_sync.docx,"Hi team, sharing the updated sprint deliverable review notes for this week."
E400254,08/13/2026 18:15:00,EMP111,PC-3099,team_leads@dta.com,,,jack.ryan@dta.com,57032,weekly_sync.docx,"Hi team, sharing the updated sprint deliverable review notes for this week."
E400255,08/13/2026 18:53:00,EMP112,PC-2490,team_leads@dta.com,,,karen.page@dta.com,53071,weekly_sync.docx,"Hi team, sharing the updated sprint deliverable review notes for this week."
E400256,08/13/2026 19:21:00,EMP113,PC-7045,team_leads@dta.com,,,liam.neeson@dta.com,33511,weekly_sync.docx,"Hi team, sharing the updated sprint deliverable review notes for this week."
E400257,08/13/2026 23:02:00,EMP114,PC-1250,team_leads@dta.com,,,mia.wong@dta.com,40474,weekly_sync.docx,"Hi team, sharing the updated sprint deliverable review notes for this week."
E400258,08/13/2026 21:28:00,EMP115,PC-6125,team_leads@dta.com,,,noah.centineo@dta.com,30327,weekly_sync.docx,"Hi team, sharing the updated sprint deliverable review notes for this week."
E400259,08/13/2026 21:36:00,EMP116,PC-1300,team_leads@dta.com,,,olivia.wilde@dta.com,15515,weekly_sync.docx,"Hi team, sharing the updated sprint deliverable review notes for this week."
E400260,08/13/2026 19:41:00,EMP117,PC-9910,team_leads@dta.com,,,peter.parker@dta.com,43599,weekly_sync.docx,"Hi team, sharing the updated sprint deliverable review notes for this week."
E400261,08/13/2026 23:20:00,EMP118,PC-5022,team_leads@dta.com,,,quinn.fabray@dta.com,67163,weekly_sync.docx,"Hi team, sharing the updated sprint deliverable review notes for this week."
E400262,08/13/2026 19:37:00,EMP119,PC-3150,team_leads@dta.com,,,robert.langdon@dta.com,46365,weekly_sync.docx,"Hi team, sharing the updated sprint deliverable review notes for this week."
E400263,08/13/2026 19:50:00,EMP120,PC-4120,team_leads@dta.com,,,sophia.turner@dta.com,64727,weekly_sync.docx,"Hi team, sharing the updated sprint deliverable review notes for this week."
E400264,08/13/2026 20:03:00,EMP121,PC-8050,team_leads@dta.com,,,thomas.shelby@dta.com,63213,weekly_sync.docx,"Hi team, sharing the updated sprint deliverable review notes for this week."
E400265,08/13/2026 20:55:00,EMP122,PC-6150,team_leads@dta.com,,,uma.thurman@dta.com,19212,weekly_sync.docx,"Hi team, sharing the updated sprint deliverable review notes for this week."
E400266,08/13/2026 21:10:00,EMP123,PC-4190,team_leads@dta.com,,,victor.vance@dta.com,80551,weekly_sync.docx,"Hi team, sharing the updated sprint deliverable review notes for this week."
E400267,08/13/2026 22:36:00,EMP124,PC-9001,team_leads@dta.com,,,wendy.darling@dta.com,68272,weekly_sync.docx,"Hi team, sharing the updated sprint deliverable review notes for this week."
E400268,08/13/2026 19:47:00,EMP125,PC-9402,team_leads@dta.com,,,xavier.woods@dta.com,77484,weekly_sync.docx,"Hi team, sharing the updated sprint deliverable review notes for this week."
E400269,08/13/2026 18:34:00,EMP126,PC-9945,team_leads@dta.com,,,yara.greyjoy@dta.com,13610,weekly_sync.docx,"Hi team, sharing the updated sprint deliverable review notes for this week."
E400270,08/13/2026 18:59:00,EMP127,PC-1070,team_leads@dta.com,,,zachary.levi@dta.com,54179,weekly_sync.docx,"Hi team, sharing the updated sprint deliverable review notes for this week."
E400271,08/14/2026 19:23:00,EMP101,PC-1001,team_leads@dta.com,,,norman.empson@dta.com,79603,weekly_sync.docx,"Hi team, sharing the updated sprint deliverable review notes for this week."
E400272,08/14/2026 19:16:00,AAF0535,PC-2408,team_leads@dta.com,,,althea.fleming@dta.com,50219,weekly_sync.docx,"Hi team, sharing the updated sprint deliverable review notes for this week."
E400273,08/14/2026 19:40:00,AAM0658,PC-9923,team_leads@dta.com,,,anthony.miller@dta.com,65744,weekly_sync.docx,"Hi team, sharing the updated sprint deliverable review notes for this week."
E400274,08/14/2026 18:40:00,BBS0039,PC-9436,team_leads@dta.com,,,brandon.starks@dta.com,38895,weekly_sync.docx,"Hi team, sharing the updated sprint deliverable review notes for this week."
E400275,08/14/2026 22:15:00,EMP102,PC-3012,team_leads@dta.com,,,alice.smith@dta.com,80125,weekly_sync.docx,"Hi team, sharing the updated sprint deliverable review notes for this week."
E400276,08/14/2026 20:03:00,EMP103,PC-4105,team_leads@dta.com,,,bob.jones@dta.com,20163,weekly_sync.docx,"Hi team, sharing the updated sprint deliverable review notes for this week."
E400277,08/14/2026 21:37:00,EMP104,PC-1102,team_leads@dta.com,,,carol.davis@dta.com,47645,weekly_sync.docx,"Hi team, sharing the updated sprint deliverable review notes for this week."
E400278,08/14/2026 19:59:00,EMP105,PC-5001,team_leads@dta.com,,,david.wilson@dta.com,73086,weekly_sync.docx,"Hi team, sharing the updated sprint deliverable review notes for this week."
E400279,08/14/2026 22:57:00,EMP106,PC-1088,team_leads@dta.com,,,elena.rostova@dta.com,17286,weekly_sync.docx,"Hi team, sharing the updated sprint deliverable review notes for this week."
E400280,08/14/2026 21:13:00,EMP107,PC-6110,team_leads@dta.com,,,frank.miller@dta.com,51169,weekly_sync.docx,"Hi team, sharing the updated sprint deliverable review notes for this week."
E400281,08/14/2026 22:36:00,EMP108,PC-1044,team_leads@dta.com,,,grace.hopper@dta.com,30322,weekly_sync.docx,"Hi team, sharing the updated sprint deliverable review notes for this week."
E400282,08/14/2026 20:29:00,EMP109,PC-7020,team_leads@dta.com,,,henry.ford@dta.com,45924,weekly_sync.docx,"Hi team, sharing the updated sprint deliverable review notes for this week."
E400283,08/14/2026 18:11:00,EMP110,PC-8005,team_leads@dta.com,,,isabella.cruz@dta.com,72423,weekly_sync.docx,"Hi team, sharing the updated sprint deliverable review notes for this week."
E400284,08/14/2026 19:04:00,EMP111,PC-3099,team_leads@dta.com,,,jack.ryan@dta.com,36530,weekly_sync.docx,"Hi team, sharing the updated sprint deliverable review notes for this week."
E400285,08/14/2026 21:24:00,EMP112,PC-2490,team_leads@dta.com,,,karen.page@dta.com,66000,weekly_sync.docx,"Hi team, sharing the updated sprint deliverable review notes for this week."
E400286,08/14/2026 22:26:00,EMP113,PC-7045,team_leads@dta.com,,,liam.neeson@dta.com,14559,weekly_sync.docx,"Hi team, sharing the updated sprint deliverable review notes for this week."
E400287,08/14/2026 20:31:00,EMP114,PC-1250,team_leads@dta.com,,,mia.wong@dta.com,15416,weekly_sync.docx,"Hi team, sharing the updated sprint deliverable review notes for this week."
E400288,08/14/2026 20:37:00,EMP115,PC-6125,team_leads@dta.com,,,noah.centineo@dta.com,32922,weekly_sync.docx,"Hi team, sharing the updated sprint deliverable review notes for this week."
E400289,08/14/2026 21:51:00,EMP116,PC-1300,team_leads@dta.com,,,olivia.wilde@dta.com,62911,weekly_sync.docx,"Hi team, sharing the updated sprint deliverable review notes for this week."
E400290,08/14/2026 19:18:00,EMP117,PC-9910,team_leads@dta.com,,,peter.parker@dta.com,58095,weekly_sync.docx,"Hi team, sharing the updated sprint deliverable review notes for this week."
E400291,08/14/2026 18:59:00,EMP118,PC-5022,team_leads@dta.com,,,quinn.fabray@dta.com,19362,weekly_sync.docx,"Hi team, sharing the updated sprint deliverable review notes for this week."
E400292,08/14/2026 22:04:00,EMP119,PC-3150,team_leads@dta.com,,,robert.langdon@dta.com,29103,weekly_sync.docx,"Hi team, sharing the updated sprint deliverable review notes for this week."
E400293,08/14/2026 23:25:00,EMP120,PC-4120,team_leads@dta.com,,,sophia.turner@dta.com,59826,weekly_sync.docx,"Hi team, sharing the updated sprint deliverable review notes for this week."
E400294,08/14/2026 21:09:00,EMP121,PC-8050,team_leads@dta.com,,,thomas.shelby@dta.com,53586,weekly_sync.docx,"Hi team, sharing the updated sprint deliverable review notes for this week."
E400295,08/14/2026 19:30:00,EMP122,PC-6150,team_leads@dta.com,,,uma.thurman@dta.com,12235,weekly_sync.docx,"Hi team, sharing the updated sprint deliverable review notes for this week."
E400296,08/14/2026 20:02:00,EMP123,PC-4190,team_leads@dta.com,,,victor.vance@dta.com,77035,weekly_sync.docx,"Hi team, sharing the updated sprint deliverable review notes for this week."
E400297,08/14/2026 21:51:00,EMP124,PC-9001,team_leads@dta.com,,,wendy.darling@dta.com,56007,weekly_sync.docx,"Hi team, sharing the updated sprint deliverable review notes for this week."
E400298,08/14/2026 22:04:00,EMP125,PC-9402,team_leads@dta.com,,,xavier.woods@dta.com,12167,weekly_sync.docx,"Hi team, sharing the updated sprint deliverable review notes for this week."
E400299,08/14/2026 21:45:00,EMP126,PC-9945,team_leads@dta.com,,,yara.greyjoy@dta.com,41567,weekly_sync.docx,"Hi team, sharing the updated sprint deliverable review notes for this week."
E400300,08/14/2026 19:55:00,EMP127,PC-1070,team_leads@dta.com,,,zachary.levi@dta.com,34296,weekly_sync.docx,"Hi team, sharing the updated sprint deliverable review notes for this week."
E400301,08/17/2026 21:22:00,EMP101,PC-1001,team_leads@dta.com,,,norman.empson@dta.com,69067,weekly_sync.docx,"Hi team, sharing the updated sprint deliverable review notes for this week."
E400302,08/17/2026 22:19:00,AAF0535,PC-2408,team_leads@dta.com,,,althea.fleming@dta.com,48202,weekly_sync.docx,"Hi team, sharing the updated sprint deliverable review notes for this week."
E400303,08/17/2026 21:29:00,AAM0658,PC-9923,team_leads@dta.com,,,anthony.miller@dta.com,25133,weekly_sync.docx,"Hi team, sharing the updated sprint deliverable review notes for this week."
E400304,08/17/2026 21:23:00,BBS0039,PC-9436,team_leads@dta.com,,,brandon.starks@dta.com,75646,weekly_sync.docx,"Hi team, sharing the updated sprint deliverable review notes for this week."
E400305,08/17/2026 20:43:00,EMP102,PC-3012,team_leads@dta.com,,,alice.smith@dta.com,55449,weekly_sync.docx,"Hi team, sharing the updated sprint deliverable review notes for this week."
E400306,08/17/2026 21:42:00,EMP103,PC-4105,team_leads@dta.com,,,bob.jones@dta.com,24873,weekly_sync.docx,"Hi team, sharing the updated sprint deliverable review notes for this week."
E400307,08/17/2026 19:02:00,EMP104,PC-1102,team_leads@dta.com,,,carol.davis@dta.com,65368,weekly_sync.docx,"Hi team, sharing the updated sprint deliverable review notes for this week."
E400308,08/17/2026 20:07:00,EMP105,PC-5001,team_leads@dta.com,,,david.wilson@dta.com,80719,weekly_sync.docx,"Hi team, sharing the updated sprint deliverable review notes for this week."
E400309,08/17/2026 21:11:00,EMP106,PC-1088,team_leads@dta.com,,,elena.rostova@dta.com,38097,weekly_sync.docx,"Hi team, sharing the updated sprint deliverable review notes for this week."
E400310,08/17/2026 21:28:00,EMP107,PC-6110,team_leads@dta.com,,,frank.miller@dta.com,70471,weekly_sync.docx,"Hi team, sharing the updated sprint deliverable review notes for this week."
E400311,08/17/2026 18:42:00,EMP108,PC-1044,team_leads@dta.com,,,grace.hopper@dta.com,33352,weekly_sync.docx,"Hi team, sharing the updated sprint deliverable review notes for this week."
E400312,08/17/2026 18:19:00,EMP109,PC-7020,team_leads@dta.com,,,henry.ford@dta.com,13166,weekly_sync.docx,"Hi team, sharing the updated sprint deliverable review notes for this week."
E400313,08/17/2026 22:10:00,EMP110,PC-8005,team_leads@dta.com,,,isabella.cruz@dta.com,48094,weekly_sync.docx,"Hi team, sharing the updated sprint deliverable review notes for this week."
E400314,08/17/2026 21:05:00,EMP111,PC-3099,team_leads@dta.com,,,jack.ryan@dta.com,25410,weekly_sync.docx,"Hi team, sharing the updated sprint deliverable review notes for this week."
E400315,08/17/2026 18:48:00,EMP112,PC-2490,team_leads@dta.com,,,karen.page@dta.com,56077,weekly_sync.docx,"Hi team, sharing the updated sprint deliverable review notes for this week."
E400316,08/17/2026 22:55:00,EMP113,PC-7045,team_leads@dta.com,,,liam.neeson@dta.com,43496,weekly_sync.docx,"Hi team, sharing the updated sprint deliverable review notes for this week."
E400317,08/17/2026 20:21:00,EMP114,PC-1250,team_leads@dta.com,,,mia.wong@dta.com,62891,weekly_sync.docx,"Hi team, sharing the updated sprint deliverable review notes for this week."
E400318,08/17/2026 20:46:00,EMP115,PC-6125,team_leads@dta.com,,,noah.centineo@dta.com,51347,weekly_sync.docx,"Hi team, sharing the updated sprint deliverable review notes for this week."
E400319,08/17/2026 21:36:00,EMP116,PC-1300,team_leads@dta.com,,,olivia.wilde@dta.com,55992,weekly_sync.docx,"Hi team, sharing the updated sprint deliverable review notes for this week."
E400320,08/17/2026 20:43:00,EMP117,PC-9910,team_leads@dta.com,,,peter.parker@dta.com,50541,weekly_sync.docx,"Hi team, sharing the updated sprint deliverable review notes for this week."
E400321,08/17/2026 22:54:00,EMP118,PC-5022,team_leads@dta.com,,,quinn.fabray@dta.com,37499,weekly_sync.docx,"Hi team, sharing the updated sprint deliverable review notes for this week."
E400322,08/17/2026 19:19:00,EMP119,PC-3150,team_leads@dta.com,,,robert.langdon@dta.com,53469,weekly_sync.docx,"Hi team, sharing the updated sprint deliverable review notes for this week."
E400323,08/17/2026 18:58:00,EMP120,PC-4120,team_leads@dta.com,,,sophia.turner@dta.com,34099,weekly_sync.docx,"Hi team, sharing the updated sprint deliverable review notes for this week."
E400324,08/17/2026 20:20:00,EMP121,PC-8050,team_leads@dta.com,,,thomas.shelby@dta.com,74573,weekly_sync.docx,"Hi team, sharing the updated sprint deliverable review notes for this week."
E400325,08/17/2026 19:57:00,EMP122,PC-6150,team_leads@dta.com,,,uma.thurman@dta.com,57134,weekly_sync.docx,"Hi team, sharing the updated sprint deliverable review notes for this week."
E400326,08/17/2026 21:04:00,EMP123,PC-4190,team_leads@dta.com,,,victor.vance@dta.com,80195,weekly_sync.docx,"Hi team, sharing the updated sprint deliverable review notes for this week."
E400327,08/17/2026 20:24:00,EMP124,PC-9001,team_leads@dta.com,,,wendy.darling@dta.com,29197,weekly_sync.docx,"Hi team, sharing the updated sprint deliverable review notes for this week."
E400328,08/17/2026 20:40:00,EMP125,PC-9402,team_leads@dta.com,,,xavier.woods@dta.com,18368,weekly_sync.docx,"Hi team, sharing the updated sprint deliverable review notes for this week."
E400329,08/17/2026 20:43:00,EMP126,PC-9945,team_leads@dta.com,,,yara.greyjoy@dta.com,32070,weekly_sync.docx,"Hi team, sharing the updated sprint deliverable review notes for this week."
E400330,08/17/2026 21:43:00,EMP127,PC-1070,team_leads@dta.com,,,zachary.levi@dta.com,29978,weekly_sync.docx,"Hi team, sharing the updated sprint deliverable review notes for this week."
E400331,08/18/2026 22:38:00,EMP101,PC-1001,team_leads@dta.com,,,norman.empson@dta.com,80569,weekly_sync.docx,"Hi team, sharing the updated sprint deliverable review notes for this week."
E400332,08/18/2026 19:22:00,AAF0535,PC-2408,team_leads@dta.com,,,althea.fleming@dta.com,12358,weekly_sync.docx,"Hi team, sharing the updated sprint deliverable review notes for this week."
E400333,08/18/2026 19:01:00,AAM0658,PC-9923,team_leads@dta.com,,,anthony.miller@dta.com,25276,weekly_sync.docx,"Hi team, sharing the updated sprint deliverable review notes for this week."
E400334,08/18/2026 21:13:00,BBS0039,PC-9436,team_leads@dta.com,,,brandon.starks@dta.com,52987,weekly_sync.docx,"Hi team, sharing the updated sprint deliverable review notes for this week."
E400335,08/18/2026 20:38:00,EMP102,PC-3012,team_leads@dta.com,,,alice.smith@dta.com,69372,weekly_sync.docx,"Hi team, sharing the updated sprint deliverable review notes for this week."
E400336,08/18/2026 22:29:00,EMP103,PC-4105,team_leads@dta.com,,,bob.jones@dta.com,67278,weekly_sync.docx,"Hi team, sharing the updated sprint deliverable review notes for this week."
E400337,08/18/2026 20:43:00,EMP104,PC-1102,team_leads@dta.com,,,carol.davis@dta.com,61774,weekly_sync.docx,"Hi team, sharing the updated sprint deliverable review notes for this week."
E400338,08/18/2026 22:26:00,EMP105,PC-5001,team_leads@dta.com,,,david.wilson@dta.com,53187,weekly_sync.docx,"Hi team, sharing the updated sprint deliverable review notes for this week."
E400339,08/18/2026 21:41:00,EMP106,PC-1088,team_leads@dta.com,,,elena.rostova@dta.com,24483,weekly_sync.docx,"Hi team, sharing the updated sprint deliverable review notes for this week."
E400340,08/18/2026 20:20:00,EMP107,PC-6110,team_leads@dta.com,,,frank.miller@dta.com,19152,weekly_sync.docx,"Hi team, sharing the updated sprint deliverable review notes for this week."
E400341,08/18/2026 20:03:00,EMP108,PC-1044,team_leads@dta.com,,,grace.hopper@dta.com,43574,weekly_sync.docx,"Hi team, sharing the updated sprint deliverable review notes for this week."
E400342,08/18/2026 21:11:00,EMP109,PC-7020,team_leads@dta.com,,,henry.ford@dta.com,23536,weekly_sync.docx,"Hi team, sharing the updated sprint deliverable review notes for this week."
E400343,08/18/2026 21:13:00,EMP110,PC-8005,team_leads@dta.com,,,isabella.cruz@dta.com,16696,weekly_sync.docx,"Hi team, sharing the updated sprint deliverable review notes for this week."
E400344,08/18/2026 19:38:00,EMP111,PC-3099,team_leads@dta.com,,,jack.ryan@dta.com,19113,weekly_sync.docx,"Hi team, sharing the updated sprint deliverable review notes for this week."
E400345,08/18/2026 21:43:00,EMP112,PC-2490,team_leads@dta.com,,,karen.page@dta.com,41064,weekly_sync.docx,"Hi team, sharing the updated sprint deliverable review notes for this week."
E400346,08/18/2026 21:51:00,EMP113,PC-7045,team_leads@dta.com,,,liam.neeson@dta.com,65636,weekly_sync.docx,"Hi team, sharing the updated sprint deliverable review notes for this week."
E400347,08/18/2026 21:19:00,EMP114,PC-1250,team_leads@dta.com,,,mia.wong@dta.com,56293,weekly_sync.docx,"Hi team, sharing the updated sprint deliverable review notes for this week."
E400348,08/18/2026 18:27:00,EMP115,PC-6125,team_leads@dta.com,,,noah.centineo@dta.com,81515,weekly_sync.docx,"Hi team, sharing the updated sprint deliverable review notes for this week."
E400349,08/18/2026 19:01:00,EMP116,PC-1300,team_leads@dta.com,,,olivia.wilde@dta.com,62778,weekly_sync.docx,"Hi team, sharing the updated sprint deliverable review notes for this week."
E400350,08/18/2026 21:27:00,EMP117,PC-9910,team_leads@dta.com,,,peter.parker@dta.com,29481,weekly_sync.docx,"Hi team, sharing the updated sprint deliverable review notes for this week."
E400351,08/18/2026 19:17:00,EMP118,PC-5022,team_leads@dta.com,,,quinn.fabray@dta.com,39487,weekly_sync.docx,"Hi team, sharing the updated sprint deliverable review notes for this week."
E400352,08/18/2026 22:57:00,EMP119,PC-3150,team_leads@dta.com,,,robert.langdon@dta.com,58168,weekly_sync.docx,"Hi team, sharing the updated sprint deliverable review notes for this week."
E400353,08/18/2026 19:43:00,EMP120,PC-4120,team_leads@dta.com,,,sophia.turner@dta.com,61921,weekly_sync.docx,"Hi team, sharing the updated sprint deliverable review notes for this week."
E400354,08/18/2026 18:40:00,EMP121,PC-8050,team_leads@dta.com,,,thomas.shelby@dta.com,20130,weekly_sync.docx,"Hi team, sharing the updated sprint deliverable review notes for this week."
E400355,08/18/2026 20:52:00,EMP122,PC-6150,team_leads@dta.com,,,uma.thurman@dta.com,43142,weekly_sync.docx,"Hi team, sharing the updated sprint deliverable review notes for this week."
E400356,08/18/2026 19:57:00,EMP123,PC-4190,team_leads@dta.com,,,victor.vance@dta.com,13699,weekly_sync.docx,"Hi team, sharing the updated sprint deliverable review notes for this week."
E400357,08/18/2026 22:21:00,EMP124,PC-9001,team_leads@dta.com,,,wendy.darling@dta.com,37751,weekly_sync.docx,"Hi team, sharing the updated sprint deliverable review notes for this week."
E400358,08/18/2026 19:54:00,EMP125,PC-9402,team_leads@dta.com,,,xavier.woods@dta.com,17326,weekly_sync.docx,"Hi team, sharing the updated sprint deliverable review notes for this week."
E400359,08/18/2026 19:27:00,EMP126,PC-9945,team_leads@dta.com,,,yara.greyjoy@dta.com,32146,weekly_sync.docx,"Hi team, sharing the updated sprint deliverable review notes for this week."
E400360,08/18/2026 20:34:00,EMP127,PC-1070,team_leads@dta.com,,,zachary.levi@dta.com,36100,weekly_sync.docx,"Hi team, sharing the updated sprint deliverable review notes for this week."
E400361,08/19/2026 19:56:00,EMP101,PC-1001,team_leads@dta.com,,,norman.empson@dta.com,59290,weekly_sync.docx,"Hi team, sharing the updated sprint deliverable review notes for this week."
E400362,08/19/2026 23:04:00,AAF0535,PC-2408,team_leads@dta.com,,,althea.fleming@dta.com,43958,weekly_sync.docx,"Hi team, sharing the updated sprint deliverable review notes for this week."
E400363,08/19/2026 22:36:00,AAM0658,PC-9923,team_leads@dta.com,,,anthony.miller@dta.com,79746,weekly_sync.docx,"Hi team, sharing the updated sprint deliverable review notes for this week."
E400364,08/19/2026 20:14:00,BBS0039,PC-9436,team_leads@dta.com,,,brandon.starks@dta.com,82513,weekly_sync.docx,"Hi team, sharing the updated sprint deliverable review notes for this week."
E400365,08/19/2026 19:32:00,EMP102,PC-3012,team_leads@dta.com,,,alice.smith@dta.com,82484,weekly_sync.docx,"Hi team, sharing the updated sprint deliverable review notes for this week."
E400366,08/19/2026 19:50:00,EMP103,PC-4105,team_leads@dta.com,,,bob.jones@dta.com,23471,weekly_sync.docx,"Hi team, sharing the updated sprint deliverable review notes for this week."
E400367,08/19/2026 20:44:00,EMP104,PC-1102,team_leads@dta.com,,,carol.davis@dta.com,65011,weekly_sync.docx,"Hi team, sharing the updated sprint deliverable review notes for this week."
E400368,08/19/2026 22:33:00,EMP105,PC-5001,team_leads@dta.com,,,david.wilson@dta.com,17965,weekly_sync.docx,"Hi team, sharing the updated sprint deliverable review notes for this week."
E400369,08/19/2026 21:52:00,EMP106,PC-1088,team_leads@dta.com,,,elena.rostova@dta.com,16039,weekly_sync.docx,"Hi team, sharing the updated sprint deliverable review notes for this week."
E400370,08/19/2026 20:26:00,EMP107,PC-6110,team_leads@dta.com,,,frank.miller@dta.com,60906,weekly_sync.docx,"Hi team, sharing the updated sprint deliverable review notes for this week."
E400371,08/19/2026 19:53:00,EMP108,PC-1044,team_leads@dta.com,,,grace.hopper@dta.com,39532,weekly_sync.docx,"Hi team, sharing the updated sprint deliverable review notes for this week."
E400372,08/19/2026 22:04:00,EMP109,PC-7020,team_leads@dta.com,,,henry.ford@dta.com,19128,weekly_sync.docx,"Hi team, sharing the updated sprint deliverable review notes for this week."
E400373,08/19/2026 22:46:00,EMP110,PC-8005,team_leads@dta.com,,,isabella.cruz@dta.com,75857,weekly_sync.docx,"Hi team, sharing the updated sprint deliverable review notes for this week."
E400374,08/19/2026 20:46:00,EMP111,PC-3099,team_leads@dta.com,,,jack.ryan@dta.com,52065,weekly_sync.docx,"Hi team, sharing the updated sprint deliverable review notes for this week."
E400375,08/19/2026 19:46:00,EMP112,PC-2490,team_leads@dta.com,,,karen.page@dta.com,59118,weekly_sync.docx,"Hi team, sharing the updated sprint deliverable review notes for this week."
E400376,08/19/2026 19:27:00,EMP113,PC-7045,team_leads@dta.com,,,liam.neeson@dta.com,22744,weekly_sync.docx,"Hi team, sharing the updated sprint deliverable review notes for this week."
E400377,08/19/2026 22:36:00,EMP114,PC-1250,team_leads@dta.com,,,mia.wong@dta.com,65101,weekly_sync.docx,"Hi team, sharing the updated sprint deliverable review notes for this week."
E400378,08/19/2026 21:50:00,EMP115,PC-6125,team_leads@dta.com,,,noah.centineo@dta.com,50141,weekly_sync.docx,"Hi team, sharing the updated sprint deliverable review notes for this week."
E400379,08/19/2026 19:04:00,EMP116,PC-1300,team_leads@dta.com,,,olivia.wilde@dta.com,70487,weekly_sync.docx,"Hi team, sharing the updated sprint deliverable review notes for this week."
E400380,08/19/2026 18:27:00,EMP117,PC-9910,team_leads@dta.com,,,peter.parker@dta.com,46649,weekly_sync.docx,"Hi team, sharing the updated sprint deliverable review notes for this week."
E400381,08/19/2026 19:40:00,EMP118,PC-5022,team_leads@dta.com,,,quinn.fabray@dta.com,80337,weekly_sync.docx,"Hi team, sharing the updated sprint deliverable review notes for this week."
E400382,08/19/2026 20:20:00,EMP119,PC-3150,team_leads@dta.com,,,robert.langdon@dta.com,61326,weekly_sync.docx,"Hi team, sharing the updated sprint deliverable review notes for this week."
E400383,08/19/2026 19:15:00,EMP120,PC-4120,team_leads@dta.com,,,sophia.turner@dta.com,42145,weekly_sync.docx,"Hi team, sharing the updated sprint deliverable review notes for this week."
E400384,08/19/2026 20:18:00,EMP121,PC-8050,team_leads@dta.com,,,thomas.shelby@dta.com,55283,weekly_sync.docx,"Hi team, sharing the updated sprint deliverable review notes for this week."
E400385,08/19/2026 18:41:00,EMP122,PC-6150,team_leads@dta.com,,,uma.thurman@dta.com,28762,weekly_sync.docx,"Hi team, sharing the updated sprint deliverable review notes for this week."
E400386,08/19/2026 20:32:00,EMP123,PC-4190,team_leads@dta.com,,,victor.vance@dta.com,14440,weekly_sync.docx,"Hi team, sharing the updated sprint deliverable review notes for this week."
E400387,08/19/2026 22:28:00,EMP124,PC-9001,team_leads@dta.com,,,wendy.darling@dta.com,35839,weekly_sync.docx,"Hi team, sharing the updated sprint deliverable review notes for this week."
E400388,08/19/2026 19:14:00,EMP125,PC-9402,team_leads@dta.com,,,xavier.woods@dta.com,38522,weekly_sync.docx,"Hi team, sharing the updated sprint deliverable review notes for this week."
E400389,08/19/2026 21:17:00,EMP126,PC-9945,team_leads@dta.com,,,yara.greyjoy@dta.com,27403,weekly_sync.docx,"Hi team, sharing the updated sprint deliverable review notes for this week."
E400390,08/19/2026 20:43:00,EMP127,PC-1070,team_leads@dta.com,,,zachary.levi@dta.com,67139,weekly_sync.docx,"Hi team, sharing the updated sprint deliverable review notes for this week."
E400391,08/20/2026 20:50:00,EMP101,PC-1001,team_leads@dta.com,,,norman.empson@dta.com,29548,weekly_sync.docx,"Hi team, sharing the updated sprint deliverable review notes for this week."
E400392,08/20/2026 20:18:00,AAF0535,PC-2408,team_leads@dta.com,,,althea.fleming@dta.com,12716,weekly_sync.docx,"Hi team, sharing the updated sprint deliverable review notes for this week."
E400393,08/20/2026 20:20:00,AAM0658,PC-9923,team_leads@dta.com,,,anthony.miller@dta.com,59483,weekly_sync.docx,"Hi team, sharing the updated sprint deliverable review notes for this week."
E400394,08/20/2026 21:22:00,BBS0039,PC-9436,team_leads@dta.com,,,brandon.starks@dta.com,38698,weekly_sync.docx,"Hi team, sharing the updated sprint deliverable review notes for this week."
E400395,08/20/2026 22:53:00,EMP102,PC-3012,team_leads@dta.com,,,alice.smith@dta.com,64183,weekly_sync.docx,"Hi team, sharing the updated sprint deliverable review notes for this week."
E400396,08/20/2026 21:19:00,EMP103,PC-4105,team_leads@dta.com,,,bob.jones@dta.com,18822,weekly_sync.docx,"Hi team, sharing the updated sprint deliverable review notes for this week."
E400397,08/20/2026 18:40:00,EMP104,PC-1102,team_leads@dta.com,,,carol.davis@dta.com,46483,weekly_sync.docx,"Hi team, sharing the updated sprint deliverable review notes for this week."
E400398,08/20/2026 21:41:00,EMP105,PC-5001,team_leads@dta.com,,,david.wilson@dta.com,34973,weekly_sync.docx,"Hi team, sharing the updated sprint deliverable review notes for this week."
E400399,08/20/2026 21:38:00,EMP106,PC-1088,team_leads@dta.com,,,elena.rostova@dta.com,79608,weekly_sync.docx,"Hi team, sharing the updated sprint deliverable review notes for this week."
E400400,08/20/2026 21:30:00,EMP107,PC-6110,team_leads@dta.com,,,frank.miller@dta.com,63792,weekly_sync.docx,"Hi team, sharing the updated sprint deliverable review notes for this week."
E400401,08/20/2026 21:06:00,EMP108,PC-1044,team_leads@dta.com,,,grace.hopper@dta.com,57544,weekly_sync.docx,"Hi team, sharing the updated sprint deliverable review notes for this week."
E400402,08/20/2026 20:58:00,EMP109,PC-7020,team_leads@dta.com,,,henry.ford@dta.com,78353,weekly_sync.docx,"Hi team, sharing the updated sprint deliverable review notes for this week."
E400403,08/20/2026 20:59:00,EMP110,PC-8005,team_leads@dta.com,,,isabella.cruz@dta.com,75390,weekly_sync.docx,"Hi team, sharing the updated sprint deliverable review notes for this week."
E400404,08/20/2026 19:58:00,EMP111,PC-3099,team_leads@dta.com,,,jack.ryan@dta.com,40885,weekly_sync.docx,"Hi team, sharing the updated sprint deliverable review notes for this week."
E400405,08/20/2026 20:02:00,EMP112,PC-2490,team_leads@dta.com,,,karen.page@dta.com,56825,weekly_sync.docx,"Hi team, sharing the updated sprint deliverable review notes for this week."
E400406,08/20/2026 19:21:00,EMP113,PC-7045,team_leads@dta.com,,,liam.neeson@dta.com,36925,weekly_sync.docx,"Hi team, sharing the updated sprint deliverable review notes for this week."
E400407,08/20/2026 19:42:00,EMP114,PC-1250,team_leads@dta.com,,,mia.wong@dta.com,22287,weekly_sync.docx,"Hi team, sharing the updated sprint deliverable review notes for this week."
E400408,08/20/2026 22:54:00,EMP115,PC-6125,team_leads@dta.com,,,noah.centineo@dta.com,78995,weekly_sync.docx,"Hi team, sharing the updated sprint deliverable review notes for this week."
E400409,08/20/2026 23:05:00,EMP116,PC-1300,team_leads@dta.com,,,olivia.wilde@dta.com,34911,weekly_sync.docx,"Hi team, sharing the updated sprint deliverable review notes for this week."
E400410,08/20/2026 20:30:00,EMP117,PC-9910,team_leads@dta.com,,,peter.parker@dta.com,59395,weekly_sync.docx,"Hi team, sharing the updated sprint deliverable review notes for this week."
E400411,08/20/2026 20:59:00,EMP118,PC-5022,team_leads@dta.com,,,quinn.fabray@dta.com,39594,weekly_sync.docx,"Hi team, sharing the updated sprint deliverable review notes for this week."
E400412,08/20/2026 22:39:00,EMP119,PC-3150,team_leads@dta.com,,,robert.langdon@dta.com,41958,weekly_sync.docx,"Hi team, sharing the updated sprint deliverable review notes for this week."
E400413,08/20/2026 20:18:00,EMP120,PC-4120,team_leads@dta.com,,,sophia.turner@dta.com,13276,weekly_sync.docx,"Hi team, sharing the updated sprint deliverable review notes for this week."
E400414,08/20/2026 19:42:00,EMP121,PC-8050,team_leads@dta.com,,,thomas.shelby@dta.com,44895,weekly_sync.docx,"Hi team, sharing the updated sprint deliverable review notes for this week."
E400415,08/20/2026 19:57:00,EMP122,PC-6150,team_leads@dta.com,,,uma.thurman@dta.com,59226,weekly_sync.docx,"Hi team, sharing the updated sprint deliverable review notes for this week."
E400416,08/20/2026 20:06:00,EMP123,PC-4190,team_leads@dta.com,,,victor.vance@dta.com,49304,weekly_sync.docx,"Hi team, sharing the updated sprint deliverable review notes for this week."
E400417,08/20/2026 23:02:00,EMP124,PC-9001,team_leads@dta.com,,,wendy.darling@dta.com,33964,weekly_sync.docx,"Hi team, sharing the updated sprint deliverable review notes for this week."
E400418,08/20/2026 22:27:00,EMP125,PC-9402,team_leads@dta.com,,,xavier.woods@dta.com,47058,weekly_sync.docx,"Hi team, sharing the updated sprint deliverable review notes for this week."
E400419,08/20/2026 22:55:00,EMP126,PC-9945,team_leads@dta.com,,,yara.greyjoy@dta.com,15027,weekly_sync.docx,"Hi team, sharing the updated sprint deliverable review notes for this week."
E400420,08/20/2026 18:39:00,EMP127,PC-1070,team_leads@dta.com,,,zachary.levi@dta.com,20361,weekly_sync.docx,"Hi team, sharing the updated sprint deliverable review notes for this week."
E400421,08/21/2026 20:14:00,EMP101,PC-1001,team_leads@dta.com,,,norman.empson@dta.com,23050,weekly_sync.docx,"Hi team, sharing the updated sprint deliverable review notes for this week."
E400422,08/21/2026 21:33:00,AAF0535,PC-2408,team_leads@dta.com,,,althea.fleming@dta.com,34361,weekly_sync.docx,"Hi team, sharing the updated sprint deliverable review notes for this week."
E400423,08/21/2026 21:00:00,AAM0658,PC-9923,team_leads@dta.com,,,anthony.miller@dta.com,82685,weekly_sync.docx,"Hi team, sharing the updated sprint deliverable review notes for this week."
E400424,08/21/2026 19:56:00,BBS0039,PC-9436,team_leads@dta.com,,,brandon.starks@dta.com,57504,weekly_sync.docx,"Hi team, sharing the updated sprint deliverable review notes for this week."
E400425,08/21/2026 20:51:00,EMP102,PC-3012,team_leads@dta.com,,,alice.smith@dta.com,13383,weekly_sync.docx,"Hi team, sharing the updated sprint deliverable review notes for this week."
E400426,08/21/2026 21:46:00,EMP103,PC-4105,team_leads@dta.com,,,bob.jones@dta.com,74530,weekly_sync.docx,"Hi team, sharing the updated sprint deliverable review notes for this week."
E400427,08/21/2026 22:45:00,EMP104,PC-1102,team_leads@dta.com,,,carol.davis@dta.com,69292,weekly_sync.docx,"Hi team, sharing the updated sprint deliverable review notes for this week."
E400428,08/21/2026 21:27:00,EMP105,PC-5001,team_leads@dta.com,,,david.wilson@dta.com,47633,weekly_sync.docx,"Hi team, sharing the updated sprint deliverable review notes for this week."
E400429,08/21/2026 22:19:00,EMP106,PC-1088,team_leads@dta.com,,,elena.rostova@dta.com,71345,weekly_sync.docx,"Hi team, sharing the updated sprint deliverable review notes for this week."
E400430,08/21/2026 20:10:00,EMP107,PC-6110,team_leads@dta.com,,,frank.miller@dta.com,48977,weekly_sync.docx,"Hi team, sharing the updated sprint deliverable review notes for this week."
E400431,08/21/2026 20:35:00,EMP108,PC-1044,team_leads@dta.com,,,grace.hopper@dta.com,67082,weekly_sync.docx,"Hi team, sharing the updated sprint deliverable review notes for this week."
E400432,08/21/2026 22:49:00,EMP109,PC-7020,team_leads@dta.com,,,henry.ford@dta.com,63435,weekly_sync.docx,"Hi team, sharing the updated sprint deliverable review notes for this week."
E400433,08/21/2026 20:12:00,EMP110,PC-8005,team_leads@dta.com,,,isabella.cruz@dta.com,70059,weekly_sync.docx,"Hi team, sharing the updated sprint deliverable review notes for this week."
E400434,08/21/2026 22:01:00,EMP111,PC-3099,team_leads@dta.com,,,jack.ryan@dta.com,54344,weekly_sync.docx,"Hi team, sharing the updated sprint deliverable review notes for this week."
E400435,08/21/2026 21:23:00,EMP112,PC-2490,team_leads@dta.com,,,karen.page@dta.com,51166,weekly_sync.docx,"Hi team, sharing the updated sprint deliverable review notes for this week."
E400436,08/21/2026 19:46:00,EMP113,PC-7045,team_leads@dta.com,,,liam.neeson@dta.com,13974,weekly_sync.docx,"Hi team, sharing the updated sprint deliverable review notes for this week."
E400437,08/21/2026 21:13:00,EMP114,PC-1250,team_leads@dta.com,,,mia.wong@dta.com,32315,weekly_sync.docx,"Hi team, sharing the updated sprint deliverable review notes for this week."
E400438,08/21/2026 19:20:00,EMP115,PC-6125,team_leads@dta.com,,,noah.centineo@dta.com,58598,weekly_sync.docx,"Hi team, sharing the updated sprint deliverable review notes for this week."
E400439,08/21/2026 22:10:00,EMP116,PC-1300,team_leads@dta.com,,,olivia.wilde@dta.com,69503,weekly_sync.docx,"Hi team, sharing the updated sprint deliverable review notes for this week."
E400440,08/21/2026 19:16:00,EMP117,PC-9910,team_leads@dta.com,,,peter.parker@dta.com,83137,weekly_sync.docx,"Hi team, sharing the updated sprint deliverable review notes for this week."
E400441,08/21/2026 22:54:00,EMP118,PC-5022,team_leads@dta.com,,,quinn.fabray@dta.com,84682,weekly_sync.docx,"Hi team, sharing the updated sprint deliverable review notes for this week."
E400442,08/21/2026 18:04:00,EMP119,PC-3150,team_leads@dta.com,,,robert.langdon@dta.com,78316,weekly_sync.docx,"Hi team, sharing the updated sprint deliverable review notes for this week."
E400443,08/21/2026 21:59:00,EMP120,PC-4120,team_leads@dta.com,,,sophia.turner@dta.com,82642,weekly_sync.docx,"Hi team, sharing the updated sprint deliverable review notes for this week."
E400444,08/21/2026 19:36:00,EMP121,PC-8050,team_leads@dta.com,,,thomas.shelby@dta.com,80576,weekly_sync.docx,"Hi team, sharing the updated sprint deliverable review notes for this week."
E400445,08/21/2026 18:27:00,EMP122,PC-6150,team_leads@dta.com,,,uma.thurman@dta.com,16170,weekly_sync.docx,"Hi team, sharing the updated sprint deliverable review notes for this week."
E400446,08/21/2026 23:40:00,EMP123,PC-4190,team_leads@dta.com,,,victor.vance@dta.com,39359,weekly_sync.docx,"Hi team, sharing the updated sprint deliverable review notes for this week."
E400447,08/21/2026 21:20:00,EMP124,PC-9001,team_leads@dta.com,,,wendy.darling@dta.com,17328,weekly_sync.docx,"Hi team, sharing the updated sprint deliverable review notes for this week."
E400448,08/21/2026 19:57:00,EMP125,PC-9402,team_leads@dta.com,,,xavier.woods@dta.com,36832,weekly_sync.docx,"Hi team, sharing the updated sprint deliverable review notes for this week."
E400449,08/21/2026 21:44:00,EMP126,PC-9945,team_leads@dta.com,,,yara.greyjoy@dta.com,25829,weekly_sync.docx,"Hi team, sharing the updated sprint deliverable review notes for this week."
E400450,08/21/2026 21:59:00,EMP127,PC-1070,team_leads@dta.com,,,zachary.levi@dta.com,70066,weekly_sync.docx,"Hi team, sharing the updated sprint deliverable review notes for this week."
E400451,08/24/2026 19:15:00,EMP101,PC-1001,team_leads@dta.com,,,norman.empson@dta.com,63495,weekly_sync.docx,"Hi team, sharing the updated sprint deliverable review notes for this week."
E400452,08/24/2026 22:04:00,AAF0535,PC-2408,team_leads@dta.com,,,althea.fleming@dta.com,18463,weekly_sync.docx,"Hi team, sharing the updated sprint deliverable review notes for this week."
E400453,08/24/2026 20:06:00,AAM0658,PC-9923,team_leads@dta.com,,,anthony.miller@dta.com,75944,weekly_sync.docx,"Hi team, sharing the updated sprint deliverable review notes for this week."
E400454,08/24/2026 19:59:00,BBS0039,PC-9436,team_leads@dta.com,,,brandon.starks@dta.com,46898,weekly_sync.docx,"Hi team, sharing the updated sprint deliverable review notes for this week."
E400455,08/24/2026 21:52:00,EMP102,PC-3012,team_leads@dta.com,,,alice.smith@dta.com,15172,weekly_sync.docx,"Hi team, sharing the updated sprint deliverable review notes for this week."
E400456,08/24/2026 22:23:00,EMP103,PC-4105,team_leads@dta.com,,,bob.jones@dta.com,23247,weekly_sync.docx,"Hi team, sharing the updated sprint deliverable review notes for this week."
E400457,08/24/2026 19:27:00,EMP104,PC-1102,team_leads@dta.com,,,carol.davis@dta.com,39395,weekly_sync.docx,"Hi team, sharing the updated sprint deliverable review notes for this week."
E400458,08/24/2026 20:42:00,EMP105,PC-5001,team_leads@dta.com,,,david.wilson@dta.com,81048,weekly_sync.docx,"Hi team, sharing the updated sprint deliverable review notes for this week."
E400459,08/24/2026 20:15:00,EMP106,PC-1088,team_leads@dta.com,,,elena.rostova@dta.com,13092,weekly_sync.docx,"Hi team, sharing the updated sprint deliverable review notes for this week."
E400460,08/24/2026 19:23:00,EMP107,PC-6110,team_leads@dta.com,,,frank.miller@dta.com,61899,weekly_sync.docx,"Hi team, sharing the updated sprint deliverable review notes for this week."
E400461,08/24/2026 19:23:00,EMP108,PC-1044,team_leads@dta.com,,,grace.hopper@dta.com,81391,weekly_sync.docx,"Hi team, sharing the updated sprint deliverable review notes for this week."
E400462,08/24/2026 20:21:00,EMP109,PC-7020,team_leads@dta.com,,,henry.ford@dta.com,77700,weekly_sync.docx,"Hi team, sharing the updated sprint deliverable review notes for this week."
E400463,08/24/2026 21:51:00,EMP110,PC-8005,team_leads@dta.com,,,isabella.cruz@dta.com,29991,weekly_sync.docx,"Hi team, sharing the updated sprint deliverable review notes for this week."
E400464,08/24/2026 22:16:00,EMP111,PC-3099,team_leads@dta.com,,,jack.ryan@dta.com,55160,weekly_sync.docx,"Hi team, sharing the updated sprint deliverable review notes for this week."
E400465,08/24/2026 20:53:00,EMP112,PC-2490,team_leads@dta.com,,,karen.page@dta.com,80656,weekly_sync.docx,"Hi team, sharing the updated sprint deliverable review notes for this week."
E400466,08/24/2026 20:43:00,EMP113,PC-7045,team_leads@dta.com,,,liam.neeson@dta.com,27517,weekly_sync.docx,"Hi team, sharing the updated sprint deliverable review notes for this week."
E400467,08/24/2026 20:13:00,EMP114,PC-1250,team_leads@dta.com,,,mia.wong@dta.com,47887,weekly_sync.docx,"Hi team, sharing the updated sprint deliverable review notes for this week."
E400468,08/24/2026 20:47:00,EMP115,PC-6125,team_leads@dta.com,,,noah.centineo@dta.com,42266,weekly_sync.docx,"Hi team, sharing the updated sprint deliverable review notes for this week."
E400469,08/24/2026 21:50:00,EMP116,PC-1300,team_leads@dta.com,,,olivia.wilde@dta.com,73441,weekly_sync.docx,"Hi team, sharing the updated sprint deliverable review notes for this week."
E400470,08/24/2026 22:26:00,EMP117,PC-9910,team_leads@dta.com,,,peter.parker@dta.com,13967,weekly_sync.docx,"Hi team, sharing the updated sprint deliverable review notes for this week."
E400471,08/24/2026 23:07:00,EMP118,PC-5022,team_leads@dta.com,,,quinn.fabray@dta.com,71971,weekly_sync.docx,"Hi team, sharing the updated sprint deliverable review notes for this week."
E400472,08/24/2026 21:03:00,EMP119,PC-3150,team_leads@dta.com,,,robert.langdon@dta.com,82275,weekly_sync.docx,"Hi team, sharing the updated sprint deliverable review notes for this week."
E400473,08/24/2026 20:12:00,EMP120,PC-4120,team_leads@dta.com,,,sophia.turner@dta.com,79649,weekly_sync.docx,"Hi team, sharing the updated sprint deliverable review notes for this week."
E400474,08/24/2026 22:07:00,EMP121,PC-8050,team_leads@dta.com,,,thomas.shelby@dta.com,19149,weekly_sync.docx,"Hi team, sharing the updated sprint deliverable review notes for this week."
E400475,08/24/2026 20:09:00,EMP122,PC-6150,team_leads@dta.com,,,uma.thurman@dta.com,66206,weekly_sync.docx,"Hi team, sharing the updated sprint deliverable review notes for this week."
E400476,08/24/2026 20:32:00,EMP123,PC-4190,team_leads@dta.com,,,victor.vance@dta.com,54477,weekly_sync.docx,"Hi team, sharing the updated sprint deliverable review notes for this week."
E400477,08/24/2026 19:06:00,EMP124,PC-9001,team_leads@dta.com,,,wendy.darling@dta.com,80657,weekly_sync.docx,"Hi team, sharing the updated sprint deliverable review notes for this week."
E400478,08/24/2026 21:56:00,EMP125,PC-9402,team_leads@dta.com,,,xavier.woods@dta.com,31672,weekly_sync.docx,"Hi team, sharing the updated sprint deliverable review notes for this week."
E400479,08/24/2026 21:59:00,EMP126,PC-9945,team_leads@dta.com,,,yara.greyjoy@dta.com,29245,weekly_sync.docx,"Hi team, sharing the updated sprint deliverable review notes for this week."
E400480,08/24/2026 19:00:00,EMP127,PC-1070,team_leads@dta.com,,,zachary.levi@dta.com,40426,weekly_sync.docx,"Hi team, sharing the updated sprint deliverable review notes for this week."
E400481,08/25/2026 22:09:00,EMP101,PC-1001,team_leads@dta.com,,,norman.empson@dta.com,39215,weekly_sync.docx,"Hi team, sharing the updated sprint deliverable review notes for this week."
E400482,08/25/2026 21:45:00,AAF0535,PC-2408,team_leads@dta.com,,,althea.fleming@dta.com,51117,weekly_sync.docx,"Hi team, sharing the updated sprint deliverable review notes for this week."
E400483,08/25/2026 21:54:00,AAM0658,PC-9923,team_leads@dta.com,,,anthony.miller@dta.com,35254,weekly_sync.docx,"Hi team, sharing the updated sprint deliverable review notes for this week."
E400484,08/25/2026 22:51:00,BBS0039,PC-9436,team_leads@dta.com,,,brandon.starks@dta.com,68010,weekly_sync.docx,"Hi team, sharing the updated sprint deliverable review notes for this week."
E400485,08/25/2026 20:32:00,EMP102,PC-3012,team_leads@dta.com,,,alice.smith@dta.com,39504,weekly_sync.docx,"Hi team, sharing the updated sprint deliverable review notes for this week."
E400486,08/25/2026 21:44:00,EMP103,PC-4105,team_leads@dta.com,,,bob.jones@dta.com,49642,weekly_sync.docx,"Hi team, sharing the updated sprint deliverable review notes for this week."
E400487,08/25/2026 21:45:00,EMP104,PC-1102,team_leads@dta.com,,,carol.davis@dta.com,80118,weekly_sync.docx,"Hi team, sharing the updated sprint deliverable review notes for this week."
E400488,08/25/2026 20:01:00,EMP105,PC-5001,team_leads@dta.com,,,david.wilson@dta.com,15143,weekly_sync.docx,"Hi team, sharing the updated sprint deliverable review notes for this week."
E400489,08/25/2026 21:05:00,EMP106,PC-1088,team_leads@dta.com,,,elena.rostova@dta.com,57829,weekly_sync.docx,"Hi team, sharing the updated sprint deliverable review notes for this week."
E400490,08/25/2026 20:09:00,EMP107,PC-6110,team_leads@dta.com,,,frank.miller@dta.com,84088,weekly_sync.docx,"Hi team, sharing the updated sprint deliverable review notes for this week."
E400491,08/25/2026 22:33:00,EMP108,PC-1044,team_leads@dta.com,,,grace.hopper@dta.com,56294,weekly_sync.docx,"Hi team, sharing the updated sprint deliverable review notes for this week."
E400492,08/25/2026 23:18:00,EMP109,PC-7020,team_leads@dta.com,,,henry.ford@dta.com,82381,weekly_sync.docx,"Hi team, sharing the updated sprint deliverable review notes for this week."
E400493,08/25/2026 21:46:00,EMP110,PC-8005,team_leads@dta.com,,,isabella.cruz@dta.com,14453,weekly_sync.docx,"Hi team, sharing the updated sprint deliverable review notes for this week."
E400494,08/25/2026 22:11:00,EMP111,PC-3099,team_leads@dta.com,,,jack.ryan@dta.com,33753,weekly_sync.docx,"Hi team, sharing the updated sprint deliverable review notes for this week."
E400495,08/25/2026 20:56:00,EMP112,PC-2490,team_leads@dta.com,,,karen.page@dta.com,23376,weekly_sync.docx,"Hi team, sharing the updated sprint deliverable review notes for this week."
E400496,08/25/2026 22:34:00,EMP113,PC-7045,team_leads@dta.com,,,liam.neeson@dta.com,38489,weekly_sync.docx,"Hi team, sharing the updated sprint deliverable review notes for this week."
E400497,08/25/2026 21:35:00,EMP114,PC-1250,team_leads@dta.com,,,mia.wong@dta.com,80632,weekly_sync.docx,"Hi team, sharing the updated sprint deliverable review notes for this week."
E400498,08/25/2026 20:59:00,EMP115,PC-6125,team_leads@dta.com,,,noah.centineo@dta.com,80464,weekly_sync.docx,"Hi team, sharing the updated sprint deliverable review notes for this week."
E400499,08/25/2026 18:26:00,EMP116,PC-1300,team_leads@dta.com,,,olivia.wilde@dta.com,80233,weekly_sync.docx,"Hi team, sharing the updated sprint deliverable review notes for this week."
E400500,08/25/2026 20:22:00,EMP117,PC-9910,team_leads@dta.com,,,peter.parker@dta.com,69817,weekly_sync.docx,"Hi team, sharing the updated sprint deliverable review notes for this week."
E400501,08/25/2026 18:43:00,EMP118,PC-5022,team_leads@dta.com,,,quinn.fabray@dta.com,39076,weekly_sync.docx,"Hi team, sharing the updated sprint deliverable review notes for this week."
E400502,08/25/2026 22:11:00,EMP119,PC-3150,team_leads@dta.com,,,robert.langdon@dta.com,56399,weekly_sync.docx,"Hi team, sharing the updated sprint deliverable review notes for this week."
E400503,08/25/2026 19:25:00,EMP120,PC-4120,team_leads@dta.com,,,sophia.turner@dta.com,67897,weekly_sync.docx,"Hi team, sharing the updated sprint deliverable review notes for this week."
E400504,08/25/2026 22:13:00,EMP121,PC-8050,team_leads@dta.com,,,thomas.shelby@dta.com,81924,weekly_sync.docx,"Hi team, sharing the updated sprint deliverable review notes for this week."
E400505,08/25/2026 21:24:00,EMP122,PC-6150,team_leads@dta.com,,,uma.thurman@dta.com,73000,weekly_sync.docx,"Hi team, sharing the updated sprint deliverable review notes for this week."
E400506,08/25/2026 22:13:00,EMP123,PC-4190,team_leads@dta.com,,,victor.vance@dta.com,55296,weekly_sync.docx,"Hi team, sharing the updated sprint deliverable review notes for this week."
E400507,08/25/2026 23:05:00,EMP124,PC-9001,team_leads@dta.com,,,wendy.darling@dta.com,34387,weekly_sync.docx,"Hi team, sharing the updated sprint deliverable review notes for this week."
E400508,08/25/2026 22:44:00,EMP125,PC-9402,team_leads@dta.com,,,xavier.woods@dta.com,51599,weekly_sync.docx,"Hi team, sharing the updated sprint deliverable review notes for this week."
E400509,08/25/2026 20:52:00,EMP126,PC-9945,team_leads@dta.com,,,yara.greyjoy@dta.com,39294,weekly_sync.docx,"Hi team, sharing the updated sprint deliverable review notes for this week."
E400510,08/25/2026 23:01:00,EMP127,PC-1070,team_leads@dta.com,,,zachary.levi@dta.com,75783,weekly_sync.docx,"Hi team, sharing the updated sprint deliverable review notes for this week."
E400511,08/26/2026 21:10:00,EMP101,PC-1001,team_leads@dta.com,,,norman.empson@dta.com,26253,weekly_sync.docx,"Hi team, sharing the updated sprint deliverable review notes for this week."
E400512,08/26/2026 22:09:00,AAF0535,PC-2408,team_leads@dta.com,,,althea.fleming@dta.com,31558,weekly_sync.docx,"Hi team, sharing the updated sprint deliverable review notes for this week."
E400513,08/26/2026 21:59:00,AAM0658,PC-9923,team_leads@dta.com,,,anthony.miller@dta.com,51917,weekly_sync.docx,"Hi team, sharing the updated sprint deliverable review notes for this week."
E400514,08/26/2026 20:00:00,BBS0039,PC-9436,team_leads@dta.com,,,brandon.starks@dta.com,60394,weekly_sync.docx,"Hi team, sharing the updated sprint deliverable review notes for this week."
E400515,08/26/2026 21:02:00,EMP102,PC-3012,team_leads@dta.com,,,alice.smith@dta.com,62173,weekly_sync.docx,"Hi team, sharing the updated sprint deliverable review notes for this week."
E400516,08/26/2026 20:03:00,EMP103,PC-4105,team_leads@dta.com,,,bob.jones@dta.com,49810,weekly_sync.docx,"Hi team, sharing the updated sprint deliverable review notes for this week."
E400517,08/26/2026 18:42:00,EMP104,PC-1102,team_leads@dta.com,,,carol.davis@dta.com,23097,weekly_sync.docx,"Hi team, sharing the updated sprint deliverable review notes for this week."
E400518,08/26/2026 20:29:00,EMP105,PC-5001,team_leads@dta.com,,,david.wilson@dta.com,84358,weekly_sync.docx,"Hi team, sharing the updated sprint deliverable review notes for this week."
E400519,08/26/2026 23:00:00,EMP106,PC-1088,team_leads@dta.com,,,elena.rostova@dta.com,43031,weekly_sync.docx,"Hi team, sharing the updated sprint deliverable review notes for this week."
E400520,08/26/2026 21:29:00,EMP107,PC-6110,team_leads@dta.com,,,frank.miller@dta.com,22494,weekly_sync.docx,"Hi team, sharing the updated sprint deliverable review notes for this week."
E400521,08/26/2026 21:14:00,EMP108,PC-1044,team_leads@dta.com,,,grace.hopper@dta.com,22234,weekly_sync.docx,"Hi team, sharing the updated sprint deliverable review notes for this week."
E400522,08/26/2026 21:26:00,EMP109,PC-7020,team_leads@dta.com,,,henry.ford@dta.com,58257,weekly_sync.docx,"Hi team, sharing the updated sprint deliverable review notes for this week."
E400523,08/26/2026 19:33:00,EMP110,PC-8005,team_leads@dta.com,,,isabella.cruz@dta.com,74018,weekly_sync.docx,"Hi team, sharing the updated sprint deliverable review notes for this week."
E400524,08/26/2026 22:13:00,EMP111,PC-3099,team_leads@dta.com,,,jack.ryan@dta.com,48418,weekly_sync.docx,"Hi team, sharing the updated sprint deliverable review notes for this week."
E400525,08/26/2026 22:17:00,EMP112,PC-2490,team_leads@dta.com,,,karen.page@dta.com,31809,weekly_sync.docx,"Hi team, sharing the updated sprint deliverable review notes for this week."
E400526,08/26/2026 23:03:00,EMP113,PC-7045,team_leads@dta.com,,,liam.neeson@dta.com,16337,weekly_sync.docx,"Hi team, sharing the updated sprint deliverable review notes for this week."
E400527,08/26/2026 19:58:00,EMP114,PC-1250,team_leads@dta.com,,,mia.wong@dta.com,57229,weekly_sync.docx,"Hi team, sharing the updated sprint deliverable review notes for this week."
E400528,08/26/2026 20:42:00,EMP115,PC-6125,team_leads@dta.com,,,noah.centineo@dta.com,81798,weekly_sync.docx,"Hi team, sharing the updated sprint deliverable review notes for this week."
E400529,08/26/2026 21:17:00,EMP116,PC-1300,team_leads@dta.com,,,olivia.wilde@dta.com,53377,weekly_sync.docx,"Hi team, sharing the updated sprint deliverable review notes for this week."
E400530,08/26/2026 19:11:00,EMP117,PC-9910,team_leads@dta.com,,,peter.parker@dta.com,63269,weekly_sync.docx,"Hi team, sharing the updated sprint deliverable review notes for this week."
E400531,08/26/2026 22:36:00,EMP118,PC-5022,team_leads@dta.com,,,quinn.fabray@dta.com,35582,weekly_sync.docx,"Hi team, sharing the updated sprint deliverable review notes for this week."
E400532,08/26/2026 20:31:00,EMP119,PC-3150,team_leads@dta.com,,,robert.langdon@dta.com,49132,weekly_sync.docx,"Hi team, sharing the updated sprint deliverable review notes for this week."
E400533,08/26/2026 21:45:00,EMP120,PC-4120,team_leads@dta.com,,,sophia.turner@dta.com,27963,weekly_sync.docx,"Hi team, sharing the updated sprint deliverable review notes for this week."
E400534,08/26/2026 19:20:00,EMP121,PC-8050,team_leads@dta.com,,,thomas.shelby@dta.com,73204,weekly_sync.docx,"Hi team, sharing the updated sprint deliverable review notes for this week."
E400535,08/26/2026 21:58:00,EMP122,PC-6150,team_leads@dta.com,,,uma.thurman@dta.com,20177,weekly_sync.docx,"Hi team, sharing the updated sprint deliverable review notes for this week."
E400536,08/26/2026 23:21:00,EMP123,PC-4190,team_leads@dta.com,,,victor.vance@dta.com,38302,weekly_sync.docx,"Hi team, sharing the updated sprint deliverable review notes for this week."
E400537,08/26/2026 23:04:00,EMP124,PC-9001,team_leads@dta.com,,,wendy.darling@dta.com,69878,weekly_sync.docx,"Hi team, sharing the updated sprint deliverable review notes for this week."
E400538,08/26/2026 22:55:00,EMP125,PC-9402,team_leads@dta.com,,,xavier.woods@dta.com,77234,weekly_sync.docx,"Hi team, sharing the updated sprint deliverable review notes for this week."
E400539,08/26/2026 22:32:00,EMP126,PC-9945,team_leads@dta.com,,,yara.greyjoy@dta.com,63292,weekly_sync.docx,"Hi team, sharing the updated sprint deliverable review notes for this week."
E400540,08/26/2026 20:10:00,EMP127,PC-1070,team_leads@dta.com,,,zachary.levi@dta.com,75185,weekly_sync.docx,"Hi team, sharing the updated sprint deliverable review notes for this week."
E400541,08/27/2026 20:09:00,EMP101,PC-1001,team_leads@dta.com,,,norman.empson@dta.com,82074,weekly_sync.docx,"Hi team, sharing the updated sprint deliverable review notes for this week."
E400542,08/27/2026 21:54:00,AAF0535,PC-2408,team_leads@dta.com,,,althea.fleming@dta.com,37035,weekly_sync.docx,"Hi team, sharing the updated sprint deliverable review notes for this week."
E400543,08/27/2026 22:52:00,AAM0658,PC-9923,team_leads@dta.com,,,anthony.miller@dta.com,36833,weekly_sync.docx,"Hi team, sharing the updated sprint deliverable review notes for this week."
E400544,08/27/2026 21:24:00,BBS0039,PC-9436,team_leads@dta.com,,,brandon.starks@dta.com,82851,weekly_sync.docx,"Hi team, sharing the updated sprint deliverable review notes for this week."
E400545,08/27/2026 20:01:00,EMP102,PC-3012,team_leads@dta.com,,,alice.smith@dta.com,39745,weekly_sync.docx,"Hi team, sharing the updated sprint deliverable review notes for this week."
E400546,08/27/2026 21:43:00,EMP103,PC-4105,team_leads@dta.com,,,bob.jones@dta.com,18003,weekly_sync.docx,"Hi team, sharing the updated sprint deliverable review notes for this week."
E400547,08/27/2026 20:40:00,EMP104,PC-1102,team_leads@dta.com,,,carol.davis@dta.com,34372,weekly_sync.docx,"Hi team, sharing the updated sprint deliverable review notes for this week."
E400548,08/27/2026 19:29:00,EMP105,PC-5001,team_leads@dta.com,,,david.wilson@dta.com,27833,weekly_sync.docx,"Hi team, sharing the updated sprint deliverable review notes for this week."
E400549,08/27/2026 19:30:00,EMP106,PC-1088,team_leads@dta.com,,,elena.rostova@dta.com,30512,weekly_sync.docx,"Hi team, sharing the updated sprint deliverable review notes for this week."
E400550,08/27/2026 22:32:00,EMP107,PC-6110,team_leads@dta.com,,,frank.miller@dta.com,61300,weekly_sync.docx,"Hi team, sharing the updated sprint deliverable review notes for this week."
E400551,08/27/2026 21:48:00,EMP108,PC-1044,team_leads@dta.com,,,grace.hopper@dta.com,49189,weekly_sync.docx,"Hi team, sharing the updated sprint deliverable review notes for this week."
E400552,08/27/2026 21:29:00,EMP109,PC-7020,team_leads@dta.com,,,henry.ford@dta.com,43359,weekly_sync.docx,"Hi team, sharing the updated sprint deliverable review notes for this week."
E400553,08/27/2026 21:19:00,EMP110,PC-8005,team_leads@dta.com,,,isabella.cruz@dta.com,51478,weekly_sync.docx,"Hi team, sharing the updated sprint deliverable review notes for this week."
E400554,08/27/2026 21:24:00,EMP111,PC-3099,team_leads@dta.com,,,jack.ryan@dta.com,39277,weekly_sync.docx,"Hi team, sharing the updated sprint deliverable review notes for this week."
E400555,08/27/2026 21:54:00,EMP112,PC-2490,team_leads@dta.com,,,karen.page@dta.com,17651,weekly_sync.docx,"Hi team, sharing the updated sprint deliverable review notes for this week."
E400556,08/27/2026 21:50:00,EMP113,PC-7045,team_leads@dta.com,,,liam.neeson@dta.com,18875,weekly_sync.docx,"Hi team, sharing the updated sprint deliverable review notes for this week."
E400557,08/27/2026 20:41:00,EMP114,PC-1250,team_leads@dta.com,,,mia.wong@dta.com,54725,weekly_sync.docx,"Hi team, sharing the updated sprint deliverable review notes for this week."
E400558,08/27/2026 20:48:00,EMP115,PC-6125,team_leads@dta.com,,,noah.centineo@dta.com,40922,weekly_sync.docx,"Hi team, sharing the updated sprint deliverable review notes for this week."
E400559,08/27/2026 20:05:00,EMP116,PC-1300,team_leads@dta.com,,,olivia.wilde@dta.com,29878,weekly_sync.docx,"Hi team, sharing the updated sprint deliverable review notes for this week."
E400560,08/27/2026 20:23:00,EMP117,PC-9910,team_leads@dta.com,,,peter.parker@dta.com,29891,weekly_sync.docx,"Hi team, sharing the updated sprint deliverable review notes for this week."
E400561,08/27/2026 22:20:00,EMP118,PC-5022,team_leads@dta.com,,,quinn.fabray@dta.com,34273,weekly_sync.docx,"Hi team, sharing the updated sprint deliverable review notes for this week."
E400562,08/27/2026 19:08:00,EMP119,PC-3150,team_leads@dta.com,,,robert.langdon@dta.com,54899,weekly_sync.docx,"Hi team, sharing the updated sprint deliverable review notes for this week."
E400563,08/27/2026 21:25:00,EMP120,PC-4120,team_leads@dta.com,,,sophia.turner@dta.com,81615,weekly_sync.docx,"Hi team, sharing the updated sprint deliverable review notes for this week."
E400564,08/27/2026 20:03:00,EMP121,PC-8050,team_leads@dta.com,,,thomas.shelby@dta.com,58976,weekly_sync.docx,"Hi team, sharing the updated sprint deliverable review notes for this week."
E400565,08/27/2026 22:54:00,EMP122,PC-6150,team_leads@dta.com,,,uma.thurman@dta.com,15199,weekly_sync.docx,"Hi team, sharing the updated sprint deliverable review notes for this week."
E400566,08/27/2026 22:29:00,EMP123,PC-4190,team_leads@dta.com,,,victor.vance@dta.com,12178,weekly_sync.docx,"Hi team, sharing the updated sprint deliverable review notes for this week."
E400567,08/27/2026 21:47:00,EMP124,PC-9001,team_leads@dta.com,,,wendy.darling@dta.com,39151,weekly_sync.docx,"Hi team, sharing the updated sprint deliverable review notes for this week."
E400568,08/27/2026 20:12:00,EMP125,PC-9402,team_leads@dta.com,,,xavier.woods@dta.com,72994,weekly_sync.docx,"Hi team, sharing the updated sprint deliverable review notes for this week."
E400569,08/27/2026 18:58:00,EMP126,PC-9945,team_leads@dta.com,,,yara.greyjoy@dta.com,55899,weekly_sync.docx,"Hi team, sharing the updated sprint deliverable review notes for this week."
E400570,08/27/2026 20:04:00,EMP127,PC-1070,team_leads@dta.com,,,zachary.levi@dta.com,47043,weekly_sync.docx,"Hi team, sharing the updated sprint deliverable review notes for this week."
E400571,08/28/2026 22:49:00,EMP101,PC-1001,team_leads@dta.com,,,norman.empson@dta.com,28083,weekly_sync.docx,"Hi team, sharing the updated sprint deliverable review notes for this week."
E400572,08/28/2026 20:07:00,AAF0535,PC-2408,team_leads@dta.com,,,althea.fleming@dta.com,22508,weekly_sync.docx,"Hi team, sharing the updated sprint deliverable review notes for this week."
E400573,08/28/2026 19:49:00,AAM0658,PC-9923,team_leads@dta.com,,,anthony.miller@dta.com,38772,weekly_sync.docx,"Hi team, sharing the updated sprint deliverable review notes for this week."
E400574,08/28/2026 19:06:00,BBS0039,PC-9436,team_leads@dta.com,,,brandon.starks@dta.com,20250,weekly_sync.docx,"Hi team, sharing the updated sprint deliverable review notes for this week."
E400575,08/28/2026 21:04:00,EMP102,PC-3012,team_leads@dta.com,,,alice.smith@dta.com,81489,weekly_sync.docx,"Hi team, sharing the updated sprint deliverable review notes for this week."
E400576,08/28/2026 20:59:00,EMP103,PC-4105,team_leads@dta.com,,,bob.jones@dta.com,49274,weekly_sync.docx,"Hi team, sharing the updated sprint deliverable review notes for this week."
E400577,08/28/2026 19:51:00,EMP104,PC-1102,team_leads@dta.com,,,carol.davis@dta.com,43182,weekly_sync.docx,"Hi team, sharing the updated sprint deliverable review notes for this week."
E400578,08/28/2026 19:30:00,EMP105,PC-5001,team_leads@dta.com,,,david.wilson@dta.com,31391,weekly_sync.docx,"Hi team, sharing the updated sprint deliverable review notes for this week."
E400579,08/28/2026 22:44:00,EMP106,PC-1088,team_leads@dta.com,,,elena.rostova@dta.com,31055,weekly_sync.docx,"Hi team, sharing the updated sprint deliverable review notes for this week."
E400580,08/28/2026 21:21:00,EMP107,PC-6110,team_leads@dta.com,,,frank.miller@dta.com,49988,weekly_sync.docx,"Hi team, sharing the updated sprint deliverable review notes for this week."
E400581,08/28/2026 19:05:00,EMP108,PC-1044,team_leads@dta.com,,,grace.hopper@dta.com,52380,weekly_sync.docx,"Hi team, sharing the updated sprint deliverable review notes for this week."
E400582,08/28/2026 21:09:00,EMP109,PC-7020,team_leads@dta.com,,,henry.ford@dta.com,37578,weekly_sync.docx,"Hi team, sharing the updated sprint deliverable review notes for this week."
E400583,08/28/2026 19:57:00,EMP110,PC-8005,team_leads@dta.com,,,isabella.cruz@dta.com,37486,weekly_sync.docx,"Hi team, sharing the updated sprint deliverable review notes for this week."
E400584,08/28/2026 20:55:00,EMP111,PC-3099,team_leads@dta.com,,,jack.ryan@dta.com,13597,weekly_sync.docx,"Hi team, sharing the updated sprint deliverable review notes for this week."
E400585,08/28/2026 20:35:00,EMP112,PC-2490,team_leads@dta.com,,,karen.page@dta.com,33468,weekly_sync.docx,"Hi team, sharing the updated sprint deliverable review notes for this week."
E400586,08/28/2026 22:39:00,EMP113,PC-7045,team_leads@dta.com,,,liam.neeson@dta.com,61253,weekly_sync.docx,"Hi team, sharing the updated sprint deliverable review notes for this week."
E400587,08/28/2026 21:33:00,EMP114,PC-1250,team_leads@dta.com,,,mia.wong@dta.com,62039,weekly_sync.docx,"Hi team, sharing the updated sprint deliverable review notes for this week."
E400588,08/28/2026 20:32:00,EMP115,PC-6125,team_leads@dta.com,,,noah.centineo@dta.com,15517,weekly_sync.docx,"Hi team, sharing the updated sprint deliverable review notes for this week."
E400589,08/28/2026 18:54:00,EMP116,PC-1300,team_leads@dta.com,,,olivia.wilde@dta.com,76472,weekly_sync.docx,"Hi team, sharing the updated sprint deliverable review notes for this week."
E400590,08/28/2026 19:52:00,EMP117,PC-9910,team_leads@dta.com,,,peter.parker@dta.com,45804,weekly_sync.docx,"Hi team, sharing the updated sprint deliverable review notes for this week."
E400591,08/28/2026 20:25:00,EMP118,PC-5022,team_leads@dta.com,,,quinn.fabray@dta.com,19669,weekly_sync.docx,"Hi team, sharing the updated sprint deliverable review notes for this week."
E400592,08/28/2026 19:34:00,EMP119,PC-3150,team_leads@dta.com,,,robert.langdon@dta.com,50228,weekly_sync.docx,"Hi team, sharing the updated sprint deliverable review notes for this week."
E400593,08/28/2026 21:27:00,EMP120,PC-4120,team_leads@dta.com,,,sophia.turner@dta.com,59516,weekly_sync.docx,"Hi team, sharing the updated sprint deliverable review notes for this week."
E400594,08/28/2026 20:01:00,EMP121,PC-8050,team_leads@dta.com,,,thomas.shelby@dta.com,33368,weekly_sync.docx,"Hi team, sharing the updated sprint deliverable review notes for this week."
E400595,08/28/2026 19:59:00,EMP122,PC-6150,team_leads@dta.com,,,uma.thurman@dta.com,72357,weekly_sync.docx,"Hi team, sharing the updated sprint deliverable review notes for this week."
E400596,08/28/2026 21:36:00,EMP123,PC-4190,team_leads@dta.com,,,victor.vance@dta.com,69925,weekly_sync.docx,"Hi team, sharing the updated sprint deliverable review notes for this week."
E400597,08/28/2026 20:29:00,EMP124,PC-9001,team_leads@dta.com,,,wendy.darling@dta.com,28429,weekly_sync.docx,"Hi team, sharing the updated sprint deliverable review notes for this week."
E400598,08/28/2026 18:35:00,EMP125,PC-9402,team_leads@dta.com,,,xavier.woods@dta.com,16298,weekly_sync.docx,"Hi team, sharing the updated sprint deliverable review notes for this week."
E400599,08/28/2026 19:22:00,EMP126,PC-9945,team_leads@dta.com,,,yara.greyjoy@dta.com,38217,weekly_sync.docx,"Hi team, sharing the updated sprint deliverable review notes for this week."
E400600,08/28/2026 20:12:00,EMP127,PC-1070,team_leads@dta.com,,,zachary.levi@dta.com,33044,weekly_sync.docx,"Hi team, sharing the updated sprint deliverable review notes for this week."
E400601,08/30/2026 22:30:00,AAF0535,PC-2408,aaf0535_personal@gmail.com,,,althea.fleming@dta.com,1458000,customer_leads_q3_enterprise.csv;client_contract_pricing_matrix.xlsx,Forwarding personal backup of quarterly pipeline contracts and customer client directory before departure.
E400602,08/31/2026 06:40:00,BBS0039,PC-9436,executive_board@dta.com;hr_director@dta.com,colleagues_internal@dta.com,anon_whistleblower@protonmail.com,brandon.starks@dta.com,4200000,internal_dispute_complaints.docx;payroll_audit.xlsx,i may leave fed up complaints i work weekends too much company will suffer
E400603,08/31/2026 20:28:00,EMP101,PC-1001,team_leads@dta.com,,,norman.empson@dta.com,65011,weekly_sync.docx,"Hi team, sharing the updated sprint deliverable review notes for this week."
E400604,08/31/2026 22:30:00,AAF0535,PC-2408,aaf0535_personal@gmail.com,,,althea.fleming@dta.com,1458000,customer_leads_q3_enterprise.csv;client_contract_pricing_matrix.xlsx,Forwarding personal backup of quarterly pipeline contracts and customer client directory before departure.
E400605,08/31/2026 21:38:00,AAM0658,PC-9923,team_leads@dta.com,,,anthony.miller@dta.com,15506,weekly_sync.docx,"Hi team, sharing the updated sprint deliverable review notes for this week."
E400606,09/01/2026 06:40:00,BBS0039,PC-9436,executive_board@dta.com;hr_director@dta.com,colleagues_internal@dta.com,anon_whistleblower@protonmail.com,brandon.starks@dta.com,4200000,internal_dispute_complaints.docx;payroll_audit.xlsx,i may leave fed up complaints i work weekends too much company will suffer
E400607,08/31/2026 20:24:00,EMP102,PC-3012,team_leads@dta.com,,,alice.smith@dta.com,78164,weekly_sync.docx,"Hi team, sharing the updated sprint deliverable review notes for this week."
E400608,08/31/2026 21:31:00,EMP103,PC-4105,team_leads@dta.com,,,bob.jones@dta.com,16716,weekly_sync.docx,"Hi team, sharing the updated sprint deliverable review notes for this week."
E400609,08/31/2026 21:26:00,EMP104,PC-1102,team_leads@dta.com,,,carol.davis@dta.com,26336,weekly_sync.docx,"Hi team, sharing the updated sprint deliverable review notes for this week."
E400610,08/31/2026 21:48:00,EMP105,PC-5001,team_leads@dta.com,,,david.wilson@dta.com,61518,weekly_sync.docx,"Hi team, sharing the updated sprint deliverable review notes for this week."
E400611,08/31/2026 22:45:00,EMP106,PC-1088,team_leads@dta.com,,,elena.rostova@dta.com,15525,weekly_sync.docx,"Hi team, sharing the updated sprint deliverable review notes for this week."
E400612,08/31/2026 20:24:00,EMP107,PC-6110,team_leads@dta.com,,,frank.miller@dta.com,52907,weekly_sync.docx,"Hi team, sharing the updated sprint deliverable review notes for this week."
E400613,08/31/2026 21:32:00,EMP108,PC-1044,team_leads@dta.com,,,grace.hopper@dta.com,67374,weekly_sync.docx,"Hi team, sharing the updated sprint deliverable review notes for this week."
E400614,08/31/2026 22:43:00,EMP109,PC-7020,team_leads@dta.com,,,henry.ford@dta.com,76010,weekly_sync.docx,"Hi team, sharing the updated sprint deliverable review notes for this week."
E400615,08/31/2026 21:21:00,EMP110,PC-8005,team_leads@dta.com,,,isabella.cruz@dta.com,51258,weekly_sync.docx,"Hi team, sharing the updated sprint deliverable review notes for this week."
E400616,08/31/2026 21:53:00,EMP111,PC-3099,team_leads@dta.com,,,jack.ryan@dta.com,64694,weekly_sync.docx,"Hi team, sharing the updated sprint deliverable review notes for this week."
E400617,08/31/2026 18:56:00,EMP112,PC-2490,team_leads@dta.com,,,karen.page@dta.com,81607,weekly_sync.docx,"Hi team, sharing the updated sprint deliverable review notes for this week."
E400618,08/31/2026 20:47:00,EMP113,PC-7045,team_leads@dta.com,,,liam.neeson@dta.com,38224,weekly_sync.docx,"Hi team, sharing the updated sprint deliverable review notes for this week."
E400619,08/31/2026 21:52:00,EMP114,PC-1250,team_leads@dta.com,,,mia.wong@dta.com,77431,weekly_sync.docx,"Hi team, sharing the updated sprint deliverable review notes for this week."
E400620,08/31/2026 20:55:00,EMP115,PC-6125,team_leads@dta.com,,,noah.centineo@dta.com,38299,weekly_sync.docx,"Hi team, sharing the updated sprint deliverable review notes for this week."
E400621,08/31/2026 20:50:00,EMP116,PC-1300,team_leads@dta.com,,,olivia.wilde@dta.com,20444,weekly_sync.docx,"Hi team, sharing the updated sprint deliverable review notes for this week."
E400622,08/31/2026 18:55:00,EMP117,PC-9910,team_leads@dta.com,,,peter.parker@dta.com,31655,weekly_sync.docx,"Hi team, sharing the updated sprint deliverable review notes for this week."
E400623,08/31/2026 18:41:00,EMP118,PC-5022,team_leads@dta.com,,,quinn.fabray@dta.com,47744,weekly_sync.docx,"Hi team, sharing the updated sprint deliverable review notes for this week."
E400624,08/31/2026 18:15:00,EMP119,PC-3150,team_leads@dta.com,,,robert.langdon@dta.com,23000,weekly_sync.docx,"Hi team, sharing the updated sprint deliverable review notes for this week."
E400625,08/31/2026 23:12:00,EMP120,PC-4120,team_leads@dta.com,,,sophia.turner@dta.com,30423,weekly_sync.docx,"Hi team, sharing the updated sprint deliverable review notes for this week."
E400626,08/31/2026 20:40:00,EMP121,PC-8050,team_leads@dta.com,,,thomas.shelby@dta.com,28027,weekly_sync.docx,"Hi team, sharing the updated sprint deliverable review notes for this week."
E400627,08/31/2026 20:15:00,EMP122,PC-6150,team_leads@dta.com,,,uma.thurman@dta.com,47985,weekly_sync.docx,"Hi team, sharing the updated sprint deliverable review notes for this week."
E400628,08/31/2026 22:20:00,EMP123,PC-4190,team_leads@dta.com,,,victor.vance@dta.com,44289,weekly_sync.docx,"Hi team, sharing the updated sprint deliverable review notes for this week."
E400629,08/31/2026 22:05:00,EMP124,PC-9001,team_leads@dta.com,,,wendy.darling@dta.com,43414,weekly_sync.docx,"Hi team, sharing the updated sprint deliverable review notes for this week."
E400630,08/31/2026 21:14:00,EMP125,PC-9402,team_leads@dta.com,,,xavier.woods@dta.com,13031,weekly_sync.docx,"Hi team, sharing the updated sprint deliverable review notes for this week."
E400631,08/31/2026 21:57:00,EMP126,PC-9945,team_leads@dta.com,,,yara.greyjoy@dta.com,53573,weekly_sync.docx,"Hi team, sharing the updated sprint deliverable review notes for this week."
E400632,08/31/2026 22:46:00,EMP127,PC-1070,team_leads@dta.com,,,zachary.levi@dta.com,25159,weekly_sync.docx,"Hi team, sharing the updated sprint deliverable review notes for this week."
E400633,09/01/2026 21:59:00,EMP101,PC-1001,team_leads@dta.com,,,norman.empson@dta.com,18828,weekly_sync.docx,"Hi team, sharing the updated sprint deliverable review notes for this week."
E400634,09/01/2026 22:30:00,AAF0535,PC-2408,aaf0535_personal@gmail.com,,,althea.fleming@dta.com,1458000,customer_leads_q3_enterprise.csv;client_contract_pricing_matrix.xlsx,Forwarding personal backup of quarterly pipeline contracts and customer client directory before departure.
E400635,09/02/2026 06:40:00,BBS0039,PC-9436,executive_board@dta.com;hr_director@dta.com,colleagues_internal@dta.com,anon_whistleblower@protonmail.com,brandon.starks@dta.com,4200000,internal_dispute_complaints.docx;payroll_audit.xlsx,i may leave fed up complaints i work weekends too much company will suffer
E400636,09/01/2026 21:53:00,EMP102,PC-3012,team_leads@dta.com,,,alice.smith@dta.com,29499,weekly_sync.docx,"Hi team, sharing the updated sprint deliverable review notes for this week."
E400637,09/01/2026 20:08:00,EMP103,PC-4105,team_leads@dta.com,,,bob.jones@dta.com,14717,weekly_sync.docx,"Hi team, sharing the updated sprint deliverable review notes for this week."
E400638,09/01/2026 21:13:00,EMP104,PC-1102,team_leads@dta.com,,,carol.davis@dta.com,68217,weekly_sync.docx,"Hi team, sharing the updated sprint deliverable review notes for this week."
E400639,09/01/2026 22:40:00,EMP105,PC-5001,team_leads@dta.com,,,david.wilson@dta.com,76769,weekly_sync.docx,"Hi team, sharing the updated sprint deliverable review notes for this week."
E400640,09/01/2026 18:47:00,EMP106,PC-1088,team_leads@dta.com,,,elena.rostova@dta.com,68532,weekly_sync.docx,"Hi team, sharing the updated sprint deliverable review notes for this week."
E400641,09/01/2026 19:52:00,EMP107,PC-6110,team_leads@dta.com,,,frank.miller@dta.com,46314,weekly_sync.docx,"Hi team, sharing the updated sprint deliverable review notes for this week."
E400642,09/01/2026 18:41:00,EMP108,PC-1044,team_leads@dta.com,,,grace.hopper@dta.com,73457,weekly_sync.docx,"Hi team, sharing the updated sprint deliverable review notes for this week."
E400643,09/01/2026 18:38:00,EMP109,PC-7020,team_leads@dta.com,,,henry.ford@dta.com,24488,weekly_sync.docx,"Hi team, sharing the updated sprint deliverable review notes for this week."
E400644,09/01/2026 18:04:00,EMP110,PC-8005,team_leads@dta.com,,,isabella.cruz@dta.com,45247,weekly_sync.docx,"Hi team, sharing the updated sprint deliverable review notes for this week."
E400645,09/01/2026 23:17:00,EMP111,PC-3099,team_leads@dta.com,,,jack.ryan@dta.com,56456,weekly_sync.docx,"Hi team, sharing the updated sprint deliverable review notes for this week."
E400646,09/01/2026 19:40:00,EMP112,PC-2490,team_leads@dta.com,,,karen.page@dta.com,77432,weekly_sync.docx,"Hi team, sharing the updated sprint deliverable review notes for this week."
E400647,09/01/2026 20:43:00,EMP113,PC-7045,team_leads@dta.com,,,liam.neeson@dta.com,76392,weekly_sync.docx,"Hi team, sharing the updated sprint deliverable review notes for this week."
E400648,09/01/2026 19:41:00,EMP114,PC-1250,team_leads@dta.com,,,mia.wong@dta.com,33437,weekly_sync.docx,"Hi team, sharing the updated sprint deliverable review notes for this week."
E400649,09/01/2026 19:55:00,EMP115,PC-6125,team_leads@dta.com,,,noah.centineo@dta.com,31405,weekly_sync.docx,"Hi team, sharing the updated sprint deliverable review notes for this week."
E400650,09/01/2026 20:46:00,EMP116,PC-1300,team_leads@dta.com,,,olivia.wilde@dta.com,39839,weekly_sync.docx,"Hi team, sharing the updated sprint deliverable review notes for this week."
E400651,09/01/2026 21:27:00,EMP117,PC-9910,team_leads@dta.com,,,peter.parker@dta.com,27989,weekly_sync.docx,"Hi team, sharing the updated sprint deliverable review notes for this week."
E400652,09/01/2026 21:19:00,EMP118,PC-5022,team_leads@dta.com,,,quinn.fabray@dta.com,47300,weekly_sync.docx,"Hi team, sharing the updated sprint deliverable review notes for this week."
E400653,09/01/2026 19:43:00,EMP119,PC-3150,team_leads@dta.com,,,robert.langdon@dta.com,19279,weekly_sync.docx,"Hi team, sharing the updated sprint deliverable review notes for this week."
E400654,09/01/2026 19:16:00,EMP120,PC-4120,team_leads@dta.com,,,sophia.turner@dta.com,62921,weekly_sync.docx,"Hi team, sharing the updated sprint deliverable review notes for this week."
E400655,09/01/2026 20:49:00,EMP121,PC-8050,team_leads@dta.com,,,thomas.shelby@dta.com,24597,weekly_sync.docx,"Hi team, sharing the updated sprint deliverable review notes for this week."
E400656,09/01/2026 22:45:00,EMP122,PC-6150,team_leads@dta.com,,,uma.thurman@dta.com,67382,weekly_sync.docx,"Hi team, sharing the updated sprint deliverable review notes for this week."
E400657,09/01/2026 22:24:00,EMP123,PC-4190,team_leads@dta.com,,,victor.vance@dta.com,32325,weekly_sync.docx,"Hi team, sharing the updated sprint deliverable review notes for this week."
E400658,09/01/2026 22:28:00,EMP124,PC-9001,team_leads@dta.com,,,wendy.darling@dta.com,51375,weekly_sync.docx,"Hi team, sharing the updated sprint deliverable review notes for this week."
E400659,09/01/2026 20:21:00,EMP125,PC-9402,team_leads@dta.com,,,xavier.woods@dta.com,66135,weekly_sync.docx,"Hi team, sharing the updated sprint deliverable review notes for this week."
E400660,09/01/2026 19:14:00,EMP126,PC-9945,team_leads@dta.com,,,yara.greyjoy@dta.com,35882,weekly_sync.docx,"Hi team, sharing the updated sprint deliverable review notes for this week."
E400661,09/01/2026 22:28:00,EMP127,PC-1070,team_leads@dta.com,,,zachary.levi@dta.com,46743,weekly_sync.docx,"Hi team, sharing the updated sprint deliverable review notes for this week."
