id,date,user,pc,filename,content
F300001,08/03/2026 22:30:00,EMP101,PC-1001,C:/Users/EMP101/Documents/weekly_status_report.pdf,Routine local document modification and project repository commit.
F300002,08/03/2026 23:29:00,AAF0535,PC-2408,C:/Users/AAF0535/Documents/unit_test_coverage.py,Routine local document modification and project repository commit.
F300003,08/03/2026 23:07:00,AAM0658,PC-9923,C:/Users/AAM0658/Documents/weekly_status_report.pdf,Routine local document modification and project repository commit.
F300004,08/03/2026 19:40:00,BBS0039,PC-9436,C:/Users/BBS0039/Documents/customer_feedback_summary.docx,Routine local document modification and project repository commit.
F300005,08/03/2026 17:57:00,EMP102,PC-3012,C:/Users/EMP102/Documents/unit_test_coverage.py,Routine local document modification and project repository commit.
F300006,08/03/2026 20:13:00,EMP103,PC-4105,C:/Users/EMP103/Documents/feature_spec_draft.md,Routine local document modification and project repository commit.
F300007,08/03/2026 22:15:00,EMP104,PC-1102,C:/Users/EMP104/Documents/feature_spec_draft.md,Routine local document modification and project repository commit.
F300008,08/03/2026 21:50:00,EMP105,PC-5001,C:/Users/EMP105/Documents/customer_feedback_summary.docx,Routine local document modification and project repository commit.
F300009,08/03/2026 20:54:00,EMP106,PC-1088,C:/Users/EMP106/Documents/weekly_status_report.pdf,Routine local document modification and project repository commit.
F300010,08/03/2026 19:41:00,EMP107,PC-6110,C:/Users/EMP107/Documents/customer_feedback_summary.docx,Routine local document modification and project repository commit.
F300011,08/03/2026 21:25:00,EMP108,PC-1044,C:/Users/EMP108/Documents/feature_spec_draft.md,Routine local document modification and project repository commit.
F300012,08/03/2026 22:27:00,EMP109,PC-7020,C:/Users/EMP109/Documents/sprint_retro_notes.docx,Routine local document modification and project repository commit.
F300013,08/03/2026 18:56:00,EMP110,PC-8005,C:/Users/EMP110/Documents/customer_feedback_summary.docx,Routine local document modification and project repository commit.
F300014,08/03/2026 21:18:00,EMP111,PC-3099,C:/Users/EMP111/Documents/sprint_retro_notes.docx,Routine local document modification and project repository commit.
F300015,08/03/2026 19:34:00,EMP112,PC-2490,C:/Users/EMP112/Documents/sprint_retro_notes.docx,Routine local document modification and project repository commit.
F300016,08/03/2026 22:40:00,EMP113,PC-7045,C:/Users/EMP113/Documents/unit_test_coverage.py,Routine local document modification and project repository commit.
F300017,08/03/2026 21:06:00,EMP114,PC-1250,C:/Users/EMP114/Documents/feature_spec_draft.md,Routine local document modification and project repository commit.
F300018,08/03/2026 20:39:00,EMP115,PC-6125,C:/Users/EMP115/Documents/unit_test_coverage.py,Routine local document modification and project repository commit.
F300019,08/03/2026 18:29:00,EMP116,PC-1300,C:/Users/EMP116/Documents/feature_spec_draft.md,Routine local document modification and project repository commit.
F300020,08/03/2026 19:40:00,EMP117,PC-9910,C:/Users/EMP117/Documents/feature_spec_draft.md,Routine local document modification and project repository commit.
F300021,08/03/2026 20:49:00,EMP118,PC-5022,C:/Users/EMP118/Documents/sprint_retro_notes.docx,Routine local document modification and project repository commit.
F300022,08/03/2026 19:03:00,EMP119,PC-3150,C:/Users/EMP119/Documents/feature_spec_draft.md,Routine local document modification and project repository commit.
F300023,08/03/2026 19:23:00,EMP120,PC-4120,C:/Users/EMP120/Documents/weekly_status_report.pdf,Routine local document modification and project repository commit.
F300024,08/03/2026 18:59:00,EMP121,PC-8050,C:/Users/EMP121/Documents/sprint_retro_notes.docx,Routine local document modification and project repository commit.
F300025,08/03/2026 22:46:00,EMP122,PC-6150,C:/Users/EMP122/Documents/weekly_status_report.pdf,Routine local document modification and project repository commit.
F300026,08/03/2026 22:25:00,EMP123,PC-4190,C:/Users/EMP123/Documents/unit_test_coverage.py,Routine local document modification and project repository commit.
F300027,08/03/2026 21:55:00,EMP124,PC-9001,C:/Users/EMP124/Documents/weekly_status_report.pdf,Routine local document modification and project repository commit.
F300028,08/03/2026 19:02:00,EMP125,PC-9402,C:/Users/EMP125/Documents/feature_spec_draft.md,Routine local document modification and project repository commit.
F300029,08/03/2026 18:12:00,EMP126,PC-9945,C:/Users/EMP126/Documents/sprint_retro_notes.docx,Routine local document modification and project repository commit.
F300030,08/03/2026 18:41:00,EMP127,PC-1070,C:/Users/EMP127/Documents/unit_test_coverage.py,Routine local document modification and project repository commit.
F300031,08/04/2026 19:33:00,EMP101,PC-1001,C:/Users/EMP101/Documents/weekly_status_report.pdf,Routine local document modification and project repository commit.
F300032,08/04/2026 19:56:00,AAF0535,PC-2408,C:/Users/AAF0535/Documents/sprint_retro_notes.docx,Routine local document modification and project repository commit.
F300033,08/04/2026 21:45:00,AAM0658,PC-9923,C:/Users/AAM0658/Documents/customer_feedback_summary.docx,Routine local document modification and project repository commit.
F300034,08/04/2026 20:59:00,BBS0039,PC-9436,C:/Users/BBS0039/Documents/customer_feedback_summary.docx,Routine local document modification and project repository commit.
F300035,08/04/2026 20:16:00,EMP102,PC-3012,C:/Users/EMP102/Documents/weekly_status_report.pdf,Routine local document modification and project repository commit.
F300036,08/04/2026 22:05:00,EMP103,PC-4105,C:/Users/EMP103/Documents/weekly_status_report.pdf,Routine local document modification and project repository commit.
F300037,08/04/2026 20:53:00,EMP104,PC-1102,C:/Users/EMP104/Documents/customer_feedback_summary.docx,Routine local document modification and project repository commit.
F300038,08/04/2026 22:04:00,EMP105,PC-5001,C:/Users/EMP105/Documents/unit_test_coverage.py,Routine local document modification and project repository commit.
F300039,08/04/2026 19:42:00,EMP106,PC-1088,C:/Users/EMP106/Documents/weekly_status_report.pdf,Routine local document modification and project repository commit.
F300040,08/04/2026 20:33:00,EMP107,PC-6110,C:/Users/EMP107/Documents/customer_feedback_summary.docx,Routine local document modification and project repository commit.
F300041,08/04/2026 22:02:00,EMP108,PC-1044,C:/Users/EMP108/Documents/unit_test_coverage.py,Routine local document modification and project repository commit.
F300042,08/04/2026 22:34:00,EMP109,PC-7020,C:/Users/EMP109/Documents/customer_feedback_summary.docx,Routine local document modification and project repository commit.
F300043,08/04/2026 20:51:00,EMP110,PC-8005,C:/Users/EMP110/Documents/unit_test_coverage.py,Routine local document modification and project repository commit.
F300044,08/04/2026 21:31:00,EMP111,PC-3099,C:/Users/EMP111/Documents/weekly_status_report.pdf,Routine local document modification and project repository commit.
F300045,08/04/2026 18:57:00,EMP112,PC-2490,C:/Users/EMP112/Documents/sprint_retro_notes.docx,Routine local document modification and project repository commit.
F300046,08/04/2026 18:44:00,EMP113,PC-7045,C:/Users/EMP113/Documents/customer_feedback_summary.docx,Routine local document modification and project repository commit.
F300047,08/04/2026 19:14:00,EMP114,PC-1250,C:/Users/EMP114/Documents/feature_spec_draft.md,Routine local document modification and project repository commit.
F300048,08/04/2026 22:30:00,EMP115,PC-6125,C:/Users/EMP115/Documents/unit_test_coverage.py,Routine local document modification and project repository commit.
F300049,08/04/2026 17:50:00,EMP116,PC-1300,C:/Users/EMP116/Documents/weekly_status_report.pdf,Routine local document modification and project repository commit.
F300050,08/04/2026 21:29:00,EMP117,PC-9910,C:/Users/EMP117/Documents/sprint_retro_notes.docx,Routine local document modification and project repository commit.
F300051,08/04/2026 18:40:00,EMP118,PC-5022,C:/Users/EMP118/Documents/unit_test_coverage.py,Routine local document modification and project repository commit.
F300052,08/04/2026 19:01:00,EMP119,PC-3150,C:/Users/EMP119/Documents/customer_feedback_summary.docx,Routine local document modification and project repository commit.
F300053,08/04/2026 17:57:00,EMP120,PC-4120,C:/Users/EMP120/Documents/customer_feedback_summary.docx,Routine local document modification and project repository commit.
F300054,08/04/2026 22:16:00,EMP121,PC-8050,C:/Users/EMP121/Documents/feature_spec_draft.md,Routine local document modification and project repository commit.
F300055,08/04/2026 22:57:00,EMP122,PC-6150,C:/Users/EMP122/Documents/feature_spec_draft.md,Routine local document modification and project repository commit.
F300056,08/04/2026 23:14:00,EMP123,PC-4190,C:/Users/EMP123/Documents/weekly_status_report.pdf,Routine local document modification and project repository commit.
F300057,08/04/2026 20:09:00,EMP124,PC-9001,C:/Users/EMP124/Documents/sprint_retro_notes.docx,Routine local document modification and project repository commit.
F300058,08/04/2026 22:15:00,EMP125,PC-9402,C:/Users/EMP125/Documents/sprint_retro_notes.docx,Routine local document modification and project repository commit.
F300059,08/04/2026 22:45:00,EMP126,PC-9945,C:/Users/EMP126/Documents/feature_spec_draft.md,Routine local document modification and project repository commit.
F300060,08/04/2026 21:20:00,EMP127,PC-1070,C:/Users/EMP127/Documents/customer_feedback_summary.docx,Routine local document modification and project repository commit.
F300061,08/05/2026 19:36:00,EMP101,PC-1001,C:/Users/EMP101/Documents/unit_test_coverage.py,Routine local document modification and project repository commit.
F300062,08/05/2026 18:03:00,AAF0535,PC-2408,C:/Users/AAF0535/Documents/unit_test_coverage.py,Routine local document modification and project repository commit.
F300063,08/05/2026 18:34:00,AAM0658,PC-9923,C:/Users/AAM0658/Documents/sprint_retro_notes.docx,Routine local document modification and project repository commit.
F300064,08/05/2026 21:25:00,BBS0039,PC-9436,C:/Users/BBS0039/Documents/weekly_status_report.pdf,Routine local document modification and project repository commit.
F300065,08/05/2026 23:52:00,EMP102,PC-3012,C:/Users/EMP102/Documents/sprint_retro_notes.docx,Routine local document modification and project repository commit.
F300066,08/05/2026 23:21:00,EMP103,PC-4105,C:/Users/EMP103/Documents/unit_test_coverage.py,Routine local document modification and project repository commit.
F300067,08/05/2026 18:58:00,EMP104,PC-1102,C:/Users/EMP104/Documents/customer_feedback_summary.docx,Routine local document modification and project repository commit.
F300068,08/05/2026 18:18:00,EMP105,PC-5001,C:/Users/EMP105/Documents/unit_test_coverage.py,Routine local document modification and project repository commit.
F300069,08/05/2026 22:36:00,EMP106,PC-1088,C:/Users/EMP106/Documents/sprint_retro_notes.docx,Routine local document modification and project repository commit.
F300070,08/05/2026 19:52:00,EMP107,PC-6110,C:/Users/EMP107/Documents/sprint_retro_notes.docx,Routine local document modification and project repository commit.
F300071,08/05/2026 20:57:00,EMP108,PC-1044,C:/Users/EMP108/Documents/customer_feedback_summary.docx,Routine local document modification and project repository commit.
F300072,08/05/2026 20:13:00,EMP109,PC-7020,C:/Users/EMP109/Documents/sprint_retro_notes.docx,Routine local document modification and project repository commit.
F300073,08/05/2026 23:16:00,EMP110,PC-8005,C:/Users/EMP110/Documents/feature_spec_draft.md,Routine local document modification and project repository commit.
F300074,08/05/2026 18:30:00,EMP111,PC-3099,C:/Users/EMP111/Documents/unit_test_coverage.py,Routine local document modification and project repository commit.
F300075,08/05/2026 20:27:00,EMP112,PC-2490,C:/Users/EMP112/Documents/weekly_status_report.pdf,Routine local document modification and project repository commit.
F300076,08/05/2026 23:02:00,EMP113,PC-7045,C:/Users/EMP113/Documents/feature_spec_draft.md,Routine local document modification and project repository commit.
F300077,08/05/2026 18:19:00,EMP114,PC-1250,C:/Users/EMP114/Documents/sprint_retro_notes.docx,Routine local document modification and project repository commit.
F300078,08/05/2026 18:17:00,EMP115,PC-6125,C:/Users/EMP115/Documents/feature_spec_draft.md,Routine local document modification and project repository commit.
F300079,08/05/2026 19:59:00,EMP116,PC-1300,C:/Users/EMP116/Documents/feature_spec_draft.md,Routine local document modification and project repository commit.
F300080,08/05/2026 19:36:00,EMP117,PC-9910,C:/Users/EMP117/Documents/customer_feedback_summary.docx,Routine local document modification and project repository commit.
F300081,08/05/2026 20:12:00,EMP118,PC-5022,C:/Users/EMP118/Documents/unit_test_coverage.py,Routine local document modification and project repository commit.
F300082,08/05/2026 21:31:00,EMP119,PC-3150,C:/Users/EMP119/Documents/unit_test_coverage.py,Routine local document modification and project repository commit.
F300083,08/05/2026 18:45:00,EMP120,PC-4120,C:/Users/EMP120/Documents/feature_spec_draft.md,Routine local document modification and project repository commit.
F300084,08/05/2026 20:18:00,EMP121,PC-8050,C:/Users/EMP121/Documents/customer_feedback_summary.docx,Routine local document modification and project repository commit.
F300085,08/05/2026 22:16:00,EMP122,PC-6150,C:/Users/EMP122/Documents/sprint_retro_notes.docx,Routine local document modification and project repository commit.
F300086,08/05/2026 21:21:00,EMP123,PC-4190,C:/Users/EMP123/Documents/feature_spec_draft.md,Routine local document modification and project repository commit.
F300087,08/05/2026 21:51:00,EMP124,PC-9001,C:/Users/EMP124/Documents/customer_feedback_summary.docx,Routine local document modification and project repository commit.
F300088,08/05/2026 20:47:00,EMP125,PC-9402,C:/Users/EMP125/Documents/sprint_retro_notes.docx,Routine local document modification and project repository commit.
F300089,08/05/2026 21:16:00,EMP126,PC-9945,C:/Users/EMP126/Documents/feature_spec_draft.md,Routine local document modification and project repository commit.
F300090,08/05/2026 23:13:00,EMP127,PC-1070,C:/Users/EMP127/Documents/weekly_status_report.pdf,Routine local document modification and project repository commit.
F300091,08/06/2026 21:56:00,EMP101,PC-1001,C:/Users/EMP101/Documents/weekly_status_report.pdf,Routine local document modification and project repository commit.
F300092,08/06/2026 23:51:00,AAF0535,PC-2408,C:/Users/AAF0535/Documents/unit_test_coverage.py,Routine local document modification and project repository commit.
F300093,08/06/2026 19:50:00,AAM0658,PC-9923,C:/Users/AAM0658/Documents/weekly_status_report.pdf,Routine local document modification and project repository commit.
F300094,08/06/2026 20:05:00,BBS0039,PC-9436,C:/Users/BBS0039/Documents/sprint_retro_notes.docx,Routine local document modification and project repository commit.
F300095,08/06/2026 19:29:00,EMP102,PC-3012,C:/Users/EMP102/Documents/customer_feedback_summary.docx,Routine local document modification and project repository commit.
F300096,08/06/2026 22:44:00,EMP103,PC-4105,C:/Users/EMP103/Documents/sprint_retro_notes.docx,Routine local document modification and project repository commit.
F300097,08/06/2026 18:00:00,EMP104,PC-1102,C:/Users/EMP104/Documents/weekly_status_report.pdf,Routine local document modification and project repository commit.
F300098,08/06/2026 20:49:00,EMP105,PC-5001,C:/Users/EMP105/Documents/customer_feedback_summary.docx,Routine local document modification and project repository commit.
F300099,08/06/2026 20:32:00,EMP106,PC-1088,C:/Users/EMP106/Documents/feature_spec_draft.md,Routine local document modification and project repository commit.
F300100,08/06/2026 19:43:00,EMP107,PC-6110,C:/Users/EMP107/Documents/sprint_retro_notes.docx,Routine local document modification and project repository commit.
F300101,08/06/2026 19:27:00,EMP108,PC-1044,C:/Users/EMP108/Documents/sprint_retro_notes.docx,Routine local document modification and project repository commit.
F300102,08/06/2026 19:58:00,EMP109,PC-7020,C:/Users/EMP109/Documents/unit_test_coverage.py,Routine local document modification and project repository commit.
F300103,08/06/2026 19:40:00,EMP110,PC-8005,C:/Users/EMP110/Documents/weekly_status_report.pdf,Routine local document modification and project repository commit.
F300104,08/06/2026 22:50:00,EMP111,PC-3099,C:/Users/EMP111/Documents/unit_test_coverage.py,Routine local document modification and project repository commit.
F300105,08/06/2026 19:24:00,EMP112,PC-2490,C:/Users/EMP112/Documents/feature_spec_draft.md,Routine local document modification and project repository commit.
F300106,08/06/2026 19:51:00,EMP113,PC-7045,C:/Users/EMP113/Documents/feature_spec_draft.md,Routine local document modification and project repository commit.
F300107,08/06/2026 20:19:00,EMP114,PC-1250,C:/Users/EMP114/Documents/feature_spec_draft.md,Routine local document modification and project repository commit.
F300108,08/06/2026 21:01:00,EMP115,PC-6125,C:/Users/EMP115/Documents/weekly_status_report.pdf,Routine local document modification and project repository commit.
F300109,08/06/2026 21:14:00,EMP116,PC-1300,C:/Users/EMP116/Documents/unit_test_coverage.py,Routine local document modification and project repository commit.
F300110,08/06/2026 21:09:00,EMP117,PC-9910,C:/Users/EMP117/Documents/customer_feedback_summary.docx,Routine local document modification and project repository commit.
F300111,08/06/2026 18:31:00,EMP118,PC-5022,C:/Users/EMP118/Documents/weekly_status_report.pdf,Routine local document modification and project repository commit.
F300112,08/06/2026 23:36:00,EMP119,PC-3150,C:/Users/EMP119/Documents/customer_feedback_summary.docx,Routine local document modification and project repository commit.
F300113,08/06/2026 22:47:00,EMP120,PC-4120,C:/Users/EMP120/Documents/feature_spec_draft.md,Routine local document modification and project repository commit.
F300114,08/06/2026 19:51:00,EMP121,PC-8050,C:/Users/EMP121/Documents/customer_feedback_summary.docx,Routine local document modification and project repository commit.
F300115,08/06/2026 22:19:00,EMP122,PC-6150,C:/Users/EMP122/Documents/feature_spec_draft.md,Routine local document modification and project repository commit.
F300116,08/06/2026 21:41:00,EMP123,PC-4190,C:/Users/EMP123/Documents/customer_feedback_summary.docx,Routine local document modification and project repository commit.
F300117,08/06/2026 20:01:00,EMP124,PC-9001,C:/Users/EMP124/Documents/sprint_retro_notes.docx,Routine local document modification and project repository commit.
F300118,08/06/2026 21:12:00,EMP125,PC-9402,C:/Users/EMP125/Documents/sprint_retro_notes.docx,Routine local document modification and project repository commit.
F300119,08/06/2026 21:28:00,EMP126,PC-9945,C:/Users/EMP126/Documents/feature_spec_draft.md,Routine local document modification and project repository commit.
F300120,08/06/2026 18:46:00,EMP127,PC-1070,C:/Users/EMP127/Documents/feature_spec_draft.md,Routine local document modification and project repository commit.
F300121,08/07/2026 19:20:00,EMP101,PC-1001,C:/Users/EMP101/Documents/weekly_status_report.pdf,Routine local document modification and project repository commit.
F300122,08/07/2026 20:31:00,AAF0535,PC-2408,C:/Users/AAF0535/Documents/unit_test_coverage.py,Routine local document modification and project repository commit.
F300123,08/07/2026 17:54:00,AAM0658,PC-9923,C:/Users/AAM0658/Documents/unit_test_coverage.py,Routine local document modification and project repository commit.
F300124,08/07/2026 21:17:00,BBS0039,PC-9436,C:/Users/BBS0039/Documents/unit_test_coverage.py,Routine local document modification and project repository commit.
F300125,08/07/2026 21:06:00,EMP102,PC-3012,C:/Users/EMP102/Documents/feature_spec_draft.md,Routine local document modification and project repository commit.
F300126,08/07/2026 20:39:00,EMP103,PC-4105,C:/Users/EMP103/Documents/feature_spec_draft.md,Routine local document modification and project repository commit.
F300127,08/07/2026 21:18:00,EMP104,PC-1102,C:/Users/EMP104/Documents/sprint_retro_notes.docx,Routine local document modification and project repository commit.
F300128,08/07/2026 21:16:00,EMP105,PC-5001,C:/Users/EMP105/Documents/customer_feedback_summary.docx,Routine local document modification and project repository commit.
F300129,08/07/2026 23:46:00,EMP106,PC-1088,C:/Users/EMP106/Documents/weekly_status_report.pdf,Routine local document modification and project repository commit.
F300130,08/07/2026 20:25:00,EMP107,PC-6110,C:/Users/EMP107/Documents/sprint_retro_notes.docx,Routine local document modification and project repository commit.
F300131,08/07/2026 21:31:00,EMP108,PC-1044,C:/Users/EMP108/Documents/weekly_status_report.pdf,Routine local document modification and project repository commit.
F300132,08/07/2026 19:30:00,EMP109,PC-7020,C:/Users/EMP109/Documents/weekly_status_report.pdf,Routine local document modification and project repository commit.
F300133,08/07/2026 21:50:00,EMP110,PC-8005,C:/Users/EMP110/Documents/customer_feedback_summary.docx,Routine local document modification and project repository commit.
F300134,08/07/2026 19:02:00,EMP111,PC-3099,C:/Users/EMP111/Documents/feature_spec_draft.md,Routine local document modification and project repository commit.
F300135,08/07/2026 22:32:00,EMP112,PC-2490,C:/Users/EMP112/Documents/unit_test_coverage.py,Routine local document modification and project repository commit.
F300136,08/07/2026 22:26:00,EMP113,PC-7045,C:/Users/EMP113/Documents/weekly_status_report.pdf,Routine local document modification and project repository commit.
F300137,08/07/2026 23:38:00,EMP114,PC-1250,C:/Users/EMP114/Documents/feature_spec_draft.md,Routine local document modification and project repository commit.
F300138,08/07/2026 21:28:00,EMP115,PC-6125,C:/Users/EMP115/Documents/sprint_retro_notes.docx,Routine local document modification and project repository commit.
F300139,08/07/2026 21:33:00,EMP116,PC-1300,C:/Users/EMP116/Documents/unit_test_coverage.py,Routine local document modification and project repository commit.
F300140,08/07/2026 18:33:00,EMP117,PC-9910,C:/Users/EMP117/Documents/weekly_status_report.pdf,Routine local document modification and project repository commit.
F300141,08/07/2026 19:01:00,EMP118,PC-5022,C:/Users/EMP118/Documents/customer_feedback_summary.docx,Routine local document modification and project repository commit.
F300142,08/07/2026 23:34:00,EMP119,PC-3150,C:/Users/EMP119/Documents/customer_feedback_summary.docx,Routine local document modification and project repository commit.
F300143,08/07/2026 21:10:00,EMP120,PC-4120,C:/Users/EMP120/Documents/sprint_retro_notes.docx,Routine local document modification and project repository commit.
F300144,08/07/2026 20:40:00,EMP121,PC-8050,C:/Users/EMP121/Documents/sprint_retro_notes.docx,Routine local document modification and project repository commit.
F300145,08/07/2026 17:32:00,EMP122,PC-6150,C:/Users/EMP122/Documents/weekly_status_report.pdf,Routine local document modification and project repository commit.
F300146,08/07/2026 21:15:00,EMP123,PC-4190,C:/Users/EMP123/Documents/customer_feedback_summary.docx,Routine local document modification and project repository commit.
F300147,08/07/2026 19:06:00,EMP124,PC-9001,C:/Users/EMP124/Documents/unit_test_coverage.py,Routine local document modification and project repository commit.
F300148,08/07/2026 19:56:00,EMP125,PC-9402,C:/Users/EMP125/Documents/weekly_status_report.pdf,Routine local document modification and project repository commit.
F300149,08/07/2026 19:52:00,EMP126,PC-9945,C:/Users/EMP126/Documents/feature_spec_draft.md,Routine local document modification and project repository commit.
F300150,08/07/2026 23:41:00,EMP127,PC-1070,C:/Users/EMP127/Documents/unit_test_coverage.py,Routine local document modification and project repository commit.
F300151,08/10/2026 21:35:00,EMP101,PC-1001,C:/Users/EMP101/Documents/sprint_retro_notes.docx,Routine local document modification and project repository commit.
F300152,08/10/2026 22:34:00,AAF0535,PC-2408,C:/Users/AAF0535/Documents/customer_feedback_summary.docx,Routine local document modification and project repository commit.
F300153,08/10/2026 22:35:00,AAM0658,PC-9923,C:/Users/AAM0658/Documents/customer_feedback_summary.docx,Routine local document modification and project repository commit.
F300154,08/10/2026 19:56:00,BBS0039,PC-9436,C:/Users/BBS0039/Documents/unit_test_coverage.py,Routine local document modification and project repository commit.
F300155,08/10/2026 19:37:00,EMP102,PC-3012,C:/Users/EMP102/Documents/weekly_status_report.pdf,Routine local document modification and project repository commit.
F300156,08/10/2026 23:09:00,EMP103,PC-4105,C:/Users/EMP103/Documents/customer_feedback_summary.docx,Routine local document modification and project repository commit.
F300157,08/10/2026 18:48:00,EMP104,PC-1102,C:/Users/EMP104/Documents/customer_feedback_summary.docx,Routine local document modification and project repository commit.
F300158,08/10/2026 21:12:00,EMP105,PC-5001,C:/Users/EMP105/Documents/feature_spec_draft.md,Routine local document modification and project repository commit.
F300159,08/10/2026 20:11:00,EMP106,PC-1088,C:/Users/EMP106/Documents/weekly_status_report.pdf,Routine local document modification and project repository commit.
F300160,08/10/2026 20:48:00,EMP107,PC-6110,C:/Users/EMP107/Documents/feature_spec_draft.md,Routine local document modification and project repository commit.
F300161,08/10/2026 19:43:00,EMP108,PC-1044,C:/Users/EMP108/Documents/unit_test_coverage.py,Routine local document modification and project repository commit.
F300162,08/10/2026 22:26:00,EMP109,PC-7020,C:/Users/EMP109/Documents/unit_test_coverage.py,Routine local document modification and project repository commit.
F300163,08/10/2026 17:07:00,EMP110,PC-8005,C:/Users/EMP110/Documents/sprint_retro_notes.docx,Routine local document modification and project repository commit.
F300164,08/10/2026 20:02:00,EMP111,PC-3099,C:/Users/EMP111/Documents/weekly_status_report.pdf,Routine local document modification and project repository commit.
F300165,08/10/2026 18:29:00,EMP112,PC-2490,C:/Users/EMP112/Documents/sprint_retro_notes.docx,Routine local document modification and project repository commit.
F300166,08/10/2026 22:51:00,EMP113,PC-7045,C:/Users/EMP113/Documents/sprint_retro_notes.docx,Routine local document modification and project repository commit.
F300167,08/10/2026 20:32:00,EMP114,PC-1250,C:/Users/EMP114/Documents/customer_feedback_summary.docx,Routine local document modification and project repository commit.
F300168,08/10/2026 23:27:00,EMP115,PC-6125,C:/Users/EMP115/Documents/weekly_status_report.pdf,Routine local document modification and project repository commit.
F300169,08/10/2026 23:43:00,EMP116,PC-1300,C:/Users/EMP116/Documents/sprint_retro_notes.docx,Routine local document modification and project repository commit.
F300170,08/11/2026 00:03:00,EMP117,PC-9910,C:/Users/EMP117/Documents/customer_feedback_summary.docx,Routine local document modification and project repository commit.
F300171,08/10/2026 17:52:00,EMP118,PC-5022,C:/Users/EMP118/Documents/feature_spec_draft.md,Routine local document modification and project repository commit.
F300172,08/10/2026 17:57:00,EMP119,PC-3150,C:/Users/EMP119/Documents/unit_test_coverage.py,Routine local document modification and project repository commit.
F300173,08/11/2026 00:11:00,EMP120,PC-4120,C:/Users/EMP120/Documents/weekly_status_report.pdf,Routine local document modification and project repository commit.
F300174,08/10/2026 21:25:00,EMP121,PC-8050,C:/Users/EMP121/Documents/weekly_status_report.pdf,Routine local document modification and project repository commit.
F300175,08/10/2026 20:45:00,EMP122,PC-6150,C:/Users/EMP122/Documents/sprint_retro_notes.docx,Routine local document modification and project repository commit.
F300176,08/10/2026 20:49:00,EMP123,PC-4190,C:/Users/EMP123/Documents/unit_test_coverage.py,Routine local document modification and project repository commit.
F300177,08/10/2026 21:04:00,EMP124,PC-9001,C:/Users/EMP124/Documents/sprint_retro_notes.docx,Routine local document modification and project repository commit.
F300178,08/10/2026 23:08:00,EMP125,PC-9402,C:/Users/EMP125/Documents/unit_test_coverage.py,Routine local document modification and project repository commit.
F300179,08/10/2026 22:51:00,EMP126,PC-9945,C:/Users/EMP126/Documents/sprint_retro_notes.docx,Routine local document modification and project repository commit.
F300180,08/10/2026 20:39:00,EMP127,PC-1070,C:/Users/EMP127/Documents/sprint_retro_notes.docx,Routine local document modification and project repository commit.
F300181,08/11/2026 21:20:00,EMP101,PC-1001,C:/Users/EMP101/Documents/weekly_status_report.pdf,Routine local document modification and project repository commit.
F300182,08/11/2026 21:02:00,AAF0535,PC-2408,C:/Users/AAF0535/Documents/weekly_status_report.pdf,Routine local document modification and project repository commit.
F300183,08/11/2026 19:13:00,AAM0658,PC-9923,C:/Users/AAM0658/Documents/unit_test_coverage.py,Routine local document modification and project repository commit.
F300184,08/11/2026 21:58:00,BBS0039,PC-9436,C:/Users/BBS0039/Documents/customer_feedback_summary.docx,Routine local document modification and project repository commit.
F300185,08/11/2026 20:05:00,EMP102,PC-3012,C:/Users/EMP102/Documents/feature_spec_draft.md,Routine local document modification and project repository commit.
F300186,08/11/2026 22:36:00,EMP103,PC-4105,C:/Users/EMP103/Documents/customer_feedback_summary.docx,Routine local document modification and project repository commit.
F300187,08/11/2026 21:39:00,EMP104,PC-1102,C:/Users/EMP104/Documents/sprint_retro_notes.docx,Routine local document modification and project repository commit.
F300188,08/11/2026 18:34:00,EMP105,PC-5001,C:/Users/EMP105/Documents/unit_test_coverage.py,Routine local document modification and project repository commit.
F300189,08/11/2026 21:25:00,EMP106,PC-1088,C:/Users/EMP106/Documents/customer_feedback_summary.docx,Routine local document modification and project repository commit.
F300190,08/11/2026 21:37:00,EMP107,PC-6110,C:/Users/EMP107/Documents/weekly_status_report.pdf,Routine local document modification and project repository commit.
F300191,08/11/2026 22:34:00,EMP108,PC-1044,C:/Users/EMP108/Documents/feature_spec_draft.md,Routine local document modification and project repository commit.
F300192,08/11/2026 23:58:00,EMP109,PC-7020,C:/Users/EMP109/Documents/weekly_status_report.pdf,Routine local document modification and project repository commit.
F300193,08/11/2026 23:11:00,EMP110,PC-8005,C:/Users/EMP110/Documents/feature_spec_draft.md,Routine local document modification and project repository commit.
F300194,08/11/2026 22:53:00,EMP111,PC-3099,C:/Users/EMP111/Documents/feature_spec_draft.md,Routine local document modification and project repository commit.
F300195,08/11/2026 17:37:00,EMP112,PC-2490,C:/Users/EMP112/Documents/unit_test_coverage.py,Routine local document modification and project repository commit.
F300196,08/11/2026 21:11:00,EMP113,PC-7045,C:/Users/EMP113/Documents/customer_feedback_summary.docx,Routine local document modification and project repository commit.
F300197,08/11/2026 19:52:00,EMP114,PC-1250,C:/Users/EMP114/Documents/weekly_status_report.pdf,Routine local document modification and project repository commit.
F300198,08/11/2026 20:55:00,EMP115,PC-6125,C:/Users/EMP115/Documents/customer_feedback_summary.docx,Routine local document modification and project repository commit.
F300199,08/11/2026 19:22:00,EMP116,PC-1300,C:/Users/EMP116/Documents/feature_spec_draft.md,Routine local document modification and project repository commit.
F300200,08/11/2026 22:16:00,EMP117,PC-9910,C:/Users/EMP117/Documents/weekly_status_report.pdf,Routine local document modification and project repository commit.
F300201,08/11/2026 22:03:00,EMP118,PC-5022,C:/Users/EMP118/Documents/customer_feedback_summary.docx,Routine local document modification and project repository commit.
F300202,08/11/2026 21:26:00,EMP119,PC-3150,C:/Users/EMP119/Documents/unit_test_coverage.py,Routine local document modification and project repository commit.
F300203,08/11/2026 20:52:00,EMP120,PC-4120,C:/Users/EMP120/Documents/weekly_status_report.pdf,Routine local document modification and project repository commit.
F300204,08/11/2026 20:22:00,EMP121,PC-8050,C:/Users/EMP121/Documents/unit_test_coverage.py,Routine local document modification and project repository commit.
F300205,08/11/2026 20:23:00,EMP122,PC-6150,C:/Users/EMP122/Documents/feature_spec_draft.md,Routine local document modification and project repository commit.
F300206,08/11/2026 23:10:00,EMP123,PC-4190,C:/Users/EMP123/Documents/feature_spec_draft.md,Routine local document modification and project repository commit.
F300207,08/11/2026 18:43:00,EMP124,PC-9001,C:/Users/EMP124/Documents/unit_test_coverage.py,Routine local document modification and project repository commit.
F300208,08/11/2026 21:20:00,EMP125,PC-9402,C:/Users/EMP125/Documents/feature_spec_draft.md,Routine local document modification and project repository commit.
F300209,08/11/2026 21:40:00,EMP126,PC-9945,C:/Users/EMP126/Documents/unit_test_coverage.py,Routine local document modification and project repository commit.
F300210,08/11/2026 21:10:00,EMP127,PC-1070,C:/Users/EMP127/Documents/customer_feedback_summary.docx,Routine local document modification and project repository commit.
F300211,08/12/2026 19:30:00,EMP101,PC-1001,C:/Users/EMP101/Documents/feature_spec_draft.md,Routine local document modification and project repository commit.
F300212,08/12/2026 21:45:00,AAF0535,PC-2408,C:/Users/AAF0535/Documents/weekly_status_report.pdf,Routine local document modification and project repository commit.
F300213,08/12/2026 22:02:00,AAM0658,PC-9923,C:/Users/AAM0658/Documents/sprint_retro_notes.docx,Routine local document modification and project repository commit.
F300214,08/12/2026 19:46:00,BBS0039,PC-9436,C:/Users/BBS0039/Documents/unit_test_coverage.py,Routine local document modification and project repository commit.
F300215,08/12/2026 22:59:00,EMP102,PC-3012,C:/Users/EMP102/Documents/weekly_status_report.pdf,Routine local document modification and project repository commit.
F300216,08/12/2026 21:37:00,EMP103,PC-4105,C:/Users/EMP103/Documents/weekly_status_report.pdf,Routine local document modification and project repository commit.
F300217,08/13/2026 00:09:00,EMP104,PC-1102,C:/Users/EMP104/Documents/feature_spec_draft.md,Routine local document modification and project repository commit.
F300218,08/12/2026 23:09:00,EMP105,PC-5001,C:/Users/EMP105/Documents/unit_test_coverage.py,Routine local document modification and project repository commit.
F300219,08/12/2026 20:41:00,EMP106,PC-1088,C:/Users/EMP106/Documents/sprint_retro_notes.docx,Routine local document modification and project repository commit.
F300220,08/12/2026 18:14:00,EMP107,PC-6110,C:/Users/EMP107/Documents/customer_feedback_summary.docx,Routine local document modification and project repository commit.
F300221,08/12/2026 22:26:00,EMP108,PC-1044,C:/Users/EMP108/Documents/unit_test_coverage.py,Routine local document modification and project repository commit.
F300222,08/12/2026 19:29:00,EMP109,PC-7020,C:/Users/EMP109/Documents/feature_spec_draft.md,Routine local document modification and project repository commit.
F300223,08/12/2026 22:38:00,EMP110,PC-8005,C:/Users/EMP110/Documents/unit_test_coverage.py,Routine local document modification and project repository commit.
F300224,08/12/2026 20:59:00,EMP111,PC-3099,C:/Users/EMP111/Documents/customer_feedback_summary.docx,Routine local document modification and project repository commit.
F300225,08/13/2026 00:02:00,EMP112,PC-2490,C:/Users/EMP112/Documents/feature_spec_draft.md,Routine local document modification and project repository commit.
F300226,08/12/2026 19:56:00,EMP113,PC-7045,C:/Users/EMP113/Documents/customer_feedback_summary.docx,Routine local document modification and project repository commit.
F300227,08/12/2026 22:52:00,EMP114,PC-1250,C:/Users/EMP114/Documents/weekly_status_report.pdf,Routine local document modification and project repository commit.
F300228,08/12/2026 22:18:00,EMP115,PC-6125,C:/Users/EMP115/Documents/customer_feedback_summary.docx,Routine local document modification and project repository commit.
F300229,08/12/2026 18:48:00,EMP116,PC-1300,C:/Users/EMP116/Documents/customer_feedback_summary.docx,Routine local document modification and project repository commit.
F300230,08/12/2026 22:52:00,EMP117,PC-9910,C:/Users/EMP117/Documents/customer_feedback_summary.docx,Routine local document modification and project repository commit.
F300231,08/12/2026 18:35:00,EMP118,PC-5022,C:/Users/EMP118/Documents/feature_spec_draft.md,Routine local document modification and project repository commit.
F300232,08/12/2026 21:03:00,EMP119,PC-3150,C:/Users/EMP119/Documents/feature_spec_draft.md,Routine local document modification and project repository commit.
F300233,08/12/2026 19:15:00,EMP120,PC-4120,C:/Users/EMP120/Documents/unit_test_coverage.py,Routine local document modification and project repository commit.
F300234,08/12/2026 19:09:00,EMP121,PC-8050,C:/Users/EMP121/Documents/unit_test_coverage.py,Routine local document modification and project repository commit.
F300235,08/12/2026 19:46:00,EMP122,PC-6150,C:/Users/EMP122/Documents/weekly_status_report.pdf,Routine local document modification and project repository commit.
F300236,08/12/2026 21:44:00,EMP123,PC-4190,C:/Users/EMP123/Documents/customer_feedback_summary.docx,Routine local document modification and project repository commit.
F300237,08/12/2026 21:11:00,EMP124,PC-9001,C:/Users/EMP124/Documents/customer_feedback_summary.docx,Routine local document modification and project repository commit.
F300238,08/12/2026 18:32:00,EMP125,PC-9402,C:/Users/EMP125/Documents/customer_feedback_summary.docx,Routine local document modification and project repository commit.
F300239,08/12/2026 19:04:00,EMP126,PC-9945,C:/Users/EMP126/Documents/customer_feedback_summary.docx,Routine local document modification and project repository commit.
F300240,08/12/2026 19:17:00,EMP127,PC-1070,C:/Users/EMP127/Documents/unit_test_coverage.py,Routine local document modification and project repository commit.
F300241,08/13/2026 23:15:00,EMP101,PC-1001,C:/Users/EMP101/Documents/sprint_retro_notes.docx,Routine local document modification and project repository commit.
F300242,08/13/2026 22:51:00,AAF0535,PC-2408,C:/Users/AAF0535/Documents/feature_spec_draft.md,Routine local document modification and project repository commit.
F300243,08/13/2026 21:21:00,AAM0658,PC-9923,C:/Users/AAM0658/Documents/customer_feedback_summary.docx,Routine local document modification and project repository commit.
F300244,08/13/2026 20:39:00,BBS0039,PC-9436,C:/Users/BBS0039/Documents/sprint_retro_notes.docx,Routine local document modification and project repository commit.
F300245,08/13/2026 22:28:00,EMP102,PC-3012,C:/Users/EMP102/Documents/unit_test_coverage.py,Routine local document modification and project repository commit.
F300246,08/13/2026 19:32:00,EMP103,PC-4105,C:/Users/EMP103/Documents/weekly_status_report.pdf,Routine local document modification and project repository commit.
F300247,08/13/2026 19:15:00,EMP104,PC-1102,C:/Users/EMP104/Documents/unit_test_coverage.py,Routine local document modification and project repository commit.
F300248,08/13/2026 20:55:00,EMP105,PC-5001,C:/Users/EMP105/Documents/feature_spec_draft.md,Routine local document modification and project repository commit.
F300249,08/13/2026 18:33:00,EMP106,PC-1088,C:/Users/EMP106/Documents/sprint_retro_notes.docx,Routine local document modification and project repository commit.
F300250,08/13/2026 20:56:00,EMP107,PC-6110,C:/Users/EMP107/Documents/customer_feedback_summary.docx,Routine local document modification and project repository commit.
F300251,08/13/2026 19:41:00,EMP108,PC-1044,C:/Users/EMP108/Documents/feature_spec_draft.md,Routine local document modification and project repository commit.
F300252,08/13/2026 18:59:00,EMP109,PC-7020,C:/Users/EMP109/Documents/weekly_status_report.pdf,Routine local document modification and project repository commit.
F300253,08/13/2026 22:21:00,EMP110,PC-8005,C:/Users/EMP110/Documents/sprint_retro_notes.docx,Routine local document modification and project repository commit.
F300254,08/13/2026 21:00:00,EMP111,PC-3099,C:/Users/EMP111/Documents/sprint_retro_notes.docx,Routine local document modification and project repository commit.
F300255,08/13/2026 18:12:00,EMP112,PC-2490,C:/Users/EMP112/Documents/sprint_retro_notes.docx,Routine local document modification and project repository commit.
F300256,08/13/2026 22:50:00,EMP113,PC-7045,C:/Users/EMP113/Documents/customer_feedback_summary.docx,Routine local document modification and project repository commit.
F300257,08/13/2026 23:37:00,EMP114,PC-1250,C:/Users/EMP114/Documents/feature_spec_draft.md,Routine local document modification and project repository commit.
F300258,08/13/2026 20:45:00,EMP115,PC-6125,C:/Users/EMP115/Documents/weekly_status_report.pdf,Routine local document modification and project repository commit.
F300259,08/13/2026 22:28:00,EMP116,PC-1300,C:/Users/EMP116/Documents/weekly_status_report.pdf,Routine local document modification and project repository commit.
F300260,08/13/2026 22:26:00,EMP117,PC-9910,C:/Users/EMP117/Documents/feature_spec_draft.md,Routine local document modification and project repository commit.
F300261,08/13/2026 19:47:00,EMP118,PC-5022,C:/Users/EMP118/Documents/feature_spec_draft.md,Routine local document modification and project repository commit.
F300262,08/13/2026 23:34:00,EMP119,PC-3150,C:/Users/EMP119/Documents/sprint_retro_notes.docx,Routine local document modification and project repository commit.
F300263,08/13/2026 21:18:00,EMP120,PC-4120,C:/Users/EMP120/Documents/feature_spec_draft.md,Routine local document modification and project repository commit.
F300264,08/13/2026 18:59:00,EMP121,PC-8050,C:/Users/EMP121/Documents/customer_feedback_summary.docx,Routine local document modification and project repository commit.
F300265,08/13/2026 18:18:00,EMP122,PC-6150,C:/Users/EMP122/Documents/feature_spec_draft.md,Routine local document modification and project repository commit.
F300266,08/13/2026 20:05:00,EMP123,PC-4190,C:/Users/EMP123/Documents/feature_spec_draft.md,Routine local document modification and project repository commit.
F300267,08/13/2026 18:25:00,EMP124,PC-9001,C:/Users/EMP124/Documents/weekly_status_report.pdf,Routine local document modification and project repository commit.
F300268,08/13/2026 22:54:00,EMP125,PC-9402,C:/Users/EMP125/Documents/weekly_status_report.pdf,Routine local document modification and project repository commit.
F300269,08/13/2026 21:43:00,EMP126,PC-9945,C:/Users/EMP126/Documents/sprint_retro_notes.docx,Routine local document modification and project repository commit.
F300270,08/13/2026 22:37:00,EMP127,PC-1070,C:/Users/EMP127/Documents/feature_spec_draft.md,Routine local document modification and project repository commit.
F300271,08/14/2026 17:52:00,EMP101,PC-1001,C:/Users/EMP101/Documents/unit_test_coverage.py,Routine local document modification and project repository commit.
F300272,08/14/2026 17:29:00,AAF0535,PC-2408,C:/Users/AAF0535/Documents/weekly_status_report.pdf,Routine local document modification and project repository commit.
F300273,08/14/2026 20:44:00,AAM0658,PC-9923,C:/Users/AAM0658/Documents/unit_test_coverage.py,Routine local document modification and project repository commit.
F300274,08/14/2026 20:26:00,BBS0039,PC-9436,C:/Users/BBS0039/Documents/weekly_status_report.pdf,Routine local document modification and project repository commit.
F300275,08/14/2026 17:48:00,EMP102,PC-3012,C:/Users/EMP102/Documents/unit_test_coverage.py,Routine local document modification and project repository commit.
F300276,08/14/2026 19:52:00,EMP103,PC-4105,C:/Users/EMP103/Documents/feature_spec_draft.md,Routine local document modification and project repository commit.
F300277,08/14/2026 21:29:00,EMP104,PC-1102,C:/Users/EMP104/Documents/weekly_status_report.pdf,Routine local document modification and project repository commit.
F300278,08/14/2026 17:58:00,EMP105,PC-5001,C:/Users/EMP105/Documents/unit_test_coverage.py,Routine local document modification and project repository commit.
F300279,08/14/2026 19:46:00,EMP106,PC-1088,C:/Users/EMP106/Documents/weekly_status_report.pdf,Routine local document modification and project repository commit.
F300280,08/14/2026 21:42:00,EMP107,PC-6110,C:/Users/EMP107/Documents/sprint_retro_notes.docx,Routine local document modification and project repository commit.
F300281,08/14/2026 22:07:00,EMP108,PC-1044,C:/Users/EMP108/Documents/sprint_retro_notes.docx,Routine local document modification and project repository commit.
F300282,08/14/2026 22:22:00,EMP109,PC-7020,C:/Users/EMP109/Documents/sprint_retro_notes.docx,Routine local document modification and project repository commit.
F300283,08/14/2026 19:50:00,EMP110,PC-8005,C:/Users/EMP110/Documents/sprint_retro_notes.docx,Routine local document modification and project repository commit.
F300284,08/14/2026 18:38:00,EMP111,PC-3099,C:/Users/EMP111/Documents/weekly_status_report.pdf,Routine local document modification and project repository commit.
F300285,08/14/2026 20:22:00,EMP112,PC-2490,C:/Users/EMP112/Documents/weekly_status_report.pdf,Routine local document modification and project repository commit.
F300286,08/14/2026 20:10:00,EMP113,PC-7045,C:/Users/EMP113/Documents/customer_feedback_summary.docx,Routine local document modification and project repository commit.
F300287,08/14/2026 22:03:00,EMP114,PC-1250,C:/Users/EMP114/Documents/weekly_status_report.pdf,Routine local document modification and project repository commit.
F300288,08/14/2026 21:41:00,EMP115,PC-6125,C:/Users/EMP115/Documents/customer_feedback_summary.docx,Routine local document modification and project repository commit.
F300289,08/14/2026 19:07:00,EMP116,PC-1300,C:/Users/EMP116/Documents/customer_feedback_summary.docx,Routine local document modification and project repository commit.
F300290,08/14/2026 21:14:00,EMP117,PC-9910,C:/Users/EMP117/Documents/customer_feedback_summary.docx,Routine local document modification and project repository commit.
F300291,08/14/2026 21:47:00,EMP118,PC-5022,C:/Users/EMP118/Documents/sprint_retro_notes.docx,Routine local document modification and project repository commit.
F300292,08/14/2026 22:52:00,EMP119,PC-3150,C:/Users/EMP119/Documents/unit_test_coverage.py,Routine local document modification and project repository commit.
F300293,08/14/2026 19:41:00,EMP120,PC-4120,C:/Users/EMP120/Documents/customer_feedback_summary.docx,Routine local document modification and project repository commit.
F300294,08/14/2026 21:06:00,EMP121,PC-8050,C:/Users/EMP121/Documents/feature_spec_draft.md,Routine local document modification and project repository commit.
F300295,08/14/2026 20:15:00,EMP122,PC-6150,C:/Users/EMP122/Documents/unit_test_coverage.py,Routine local document modification and project repository commit.
F300296,08/15/2026 00:03:00,EMP123,PC-4190,C:/Users/EMP123/Documents/customer_feedback_summary.docx,Routine local document modification and project repository commit.
F300297,08/14/2026 22:46:00,EMP124,PC-9001,C:/Users/EMP124/Documents/sprint_retro_notes.docx,Routine local document modification and project repository commit.
F300298,08/14/2026 20:11:00,EMP125,PC-9402,C:/Users/EMP125/Documents/sprint_retro_notes.docx,Routine local document modification and project repository commit.
F300299,08/14/2026 18:15:00,EMP126,PC-9945,C:/Users/EMP126/Documents/feature_spec_draft.md,Routine local document modification and project repository commit.
F300300,08/14/2026 18:21:00,EMP127,PC-1070,C:/Users/EMP127/Documents/sprint_retro_notes.docx,Routine local document modification and project repository commit.
F300301,08/17/2026 21:04:00,EMP101,PC-1001,C:/Users/EMP101/Documents/sprint_retro_notes.docx,Routine local document modification and project repository commit.
F300302,08/17/2026 22:22:00,AAF0535,PC-2408,C:/Users/AAF0535/Documents/weekly_status_report.pdf,Routine local document modification and project repository commit.
F300303,08/17/2026 22:50:00,AAM0658,PC-9923,C:/Users/AAM0658/Documents/customer_feedback_summary.docx,Routine local document modification and project repository commit.
F300304,08/17/2026 19:51:00,BBS0039,PC-9436,C:/Users/BBS0039/Documents/feature_spec_draft.md,Routine local document modification and project repository commit.
F300305,08/17/2026 21:27:00,EMP102,PC-3012,C:/Users/EMP102/Documents/sprint_retro_notes.docx,Routine local document modification and project repository commit.
F300306,08/17/2026 19:26:00,EMP103,PC-4105,C:/Users/EMP103/Documents/feature_spec_draft.md,Routine local document modification and project repository commit.
F300307,08/17/2026 18:44:00,EMP104,PC-1102,C:/Users/EMP104/Documents/feature_spec_draft.md,Routine local document modification and project repository commit.
F300308,08/17/2026 22:52:00,EMP105,PC-5001,C:/Users/EMP105/Documents/feature_spec_draft.md,Routine local document modification and project repository commit.
F300309,08/17/2026 17:36:00,EMP106,PC-1088,C:/Users/EMP106/Documents/weekly_status_report.pdf,Routine local document modification and project repository commit.
F300310,08/17/2026 20:26:00,EMP107,PC-6110,C:/Users/EMP107/Documents/weekly_status_report.pdf,Routine local document modification and project repository commit.
F300311,08/17/2026 17:44:00,EMP108,PC-1044,C:/Users/EMP108/Documents/feature_spec_draft.md,Routine local document modification and project repository commit.
F300312,08/17/2026 20:43:00,EMP109,PC-7020,C:/Users/EMP109/Documents/customer_feedback_summary.docx,Routine local document modification and project repository commit.
F300313,08/17/2026 23:19:00,EMP110,PC-8005,C:/Users/EMP110/Documents/weekly_status_report.pdf,Routine local document modification and project repository commit.
F300314,08/17/2026 22:50:00,EMP111,PC-3099,C:/Users/EMP111/Documents/customer_feedback_summary.docx,Routine local document modification and project repository commit.
F300315,08/17/2026 18:27:00,EMP112,PC-2490,C:/Users/EMP112/Documents/feature_spec_draft.md,Routine local document modification and project repository commit.
F300316,08/17/2026 19:56:00,EMP113,PC-7045,C:/Users/EMP113/Documents/customer_feedback_summary.docx,Routine local document modification and project repository commit.
F300317,08/17/2026 19:50:00,EMP114,PC-1250,C:/Users/EMP114/Documents/feature_spec_draft.md,Routine local document modification and project repository commit.
F300318,08/17/2026 21:40:00,EMP115,PC-6125,C:/Users/EMP115/Documents/weekly_status_report.pdf,Routine local document modification and project repository commit.
F300319,08/17/2026 22:28:00,EMP116,PC-1300,C:/Users/EMP116/Documents/unit_test_coverage.py,Routine local document modification and project repository commit.
F300320,08/17/2026 20:24:00,EMP117,PC-9910,C:/Users/EMP117/Documents/weekly_status_report.pdf,Routine local document modification and project repository commit.
F300321,08/17/2026 18:43:00,EMP118,PC-5022,C:/Users/EMP118/Documents/feature_spec_draft.md,Routine local document modification and project repository commit.
F300322,08/17/2026 22:34:00,EMP119,PC-3150,C:/Users/EMP119/Documents/feature_spec_draft.md,Routine local document modification and project repository commit.
F300323,08/17/2026 20:56:00,EMP120,PC-4120,C:/Users/EMP120/Documents/weekly_status_report.pdf,Routine local document modification and project repository commit.
F300324,08/17/2026 21:10:00,EMP121,PC-8050,C:/Users/EMP121/Documents/feature_spec_draft.md,Routine local document modification and project repository commit.
F300325,08/17/2026 18:02:00,EMP122,PC-6150,C:/Users/EMP122/Documents/unit_test_coverage.py,Routine local document modification and project repository commit.
F300326,08/17/2026 20:40:00,EMP123,PC-4190,C:/Users/EMP123/Documents/weekly_status_report.pdf,Routine local document modification and project repository commit.
F300327,08/17/2026 18:36:00,EMP124,PC-9001,C:/Users/EMP124/Documents/unit_test_coverage.py,Routine local document modification and project repository commit.
F300328,08/17/2026 19:11:00,EMP125,PC-9402,C:/Users/EMP125/Documents/customer_feedback_summary.docx,Routine local document modification and project repository commit.
F300329,08/17/2026 22:22:00,EMP126,PC-9945,C:/Users/EMP126/Documents/weekly_status_report.pdf,Routine local document modification and project repository commit.
F300330,08/17/2026 23:02:00,EMP127,PC-1070,C:/Users/EMP127/Documents/customer_feedback_summary.docx,Routine local document modification and project repository commit.
F300331,08/18/2026 19:48:00,EMP101,PC-1001,C:/Users/EMP101/Documents/weekly_status_report.pdf,Routine local document modification and project repository commit.
F300332,08/18/2026 21:28:00,AAF0535,PC-2408,C:/Users/AAF0535/Documents/weekly_status_report.pdf,Routine local document modification and project repository commit.
F300333,08/18/2026 18:28:00,AAM0658,PC-9923,C:/Users/AAM0658/Documents/customer_feedback_summary.docx,Routine local document modification and project repository commit.
F300334,08/18/2026 19:01:00,BBS0039,PC-9436,C:/Users/BBS0039/Documents/weekly_status_report.pdf,Routine local document modification and project repository commit.
F300335,08/18/2026 19:34:00,EMP102,PC-3012,C:/Users/EMP102/Documents/weekly_status_report.pdf,Routine local document modification and project repository commit.
F300336,08/18/2026 21:22:00,EMP103,PC-4105,C:/Users/EMP103/Documents/feature_spec_draft.md,Routine local document modification and project repository commit.
F300337,08/18/2026 20:51:00,EMP104,PC-1102,C:/Users/EMP104/Documents/unit_test_coverage.py,Routine local document modification and project repository commit.
F300338,08/18/2026 19:11:00,EMP105,PC-5001,C:/Users/EMP105/Documents/weekly_status_report.pdf,Routine local document modification and project repository commit.
F300339,08/18/2026 22:10:00,EMP106,PC-1088,C:/Users/EMP106/Documents/customer_feedback_summary.docx,Routine local document modification and project repository commit.
F300340,08/19/2026 00:10:00,EMP107,PC-6110,C:/Users/EMP107/Documents/feature_spec_draft.md,Routine local document modification and project repository commit.
F300341,08/18/2026 18:19:00,EMP108,PC-1044,C:/Users/EMP108/Documents/feature_spec_draft.md,Routine local document modification and project repository commit.
F300342,08/18/2026 22:04:00,EMP109,PC-7020,C:/Users/EMP109/Documents/customer_feedback_summary.docx,Routine local document modification and project repository commit.
F300343,08/18/2026 19:20:00,EMP110,PC-8005,C:/Users/EMP110/Documents/feature_spec_draft.md,Routine local document modification and project repository commit.
F300344,08/18/2026 20:58:00,EMP111,PC-3099,C:/Users/EMP111/Documents/weekly_status_report.pdf,Routine local document modification and project repository commit.
F300345,08/18/2026 18:27:00,EMP112,PC-2490,C:/Users/EMP112/Documents/sprint_retro_notes.docx,Routine local document modification and project repository commit.
F300346,08/18/2026 21:33:00,EMP113,PC-7045,C:/Users/EMP113/Documents/unit_test_coverage.py,Routine local document modification and project repository commit.
F300347,08/18/2026 21:10:00,EMP114,PC-1250,C:/Users/EMP114/Documents/unit_test_coverage.py,Routine local document modification and project repository commit.
F300348,08/18/2026 18:34:00,EMP115,PC-6125,C:/Users/EMP115/Documents/feature_spec_draft.md,Routine local document modification and project repository commit.
F300349,08/18/2026 19:03:00,EMP116,PC-1300,C:/Users/EMP116/Documents/unit_test_coverage.py,Routine local document modification and project repository commit.
F300350,08/18/2026 21:27:00,EMP117,PC-9910,C:/Users/EMP117/Documents/weekly_status_report.pdf,Routine local document modification and project repository commit.
F300351,08/18/2026 22:09:00,EMP118,PC-5022,C:/Users/EMP118/Documents/unit_test_coverage.py,Routine local document modification and project repository commit.
F300352,08/18/2026 21:28:00,EMP119,PC-3150,C:/Users/EMP119/Documents/sprint_retro_notes.docx,Routine local document modification and project repository commit.
F300353,08/18/2026 23:04:00,EMP120,PC-4120,C:/Users/EMP120/Documents/sprint_retro_notes.docx,Routine local document modification and project repository commit.
F300354,08/18/2026 19:29:00,EMP121,PC-8050,C:/Users/EMP121/Documents/weekly_status_report.pdf,Routine local document modification and project repository commit.
F300355,08/18/2026 20:07:00,EMP122,PC-6150,C:/Users/EMP122/Documents/customer_feedback_summary.docx,Routine local document modification and project repository commit.
F300356,08/18/2026 21:24:00,EMP123,PC-4190,C:/Users/EMP123/Documents/customer_feedback_summary.docx,Routine local document modification and project repository commit.
F300357,08/18/2026 23:13:00,EMP124,PC-9001,C:/Users/EMP124/Documents/customer_feedback_summary.docx,Routine local document modification and project repository commit.
F300358,08/18/2026 21:41:00,EMP125,PC-9402,C:/Users/EMP125/Documents/sprint_retro_notes.docx,Routine local document modification and project repository commit.
F300359,08/18/2026 22:15:00,EMP126,PC-9945,C:/Users/EMP126/Documents/unit_test_coverage.py,Routine local document modification and project repository commit.
F300360,08/18/2026 21:20:00,EMP127,PC-1070,C:/Users/EMP127/Documents/customer_feedback_summary.docx,Routine local document modification and project repository commit.
F300361,08/19/2026 19:21:00,EMP101,PC-1001,C:/Users/EMP101/Documents/weekly_status_report.pdf,Routine local document modification and project repository commit.
F300362,08/19/2026 22:01:00,AAF0535,PC-2408,C:/Users/AAF0535/Documents/unit_test_coverage.py,Routine local document modification and project repository commit.
F300363,08/19/2026 20:07:00,AAM0658,PC-9923,C:/Users/AAM0658/Documents/sprint_retro_notes.docx,Routine local document modification and project repository commit.
F300364,08/19/2026 19:14:00,BBS0039,PC-9436,C:/Users/BBS0039/Documents/sprint_retro_notes.docx,Routine local document modification and project repository commit.
F300365,08/19/2026 21:17:00,EMP102,PC-3012,C:/Users/EMP102/Documents/sprint_retro_notes.docx,Routine local document modification and project repository commit.
F300366,08/19/2026 22:36:00,EMP103,PC-4105,C:/Users/EMP103/Documents/weekly_status_report.pdf,Routine local document modification and project repository commit.
F300367,08/19/2026 20:21:00,EMP104,PC-1102,C:/Users/EMP104/Documents/feature_spec_draft.md,Routine local document modification and project repository commit.
F300368,08/19/2026 23:36:00,EMP105,PC-5001,C:/Users/EMP105/Documents/sprint_retro_notes.docx,Routine local document modification and project repository commit.
F300369,08/19/2026 20:37:00,EMP106,PC-1088,C:/Users/EMP106/Documents/feature_spec_draft.md,Routine local document modification and project repository commit.
F300370,08/19/2026 20:41:00,EMP107,PC-6110,C:/Users/EMP107/Documents/unit_test_coverage.py,Routine local document modification and project repository commit.
F300371,08/19/2026 22:15:00,EMP108,PC-1044,C:/Users/EMP108/Documents/sprint_retro_notes.docx,Routine local document modification and project repository commit.
F300372,08/19/2026 19:11:00,EMP109,PC-7020,C:/Users/EMP109/Documents/unit_test_coverage.py,Routine local document modification and project repository commit.
F300373,08/19/2026 19:31:00,EMP110,PC-8005,C:/Users/EMP110/Documents/unit_test_coverage.py,Routine local document modification and project repository commit.
F300374,08/19/2026 22:30:00,EMP111,PC-3099,C:/Users/EMP111/Documents/feature_spec_draft.md,Routine local document modification and project repository commit.
F300375,08/19/2026 19:29:00,EMP112,PC-2490,C:/Users/EMP112/Documents/feature_spec_draft.md,Routine local document modification and project repository commit.
F300376,08/19/2026 22:25:00,EMP113,PC-7045,C:/Users/EMP113/Documents/sprint_retro_notes.docx,Routine local document modification and project repository commit.
F300377,08/19/2026 22:27:00,EMP114,PC-1250,C:/Users/EMP114/Documents/sprint_retro_notes.docx,Routine local document modification and project repository commit.
F300378,08/19/2026 20:22:00,EMP115,PC-6125,C:/Users/EMP115/Documents/unit_test_coverage.py,Routine local document modification and project repository commit.
F300379,08/19/2026 18:53:00,EMP116,PC-1300,C:/Users/EMP116/Documents/customer_feedback_summary.docx,Routine local document modification and project repository commit.
F300380,08/19/2026 21:20:00,EMP117,PC-9910,C:/Users/EMP117/Documents/unit_test_coverage.py,Routine local document modification and project repository commit.
F300381,08/19/2026 23:46:00,EMP118,PC-5022,C:/Users/EMP118/Documents/weekly_status_report.pdf,Routine local document modification and project repository commit.
F300382,08/19/2026 18:55:00,EMP119,PC-3150,C:/Users/EMP119/Documents/customer_feedback_summary.docx,Routine local document modification and project repository commit.
F300383,08/19/2026 18:44:00,EMP120,PC-4120,C:/Users/EMP120/Documents/feature_spec_draft.md,Routine local document modification and project repository commit.
F300384,08/19/2026 18:32:00,EMP121,PC-8050,C:/Users/EMP121/Documents/unit_test_coverage.py,Routine local document modification and project repository commit.
F300385,08/19/2026 17:41:00,EMP122,PC-6150,C:/Users/EMP122/Documents/unit_test_coverage.py,Routine local document modification and project repository commit.
F300386,08/19/2026 20:35:00,EMP123,PC-4190,C:/Users/EMP123/Documents/customer_feedback_summary.docx,Routine local document modification and project repository commit.
F300387,08/19/2026 23:12:00,EMP124,PC-9001,C:/Users/EMP124/Documents/unit_test_coverage.py,Routine local document modification and project repository commit.
F300388,08/19/2026 19:17:00,EMP125,PC-9402,C:/Users/EMP125/Documents/sprint_retro_notes.docx,Routine local document modification and project repository commit.
F300389,08/19/2026 18:28:00,EMP126,PC-9945,C:/Users/EMP126/Documents/customer_feedback_summary.docx,Routine local document modification and project repository commit.
F300390,08/19/2026 23:02:00,EMP127,PC-1070,C:/Users/EMP127/Documents/feature_spec_draft.md,Routine local document modification and project repository commit.
F300391,08/20/2026 22:56:00,EMP101,PC-1001,C:/Users/EMP101/Documents/sprint_retro_notes.docx,Routine local document modification and project repository commit.
F300392,08/20/2026 21:59:00,AAF0535,PC-2408,C:/Users/AAF0535/Documents/weekly_status_report.pdf,Routine local document modification and project repository commit.
F300393,08/20/2026 19:21:00,AAM0658,PC-9923,C:/Users/AAM0658/Documents/weekly_status_report.pdf,Routine local document modification and project repository commit.
F300394,08/20/2026 19:30:00,BBS0039,PC-9436,C:/Users/BBS0039/Documents/feature_spec_draft.md,Routine local document modification and project repository commit.
F300395,08/20/2026 23:30:00,EMP102,PC-3012,C:/Users/EMP102/Documents/weekly_status_report.pdf,Routine local document modification and project repository commit.
F300396,08/20/2026 20:35:00,EMP103,PC-4105,C:/Users/EMP103/Documents/customer_feedback_summary.docx,Routine local document modification and project repository commit.
F300397,08/20/2026 21:06:00,EMP104,PC-1102,C:/Users/EMP104/Documents/sprint_retro_notes.docx,Routine local document modification and project repository commit.
F300398,08/20/2026 22:28:00,EMP105,PC-5001,C:/Users/EMP105/Documents/sprint_retro_notes.docx,Routine local document modification and project repository commit.
F300399,08/20/2026 18:45:00,EMP106,PC-1088,C:/Users/EMP106/Documents/customer_feedback_summary.docx,Routine local document modification and project repository commit.
F300400,08/20/2026 21:03:00,EMP107,PC-6110,C:/Users/EMP107/Documents/weekly_status_report.pdf,Routine local document modification and project repository commit.
F300401,08/20/2026 23:23:00,EMP108,PC-1044,C:/Users/EMP108/Documents/customer_feedback_summary.docx,Routine local document modification and project repository commit.
F300402,08/20/2026 20:27:00,EMP109,PC-7020,C:/Users/EMP109/Documents/unit_test_coverage.py,Routine local document modification and project repository commit.
F300403,08/20/2026 21:21:00,EMP110,PC-8005,C:/Users/EMP110/Documents/feature_spec_draft.md,Routine local document modification and project repository commit.
F300404,08/20/2026 19:33:00,EMP111,PC-3099,C:/Users/EMP111/Documents/sprint_retro_notes.docx,Routine local document modification and project repository commit.
F300405,08/20/2026 19:47:00,EMP112,PC-2490,C:/Users/EMP112/Documents/sprint_retro_notes.docx,Routine local document modification and project repository commit.
F300406,08/20/2026 22:28:00,EMP113,PC-7045,C:/Users/EMP113/Documents/weekly_status_report.pdf,Routine local document modification and project repository commit.
F300407,08/20/2026 19:31:00,EMP114,PC-1250,C:/Users/EMP114/Documents/sprint_retro_notes.docx,Routine local document modification and project repository commit.
F300408,08/20/2026 22:50:00,EMP115,PC-6125,C:/Users/EMP115/Documents/unit_test_coverage.py,Routine local document modification and project repository commit.
F300409,08/20/2026 21:22:00,EMP116,PC-1300,C:/Users/EMP116/Documents/feature_spec_draft.md,Routine local document modification and project repository commit.
F300410,08/20/2026 23:04:00,EMP117,PC-9910,C:/Users/EMP117/Documents/sprint_retro_notes.docx,Routine local document modification and project repository commit.
F300411,08/20/2026 19:45:00,EMP118,PC-5022,C:/Users/EMP118/Documents/feature_spec_draft.md,Routine local document modification and project repository commit.
F300412,08/20/2026 19:51:00,EMP119,PC-3150,C:/Users/EMP119/Documents/customer_feedback_summary.docx,Routine local document modification and project repository commit.
F300413,08/20/2026 18:31:00,EMP120,PC-4120,C:/Users/EMP120/Documents/unit_test_coverage.py,Routine local document modification and project repository commit.
F300414,08/20/2026 20:07:00,EMP121,PC-8050,C:/Users/EMP121/Documents/feature_spec_draft.md,Routine local document modification and project repository commit.
F300415,08/20/2026 20:16:00,EMP122,PC-6150,C:/Users/EMP122/Documents/weekly_status_report.pdf,Routine local document modification and project repository commit.
F300416,08/20/2026 23:16:00,EMP123,PC-4190,C:/Users/EMP123/Documents/customer_feedback_summary.docx,Routine local document modification and project repository commit.
F300417,08/20/2026 23:43:00,EMP124,PC-9001,C:/Users/EMP124/Documents/unit_test_coverage.py,Routine local document modification and project repository commit.
F300418,08/20/2026 21:08:00,EMP125,PC-9402,C:/Users/EMP125/Documents/weekly_status_report.pdf,Routine local document modification and project repository commit.
F300419,08/20/2026 19:42:00,EMP126,PC-9945,C:/Users/EMP126/Documents/unit_test_coverage.py,Routine local document modification and project repository commit.
F300420,08/20/2026 20:38:00,EMP127,PC-1070,C:/Users/EMP127/Documents/sprint_retro_notes.docx,Routine local document modification and project repository commit.
F300421,08/21/2026 20:49:00,EMP101,PC-1001,C:/Users/EMP101/Documents/customer_feedback_summary.docx,Routine local document modification and project repository commit.
F300422,08/21/2026 19:23:00,AAF0535,PC-2408,C:/Users/AAF0535/Documents/unit_test_coverage.py,Routine local document modification and project repository commit.
F300423,08/21/2026 20:49:00,AAM0658,PC-9923,C:/Users/AAM0658/Documents/unit_test_coverage.py,Routine local document modification and project repository commit.
F300424,08/21/2026 23:04:00,BBS0039,PC-9436,C:/Users/BBS0039/Documents/customer_feedback_summary.docx,Routine local document modification and project repository commit.
F300425,08/21/2026 20:47:00,EMP102,PC-3012,C:/Users/EMP102/Documents/unit_test_coverage.py,Routine local document modification and project repository commit.
F300426,08/21/2026 17:37:00,EMP103,PC-4105,C:/Users/EMP103/Documents/feature_spec_draft.md,Routine local document modification and project repository commit.
F300427,08/21/2026 19:36:00,EMP104,PC-1102,C:/Users/EMP104/Documents/feature_spec_draft.md,Routine local document modification and project repository commit.
F300428,08/21/2026 23:35:00,EMP105,PC-5001,C:/Users/EMP105/Documents/unit_test_coverage.py,Routine local document modification and project repository commit.
F300429,08/22/2026 00:07:00,EMP106,PC-1088,C:/Users/EMP106/Documents/feature_spec_draft.md,Routine local document modification and project repository commit.
F300430,08/21/2026 18:55:00,EMP107,PC-6110,C:/Users/EMP107/Documents/unit_test_coverage.py,Routine local document modification and project repository commit.
F300431,08/21/2026 22:20:00,EMP108,PC-1044,C:/Users/EMP108/Documents/unit_test_coverage.py,Routine local document modification and project repository commit.
F300432,08/21/2026 18:59:00,EMP109,PC-7020,C:/Users/EMP109/Documents/weekly_status_report.pdf,Routine local document modification and project repository commit.
F300433,08/21/2026 18:36:00,EMP110,PC-8005,C:/Users/EMP110/Documents/unit_test_coverage.py,Routine local document modification and project repository commit.
F300434,08/21/2026 20:21:00,EMP111,PC-3099,C:/Users/EMP111/Documents/weekly_status_report.pdf,Routine local document modification and project repository commit.
F300435,08/21/2026 19:49:00,EMP112,PC-2490,C:/Users/EMP112/Documents/feature_spec_draft.md,Routine local document modification and project repository commit.
F300436,08/21/2026 22:47:00,EMP113,PC-7045,C:/Users/EMP113/Documents/feature_spec_draft.md,Routine local document modification and project repository commit.
F300437,08/21/2026 22:14:00,EMP114,PC-1250,C:/Users/EMP114/Documents/feature_spec_draft.md,Routine local document modification and project repository commit.
F300438,08/21/2026 20:58:00,EMP115,PC-6125,C:/Users/EMP115/Documents/sprint_retro_notes.docx,Routine local document modification and project repository commit.
F300439,08/21/2026 22:29:00,EMP116,PC-1300,C:/Users/EMP116/Documents/weekly_status_report.pdf,Routine local document modification and project repository commit.
F300440,08/21/2026 20:45:00,EMP117,PC-9910,C:/Users/EMP117/Documents/customer_feedback_summary.docx,Routine local document modification and project repository commit.
F300441,08/21/2026 22:11:00,EMP118,PC-5022,C:/Users/EMP118/Documents/weekly_status_report.pdf,Routine local document modification and project repository commit.
F300442,08/21/2026 20:11:00,EMP119,PC-3150,C:/Users/EMP119/Documents/feature_spec_draft.md,Routine local document modification and project repository commit.
F300443,08/21/2026 20:55:00,EMP120,PC-4120,C:/Users/EMP120/Documents/sprint_retro_notes.docx,Routine local document modification and project repository commit.
F300444,08/21/2026 20:56:00,EMP121,PC-8050,C:/Users/EMP121/Documents/sprint_retro_notes.docx,Routine local document modification and project repository commit.
F300445,08/21/2026 21:10:00,EMP122,PC-6150,C:/Users/EMP122/Documents/unit_test_coverage.py,Routine local document modification and project repository commit.
F300446,08/21/2026 19:18:00,EMP123,PC-4190,C:/Users/EMP123/Documents/sprint_retro_notes.docx,Routine local document modification and project repository commit.
F300447,08/21/2026 23:20:00,EMP124,PC-9001,C:/Users/EMP124/Documents/weekly_status_report.pdf,Routine local document modification and project repository commit.
F300448,08/21/2026 19:17:00,EMP125,PC-9402,C:/Users/EMP125/Documents/customer_feedback_summary.docx,Routine local document modification and project repository commit.
F300449,08/21/2026 22:18:00,EMP126,PC-9945,C:/Users/EMP126/Documents/feature_spec_draft.md,Routine local document modification and project repository commit.
F300450,08/21/2026 21:35:00,EMP127,PC-1070,C:/Users/EMP127/Documents/unit_test_coverage.py,Routine local document modification and project repository commit.
F300451,08/24/2026 19:56:00,EMP101,PC-1001,C:/Users/EMP101/Documents/unit_test_coverage.py,Routine local document modification and project repository commit.
F300452,08/24/2026 19:20:00,AAF0535,PC-2408,C:/Users/AAF0535/Documents/feature_spec_draft.md,Routine local document modification and project repository commit.
F300453,08/24/2026 22:22:00,AAM0658,PC-9923,C:/Users/AAM0658/Documents/customer_feedback_summary.docx,Routine local document modification and project repository commit.
F300454,08/24/2026 20:47:00,BBS0039,PC-9436,C:/Users/BBS0039/Documents/unit_test_coverage.py,Routine local document modification and project repository commit.
F300455,08/24/2026 21:04:00,EMP102,PC-3012,C:/Users/EMP102/Documents/weekly_status_report.pdf,Routine local document modification and project repository commit.
F300456,08/24/2026 21:21:00,EMP103,PC-4105,C:/Users/EMP103/Documents/unit_test_coverage.py,Routine local document modification and project repository commit.
F300457,08/24/2026 21:04:00,EMP104,PC-1102,C:/Users/EMP104/Documents/sprint_retro_notes.docx,Routine local document modification and project repository commit.
F300458,08/24/2026 17:22:00,EMP105,PC-5001,C:/Users/EMP105/Documents/feature_spec_draft.md,Routine local document modification and project repository commit.
F300459,08/24/2026 19:34:00,EMP106,PC-1088,C:/Users/EMP106/Documents/sprint_retro_notes.docx,Routine local document modification and project repository commit.
F300460,08/24/2026 22:56:00,EMP107,PC-6110,C:/Users/EMP107/Documents/feature_spec_draft.md,Routine local document modification and project repository commit.
F300461,08/24/2026 17:31:00,EMP108,PC-1044,C:/Users/EMP108/Documents/sprint_retro_notes.docx,Routine local document modification and project repository commit.
F300462,08/24/2026 21:22:00,EMP109,PC-7020,C:/Users/EMP109/Documents/weekly_status_report.pdf,Routine local document modification and project repository commit.
F300463,08/24/2026 20:57:00,EMP110,PC-8005,C:/Users/EMP110/Documents/feature_spec_draft.md,Routine local document modification and project repository commit.
F300464,08/24/2026 21:02:00,EMP111,PC-3099,C:/Users/EMP111/Documents/weekly_status_report.pdf,Routine local document modification and project repository commit.
F300465,08/24/2026 20:17:00,EMP112,PC-2490,C:/Users/EMP112/Documents/unit_test_coverage.py,Routine local document modification and project repository commit.
F300466,08/24/2026 18:01:00,EMP113,PC-7045,C:/Users/EMP113/Documents/customer_feedback_summary.docx,Routine local document modification and project repository commit.
F300467,08/24/2026 20:50:00,EMP114,PC-1250,C:/Users/EMP114/Documents/weekly_status_report.pdf,Routine local document modification and project repository commit.
F300468,08/24/2026 22:27:00,EMP115,PC-6125,C:/Users/EMP115/Documents/weekly_status_report.pdf,Routine local document modification and project repository commit.
F300469,08/24/2026 18:22:00,EMP116,PC-1300,C:/Users/EMP116/Documents/customer_feedback_summary.docx,Routine local document modification and project repository commit.
F300470,08/24/2026 18:27:00,EMP117,PC-9910,C:/Users/EMP117/Documents/feature_spec_draft.md,Routine local document modification and project repository commit.
F300471,08/24/2026 22:36:00,EMP118,PC-5022,C:/Users/EMP118/Documents/weekly_status_report.pdf,Routine local document modification and project repository commit.
F300472,08/24/2026 20:07:00,EMP119,PC-3150,C:/Users/EMP119/Documents/feature_spec_draft.md,Routine local document modification and project repository commit.
F300473,08/24/2026 17:53:00,EMP120,PC-4120,C:/Users/EMP120/Documents/customer_feedback_summary.docx,Routine local document modification and project repository commit.
F300474,08/24/2026 19:42:00,EMP121,PC-8050,C:/Users/EMP121/Documents/customer_feedback_summary.docx,Routine local document modification and project repository commit.
F300475,08/24/2026 22:08:00,EMP122,PC-6150,C:/Users/EMP122/Documents/unit_test_coverage.py,Routine local document modification and project repository commit.
F300476,08/24/2026 22:20:00,EMP123,PC-4190,C:/Users/EMP123/Documents/sprint_retro_notes.docx,Routine local document modification and project repository commit.
F300477,08/24/2026 23:09:00,EMP124,PC-9001,C:/Users/EMP124/Documents/weekly_status_report.pdf,Routine local document modification and project repository commit.
F300478,08/24/2026 19:59:00,EMP125,PC-9402,C:/Users/EMP125/Documents/weekly_status_report.pdf,Routine local document modification and project repository commit.
F300479,08/24/2026 18:41:00,EMP126,PC-9945,C:/Users/EMP126/Documents/sprint_retro_notes.docx,Routine local document modification and project repository commit.
F300480,08/24/2026 22:11:00,EMP127,PC-1070,C:/Users/EMP127/Documents/feature_spec_draft.md,Routine local document modification and project repository commit.
F300481,08/25/2026 20:51:00,EMP101,PC-1001,C:/Users/EMP101/Documents/customer_feedback_summary.docx,Routine local document modification and project repository commit.
F300482,08/25/2026 17:27:00,AAF0535,PC-2408,C:/Users/AAF0535/Documents/customer_feedback_summary.docx,Routine local document modification and project repository commit.
F300483,08/25/2026 20:30:00,AAM0658,PC-9923,C:/Users/AAM0658/Documents/customer_feedback_summary.docx,Routine local document modification and project repository commit.
F300484,08/25/2026 21:51:00,BBS0039,PC-9436,C:/Users/BBS0039/Documents/sprint_retro_notes.docx,Routine local document modification and project repository commit.
F300485,08/25/2026 21:47:00,EMP102,PC-3012,C:/Users/EMP102/Documents/feature_spec_draft.md,Routine local document modification and project repository commit.
F300486,08/25/2026 18:23:00,EMP103,PC-4105,C:/Users/EMP103/Documents/feature_spec_draft.md,Routine local document modification and project repository commit.
F300487,08/25/2026 23:52:00,EMP104,PC-1102,C:/Users/EMP104/Documents/customer_feedback_summary.docx,Routine local document modification and project repository commit.
F300488,08/25/2026 20:10:00,EMP105,PC-5001,C:/Users/EMP105/Documents/sprint_retro_notes.docx,Routine local document modification and project repository commit.
F300489,08/25/2026 22:11:00,EMP106,PC-1088,C:/Users/EMP106/Documents/sprint_retro_notes.docx,Routine local document modification and project repository commit.
F300490,08/25/2026 19:37:00,EMP107,PC-6110,C:/Users/EMP107/Documents/weekly_status_report.pdf,Routine local document modification and project repository commit.
F300491,08/25/2026 19:39:00,EMP108,PC-1044,C:/Users/EMP108/Documents/weekly_status_report.pdf,Routine local document modification and project repository commit.
F300492,08/25/2026 23:51:00,EMP109,PC-7020,C:/Users/EMP109/Documents/feature_spec_draft.md,Routine local document modification and project repository commit.
F300493,08/25/2026 21:10:00,EMP110,PC-8005,C:/Users/EMP110/Documents/customer_feedback_summary.docx,Routine local document modification and project repository commit.
F300494,08/25/2026 20:48:00,EMP111,PC-3099,C:/Users/EMP111/Documents/customer_feedback_summary.docx,Routine local document modification and project repository commit.
F300495,08/25/2026 18:27:00,EMP112,PC-2490,C:/Users/EMP112/Documents/weekly_status_report.pdf,Routine local document modification and project repository commit.
F300496,08/25/2026 21:26:00,EMP113,PC-7045,C:/Users/EMP113/Documents/sprint_retro_notes.docx,Routine local document modification and project repository commit.
F300497,08/25/2026 20:22:00,EMP114,PC-1250,C:/Users/EMP114/Documents/feature_spec_draft.md,Routine local document modification and project repository commit.
F300498,08/25/2026 18:38:00,EMP115,PC-6125,C:/Users/EMP115/Documents/feature_spec_draft.md,Routine local document modification and project repository commit.
F300499,08/25/2026 20:59:00,EMP116,PC-1300,C:/Users/EMP116/Documents/sprint_retro_notes.docx,Routine local document modification and project repository commit.
F300500,08/25/2026 20:22:00,EMP117,PC-9910,C:/Users/EMP117/Documents/customer_feedback_summary.docx,Routine local document modification and project repository commit.
F300501,08/25/2026 22:03:00,EMP118,PC-5022,C:/Users/EMP118/Documents/customer_feedback_summary.docx,Routine local document modification and project repository commit.
F300502,08/25/2026 19:11:00,EMP119,PC-3150,C:/Users/EMP119/Documents/weekly_status_report.pdf,Routine local document modification and project repository commit.
F300503,08/25/2026 21:19:00,EMP120,PC-4120,C:/Users/EMP120/Documents/sprint_retro_notes.docx,Routine local document modification and project repository commit.
F300504,08/25/2026 21:01:00,EMP121,PC-8050,C:/Users/EMP121/Documents/unit_test_coverage.py,Routine local document modification and project repository commit.
F300505,08/25/2026 21:22:00,EMP122,PC-6150,C:/Users/EMP122/Documents/weekly_status_report.pdf,Routine local document modification and project repository commit.
F300506,08/25/2026 21:34:00,EMP123,PC-4190,C:/Users/EMP123/Documents/unit_test_coverage.py,Routine local document modification and project repository commit.
F300507,08/25/2026 22:34:00,EMP124,PC-9001,C:/Users/EMP124/Documents/feature_spec_draft.md,Routine local document modification and project repository commit.
F300508,08/25/2026 23:54:00,EMP125,PC-9402,C:/Users/EMP125/Documents/sprint_retro_notes.docx,Routine local document modification and project repository commit.
F300509,08/25/2026 21:41:00,EMP126,PC-9945,C:/Users/EMP126/Documents/sprint_retro_notes.docx,Routine local document modification and project repository commit.
F300510,08/25/2026 19:06:00,EMP127,PC-1070,C:/Users/EMP127/Documents/customer_feedback_summary.docx,Routine local document modification and project repository commit.
F300511,08/26/2026 21:04:00,EMP101,PC-1001,C:/Users/EMP101/Documents/sprint_retro_notes.docx,Routine local document modification and project repository commit.
F300512,08/26/2026 18:20:00,AAF0535,PC-2408,C:/Users/AAF0535/Documents/unit_test_coverage.py,Routine local document modification and project repository commit.
F300513,08/26/2026 21:16:00,AAM0658,PC-9923,C:/Users/AAM0658/Documents/weekly_status_report.pdf,Routine local document modification and project repository commit.
F300514,08/26/2026 19:50:00,BBS0039,PC-9436,C:/Users/BBS0039/Documents/weekly_status_report.pdf,Routine local document modification and project repository commit.
F300515,08/26/2026 20:21:00,EMP102,PC-3012,C:/Users/EMP102/Documents/weekly_status_report.pdf,Routine local document modification and project repository commit.
F300516,08/26/2026 21:28:00,EMP103,PC-4105,C:/Users/EMP103/Documents/feature_spec_draft.md,Routine local document modification and project repository commit.
F300517,08/26/2026 21:17:00,EMP104,PC-1102,C:/Users/EMP104/Documents/feature_spec_draft.md,Routine local document modification and project repository commit.
F300518,08/26/2026 21:33:00,EMP105,PC-5001,C:/Users/EMP105/Documents/customer_feedback_summary.docx,Routine local document modification and project repository commit.
F300519,08/26/2026 23:19:00,EMP106,PC-1088,C:/Users/EMP106/Documents/feature_spec_draft.md,Routine local document modification and project repository commit.
F300520,08/26/2026 19:23:00,EMP107,PC-6110,C:/Users/EMP107/Documents/customer_feedback_summary.docx,Routine local document modification and project repository commit.
F300521,08/26/2026 19:38:00,EMP108,PC-1044,C:/Users/EMP108/Documents/feature_spec_draft.md,Routine local document modification and project repository commit.
F300522,08/26/2026 23:32:00,EMP109,PC-7020,C:/Users/EMP109/Documents/weekly_status_report.pdf,Routine local document modification and project repository commit.
F300523,08/26/2026 23:06:00,EMP110,PC-8005,C:/Users/EMP110/Documents/weekly_status_report.pdf,Routine local document modification and project repository commit.
F300524,08/26/2026 21:54:00,EMP111,PC-3099,C:/Users/EMP111/Documents/sprint_retro_notes.docx,Routine local document modification and project repository commit.
F300525,08/26/2026 19:37:00,EMP112,PC-2490,C:/Users/EMP112/Documents/customer_feedback_summary.docx,Routine local document modification and project repository commit.
F300526,08/26/2026 19:55:00,EMP113,PC-7045,C:/Users/EMP113/Documents/customer_feedback_summary.docx,Routine local document modification and project repository commit.
F300527,08/26/2026 23:31:00,EMP114,PC-1250,C:/Users/EMP114/Documents/unit_test_coverage.py,Routine local document modification and project repository commit.
F300528,08/26/2026 21:44:00,EMP115,PC-6125,C:/Users/EMP115/Documents/weekly_status_report.pdf,Routine local document modification and project repository commit.
F300529,08/26/2026 21:13:00,EMP116,PC-1300,C:/Users/EMP116/Documents/feature_spec_draft.md,Routine local document modification and project repository commit.
F300530,08/26/2026 19:22:00,EMP117,PC-9910,C:/Users/EMP117/Documents/sprint_retro_notes.docx,Routine local document modification and project repository commit.
F300531,08/26/2026 23:09:00,EMP118,PC-5022,C:/Users/EMP118/Documents/weekly_status_report.pdf,Routine local document modification and project repository commit.
F300532,08/26/2026 22:23:00,EMP119,PC-3150,C:/Users/EMP119/Documents/weekly_status_report.pdf,Routine local document modification and project repository commit.
F300533,08/26/2026 23:48:00,EMP120,PC-4120,C:/Users/EMP120/Documents/unit_test_coverage.py,Routine local document modification and project repository commit.
F300534,08/26/2026 18:39:00,EMP121,PC-8050,C:/Users/EMP121/Documents/weekly_status_report.pdf,Routine local document modification and project repository commit.
F300535,08/26/2026 18:17:00,EMP122,PC-6150,C:/Users/EMP122/Documents/weekly_status_report.pdf,Routine local document modification and project repository commit.
F300536,08/26/2026 18:59:00,EMP123,PC-4190,C:/Users/EMP123/Documents/feature_spec_draft.md,Routine local document modification and project repository commit.
F300537,08/26/2026 23:40:00,EMP124,PC-9001,C:/Users/EMP124/Documents/sprint_retro_notes.docx,Routine local document modification and project repository commit.
F300538,08/26/2026 21:54:00,EMP125,PC-9402,C:/Users/EMP125/Documents/sprint_retro_notes.docx,Routine local document modification and project repository commit.
F300539,08/26/2026 18:58:00,EMP126,PC-9945,C:/Users/EMP126/Documents/weekly_status_report.pdf,Routine local document modification and project repository commit.
F300540,08/26/2026 19:27:00,EMP127,PC-1070,C:/Users/EMP127/Documents/sprint_retro_notes.docx,Routine local document modification and project repository commit.
F300541,08/27/2026 23:07:00,EMP101,PC-1001,C:/Users/EMP101/Documents/sprint_retro_notes.docx,Routine local document modification and project repository commit.
F300542,08/27/2026 18:25:00,AAF0535,PC-2408,C:/Users/AAF0535/Documents/feature_spec_draft.md,Routine local document modification and project repository commit.
F300543,08/27/2026 19:27:00,AAM0658,PC-9923,C:/Users/AAM0658/Documents/feature_spec_draft.md,Routine local document modification and project repository commit.
F300544,08/27/2026 20:21:00,BBS0039,PC-9436,C:/Users/BBS0039/Documents/sprint_retro_notes.docx,Routine local document modification and project repository commit.
F300545,08/27/2026 18:52:00,EMP102,PC-3012,C:/Users/EMP102/Documents/feature_spec_draft.md,Routine local document modification and project repository commit.
F300546,08/27/2026 22:53:00,EMP103,PC-4105,C:/Users/EMP103/Documents/sprint_retro_notes.docx,Routine local document modification and project repository commit.
F300547,08/27/2026 20:21:00,EMP104,PC-1102,C:/Users/EMP104/Documents/sprint_retro_notes.docx,Routine local document modification and project repository commit.
F300548,08/27/2026 19:58:00,EMP105,PC-5001,C:/Users/EMP105/Documents/feature_spec_draft.md,Routine local document modification and project repository commit.
F300549,08/27/2026 17:52:00,EMP106,PC-1088,C:/Users/EMP106/Documents/sprint_retro_notes.docx,Routine local document modification and project repository commit.
F300550,08/27/2026 19:18:00,EMP107,PC-6110,C:/Users/EMP107/Documents/sprint_retro_notes.docx,Routine local document modification and project repository commit.
F300551,08/27/2026 22:34:00,EMP108,PC-1044,C:/Users/EMP108/Documents/customer_feedback_summary.docx,Routine local document modification and project repository commit.
F300552,08/27/2026 23:11:00,EMP109,PC-7020,C:/Users/EMP109/Documents/feature_spec_draft.md,Routine local document modification and project repository commit.
F300553,08/27/2026 22:52:00,EMP110,PC-8005,C:/Users/EMP110/Documents/sprint_retro_notes.docx,Routine local document modification and project repository commit.
F300554,08/27/2026 22:45:00,EMP111,PC-3099,C:/Users/EMP111/Documents/unit_test_coverage.py,Routine local document modification and project repository commit.
F300555,08/27/2026 19:33:00,EMP112,PC-2490,C:/Users/EMP112/Documents/unit_test_coverage.py,Routine local document modification and project repository commit.
F300556,08/27/2026 18:03:00,EMP113,PC-7045,C:/Users/EMP113/Documents/sprint_retro_notes.docx,Routine local document modification and project repository commit.
F300557,08/27/2026 19:10:00,EMP114,PC-1250,C:/Users/EMP114/Documents/feature_spec_draft.md,Routine local document modification and project repository commit.
F300558,08/27/2026 21:43:00,EMP115,PC-6125,C:/Users/EMP115/Documents/unit_test_coverage.py,Routine local document modification and project repository commit.
F300559,08/27/2026 19:01:00,EMP116,PC-1300,C:/Users/EMP116/Documents/feature_spec_draft.md,Routine local document modification and project repository commit.
F300560,08/27/2026 23:03:00,EMP117,PC-9910,C:/Users/EMP117/Documents/sprint_retro_notes.docx,Routine local document modification and project repository commit.
F300561,08/27/2026 22:55:00,EMP118,PC-5022,C:/Users/EMP118/Documents/customer_feedback_summary.docx,Routine local document modification and project repository commit.
F300562,08/27/2026 20:44:00,EMP119,PC-3150,C:/Users/EMP119/Documents/unit_test_coverage.py,Routine local document modification and project repository commit.
F300563,08/27/2026 22:55:00,EMP120,PC-4120,C:/Users/EMP120/Documents/sprint_retro_notes.docx,Routine local document modification and project repository commit.
F300564,08/27/2026 21:58:00,EMP121,PC-8050,C:/Users/EMP121/Documents/unit_test_coverage.py,Routine local document modification and project repository commit.
F300565,08/27/2026 19:37:00,EMP122,PC-6150,C:/Users/EMP122/Documents/feature_spec_draft.md,Routine local document modification and project repository commit.
F300566,08/27/2026 23:49:00,EMP123,PC-4190,C:/Users/EMP123/Documents/feature_spec_draft.md,Routine local document modification and project repository commit.
F300567,08/27/2026 22:01:00,EMP124,PC-9001,C:/Users/EMP124/Documents/customer_feedback_summary.docx,Routine local document modification and project repository commit.
F300568,08/27/2026 18:35:00,EMP125,PC-9402,C:/Users/EMP125/Documents/feature_spec_draft.md,Routine local document modification and project repository commit.
F300569,08/27/2026 22:10:00,EMP126,PC-9945,C:/Users/EMP126/Documents/unit_test_coverage.py,Routine local document modification and project repository commit.
F300570,08/27/2026 19:29:00,EMP127,PC-1070,C:/Users/EMP127/Documents/weekly_status_report.pdf,Routine local document modification and project repository commit.
F300571,08/28/2026 22:33:00,EMP101,PC-1001,C:/Users/EMP101/Documents/customer_feedback_summary.docx,Routine local document modification and project repository commit.
F300572,08/28/2026 20:21:00,AAF0535,PC-2408,C:/Users/AAF0535/Documents/feature_spec_draft.md,Routine local document modification and project repository commit.
F300573,08/28/2026 19:26:00,AAM0658,PC-9923,C:/Users/AAM0658/Documents/feature_spec_draft.md,Routine local document modification and project repository commit.
F300574,08/28/2026 17:28:00,BBS0039,PC-9436,C:/Users/BBS0039/Documents/weekly_status_report.pdf,Routine local document modification and project repository commit.
F300575,08/28/2026 21:22:00,EMP102,PC-3012,C:/Users/EMP102/Documents/customer_feedback_summary.docx,Routine local document modification and project repository commit.
F300576,08/28/2026 18:53:00,EMP103,PC-4105,C:/Users/EMP103/Documents/unit_test_coverage.py,Routine local document modification and project repository commit.
F300577,08/28/2026 19:39:00,EMP104,PC-1102,C:/Users/EMP104/Documents/unit_test_coverage.py,Routine local document modification and project repository commit.
F300578,08/28/2026 17:19:00,EMP105,PC-5001,C:/Users/EMP105/Documents/weekly_status_report.pdf,Routine local document modification and project repository commit.
F300579,08/28/2026 21:55:00,EMP106,PC-1088,C:/Users/EMP106/Documents/feature_spec_draft.md,Routine local document modification and project repository commit.
F300580,08/28/2026 23:51:00,EMP107,PC-6110,C:/Users/EMP107/Documents/weekly_status_report.pdf,Routine local document modification and project repository commit.
F300581,08/28/2026 18:47:00,EMP108,PC-1044,C:/Users/EMP108/Documents/customer_feedback_summary.docx,Routine local document modification and project repository commit.
F300582,08/28/2026 17:53:00,EMP109,PC-7020,C:/Users/EMP109/Documents/customer_feedback_summary.docx,Routine local document modification and project repository commit.
F300583,08/28/2026 18:01:00,EMP110,PC-8005,C:/Users/EMP110/Documents/customer_feedback_summary.docx,Routine local document modification and project repository commit.
F300584,08/28/2026 21:29:00,EMP111,PC-3099,C:/Users/EMP111/Documents/feature_spec_draft.md,Routine local document modification and project repository commit.
F300585,08/28/2026 21:54:00,EMP112,PC-2490,C:/Users/EMP112/Documents/feature_spec_draft.md,Routine local document modification and project repository commit.
F300586,08/28/2026 18:59:00,EMP113,PC-7045,C:/Users/EMP113/Documents/customer_feedback_summary.docx,Routine local document modification and project repository commit.
F300587,08/28/2026 18:42:00,EMP114,PC-1250,C:/Users/EMP114/Documents/unit_test_coverage.py,Routine local document modification and project repository commit.
F300588,08/28/2026 23:21:00,EMP115,PC-6125,C:/Users/EMP115/Documents/feature_spec_draft.md,Routine local document modification and project repository commit.
F300589,08/28/2026 19:36:00,EMP116,PC-1300,C:/Users/EMP116/Documents/feature_spec_draft.md,Routine local document modification and project repository commit.
F300590,08/28/2026 21:07:00,EMP117,PC-9910,C:/Users/EMP117/Documents/customer_feedback_summary.docx,Routine local document modification and project repository commit.
F300591,08/28/2026 18:52:00,EMP118,PC-5022,C:/Users/EMP118/Documents/weekly_status_report.pdf,Routine local document modification and project repository commit.
F300592,08/28/2026 20:22:00,EMP119,PC-3150,C:/Users/EMP119/Documents/sprint_retro_notes.docx,Routine local document modification and project repository commit.
F300593,08/28/2026 20:06:00,EMP120,PC-4120,C:/Users/EMP120/Documents/weekly_status_report.pdf,Routine local document modification and project repository commit.
F300594,08/28/2026 21:42:00,EMP121,PC-8050,C:/Users/EMP121/Documents/feature_spec_draft.md,Routine local document modification and project repository commit.
F300595,08/28/2026 21:55:00,EMP122,PC-6150,C:/Users/EMP122/Documents/sprint_retro_notes.docx,Routine local document modification and project repository commit.
F300596,08/28/2026 20:12:00,EMP123,PC-4190,C:/Users/EMP123/Documents/unit_test_coverage.py,Routine local document modification and project repository commit.
F300597,08/28/2026 19:23:00,EMP124,PC-9001,C:/Users/EMP124/Documents/unit_test_coverage.py,Routine local document modification and project repository commit.
F300598,08/28/2026 17:29:00,EMP125,PC-9402,C:/Users/EMP125/Documents/unit_test_coverage.py,Routine local document modification and project repository commit.
F300599,08/28/2026 18:33:00,EMP126,PC-9945,C:/Users/EMP126/Documents/customer_feedback_summary.docx,Routine local document modification and project repository commit.
F300600,08/28/2026 22:38:00,EMP127,PC-1070,C:/Users/EMP127/Documents/weekly_status_report.pdf,Routine local document modification and project repository commit.
F300601,08/30/2026 19:30:00,AAF0535,PC-2408,C:/Users/AAF0535/Downloads/customer_leads_q3_enterprise.csv,"Exported CRM database records containing 2,400 enterprise client contact details and deal sizes."
F300602,08/30/2026 19:41:00,AAF0535,PC-2408,C:/Users/AAF0535/Downloads/client_contract_pricing_matrix.xlsx,"Exported CRM database records containing 2,400 enterprise client contact details and deal sizes."
F300603,08/30/2026 19:17:00,AAF0535,PC-2408,C:/Users/AAF0535/Downloads/confidential_client_roster.db,"Exported CRM database records containing 2,400 enterprise client contact details and deal sizes."
F300604,08/31/2026 07:03:00,BBS0039,PC-9436,C:/Backup/Dump/active_directory_ntds.dit,Dumped 850MB database table partition into encrypted tarball archive.
F300605,08/31/2026 07:05:00,BBS0039,PC-9436,C:/Backup/Dump/corporate_payroll_2026.sqlite,Dumped 850MB database table partition into encrypted tarball archive.
F300606,08/31/2026 07:07:00,BBS0039,PC-9436,C:/Backup/Dump/executive_compensation_records.xlsx,Dumped 850MB database table partition into encrypted tarball archive.
F300607,08/31/2026 07:00:00,BBS0039,PC-9436,C:/Backup/Dump/infrastructure_root_keys.kdbx,Dumped 850MB database table partition into encrypted tarball archive.
F300608,08/31/2026 07:06:00,BBS0039,PC-9436,C:/Backup/Dump/master_customer_billing_vault.enc,Dumped 850MB database table partition into encrypted tarball archive.
F300609,08/31/2026 20:51:00,EMP101,PC-1001,C:/Users/EMP101/Documents/weekly_status_report.pdf,Routine local document modification and project repository commit.
F300610,08/31/2026 19:39:00,AAF0535,PC-2408,C:/Users/AAF0535/Downloads/customer_leads_q3_enterprise.csv,"Exported CRM database records containing 2,400 enterprise client contact details and deal sizes."
F300611,08/31/2026 19:16:00,AAF0535,PC-2408,C:/Users/AAF0535/Downloads/client_contract_pricing_matrix.xlsx,"Exported CRM database records containing 2,400 enterprise client contact details and deal sizes."
F300612,08/31/2026 19:17:00,AAF0535,PC-2408,C:/Users/AAF0535/Downloads/confidential_client_roster.db,"Exported CRM database records containing 2,400 enterprise client contact details and deal sizes."
F300613,08/31/2026 18:58:00,AAM0658,PC-9923,C:/Users/AAM0658/Documents/sprint_retro_notes.docx,Routine local document modification and project repository commit.
F300614,09/01/2026 06:58:00,BBS0039,PC-9436,C:/Backup/Dump/active_directory_ntds.dit,Dumped 850MB database table partition into encrypted tarball archive.
F300615,09/01/2026 07:02:00,BBS0039,PC-9436,C:/Backup/Dump/corporate_payroll_2026.sqlite,Dumped 850MB database table partition into encrypted tarball archive.
F300616,09/01/2026 07:05:00,BBS0039,PC-9436,C:/Backup/Dump/executive_compensation_records.xlsx,Dumped 850MB database table partition into encrypted tarball archive.
F300617,09/01/2026 07:06:00,BBS0039,PC-9436,C:/Backup/Dump/infrastructure_root_keys.kdbx,Dumped 850MB database table partition into encrypted tarball archive.
F300618,09/01/2026 07:01:00,BBS0039,PC-9436,C:/Backup/Dump/master_customer_billing_vault.enc,Dumped 850MB database table partition into encrypted tarball archive.
F300619,08/31/2026 22:57:00,EMP102,PC-3012,C:/Users/EMP102/Documents/feature_spec_draft.md,Routine local document modification and project repository commit.
F300620,08/31/2026 21:46:00,EMP103,PC-4105,C:/Users/EMP103/Documents/feature_spec_draft.md,Routine local document modification and project repository commit.
F300621,08/31/2026 20:30:00,EMP104,PC-1102,C:/Users/EMP104/Documents/feature_spec_draft.md,Routine local document modification and project repository commit.
F300622,08/31/2026 22:02:00,EMP105,PC-5001,C:/Users/EMP105/Documents/weekly_status_report.pdf,Routine local document modification and project repository commit.
F300623,08/31/2026 21:25:00,EMP106,PC-1088,C:/Users/EMP106/Documents/weekly_status_report.pdf,Routine local document modification and project repository commit.
F300624,08/31/2026 20:29:00,EMP107,PC-6110,C:/Users/EMP107/Documents/unit_test_coverage.py,Routine local document modification and project repository commit.
F300625,08/31/2026 18:03:00,EMP108,PC-1044,C:/Users/EMP108/Documents/feature_spec_draft.md,Routine local document modification and project repository commit.
F300626,08/31/2026 23:10:00,EMP109,PC-7020,C:/Users/EMP109/Documents/sprint_retro_notes.docx,Routine local document modification and project repository commit.
F300627,08/31/2026 20:37:00,EMP110,PC-8005,C:/Users/EMP110/Documents/unit_test_coverage.py,Routine local document modification and project repository commit.
F300628,08/31/2026 18:51:00,EMP111,PC-3099,C:/Users/EMP111/Documents/weekly_status_report.pdf,Routine local document modification and project repository commit.
F300629,08/31/2026 20:31:00,EMP112,PC-2490,C:/Users/EMP112/Documents/weekly_status_report.pdf,Routine local document modification and project repository commit.
F300630,09/01/2026 00:06:00,EMP113,PC-7045,C:/Users/EMP113/Documents/customer_feedback_summary.docx,Routine local document modification and project repository commit.
F300631,08/31/2026 22:49:00,EMP114,PC-1250,C:/Users/EMP114/Documents/unit_test_coverage.py,Routine local document modification and project repository commit.
F300632,08/31/2026 23:02:00,EMP115,PC-6125,C:/Users/EMP115/Documents/sprint_retro_notes.docx,Routine local document modification and project repository commit.
F300633,08/31/2026 22:11:00,EMP116,PC-1300,C:/Users/EMP116/Documents/feature_spec_draft.md,Routine local document modification and project repository commit.
F300634,08/31/2026 20:53:00,EMP117,PC-9910,C:/Users/EMP117/Documents/unit_test_coverage.py,Routine local document modification and project repository commit.
F300635,08/31/2026 17:19:00,EMP118,PC-5022,C:/Users/EMP118/Documents/unit_test_coverage.py,Routine local document modification and project repository commit.
F300636,08/31/2026 21:09:00,EMP119,PC-3150,C:/Users/EMP119/Documents/sprint_retro_notes.docx,Routine local document modification and project repository commit.
F300637,08/31/2026 19:24:00,EMP120,PC-4120,C:/Users/EMP120/Documents/feature_spec_draft.md,Routine local document modification and project repository commit.
F300638,08/31/2026 17:53:00,EMP121,PC-8050,C:/Users/EMP121/Documents/unit_test_coverage.py,Routine local document modification and project repository commit.
F300639,08/31/2026 19:15:00,EMP122,PC-6150,C:/Users/EMP122/Documents/unit_test_coverage.py,Routine local document modification and project repository commit.
F300640,08/31/2026 22:02:00,EMP123,PC-4190,C:/Users/EMP123/Documents/feature_spec_draft.md,Routine local document modification and project repository commit.
F300641,08/31/2026 18:26:00,EMP124,PC-9001,C:/Users/EMP124/Documents/sprint_retro_notes.docx,Routine local document modification and project repository commit.
F300642,08/31/2026 20:36:00,EMP125,PC-9402,C:/Users/EMP125/Documents/feature_spec_draft.md,Routine local document modification and project repository commit.
F300643,08/31/2026 19:38:00,EMP126,PC-9945,C:/Users/EMP126/Documents/feature_spec_draft.md,Routine local document modification and project repository commit.
F300644,08/31/2026 20:52:00,EMP127,PC-1070,C:/Users/EMP127/Documents/feature_spec_draft.md,Routine local document modification and project repository commit.
F300645,09/01/2026 21:36:00,EMP101,PC-1001,C:/Users/EMP101/Documents/sprint_retro_notes.docx,Routine local document modification and project repository commit.
F300646,09/01/2026 19:10:00,AAF0535,PC-2408,C:/Users/AAF0535/Downloads/customer_leads_q3_enterprise.csv,"Exported CRM database records containing 2,400 enterprise client contact details and deal sizes."
F300647,09/01/2026 19:35:00,AAF0535,PC-2408,C:/Users/AAF0535/Downloads/client_contract_pricing_matrix.xlsx,"Exported CRM database records containing 2,400 enterprise client contact details and deal sizes."
F300648,09/01/2026 19:22:00,AAF0535,PC-2408,C:/Users/AAF0535/Downloads/confidential_client_roster.db,"Exported CRM database records containing 2,400 enterprise client contact details and deal sizes."
F300649,09/01/2026 09:37:00,AAM0658,PC-9923,/media/USB_THUMB_DRIVE_A87F/kernel_crypto_module.c,[CONFIDENTIAL EXFILTRATION] Copied 4.8MB binary/code payload to external removable drive kernel_crypto_module.c
F300650,09/01/2026 09:38:00,AAM0658,PC-9923,/media/USB_THUMB_DRIVE_A87F/auth_token_generator.cpp,[CONFIDENTIAL EXFILTRATION] Copied 4.8MB binary/code payload to external removable drive auth_token_generator.cpp
F300651,09/01/2026 09:39:00,AAM0658,PC-9923,/media/USB_THUMB_DRIVE_A87F/defense_telemetry.bin,[CONFIDENTIAL EXFILTRATION] Copied 4.8MB binary/code payload to external removable drive defense_telemetry.bin
F300652,09/01/2026 09:40:00,AAM0658,PC-9923,/media/USB_THUMB_DRIVE_A87F/proprietary_quant_algo.py,[CONFIDENTIAL EXFILTRATION] Copied 4.8MB binary/code payload to external removable drive proprietary_quant_algo.py
F300653,09/01/2026 09:41:00,AAM0658,PC-9923,/media/USB_THUMB_DRIVE_A87F/zero_day_patch_v4.c,[CONFIDENTIAL EXFILTRATION] Copied 4.8MB binary/code payload to external removable drive zero_day_patch_v4.c
F300654,09/01/2026 09:42:00,AAM0658,PC-9923,/media/USB_THUMB_DRIVE_A87F/satellite_uplink_driver.ko,[CONFIDENTIAL EXFILTRATION] Copied 4.8MB binary/code payload to external removable drive satellite_uplink_driver.ko
F300655,09/01/2026 09:43:00,AAM0658,PC-9923,/media/USB_THUMB_DRIVE_A87F/rsa_master_privkey.pem,[CONFIDENTIAL EXFILTRATION] Copied 4.8MB binary/code payload to external removable drive rsa_master_privkey.pem
F300656,09/01/2026 09:44:00,AAM0658,PC-9923,/media/USB_THUMB_DRIVE_A87F/biometric_template_db.dat,[CONFIDENTIAL EXFILTRATION] Copied 4.8MB binary/code payload to external removable drive biometric_template_db.dat
F300657,09/01/2026 09:45:00,AAM0658,PC-9923,/media/USB_THUMB_DRIVE_A87F/embedded_firmware_v2.hex,[CONFIDENTIAL EXFILTRATION] Copied 4.8MB binary/code payload to external removable drive embedded_firmware_v2.hex
F300658,09/01/2026 09:46:00,AAM0658,PC-9923,/media/USB_THUMB_DRIVE_A87F/secret_credentials_vault.json,[CONFIDENTIAL EXFILTRATION] Copied 4.8MB binary/code payload to external removable drive secret_credentials_vault.json
F300659,09/01/2026 09:47:00,AAM0658,PC-9923,/media/USB_THUMB_DRIVE_A87F/firewall_bypass_rule.conf,[CONFIDENTIAL EXFILTRATION] Copied 4.8MB binary/code payload to external removable drive firewall_bypass_rule.conf
F300660,09/01/2026 09:48:00,AAM0658,PC-9923,/media/USB_THUMB_DRIVE_A87F/airgap_bridge.sys,[CONFIDENTIAL EXFILTRATION] Copied 4.8MB binary/code payload to external removable drive airgap_bridge.sys
F300661,09/01/2026 09:49:00,AAM0658,PC-9923,/media/USB_THUMB_DRIVE_A87F/intel_property_core.tar.gz,[CONFIDENTIAL EXFILTRATION] Copied 4.8MB binary/code payload to external removable drive intel_property_core.tar.gz
F300662,09/01/2026 09:50:00,AAM0658,PC-9923,/media/USB_THUMB_DRIVE_A87F/root_authority_ca.crt,[CONFIDENTIAL EXFILTRATION] Copied 4.8MB binary/code payload to external removable drive root_authority_ca.crt
F300663,09/02/2026 07:06:00,BBS0039,PC-9436,C:/Backup/Dump/active_directory_ntds.dit,Dumped 850MB database table partition into encrypted tarball archive.
F300664,09/02/2026 07:00:00,BBS0039,PC-9436,C:/Backup/Dump/corporate_payroll_2026.sqlite,Dumped 850MB database table partition into encrypted tarball archive.
F300665,09/02/2026 07:01:00,BBS0039,PC-9436,C:/Backup/Dump/executive_compensation_records.xlsx,Dumped 850MB database table partition into encrypted tarball archive.
F300666,09/02/2026 07:05:00,BBS0039,PC-9436,C:/Backup/Dump/infrastructure_root_keys.kdbx,Dumped 850MB database table partition into encrypted tarball archive.
F300667,09/02/2026 06:57:00,BBS0039,PC-9436,C:/Backup/Dump/master_customer_billing_vault.enc,Dumped 850MB database table partition into encrypted tarball archive.
F300668,09/01/2026 21:01:00,EMP102,PC-3012,C:/Users/EMP102/Documents/feature_spec_draft.md,Routine local document modification and project repository commit.
F300669,09/01/2026 21:24:00,EMP103,PC-4105,C:/Users/EMP103/Documents/customer_feedback_summary.docx,Routine local document modification and project repository commit.
F300670,09/01/2026 18:00:00,EMP104,PC-1102,C:/Users/EMP104/Documents/feature_spec_draft.md,Routine local document modification and project repository commit.
F300671,09/01/2026 21:51:00,EMP105,PC-5001,C:/Users/EMP105/Documents/feature_spec_draft.md,Routine local document modification and project repository commit.
F300672,09/01/2026 21:27:00,EMP106,PC-1088,C:/Users/EMP106/Documents/feature_spec_draft.md,Routine local document modification and project repository commit.
F300673,09/01/2026 18:52:00,EMP107,PC-6110,C:/Users/EMP107/Documents/sprint_retro_notes.docx,Routine local document modification and project repository commit.
F300674,09/01/2026 21:33:00,EMP108,PC-1044,C:/Users/EMP108/Documents/sprint_retro_notes.docx,Routine local document modification and project repository commit.
F300675,09/01/2026 22:25:00,EMP109,PC-7020,C:/Users/EMP109/Documents/weekly_status_report.pdf,Routine local document modification and project repository commit.
F300676,09/01/2026 22:09:00,EMP110,PC-8005,C:/Users/EMP110/Documents/sprint_retro_notes.docx,Routine local document modification and project repository commit.
F300677,09/01/2026 22:36:00,EMP111,PC-3099,C:/Users/EMP111/Documents/feature_spec_draft.md,Routine local document modification and project repository commit.
F300678,09/01/2026 20:48:00,EMP112,PC-2490,C:/Users/EMP112/Documents/sprint_retro_notes.docx,Routine local document modification and project repository commit.
F300679,09/01/2026 22:06:00,EMP113,PC-7045,C:/Users/EMP113/Documents/unit_test_coverage.py,Routine local document modification and project repository commit.
F300680,09/01/2026 17:53:00,EMP114,PC-1250,C:/Users/EMP114/Documents/feature_spec_draft.md,Routine local document modification and project repository commit.
F300681,09/01/2026 22:21:00,EMP115,PC-6125,C:/Users/EMP115/Documents/feature_spec_draft.md,Routine local document modification and project repository commit.
F300682,09/01/2026 21:42:00,EMP116,PC-1300,C:/Users/EMP116/Documents/weekly_status_report.pdf,Routine local document modification and project repository commit.
F300683,09/01/2026 17:46:00,EMP117,PC-9910,C:/Users/EMP117/Documents/weekly_status_report.pdf,Routine local document modification and project repository commit.
F300684,09/01/2026 22:18:00,EMP118,PC-5022,C:/Users/EMP118/Documents/feature_spec_draft.md,Routine local document modification and project repository commit.
F300685,09/01/2026 17:45:00,EMP119,PC-3150,C:/Users/EMP119/Documents/weekly_status_report.pdf,Routine local document modification and project repository commit.
F300686,09/01/2026 17:45:00,EMP120,PC-4120,C:/Users/EMP120/Documents/unit_test_coverage.py,Routine local document modification and project repository commit.
F300687,09/01/2026 23:26:00,EMP121,PC-8050,C:/Users/EMP121/Documents/unit_test_coverage.py,Routine local document modification and project repository commit.
F300688,09/01/2026 22:08:00,EMP122,PC-6150,C:/Users/EMP122/Documents/sprint_retro_notes.docx,Routine local document modification and project repository commit.
F300689,09/01/2026 22:36:00,EMP123,PC-4190,C:/Users/EMP123/Documents/unit_test_coverage.py,Routine local document modification and project repository commit.
F300690,09/01/2026 19:49:00,EMP124,PC-9001,C:/Users/EMP124/Documents/unit_test_coverage.py,Routine local document modification and project repository commit.
F300691,09/01/2026 18:28:00,EMP125,PC-9402,C:/Users/EMP125/Documents/customer_feedback_summary.docx,Routine local document modification and project repository commit.
F300692,09/01/2026 18:27:00,EMP126,PC-9945,C:/Users/EMP126/Documents/feature_spec_draft.md,Routine local document modification and project repository commit.
F300693,09/01/2026 21:52:00,EMP127,PC-1070,C:/Users/EMP127/Documents/customer_feedback_summary.docx,Routine local document modification and project repository commit.
