id,date,user,pc,url,content
H500001,08/03/2026 20:05:00,EMP101,PC-1001,http://wiki.corp.internal/display/ENG/Architecture+Overview,Standard intranet/internet documentation query and task tracking.
H500002,08/03/2026 19:54:00,EMP101,PC-1001,http://git.corp.internal/dta-core/microservices,Standard intranet/internet documentation query and task tracking.
H500003,08/03/2026 18:44:00,AAF0535,PC-2408,https://news.ycombinator.com/,Standard intranet/internet documentation query and task tracking.
H500004,08/03/2026 20:34:00,AAF0535,PC-2408,http://intranet.corp.internal/hr/benefits-2026,Standard intranet/internet documentation query and task tracking.
H500005,08/03/2026 23:20:00,AAF0535,PC-2408,http://git.corp.internal/dta-core/microservices,Standard intranet/internet documentation query and task tracking.
H500006,08/03/2026 17:52:00,AAM0658,PC-9923,http://jira.corp.internal/browse/TICKET-4921,Standard intranet/internet documentation query and task tracking.
H500007,08/03/2026 18:03:00,AAM0658,PC-9923,https://stackoverflow.com/questions/debugging-async-io,Standard intranet/internet documentation query and task tracking.
H500008,08/03/2026 19:34:00,AAM0658,PC-9923,https://stackoverflow.com/questions/debugging-async-io,Standard intranet/internet documentation query and task tracking.
H500009,08/03/2026 23:42:00,BBS0039,PC-9436,http://intranet.corp.internal/hr/benefits-2026,Standard intranet/internet documentation query and task tracking.
H500010,08/03/2026 23:14:00,BBS0039,PC-9436,http://wiki.corp.internal/display/ENG/Architecture+Overview,Standard intranet/internet documentation query and task tracking.
H500011,08/03/2026 22:54:00,BBS0039,PC-9436,http://intranet.corp.internal/hr/benefits-2026,Standard intranet/internet documentation query and task tracking.
H500012,08/03/2026 22:26:00,EMP102,PC-3012,http://intranet.corp.internal/hr/benefits-2026,Standard intranet/internet documentation query and task tracking.
H500013,08/03/2026 21:44:00,EMP102,PC-3012,http://jira.corp.internal/browse/TICKET-4921,Standard intranet/internet documentation query and task tracking.
H500014,08/03/2026 22:49:00,EMP102,PC-3012,http://git.corp.internal/dta-core/microservices,Standard intranet/internet documentation query and task tracking.
H500015,08/03/2026 19:43:00,EMP103,PC-4105,https://news.ycombinator.com/,Standard intranet/internet documentation query and task tracking.
H500016,08/04/2026 00:02:00,EMP103,PC-4105,http://git.corp.internal/dta-core/microservices,Standard intranet/internet documentation query and task tracking.
H500017,08/03/2026 23:07:00,EMP104,PC-1102,https://news.ycombinator.com/,Standard intranet/internet documentation query and task tracking.
H500018,08/03/2026 21:21:00,EMP104,PC-1102,http://git.corp.internal/dta-core/microservices,Standard intranet/internet documentation query and task tracking.
H500019,08/03/2026 21:56:00,EMP105,PC-5001,http://wiki.corp.internal/display/ENG/Architecture+Overview,Standard intranet/internet documentation query and task tracking.
H500020,08/04/2026 00:10:00,EMP105,PC-5001,http://wiki.corp.internal/display/ENG/Architecture+Overview,Standard intranet/internet documentation query and task tracking.
H500021,08/03/2026 18:40:00,EMP105,PC-5001,http://jira.corp.internal/browse/TICKET-4921,Standard intranet/internet documentation query and task tracking.
H500022,08/03/2026 23:05:00,EMP105,PC-5001,http://jira.corp.internal/browse/TICKET-4921,Standard intranet/internet documentation query and task tracking.
H500023,08/03/2026 20:16:00,EMP106,PC-1088,https://news.ycombinator.com/,Standard intranet/internet documentation query and task tracking.
H500024,08/03/2026 18:13:00,EMP106,PC-1088,http://intranet.corp.internal/hr/benefits-2026,Standard intranet/internet documentation query and task tracking.
H500025,08/04/2026 00:17:00,EMP106,PC-1088,http://wiki.corp.internal/display/ENG/Architecture+Overview,Standard intranet/internet documentation query and task tracking.
H500026,08/03/2026 23:57:00,EMP106,PC-1088,https://news.ycombinator.com/,Standard intranet/internet documentation query and task tracking.
H500027,08/03/2026 23:49:00,EMP107,PC-6110,http://intranet.corp.internal/hr/benefits-2026,Standard intranet/internet documentation query and task tracking.
H500028,08/03/2026 19:54:00,EMP107,PC-6110,https://news.ycombinator.com/,Standard intranet/internet documentation query and task tracking.
H500029,08/03/2026 19:51:00,EMP108,PC-1044,http://jira.corp.internal/browse/TICKET-4921,Standard intranet/internet documentation query and task tracking.
H500030,08/03/2026 21:21:00,EMP108,PC-1044,http://jira.corp.internal/browse/TICKET-4921,Standard intranet/internet documentation query and task tracking.
H500031,08/03/2026 22:46:00,EMP108,PC-1044,https://news.ycombinator.com/,Standard intranet/internet documentation query and task tracking.
H500032,08/03/2026 18:10:00,EMP108,PC-1044,https://news.ycombinator.com/,Standard intranet/internet documentation query and task tracking.
H500033,08/03/2026 19:52:00,EMP109,PC-7020,https://news.ycombinator.com/,Standard intranet/internet documentation query and task tracking.
H500034,08/03/2026 18:29:00,EMP109,PC-7020,http://wiki.corp.internal/display/ENG/Architecture+Overview,Standard intranet/internet documentation query and task tracking.
H500035,08/03/2026 21:19:00,EMP110,PC-8005,http://jira.corp.internal/browse/TICKET-4921,Standard intranet/internet documentation query and task tracking.
H500036,08/03/2026 18:53:00,EMP110,PC-8005,https://news.ycombinator.com/,Standard intranet/internet documentation query and task tracking.
H500037,08/03/2026 21:48:00,EMP110,PC-8005,https://stackoverflow.com/questions/debugging-async-io,Standard intranet/internet documentation query and task tracking.
H500038,08/03/2026 21:06:00,EMP111,PC-3099,https://stackoverflow.com/questions/debugging-async-io,Standard intranet/internet documentation query and task tracking.
H500039,08/03/2026 22:19:00,EMP111,PC-3099,https://stackoverflow.com/questions/debugging-async-io,Standard intranet/internet documentation query and task tracking.
H500040,08/03/2026 18:56:00,EMP111,PC-3099,http://jira.corp.internal/browse/TICKET-4921,Standard intranet/internet documentation query and task tracking.
H500041,08/03/2026 19:50:00,EMP111,PC-3099,http://wiki.corp.internal/display/ENG/Architecture+Overview,Standard intranet/internet documentation query and task tracking.
H500042,08/03/2026 17:43:00,EMP112,PC-2490,http://intranet.corp.internal/hr/benefits-2026,Standard intranet/internet documentation query and task tracking.
H500043,08/03/2026 22:30:00,EMP112,PC-2490,http://wiki.corp.internal/display/ENG/Architecture+Overview,Standard intranet/internet documentation query and task tracking.
H500044,08/03/2026 19:56:00,EMP113,PC-7045,http://intranet.corp.internal/hr/benefits-2026,Standard intranet/internet documentation query and task tracking.
H500045,08/03/2026 21:42:00,EMP113,PC-7045,http://jira.corp.internal/browse/TICKET-4921,Standard intranet/internet documentation query and task tracking.
H500046,08/03/2026 18:37:00,EMP114,PC-1250,http://wiki.corp.internal/display/ENG/Architecture+Overview,Standard intranet/internet documentation query and task tracking.
H500047,08/03/2026 17:49:00,EMP114,PC-1250,http://intranet.corp.internal/hr/benefits-2026,Standard intranet/internet documentation query and task tracking.
H500048,08/03/2026 20:40:00,EMP114,PC-1250,http://git.corp.internal/dta-core/microservices,Standard intranet/internet documentation query and task tracking.
H500049,08/03/2026 19:26:00,EMP115,PC-6125,http://wiki.corp.internal/display/ENG/Architecture+Overview,Standard intranet/internet documentation query and task tracking.
H500050,08/03/2026 18:40:00,EMP115,PC-6125,http://jira.corp.internal/browse/TICKET-4921,Standard intranet/internet documentation query and task tracking.
H500051,08/03/2026 18:10:00,EMP115,PC-6125,https://news.ycombinator.com/,Standard intranet/internet documentation query and task tracking.
H500052,08/03/2026 20:22:00,EMP115,PC-6125,http://jira.corp.internal/browse/TICKET-4921,Standard intranet/internet documentation query and task tracking.
H500053,08/03/2026 17:24:00,EMP116,PC-1300,http://wiki.corp.internal/display/ENG/Architecture+Overview,Standard intranet/internet documentation query and task tracking.
H500054,08/03/2026 22:07:00,EMP116,PC-1300,https://news.ycombinator.com/,Standard intranet/internet documentation query and task tracking.
H500055,08/03/2026 16:41:00,EMP116,PC-1300,http://wiki.corp.internal/display/ENG/Architecture+Overview,Standard intranet/internet documentation query and task tracking.
H500056,08/03/2026 22:59:00,EMP116,PC-1300,http://jira.corp.internal/browse/TICKET-4921,Standard intranet/internet documentation query and task tracking.
H500057,08/03/2026 18:19:00,EMP117,PC-9910,https://stackoverflow.com/questions/debugging-async-io,Standard intranet/internet documentation query and task tracking.
H500058,08/03/2026 16:56:00,EMP117,PC-9910,https://stackoverflow.com/questions/debugging-async-io,Standard intranet/internet documentation query and task tracking.
H500059,08/03/2026 19:30:00,EMP118,PC-5022,http://wiki.corp.internal/display/ENG/Architecture+Overview,Standard intranet/internet documentation query and task tracking.
H500060,08/03/2026 22:35:00,EMP118,PC-5022,http://intranet.corp.internal/hr/benefits-2026,Standard intranet/internet documentation query and task tracking.
H500061,08/03/2026 22:16:00,EMP118,PC-5022,http://wiki.corp.internal/display/ENG/Architecture+Overview,Standard intranet/internet documentation query and task tracking.
H500062,08/03/2026 18:08:00,EMP119,PC-3150,http://wiki.corp.internal/display/ENG/Architecture+Overview,Standard intranet/internet documentation query and task tracking.
H500063,08/03/2026 21:37:00,EMP119,PC-3150,http://wiki.corp.internal/display/ENG/Architecture+Overview,Standard intranet/internet documentation query and task tracking.
H500064,08/03/2026 22:45:00,EMP120,PC-4120,https://news.ycombinator.com/,Standard intranet/internet documentation query and task tracking.
H500065,08/03/2026 21:58:00,EMP120,PC-4120,https://news.ycombinator.com/,Standard intranet/internet documentation query and task tracking.
H500066,08/03/2026 19:50:00,EMP120,PC-4120,http://git.corp.internal/dta-core/microservices,Standard intranet/internet documentation query and task tracking.
H500067,08/03/2026 20:11:00,EMP121,PC-8050,https://stackoverflow.com/questions/debugging-async-io,Standard intranet/internet documentation query and task tracking.
H500068,08/03/2026 20:19:00,EMP121,PC-8050,http://wiki.corp.internal/display/ENG/Architecture+Overview,Standard intranet/internet documentation query and task tracking.
H500069,08/03/2026 17:42:00,EMP121,PC-8050,https://stackoverflow.com/questions/debugging-async-io,Standard intranet/internet documentation query and task tracking.
H500070,08/03/2026 22:56:00,EMP121,PC-8050,https://news.ycombinator.com/,Standard intranet/internet documentation query and task tracking.
H500071,08/03/2026 18:13:00,EMP122,PC-6150,http://jira.corp.internal/browse/TICKET-4921,Standard intranet/internet documentation query and task tracking.
H500072,08/03/2026 20:47:00,EMP122,PC-6150,http://git.corp.internal/dta-core/microservices,Standard intranet/internet documentation query and task tracking.
H500073,08/03/2026 18:58:00,EMP122,PC-6150,https://stackoverflow.com/questions/debugging-async-io,Standard intranet/internet documentation query and task tracking.
H500074,08/03/2026 19:45:00,EMP123,PC-4190,http://intranet.corp.internal/hr/benefits-2026,Standard intranet/internet documentation query and task tracking.
H500075,08/03/2026 18:05:00,EMP123,PC-4190,http://jira.corp.internal/browse/TICKET-4921,Standard intranet/internet documentation query and task tracking.
H500076,08/03/2026 19:27:00,EMP123,PC-4190,http://wiki.corp.internal/display/ENG/Architecture+Overview,Standard intranet/internet documentation query and task tracking.
H500077,08/03/2026 18:06:00,EMP123,PC-4190,http://intranet.corp.internal/hr/benefits-2026,Standard intranet/internet documentation query and task tracking.
H500078,08/03/2026 23:06:00,EMP124,PC-9001,http://intranet.corp.internal/hr/benefits-2026,Standard intranet/internet documentation query and task tracking.
H500079,08/03/2026 19:30:00,EMP124,PC-9001,https://news.ycombinator.com/,Standard intranet/internet documentation query and task tracking.
H500080,08/03/2026 17:32:00,EMP125,PC-9402,http://wiki.corp.internal/display/ENG/Architecture+Overview,Standard intranet/internet documentation query and task tracking.
H500081,08/03/2026 20:00:00,EMP125,PC-9402,http://jira.corp.internal/browse/TICKET-4921,Standard intranet/internet documentation query and task tracking.
H500082,08/03/2026 22:36:00,EMP125,PC-9402,http://git.corp.internal/dta-core/microservices,Standard intranet/internet documentation query and task tracking.
H500083,08/03/2026 17:53:00,EMP126,PC-9945,https://news.ycombinator.com/,Standard intranet/internet documentation query and task tracking.
H500084,08/03/2026 16:55:00,EMP126,PC-9945,http://git.corp.internal/dta-core/microservices,Standard intranet/internet documentation query and task tracking.
H500085,08/03/2026 21:35:00,EMP126,PC-9945,https://news.ycombinator.com/,Standard intranet/internet documentation query and task tracking.
H500086,08/03/2026 17:52:00,EMP126,PC-9945,https://stackoverflow.com/questions/debugging-async-io,Standard intranet/internet documentation query and task tracking.
H500087,08/03/2026 18:59:00,EMP127,PC-1070,http://intranet.corp.internal/hr/benefits-2026,Standard intranet/internet documentation query and task tracking.
H500088,08/03/2026 17:44:00,EMP127,PC-1070,http://git.corp.internal/dta-core/microservices,Standard intranet/internet documentation query and task tracking.
H500089,08/03/2026 21:38:00,EMP127,PC-1070,https://stackoverflow.com/questions/debugging-async-io,Standard intranet/internet documentation query and task tracking.
H500090,08/03/2026 22:09:00,EMP127,PC-1070,http://intranet.corp.internal/hr/benefits-2026,Standard intranet/internet documentation query and task tracking.
H500091,08/04/2026 23:13:00,EMP101,PC-1001,http://git.corp.internal/dta-core/microservices,Standard intranet/internet documentation query and task tracking.
H500092,08/04/2026 20:26:00,EMP101,PC-1001,http://intranet.corp.internal/hr/benefits-2026,Standard intranet/internet documentation query and task tracking.
H500093,08/04/2026 19:25:00,AAF0535,PC-2408,http://jira.corp.internal/browse/TICKET-4921,Standard intranet/internet documentation query and task tracking.
H500094,08/04/2026 21:27:00,AAF0535,PC-2408,http://git.corp.internal/dta-core/microservices,Standard intranet/internet documentation query and task tracking.
H500095,08/04/2026 20:08:00,AAF0535,PC-2408,http://jira.corp.internal/browse/TICKET-4921,Standard intranet/internet documentation query and task tracking.
H500096,08/04/2026 20:13:00,AAM0658,PC-9923,http://git.corp.internal/dta-core/microservices,Standard intranet/internet documentation query and task tracking.
H500097,08/04/2026 23:19:00,AAM0658,PC-9923,https://news.ycombinator.com/,Standard intranet/internet documentation query and task tracking.
H500098,08/04/2026 19:01:00,BBS0039,PC-9436,http://wiki.corp.internal/display/ENG/Architecture+Overview,Standard intranet/internet documentation query and task tracking.
H500099,08/04/2026 17:41:00,BBS0039,PC-9436,https://news.ycombinator.com/,Standard intranet/internet documentation query and task tracking.
H500100,08/04/2026 20:28:00,BBS0039,PC-9436,http://git.corp.internal/dta-core/microservices,Standard intranet/internet documentation query and task tracking.
H500101,08/04/2026 22:59:00,BBS0039,PC-9436,http://git.corp.internal/dta-core/microservices,Standard intranet/internet documentation query and task tracking.
H500102,08/04/2026 18:28:00,EMP102,PC-3012,http://intranet.corp.internal/hr/benefits-2026,Standard intranet/internet documentation query and task tracking.
H500103,08/04/2026 21:49:00,EMP102,PC-3012,http://wiki.corp.internal/display/ENG/Architecture+Overview,Standard intranet/internet documentation query and task tracking.
H500104,08/04/2026 22:32:00,EMP102,PC-3012,https://news.ycombinator.com/,Standard intranet/internet documentation query and task tracking.
H500105,08/04/2026 19:12:00,EMP103,PC-4105,http://intranet.corp.internal/hr/benefits-2026,Standard intranet/internet documentation query and task tracking.
H500106,08/04/2026 20:42:00,EMP103,PC-4105,https://news.ycombinator.com/,Standard intranet/internet documentation query and task tracking.
H500107,08/04/2026 20:47:00,EMP103,PC-4105,http://intranet.corp.internal/hr/benefits-2026,Standard intranet/internet documentation query and task tracking.
H500108,08/04/2026 21:38:00,EMP103,PC-4105,http://git.corp.internal/dta-core/microservices,Standard intranet/internet documentation query and task tracking.
H500109,08/04/2026 22:42:00,EMP104,PC-1102,http://intranet.corp.internal/hr/benefits-2026,Standard intranet/internet documentation query and task tracking.
H500110,08/04/2026 18:25:00,EMP104,PC-1102,https://news.ycombinator.com/,Standard intranet/internet documentation query and task tracking.
H500111,08/04/2026 21:47:00,EMP104,PC-1102,http://git.corp.internal/dta-core/microservices,Standard intranet/internet documentation query and task tracking.
H500112,08/04/2026 22:44:00,EMP105,PC-5001,https://news.ycombinator.com/,Standard intranet/internet documentation query and task tracking.
H500113,08/04/2026 23:23:00,EMP105,PC-5001,http://git.corp.internal/dta-core/microservices,Standard intranet/internet documentation query and task tracking.
H500114,08/04/2026 21:46:00,EMP105,PC-5001,https://stackoverflow.com/questions/debugging-async-io,Standard intranet/internet documentation query and task tracking.
H500115,08/04/2026 21:35:00,EMP106,PC-1088,http://intranet.corp.internal/hr/benefits-2026,Standard intranet/internet documentation query and task tracking.
H500116,08/04/2026 22:36:00,EMP106,PC-1088,https://news.ycombinator.com/,Standard intranet/internet documentation query and task tracking.
H500117,08/04/2026 20:03:00,EMP106,PC-1088,http://wiki.corp.internal/display/ENG/Architecture+Overview,Standard intranet/internet documentation query and task tracking.
H500118,08/04/2026 20:34:00,EMP107,PC-6110,https://news.ycombinator.com/,Standard intranet/internet documentation query and task tracking.
H500119,08/04/2026 17:08:00,EMP107,PC-6110,https://stackoverflow.com/questions/debugging-async-io,Standard intranet/internet documentation query and task tracking.
H500120,08/04/2026 23:30:00,EMP108,PC-1044,http://intranet.corp.internal/hr/benefits-2026,Standard intranet/internet documentation query and task tracking.
H500121,08/04/2026 17:57:00,EMP108,PC-1044,http://wiki.corp.internal/display/ENG/Architecture+Overview,Standard intranet/internet documentation query and task tracking.
H500122,08/04/2026 18:35:00,EMP109,PC-7020,https://stackoverflow.com/questions/debugging-async-io,Standard intranet/internet documentation query and task tracking.
H500123,08/04/2026 18:41:00,EMP109,PC-7020,https://stackoverflow.com/questions/debugging-async-io,Standard intranet/internet documentation query and task tracking.
H500124,08/04/2026 22:27:00,EMP110,PC-8005,https://stackoverflow.com/questions/debugging-async-io,Standard intranet/internet documentation query and task tracking.
H500125,08/04/2026 22:49:00,EMP110,PC-8005,https://stackoverflow.com/questions/debugging-async-io,Standard intranet/internet documentation query and task tracking.
H500126,08/04/2026 19:30:00,EMP110,PC-8005,http://intranet.corp.internal/hr/benefits-2026,Standard intranet/internet documentation query and task tracking.
H500127,08/04/2026 22:12:00,EMP110,PC-8005,https://stackoverflow.com/questions/debugging-async-io,Standard intranet/internet documentation query and task tracking.
H500128,08/04/2026 21:55:00,EMP111,PC-3099,http://wiki.corp.internal/display/ENG/Architecture+Overview,Standard intranet/internet documentation query and task tracking.
H500129,08/05/2026 00:15:00,EMP111,PC-3099,http://git.corp.internal/dta-core/microservices,Standard intranet/internet documentation query and task tracking.
H500130,08/04/2026 20:10:00,EMP111,PC-3099,http://git.corp.internal/dta-core/microservices,Standard intranet/internet documentation query and task tracking.
H500131,08/04/2026 19:54:00,EMP112,PC-2490,http://intranet.corp.internal/hr/benefits-2026,Standard intranet/internet documentation query and task tracking.
H500132,08/04/2026 17:56:00,EMP112,PC-2490,http://intranet.corp.internal/hr/benefits-2026,Standard intranet/internet documentation query and task tracking.
H500133,08/04/2026 18:35:00,EMP113,PC-7045,http://jira.corp.internal/browse/TICKET-4921,Standard intranet/internet documentation query and task tracking.
H500134,08/04/2026 21:39:00,EMP113,PC-7045,https://stackoverflow.com/questions/debugging-async-io,Standard intranet/internet documentation query and task tracking.
H500135,08/04/2026 23:03:00,EMP113,PC-7045,http://intranet.corp.internal/hr/benefits-2026,Standard intranet/internet documentation query and task tracking.
H500136,08/04/2026 20:26:00,EMP114,PC-1250,https://news.ycombinator.com/,Standard intranet/internet documentation query and task tracking.
H500137,08/04/2026 23:14:00,EMP114,PC-1250,http://intranet.corp.internal/hr/benefits-2026,Standard intranet/internet documentation query and task tracking.
H500138,08/04/2026 21:31:00,EMP114,PC-1250,https://news.ycombinator.com/,Standard intranet/internet documentation query and task tracking.
H500139,08/04/2026 20:53:00,EMP115,PC-6125,http://intranet.corp.internal/hr/benefits-2026,Standard intranet/internet documentation query and task tracking.
H500140,08/04/2026 23:48:00,EMP115,PC-6125,https://stackoverflow.com/questions/debugging-async-io,Standard intranet/internet documentation query and task tracking.
H500141,08/05/2026 00:11:00,EMP115,PC-6125,http://jira.corp.internal/browse/TICKET-4921,Standard intranet/internet documentation query and task tracking.
H500142,08/04/2026 22:34:00,EMP116,PC-1300,http://wiki.corp.internal/display/ENG/Architecture+Overview,Standard intranet/internet documentation query and task tracking.
H500143,08/04/2026 17:37:00,EMP116,PC-1300,http://intranet.corp.internal/hr/benefits-2026,Standard intranet/internet documentation query and task tracking.
H500144,08/04/2026 20:34:00,EMP116,PC-1300,http://jira.corp.internal/browse/TICKET-4921,Standard intranet/internet documentation query and task tracking.
H500145,08/04/2026 20:51:00,EMP116,PC-1300,http://jira.corp.internal/browse/TICKET-4921,Standard intranet/internet documentation query and task tracking.
H500146,08/04/2026 23:28:00,EMP117,PC-9910,https://stackoverflow.com/questions/debugging-async-io,Standard intranet/internet documentation query and task tracking.
H500147,08/04/2026 19:21:00,EMP117,PC-9910,https://stackoverflow.com/questions/debugging-async-io,Standard intranet/internet documentation query and task tracking.
H500148,08/04/2026 19:08:00,EMP117,PC-9910,http://wiki.corp.internal/display/ENG/Architecture+Overview,Standard intranet/internet documentation query and task tracking.
H500149,08/04/2026 17:27:00,EMP118,PC-5022,http://intranet.corp.internal/hr/benefits-2026,Standard intranet/internet documentation query and task tracking.
H500150,08/04/2026 17:12:00,EMP118,PC-5022,http://wiki.corp.internal/display/ENG/Architecture+Overview,Standard intranet/internet documentation query and task tracking.
H500151,08/04/2026 18:58:00,EMP118,PC-5022,http://jira.corp.internal/browse/TICKET-4921,Standard intranet/internet documentation query and task tracking.
H500152,08/04/2026 17:02:00,EMP118,PC-5022,https://news.ycombinator.com/,Standard intranet/internet documentation query and task tracking.
H500153,08/04/2026 21:04:00,EMP119,PC-3150,http://intranet.corp.internal/hr/benefits-2026,Standard intranet/internet documentation query and task tracking.
H500154,08/04/2026 19:17:00,EMP119,PC-3150,http://git.corp.internal/dta-core/microservices,Standard intranet/internet documentation query and task tracking.
H500155,08/04/2026 17:02:00,EMP120,PC-4120,http://git.corp.internal/dta-core/microservices,Standard intranet/internet documentation query and task tracking.
H500156,08/04/2026 21:43:00,EMP120,PC-4120,http://intranet.corp.internal/hr/benefits-2026,Standard intranet/internet documentation query and task tracking.
H500157,08/04/2026 20:01:00,EMP120,PC-4120,https://stackoverflow.com/questions/debugging-async-io,Standard intranet/internet documentation query and task tracking.
H500158,08/04/2026 22:55:00,EMP120,PC-4120,http://jira.corp.internal/browse/TICKET-4921,Standard intranet/internet documentation query and task tracking.
H500159,08/04/2026 23:04:00,EMP121,PC-8050,https://news.ycombinator.com/,Standard intranet/internet documentation query and task tracking.
H500160,08/04/2026 18:15:00,EMP121,PC-8050,https://news.ycombinator.com/,Standard intranet/internet documentation query and task tracking.
H500161,08/04/2026 17:35:00,EMP121,PC-8050,http://git.corp.internal/dta-core/microservices,Standard intranet/internet documentation query and task tracking.
H500162,08/04/2026 17:08:00,EMP122,PC-6150,https://stackoverflow.com/questions/debugging-async-io,Standard intranet/internet documentation query and task tracking.
H500163,08/04/2026 21:12:00,EMP122,PC-6150,http://wiki.corp.internal/display/ENG/Architecture+Overview,Standard intranet/internet documentation query and task tracking.
H500164,08/04/2026 20:43:00,EMP122,PC-6150,http://git.corp.internal/dta-core/microservices,Standard intranet/internet documentation query and task tracking.
H500165,08/04/2026 23:14:00,EMP123,PC-4190,http://git.corp.internal/dta-core/microservices,Standard intranet/internet documentation query and task tracking.
H500166,08/04/2026 22:56:00,EMP123,PC-4190,https://news.ycombinator.com/,Standard intranet/internet documentation query and task tracking.
H500167,08/04/2026 21:48:00,EMP123,PC-4190,https://stackoverflow.com/questions/debugging-async-io,Standard intranet/internet documentation query and task tracking.
H500168,08/04/2026 21:24:00,EMP123,PC-4190,http://intranet.corp.internal/hr/benefits-2026,Standard intranet/internet documentation query and task tracking.
H500169,08/04/2026 18:51:00,EMP124,PC-9001,https://stackoverflow.com/questions/debugging-async-io,Standard intranet/internet documentation query and task tracking.
H500170,08/04/2026 21:38:00,EMP124,PC-9001,https://news.ycombinator.com/,Standard intranet/internet documentation query and task tracking.
H500171,08/04/2026 22:29:00,EMP124,PC-9001,https://stackoverflow.com/questions/debugging-async-io,Standard intranet/internet documentation query and task tracking.
H500172,08/04/2026 19:13:00,EMP125,PC-9402,http://git.corp.internal/dta-core/microservices,Standard intranet/internet documentation query and task tracking.
H500173,08/04/2026 19:24:00,EMP125,PC-9402,https://news.ycombinator.com/,Standard intranet/internet documentation query and task tracking.
H500174,08/04/2026 23:00:00,EMP125,PC-9402,http://git.corp.internal/dta-core/microservices,Standard intranet/internet documentation query and task tracking.
H500175,08/04/2026 20:55:00,EMP126,PC-9945,https://news.ycombinator.com/,Standard intranet/internet documentation query and task tracking.
H500176,08/04/2026 23:13:00,EMP126,PC-9945,http://jira.corp.internal/browse/TICKET-4921,Standard intranet/internet documentation query and task tracking.
H500177,08/04/2026 22:38:00,EMP126,PC-9945,https://stackoverflow.com/questions/debugging-async-io,Standard intranet/internet documentation query and task tracking.
H500178,08/04/2026 22:42:00,EMP127,PC-1070,http://jira.corp.internal/browse/TICKET-4921,Standard intranet/internet documentation query and task tracking.
H500179,08/04/2026 19:24:00,EMP127,PC-1070,http://intranet.corp.internal/hr/benefits-2026,Standard intranet/internet documentation query and task tracking.
H500180,08/04/2026 21:45:00,EMP127,PC-1070,http://git.corp.internal/dta-core/microservices,Standard intranet/internet documentation query and task tracking.
H500181,08/06/2026 00:04:00,EMP101,PC-1001,https://stackoverflow.com/questions/debugging-async-io,Standard intranet/internet documentation query and task tracking.
H500182,08/05/2026 20:23:00,EMP101,PC-1001,http://git.corp.internal/dta-core/microservices,Standard intranet/internet documentation query and task tracking.
H500183,08/05/2026 20:13:00,EMP101,PC-1001,http://jira.corp.internal/browse/TICKET-4921,Standard intranet/internet documentation query and task tracking.
H500184,08/05/2026 20:49:00,AAF0535,PC-2408,http://git.corp.internal/dta-core/microservices,Standard intranet/internet documentation query and task tracking.
H500185,08/05/2026 22:52:00,AAF0535,PC-2408,https://news.ycombinator.com/,Standard intranet/internet documentation query and task tracking.
H500186,08/05/2026 23:11:00,AAF0535,PC-2408,https://news.ycombinator.com/,Standard intranet/internet documentation query and task tracking.
H500187,08/05/2026 21:47:00,AAF0535,PC-2408,http://git.corp.internal/dta-core/microservices,Standard intranet/internet documentation query and task tracking.
H500188,08/05/2026 23:43:00,AAM0658,PC-9923,https://news.ycombinator.com/,Standard intranet/internet documentation query and task tracking.
H500189,08/05/2026 18:45:00,AAM0658,PC-9923,http://git.corp.internal/dta-core/microservices,Standard intranet/internet documentation query and task tracking.
H500190,08/05/2026 18:02:00,BBS0039,PC-9436,http://wiki.corp.internal/display/ENG/Architecture+Overview,Standard intranet/internet documentation query and task tracking.
H500191,08/05/2026 22:03:00,BBS0039,PC-9436,http://git.corp.internal/dta-core/microservices,Standard intranet/internet documentation query and task tracking.
H500192,08/05/2026 21:10:00,BBS0039,PC-9436,https://stackoverflow.com/questions/debugging-async-io,Standard intranet/internet documentation query and task tracking.
H500193,08/05/2026 21:25:00,EMP102,PC-3012,https://stackoverflow.com/questions/debugging-async-io,Standard intranet/internet documentation query and task tracking.
H500194,08/05/2026 18:37:00,EMP102,PC-3012,https://news.ycombinator.com/,Standard intranet/internet documentation query and task tracking.
H500195,08/05/2026 22:20:00,EMP103,PC-4105,https://stackoverflow.com/questions/debugging-async-io,Standard intranet/internet documentation query and task tracking.
H500196,08/05/2026 22:45:00,EMP103,PC-4105,https://news.ycombinator.com/,Standard intranet/internet documentation query and task tracking.
H500197,08/05/2026 20:30:00,EMP104,PC-1102,https://news.ycombinator.com/,Standard intranet/internet documentation query and task tracking.
H500198,08/05/2026 21:37:00,EMP104,PC-1102,http://git.corp.internal/dta-core/microservices,Standard intranet/internet documentation query and task tracking.
H500199,08/05/2026 22:49:00,EMP104,PC-1102,https://news.ycombinator.com/,Standard intranet/internet documentation query and task tracking.
H500200,08/05/2026 22:48:00,EMP105,PC-5001,http://wiki.corp.internal/display/ENG/Architecture+Overview,Standard intranet/internet documentation query and task tracking.
H500201,08/05/2026 18:30:00,EMP105,PC-5001,http://jira.corp.internal/browse/TICKET-4921,Standard intranet/internet documentation query and task tracking.
H500202,08/05/2026 18:38:00,EMP105,PC-5001,https://news.ycombinator.com/,Standard intranet/internet documentation query and task tracking.
H500203,08/05/2026 20:43:00,EMP106,PC-1088,http://wiki.corp.internal/display/ENG/Architecture+Overview,Standard intranet/internet documentation query and task tracking.
H500204,08/05/2026 20:12:00,EMP106,PC-1088,http://git.corp.internal/dta-core/microservices,Standard intranet/internet documentation query and task tracking.
H500205,08/06/2026 00:15:00,EMP106,PC-1088,http://git.corp.internal/dta-core/microservices,Standard intranet/internet documentation query and task tracking.
H500206,08/05/2026 19:51:00,EMP107,PC-6110,https://stackoverflow.com/questions/debugging-async-io,Standard intranet/internet documentation query and task tracking.
H500207,08/05/2026 19:08:00,EMP107,PC-6110,https://news.ycombinator.com/,Standard intranet/internet documentation query and task tracking.
H500208,08/05/2026 20:05:00,EMP107,PC-6110,http://intranet.corp.internal/hr/benefits-2026,Standard intranet/internet documentation query and task tracking.
H500209,08/05/2026 19:26:00,EMP107,PC-6110,http://git.corp.internal/dta-core/microservices,Standard intranet/internet documentation query and task tracking.
H500210,08/05/2026 20:35:00,EMP108,PC-1044,https://stackoverflow.com/questions/debugging-async-io,Standard intranet/internet documentation query and task tracking.
H500211,08/05/2026 19:11:00,EMP108,PC-1044,https://stackoverflow.com/questions/debugging-async-io,Standard intranet/internet documentation query and task tracking.
H500212,08/06/2026 00:00:00,EMP108,PC-1044,http://git.corp.internal/dta-core/microservices,Standard intranet/internet documentation query and task tracking.
H500213,08/06/2026 00:06:00,EMP108,PC-1044,https://stackoverflow.com/questions/debugging-async-io,Standard intranet/internet documentation query and task tracking.
H500214,08/05/2026 21:16:00,EMP109,PC-7020,http://intranet.corp.internal/hr/benefits-2026,Standard intranet/internet documentation query and task tracking.
H500215,08/05/2026 20:20:00,EMP109,PC-7020,https://news.ycombinator.com/,Standard intranet/internet documentation query and task tracking.
H500216,08/05/2026 22:08:00,EMP110,PC-8005,http://wiki.corp.internal/display/ENG/Architecture+Overview,Standard intranet/internet documentation query and task tracking.
H500217,08/05/2026 23:43:00,EMP110,PC-8005,http://jira.corp.internal/browse/TICKET-4921,Standard intranet/internet documentation query and task tracking.
H500218,08/05/2026 21:13:00,EMP110,PC-8005,https://news.ycombinator.com/,Standard intranet/internet documentation query and task tracking.
H500219,08/05/2026 21:18:00,EMP111,PC-3099,http://wiki.corp.internal/display/ENG/Architecture+Overview,Standard intranet/internet documentation query and task tracking.
H500220,08/05/2026 21:07:00,EMP111,PC-3099,http://git.corp.internal/dta-core/microservices,Standard intranet/internet documentation query and task tracking.
H500221,08/05/2026 20:36:00,EMP111,PC-3099,http://git.corp.internal/dta-core/microservices,Standard intranet/internet documentation query and task tracking.
H500222,08/05/2026 19:51:00,EMP111,PC-3099,http://intranet.corp.internal/hr/benefits-2026,Standard intranet/internet documentation query and task tracking.
H500223,08/06/2026 00:17:00,EMP112,PC-2490,https://news.ycombinator.com/,Standard intranet/internet documentation query and task tracking.
H500224,08/05/2026 18:06:00,EMP112,PC-2490,https://stackoverflow.com/questions/debugging-async-io,Standard intranet/internet documentation query and task tracking.
H500225,08/05/2026 18:33:00,EMP112,PC-2490,http://git.corp.internal/dta-core/microservices,Standard intranet/internet documentation query and task tracking.
H500226,08/05/2026 21:08:00,EMP113,PC-7045,https://stackoverflow.com/questions/debugging-async-io,Standard intranet/internet documentation query and task tracking.
H500227,08/05/2026 17:39:00,EMP113,PC-7045,http://jira.corp.internal/browse/TICKET-4921,Standard intranet/internet documentation query and task tracking.
H500228,08/05/2026 21:37:00,EMP113,PC-7045,http://git.corp.internal/dta-core/microservices,Standard intranet/internet documentation query and task tracking.
H500229,08/05/2026 22:30:00,EMP113,PC-7045,https://stackoverflow.com/questions/debugging-async-io,Standard intranet/internet documentation query and task tracking.
H500230,08/05/2026 19:14:00,EMP114,PC-1250,https://stackoverflow.com/questions/debugging-async-io,Standard intranet/internet documentation query and task tracking.
H500231,08/05/2026 22:44:00,EMP114,PC-1250,https://stackoverflow.com/questions/debugging-async-io,Standard intranet/internet documentation query and task tracking.
H500232,08/05/2026 21:31:00,EMP115,PC-6125,https://stackoverflow.com/questions/debugging-async-io,Standard intranet/internet documentation query and task tracking.
H500233,08/05/2026 17:36:00,EMP115,PC-6125,http://jira.corp.internal/browse/TICKET-4921,Standard intranet/internet documentation query and task tracking.
H500234,08/06/2026 00:16:00,EMP116,PC-1300,http://git.corp.internal/dta-core/microservices,Standard intranet/internet documentation query and task tracking.
H500235,08/05/2026 21:47:00,EMP116,PC-1300,https://stackoverflow.com/questions/debugging-async-io,Standard intranet/internet documentation query and task tracking.
H500236,08/05/2026 22:16:00,EMP116,PC-1300,http://jira.corp.internal/browse/TICKET-4921,Standard intranet/internet documentation query and task tracking.
H500237,08/05/2026 22:08:00,EMP116,PC-1300,https://news.ycombinator.com/,Standard intranet/internet documentation query and task tracking.
H500238,08/05/2026 19:28:00,EMP117,PC-9910,https://news.ycombinator.com/,Standard intranet/internet documentation query and task tracking.
H500239,08/05/2026 18:50:00,EMP117,PC-9910,http://wiki.corp.internal/display/ENG/Architecture+Overview,Standard intranet/internet documentation query and task tracking.
H500240,08/05/2026 18:58:00,EMP117,PC-9910,http://intranet.corp.internal/hr/benefits-2026,Standard intranet/internet documentation query and task tracking.
H500241,08/05/2026 19:54:00,EMP118,PC-5022,http://git.corp.internal/dta-core/microservices,Standard intranet/internet documentation query and task tracking.
H500242,08/05/2026 21:40:00,EMP118,PC-5022,https://news.ycombinator.com/,Standard intranet/internet documentation query and task tracking.
H500243,08/05/2026 20:11:00,EMP118,PC-5022,https://stackoverflow.com/questions/debugging-async-io,Standard intranet/internet documentation query and task tracking.
H500244,08/05/2026 18:06:00,EMP119,PC-3150,http://git.corp.internal/dta-core/microservices,Standard intranet/internet documentation query and task tracking.
H500245,08/06/2026 00:05:00,EMP119,PC-3150,https://stackoverflow.com/questions/debugging-async-io,Standard intranet/internet documentation query and task tracking.
H500246,08/05/2026 23:45:00,EMP119,PC-3150,https://stackoverflow.com/questions/debugging-async-io,Standard intranet/internet documentation query and task tracking.
H500247,08/05/2026 17:53:00,EMP120,PC-4120,https://stackoverflow.com/questions/debugging-async-io,Standard intranet/internet documentation query and task tracking.
H500248,08/05/2026 17:53:00,EMP120,PC-4120,https://news.ycombinator.com/,Standard intranet/internet documentation query and task tracking.
H500249,08/05/2026 20:55:00,EMP120,PC-4120,http://wiki.corp.internal/display/ENG/Architecture+Overview,Standard intranet/internet documentation query and task tracking.
H500250,08/05/2026 19:53:00,EMP121,PC-8050,https://news.ycombinator.com/,Standard intranet/internet documentation query and task tracking.
H500251,08/05/2026 22:54:00,EMP121,PC-8050,https://stackoverflow.com/questions/debugging-async-io,Standard intranet/internet documentation query and task tracking.
H500252,08/05/2026 22:32:00,EMP121,PC-8050,http://wiki.corp.internal/display/ENG/Architecture+Overview,Standard intranet/internet documentation query and task tracking.
H500253,08/05/2026 18:39:00,EMP122,PC-6150,http://jira.corp.internal/browse/TICKET-4921,Standard intranet/internet documentation query and task tracking.
H500254,08/05/2026 23:27:00,EMP122,PC-6150,http://intranet.corp.internal/hr/benefits-2026,Standard intranet/internet documentation query and task tracking.
H500255,08/05/2026 20:31:00,EMP122,PC-6150,http://jira.corp.internal/browse/TICKET-4921,Standard intranet/internet documentation query and task tracking.
H500256,08/06/2026 00:26:00,EMP122,PC-6150,http://wiki.corp.internal/display/ENG/Architecture+Overview,Standard intranet/internet documentation query and task tracking.
H500257,08/05/2026 17:54:00,EMP123,PC-4190,http://wiki.corp.internal/display/ENG/Architecture+Overview,Standard intranet/internet documentation query and task tracking.
H500258,08/05/2026 20:26:00,EMP123,PC-4190,http://wiki.corp.internal/display/ENG/Architecture+Overview,Standard intranet/internet documentation query and task tracking.
H500259,08/05/2026 20:10:00,EMP123,PC-4190,http://git.corp.internal/dta-core/microservices,Standard intranet/internet documentation query and task tracking.
H500260,08/05/2026 19:33:00,EMP124,PC-9001,http://jira.corp.internal/browse/TICKET-4921,Standard intranet/internet documentation query and task tracking.
H500261,08/05/2026 18:46:00,EMP124,PC-9001,https://news.ycombinator.com/,Standard intranet/internet documentation query and task tracking.
H500262,08/05/2026 22:03:00,EMP125,PC-9402,http://intranet.corp.internal/hr/benefits-2026,Standard intranet/internet documentation query and task tracking.
H500263,08/05/2026 20:17:00,EMP125,PC-9402,https://stackoverflow.com/questions/debugging-async-io,Standard intranet/internet documentation query and task tracking.
H500264,08/05/2026 18:50:00,EMP126,PC-9945,https://stackoverflow.com/questions/debugging-async-io,Standard intranet/internet documentation query and task tracking.
H500265,08/05/2026 21:09:00,EMP126,PC-9945,https://news.ycombinator.com/,Standard intranet/internet documentation query and task tracking.
H500266,08/05/2026 21:56:00,EMP127,PC-1070,http://wiki.corp.internal/display/ENG/Architecture+Overview,Standard intranet/internet documentation query and task tracking.
H500267,08/05/2026 19:50:00,EMP127,PC-1070,https://stackoverflow.com/questions/debugging-async-io,Standard intranet/internet documentation query and task tracking.
H500268,08/05/2026 22:41:00,EMP127,PC-1070,http://git.corp.internal/dta-core/microservices,Standard intranet/internet documentation query and task tracking.
H500269,08/06/2026 17:16:00,EMP101,PC-1001,https://news.ycombinator.com/,Standard intranet/internet documentation query and task tracking.
H500270,08/06/2026 23:03:00,EMP101,PC-1001,http://intranet.corp.internal/hr/benefits-2026,Standard intranet/internet documentation query and task tracking.
H500271,08/06/2026 17:37:00,EMP101,PC-1001,https://news.ycombinator.com/,Standard intranet/internet documentation query and task tracking.
H500272,08/06/2026 23:01:00,AAF0535,PC-2408,http://git.corp.internal/dta-core/microservices,Standard intranet/internet documentation query and task tracking.
H500273,08/06/2026 23:31:00,AAF0535,PC-2408,http://intranet.corp.internal/hr/benefits-2026,Standard intranet/internet documentation query and task tracking.
H500274,08/06/2026 17:06:00,AAM0658,PC-9923,https://news.ycombinator.com/,Standard intranet/internet documentation query and task tracking.
H500275,08/06/2026 19:55:00,AAM0658,PC-9923,http://intranet.corp.internal/hr/benefits-2026,Standard intranet/internet documentation query and task tracking.
H500276,08/06/2026 17:56:00,AAM0658,PC-9923,http://wiki.corp.internal/display/ENG/Architecture+Overview,Standard intranet/internet documentation query and task tracking.
H500277,08/06/2026 19:49:00,BBS0039,PC-9436,https://news.ycombinator.com/,Standard intranet/internet documentation query and task tracking.
H500278,08/06/2026 20:58:00,BBS0039,PC-9436,http://git.corp.internal/dta-core/microservices,Standard intranet/internet documentation query and task tracking.
H500279,08/06/2026 18:06:00,BBS0039,PC-9436,http://git.corp.internal/dta-core/microservices,Standard intranet/internet documentation query and task tracking.
H500280,08/06/2026 20:48:00,BBS0039,PC-9436,http://git.corp.internal/dta-core/microservices,Standard intranet/internet documentation query and task tracking.
H500281,08/06/2026 22:54:00,EMP102,PC-3012,http://intranet.corp.internal/hr/benefits-2026,Standard intranet/internet documentation query and task tracking.
H500282,08/06/2026 20:07:00,EMP102,PC-3012,https://news.ycombinator.com/,Standard intranet/internet documentation query and task tracking.
H500283,08/06/2026 19:51:00,EMP102,PC-3012,http://wiki.corp.internal/display/ENG/Architecture+Overview,Standard intranet/internet documentation query and task tracking.
H500284,08/06/2026 20:06:00,EMP102,PC-3012,http://wiki.corp.internal/display/ENG/Architecture+Overview,Standard intranet/internet documentation query and task tracking.
H500285,08/06/2026 20:27:00,EMP103,PC-4105,https://news.ycombinator.com/,Standard intranet/internet documentation query and task tracking.
H500286,08/06/2026 21:28:00,EMP103,PC-4105,http://intranet.corp.internal/hr/benefits-2026,Standard intranet/internet documentation query and task tracking.
H500287,08/06/2026 21:23:00,EMP103,PC-4105,http://wiki.corp.internal/display/ENG/Architecture+Overview,Standard intranet/internet documentation query and task tracking.
H500288,08/06/2026 23:58:00,EMP103,PC-4105,http://jira.corp.internal/browse/TICKET-4921,Standard intranet/internet documentation query and task tracking.
H500289,08/06/2026 21:08:00,EMP104,PC-1102,http://intranet.corp.internal/hr/benefits-2026,Standard intranet/internet documentation query and task tracking.
H500290,08/06/2026 19:45:00,EMP104,PC-1102,http://intranet.corp.internal/hr/benefits-2026,Standard intranet/internet documentation query and task tracking.
H500291,08/06/2026 20:40:00,EMP104,PC-1102,http://wiki.corp.internal/display/ENG/Architecture+Overview,Standard intranet/internet documentation query and task tracking.
H500292,08/06/2026 18:22:00,EMP104,PC-1102,http://wiki.corp.internal/display/ENG/Architecture+Overview,Standard intranet/internet documentation query and task tracking.
H500293,08/06/2026 17:54:00,EMP105,PC-5001,https://stackoverflow.com/questions/debugging-async-io,Standard intranet/internet documentation query and task tracking.
H500294,08/06/2026 20:37:00,EMP105,PC-5001,http://git.corp.internal/dta-core/microservices,Standard intranet/internet documentation query and task tracking.
H500295,08/06/2026 22:28:00,EMP105,PC-5001,http://intranet.corp.internal/hr/benefits-2026,Standard intranet/internet documentation query and task tracking.
H500296,08/06/2026 22:41:00,EMP105,PC-5001,https://news.ycombinator.com/,Standard intranet/internet documentation query and task tracking.
H500297,08/06/2026 23:26:00,EMP106,PC-1088,https://stackoverflow.com/questions/debugging-async-io,Standard intranet/internet documentation query and task tracking.
H500298,08/06/2026 20:34:00,EMP106,PC-1088,http://wiki.corp.internal/display/ENG/Architecture+Overview,Standard intranet/internet documentation query and task tracking.
H500299,08/07/2026 00:04:00,EMP106,PC-1088,http://git.corp.internal/dta-core/microservices,Standard intranet/internet documentation query and task tracking.
H500300,08/06/2026 22:14:00,EMP107,PC-6110,http://intranet.corp.internal/hr/benefits-2026,Standard intranet/internet documentation query and task tracking.
H500301,08/06/2026 20:39:00,EMP107,PC-6110,http://wiki.corp.internal/display/ENG/Architecture+Overview,Standard intranet/internet documentation query and task tracking.
H500302,08/06/2026 20:59:00,EMP107,PC-6110,http://git.corp.internal/dta-core/microservices,Standard intranet/internet documentation query and task tracking.
H500303,08/06/2026 22:39:00,EMP108,PC-1044,https://news.ycombinator.com/,Standard intranet/internet documentation query and task tracking.
H500304,08/06/2026 17:22:00,EMP108,PC-1044,http://wiki.corp.internal/display/ENG/Architecture+Overview,Standard intranet/internet documentation query and task tracking.
H500305,08/06/2026 20:02:00,EMP108,PC-1044,http://jira.corp.internal/browse/TICKET-4921,Standard intranet/internet documentation query and task tracking.
H500306,08/06/2026 18:16:00,EMP108,PC-1044,https://news.ycombinator.com/,Standard intranet/internet documentation query and task tracking.
H500307,08/06/2026 19:55:00,EMP109,PC-7020,http://jira.corp.internal/browse/TICKET-4921,Standard intranet/internet documentation query and task tracking.
H500308,08/06/2026 22:12:00,EMP109,PC-7020,http://wiki.corp.internal/display/ENG/Architecture+Overview,Standard intranet/internet documentation query and task tracking.
H500309,08/06/2026 17:54:00,EMP110,PC-8005,http://jira.corp.internal/browse/TICKET-4921,Standard intranet/internet documentation query and task tracking.
H500310,08/06/2026 17:48:00,EMP110,PC-8005,http://git.corp.internal/dta-core/microservices,Standard intranet/internet documentation query and task tracking.
H500311,08/06/2026 19:42:00,EMP110,PC-8005,https://news.ycombinator.com/,Standard intranet/internet documentation query and task tracking.
H500312,08/06/2026 20:26:00,EMP110,PC-8005,http://wiki.corp.internal/display/ENG/Architecture+Overview,Standard intranet/internet documentation query and task tracking.
H500313,08/06/2026 18:35:00,EMP111,PC-3099,https://stackoverflow.com/questions/debugging-async-io,Standard intranet/internet documentation query and task tracking.
H500314,08/06/2026 21:52:00,EMP111,PC-3099,http://git.corp.internal/dta-core/microservices,Standard intranet/internet documentation query and task tracking.
H500315,08/06/2026 22:25:00,EMP111,PC-3099,https://news.ycombinator.com/,Standard intranet/internet documentation query and task tracking.
H500316,08/06/2026 18:58:00,EMP111,PC-3099,https://stackoverflow.com/questions/debugging-async-io,Standard intranet/internet documentation query and task tracking.
H500317,08/06/2026 18:30:00,EMP112,PC-2490,https://stackoverflow.com/questions/debugging-async-io,Standard intranet/internet documentation query and task tracking.
H500318,08/06/2026 21:24:00,EMP112,PC-2490,https://stackoverflow.com/questions/debugging-async-io,Standard intranet/internet documentation query and task tracking.
H500319,08/06/2026 17:50:00,EMP113,PC-7045,http://wiki.corp.internal/display/ENG/Architecture+Overview,Standard intranet/internet documentation query and task tracking.
H500320,08/06/2026 17:39:00,EMP113,PC-7045,http://git.corp.internal/dta-core/microservices,Standard intranet/internet documentation query and task tracking.
H500321,08/06/2026 21:54:00,EMP113,PC-7045,http://intranet.corp.internal/hr/benefits-2026,Standard intranet/internet documentation query and task tracking.
H500322,08/06/2026 21:34:00,EMP113,PC-7045,https://news.ycombinator.com/,Standard intranet/internet documentation query and task tracking.
H500323,08/06/2026 21:39:00,EMP114,PC-1250,http://wiki.corp.internal/display/ENG/Architecture+Overview,Standard intranet/internet documentation query and task tracking.
H500324,08/06/2026 23:58:00,EMP114,PC-1250,http://wiki.corp.internal/display/ENG/Architecture+Overview,Standard intranet/internet documentation query and task tracking.
H500325,08/06/2026 23:34:00,EMP114,PC-1250,http://intranet.corp.internal/hr/benefits-2026,Standard intranet/internet documentation query and task tracking.
H500326,08/06/2026 22:41:00,EMP114,PC-1250,http://intranet.corp.internal/hr/benefits-2026,Standard intranet/internet documentation query and task tracking.
H500327,08/06/2026 21:15:00,EMP115,PC-6125,https://stackoverflow.com/questions/debugging-async-io,Standard intranet/internet documentation query and task tracking.
H500328,08/07/2026 00:04:00,EMP115,PC-6125,http://wiki.corp.internal/display/ENG/Architecture+Overview,Standard intranet/internet documentation query and task tracking.
H500329,08/06/2026 20:31:00,EMP115,PC-6125,https://stackoverflow.com/questions/debugging-async-io,Standard intranet/internet documentation query and task tracking.
H500330,08/06/2026 18:21:00,EMP116,PC-1300,https://stackoverflow.com/questions/debugging-async-io,Standard intranet/internet documentation query and task tracking.
H500331,08/06/2026 18:23:00,EMP116,PC-1300,http://intranet.corp.internal/hr/benefits-2026,Standard intranet/internet documentation query and task tracking.
H500332,08/06/2026 21:13:00,EMP117,PC-9910,http://intranet.corp.internal/hr/benefits-2026,Standard intranet/internet documentation query and task tracking.
H500333,08/07/2026 00:36:00,EMP117,PC-9910,https://stackoverflow.com/questions/debugging-async-io,Standard intranet/internet documentation query and task tracking.
H500334,08/07/2026 00:21:00,EMP117,PC-9910,http://wiki.corp.internal/display/ENG/Architecture+Overview,Standard intranet/internet documentation query and task tracking.
H500335,08/06/2026 18:25:00,EMP118,PC-5022,http://intranet.corp.internal/hr/benefits-2026,Standard intranet/internet documentation query and task tracking.
H500336,08/06/2026 21:12:00,EMP118,PC-5022,http://jira.corp.internal/browse/TICKET-4921,Standard intranet/internet documentation query and task tracking.
H500337,08/06/2026 22:30:00,EMP119,PC-3150,http://jira.corp.internal/browse/TICKET-4921,Standard intranet/internet documentation query and task tracking.
H500338,08/06/2026 21:16:00,EMP119,PC-3150,https://news.ycombinator.com/,Standard intranet/internet documentation query and task tracking.
H500339,08/06/2026 22:55:00,EMP119,PC-3150,https://news.ycombinator.com/,Standard intranet/internet documentation query and task tracking.
H500340,08/06/2026 23:11:00,EMP120,PC-4120,http://git.corp.internal/dta-core/microservices,Standard intranet/internet documentation query and task tracking.
H500341,08/06/2026 19:34:00,EMP120,PC-4120,http://git.corp.internal/dta-core/microservices,Standard intranet/internet documentation query and task tracking.
H500342,08/06/2026 16:44:00,EMP120,PC-4120,http://jira.corp.internal/browse/TICKET-4921,Standard intranet/internet documentation query and task tracking.
H500343,08/06/2026 17:54:00,EMP120,PC-4120,https://news.ycombinator.com/,Standard intranet/internet documentation query and task tracking.
H500344,08/06/2026 18:25:00,EMP121,PC-8050,https://stackoverflow.com/questions/debugging-async-io,Standard intranet/internet documentation query and task tracking.
H500345,08/06/2026 20:09:00,EMP121,PC-8050,https://stackoverflow.com/questions/debugging-async-io,Standard intranet/internet documentation query and task tracking.
H500346,08/06/2026 19:29:00,EMP121,PC-8050,http://jira.corp.internal/browse/TICKET-4921,Standard intranet/internet documentation query and task tracking.
H500347,08/06/2026 19:44:00,EMP121,PC-8050,http://git.corp.internal/dta-core/microservices,Standard intranet/internet documentation query and task tracking.
H500348,08/06/2026 17:04:00,EMP122,PC-6150,http://intranet.corp.internal/hr/benefits-2026,Standard intranet/internet documentation query and task tracking.
H500349,08/06/2026 17:20:00,EMP122,PC-6150,http://git.corp.internal/dta-core/microservices,Standard intranet/internet documentation query and task tracking.
H500350,08/06/2026 20:25:00,EMP122,PC-6150,http://intranet.corp.internal/hr/benefits-2026,Standard intranet/internet documentation query and task tracking.
H500351,08/06/2026 20:16:00,EMP122,PC-6150,https://stackoverflow.com/questions/debugging-async-io,Standard intranet/internet documentation query and task tracking.
H500352,08/06/2026 20:42:00,EMP123,PC-4190,http://wiki.corp.internal/display/ENG/Architecture+Overview,Standard intranet/internet documentation query and task tracking.
H500353,08/06/2026 19:27:00,EMP123,PC-4190,http://intranet.corp.internal/hr/benefits-2026,Standard intranet/internet documentation query and task tracking.
H500354,08/06/2026 22:49:00,EMP123,PC-4190,https://news.ycombinator.com/,Standard intranet/internet documentation query and task tracking.
H500355,08/06/2026 17:12:00,EMP124,PC-9001,http://wiki.corp.internal/display/ENG/Architecture+Overview,Standard intranet/internet documentation query and task tracking.
H500356,08/06/2026 18:28:00,EMP124,PC-9001,http://git.corp.internal/dta-core/microservices,Standard intranet/internet documentation query and task tracking.
H500357,08/06/2026 18:32:00,EMP124,PC-9001,http://jira.corp.internal/browse/TICKET-4921,Standard intranet/internet documentation query and task tracking.
H500358,08/06/2026 18:54:00,EMP124,PC-9001,http://git.corp.internal/dta-core/microservices,Standard intranet/internet documentation query and task tracking.
H500359,08/06/2026 22:13:00,EMP125,PC-9402,http://intranet.corp.internal/hr/benefits-2026,Standard intranet/internet documentation query and task tracking.
H500360,08/06/2026 19:38:00,EMP125,PC-9402,https://news.ycombinator.com/,Standard intranet/internet documentation query and task tracking.
H500361,08/06/2026 22:27:00,EMP125,PC-9402,http://intranet.corp.internal/hr/benefits-2026,Standard intranet/internet documentation query and task tracking.
H500362,08/06/2026 20:11:00,EMP126,PC-9945,https://news.ycombinator.com/,Standard intranet/internet documentation query and task tracking.
H500363,08/06/2026 21:10:00,EMP126,PC-9945,https://news.ycombinator.com/,Standard intranet/internet documentation query and task tracking.
H500364,08/06/2026 22:47:00,EMP127,PC-1070,https://stackoverflow.com/questions/debugging-async-io,Standard intranet/internet documentation query and task tracking.
H500365,08/06/2026 23:24:00,EMP127,PC-1070,http://git.corp.internal/dta-core/microservices,Standard intranet/internet documentation query and task tracking.
H500366,08/07/2026 21:25:00,EMP101,PC-1001,http://wiki.corp.internal/display/ENG/Architecture+Overview,Standard intranet/internet documentation query and task tracking.
H500367,08/07/2026 20:19:00,EMP101,PC-1001,http://git.corp.internal/dta-core/microservices,Standard intranet/internet documentation query and task tracking.
H500368,08/07/2026 23:18:00,EMP101,PC-1001,http://git.corp.internal/dta-core/microservices,Standard intranet/internet documentation query and task tracking.
H500369,08/07/2026 21:33:00,AAF0535,PC-2408,https://news.ycombinator.com/,Standard intranet/internet documentation query and task tracking.
H500370,08/07/2026 18:41:00,AAF0535,PC-2408,http://git.corp.internal/dta-core/microservices,Standard intranet/internet documentation query and task tracking.
H500371,08/07/2026 21:54:00,AAM0658,PC-9923,http://jira.corp.internal/browse/TICKET-4921,Standard intranet/internet documentation query and task tracking.
H500372,08/07/2026 23:15:00,AAM0658,PC-9923,http://intranet.corp.internal/hr/benefits-2026,Standard intranet/internet documentation query and task tracking.
H500373,08/07/2026 21:55:00,BBS0039,PC-9436,http://intranet.corp.internal/hr/benefits-2026,Standard intranet/internet documentation query and task tracking.
H500374,08/07/2026 22:55:00,BBS0039,PC-9436,http://intranet.corp.internal/hr/benefits-2026,Standard intranet/internet documentation query and task tracking.
H500375,08/07/2026 23:31:00,BBS0039,PC-9436,https://news.ycombinator.com/,Standard intranet/internet documentation query and task tracking.
H500376,08/07/2026 20:51:00,BBS0039,PC-9436,http://intranet.corp.internal/hr/benefits-2026,Standard intranet/internet documentation query and task tracking.
H500377,08/07/2026 20:18:00,EMP102,PC-3012,https://news.ycombinator.com/,Standard intranet/internet documentation query and task tracking.
H500378,08/07/2026 18:26:00,EMP102,PC-3012,http://git.corp.internal/dta-core/microservices,Standard intranet/internet documentation query and task tracking.
H500379,08/07/2026 22:17:00,EMP102,PC-3012,http://wiki.corp.internal/display/ENG/Architecture+Overview,Standard intranet/internet documentation query and task tracking.
H500380,08/07/2026 17:32:00,EMP103,PC-4105,http://intranet.corp.internal/hr/benefits-2026,Standard intranet/internet documentation query and task tracking.
H500381,08/07/2026 17:39:00,EMP103,PC-4105,https://news.ycombinator.com/,Standard intranet/internet documentation query and task tracking.
H500382,08/07/2026 21:57:00,EMP103,PC-4105,https://news.ycombinator.com/,Standard intranet/internet documentation query and task tracking.
H500383,08/07/2026 22:31:00,EMP104,PC-1102,http://jira.corp.internal/browse/TICKET-4921,Standard intranet/internet documentation query and task tracking.
H500384,08/07/2026 19:42:00,EMP104,PC-1102,https://news.ycombinator.com/,Standard intranet/internet documentation query and task tracking.
H500385,08/07/2026 21:01:00,EMP104,PC-1102,https://news.ycombinator.com/,Standard intranet/internet documentation query and task tracking.
H500386,08/07/2026 18:15:00,EMP104,PC-1102,http://wiki.corp.internal/display/ENG/Architecture+Overview,Standard intranet/internet documentation query and task tracking.
H500387,08/07/2026 17:22:00,EMP105,PC-5001,http://jira.corp.internal/browse/TICKET-4921,Standard intranet/internet documentation query and task tracking.
H500388,08/07/2026 23:04:00,EMP105,PC-5001,https://stackoverflow.com/questions/debugging-async-io,Standard intranet/internet documentation query and task tracking.
H500389,08/07/2026 21:11:00,EMP106,PC-1088,https://stackoverflow.com/questions/debugging-async-io,Standard intranet/internet documentation query and task tracking.
H500390,08/07/2026 20:46:00,EMP106,PC-1088,http://intranet.corp.internal/hr/benefits-2026,Standard intranet/internet documentation query and task tracking.
H500391,08/07/2026 22:59:00,EMP106,PC-1088,http://wiki.corp.internal/display/ENG/Architecture+Overview,Standard intranet/internet documentation query and task tracking.
H500392,08/07/2026 19:30:00,EMP107,PC-6110,http://git.corp.internal/dta-core/microservices,Standard intranet/internet documentation query and task tracking.
H500393,08/07/2026 23:15:00,EMP107,PC-6110,http://intranet.corp.internal/hr/benefits-2026,Standard intranet/internet documentation query and task tracking.
H500394,08/07/2026 22:13:00,EMP107,PC-6110,http://jira.corp.internal/browse/TICKET-4921,Standard intranet/internet documentation query and task tracking.
H500395,08/07/2026 23:28:00,EMP108,PC-1044,https://stackoverflow.com/questions/debugging-async-io,Standard intranet/internet documentation query and task tracking.
H500396,08/07/2026 18:55:00,EMP108,PC-1044,https://news.ycombinator.com/,Standard intranet/internet documentation query and task tracking.
H500397,08/07/2026 23:51:00,EMP108,PC-1044,http://wiki.corp.internal/display/ENG/Architecture+Overview,Standard intranet/internet documentation query and task tracking.
H500398,08/07/2026 20:27:00,EMP108,PC-1044,https://news.ycombinator.com/,Standard intranet/internet documentation query and task tracking.
H500399,08/07/2026 21:31:00,EMP109,PC-7020,http://git.corp.internal/dta-core/microservices,Standard intranet/internet documentation query and task tracking.
H500400,08/07/2026 17:20:00,EMP109,PC-7020,http://git.corp.internal/dta-core/microservices,Standard intranet/internet documentation query and task tracking.
H500401,08/07/2026 19:49:00,EMP109,PC-7020,http://jira.corp.internal/browse/TICKET-4921,Standard intranet/internet documentation query and task tracking.
H500402,08/07/2026 17:23:00,EMP110,PC-8005,http://git.corp.internal/dta-core/microservices,Standard intranet/internet documentation query and task tracking.
H500403,08/07/2026 17:35:00,EMP110,PC-8005,https://news.ycombinator.com/,Standard intranet/internet documentation query and task tracking.
H500404,08/07/2026 18:31:00,EMP111,PC-3099,http://jira.corp.internal/browse/TICKET-4921,Standard intranet/internet documentation query and task tracking.
H500405,08/07/2026 23:02:00,EMP111,PC-3099,https://news.ycombinator.com/,Standard intranet/internet documentation query and task tracking.
H500406,08/07/2026 22:00:00,EMP112,PC-2490,https://news.ycombinator.com/,Standard intranet/internet documentation query and task tracking.
H500407,08/07/2026 20:38:00,EMP112,PC-2490,http://intranet.corp.internal/hr/benefits-2026,Standard intranet/internet documentation query and task tracking.
H500408,08/07/2026 21:08:00,EMP113,PC-7045,http://intranet.corp.internal/hr/benefits-2026,Standard intranet/internet documentation query and task tracking.
H500409,08/07/2026 22:52:00,EMP113,PC-7045,https://stackoverflow.com/questions/debugging-async-io,Standard intranet/internet documentation query and task tracking.
H500410,08/07/2026 22:49:00,EMP114,PC-1250,http://jira.corp.internal/browse/TICKET-4921,Standard intranet/internet documentation query and task tracking.
H500411,08/07/2026 19:48:00,EMP114,PC-1250,http://wiki.corp.internal/display/ENG/Architecture+Overview,Standard intranet/internet documentation query and task tracking.
H500412,08/07/2026 18:18:00,EMP115,PC-6125,http://git.corp.internal/dta-core/microservices,Standard intranet/internet documentation query and task tracking.
H500413,08/07/2026 17:57:00,EMP115,PC-6125,http://jira.corp.internal/browse/TICKET-4921,Standard intranet/internet documentation query and task tracking.
H500414,08/07/2026 19:34:00,EMP115,PC-6125,https://stackoverflow.com/questions/debugging-async-io,Standard intranet/internet documentation query and task tracking.
H500415,08/07/2026 21:37:00,EMP115,PC-6125,http://jira.corp.internal/browse/TICKET-4921,Standard intranet/internet documentation query and task tracking.
H500416,08/07/2026 21:24:00,EMP116,PC-1300,http://wiki.corp.internal/display/ENG/Architecture+Overview,Standard intranet/internet documentation query and task tracking.
H500417,08/07/2026 21:14:00,EMP116,PC-1300,https://news.ycombinator.com/,Standard intranet/internet documentation query and task tracking.
H500418,08/07/2026 18:34:00,EMP117,PC-9910,http://intranet.corp.internal/hr/benefits-2026,Standard intranet/internet documentation query and task tracking.
H500419,08/07/2026 23:16:00,EMP117,PC-9910,http://git.corp.internal/dta-core/microservices,Standard intranet/internet documentation query and task tracking.
H500420,08/07/2026 18:58:00,EMP117,PC-9910,http://jira.corp.internal/browse/TICKET-4921,Standard intranet/internet documentation query and task tracking.
H500421,08/07/2026 22:30:00,EMP118,PC-5022,http://wiki.corp.internal/display/ENG/Architecture+Overview,Standard intranet/internet documentation query and task tracking.
H500422,08/07/2026 17:55:00,EMP118,PC-5022,http://wiki.corp.internal/display/ENG/Architecture+Overview,Standard intranet/internet documentation query and task tracking.
H500423,08/07/2026 19:26:00,EMP118,PC-5022,http://jira.corp.internal/browse/TICKET-4921,Standard intranet/internet documentation query and task tracking.
H500424,08/07/2026 19:38:00,EMP119,PC-3150,http://git.corp.internal/dta-core/microservices,Standard intranet/internet documentation query and task tracking.
H500425,08/07/2026 18:39:00,EMP119,PC-3150,http://wiki.corp.internal/display/ENG/Architecture+Overview,Standard intranet/internet documentation query and task tracking.
H500426,08/07/2026 19:39:00,EMP119,PC-3150,https://stackoverflow.com/questions/debugging-async-io,Standard intranet/internet documentation query and task tracking.
H500427,08/07/2026 17:09:00,EMP120,PC-4120,http://intranet.corp.internal/hr/benefits-2026,Standard intranet/internet documentation query and task tracking.
H500428,08/07/2026 21:24:00,EMP120,PC-4120,https://news.ycombinator.com/,Standard intranet/internet documentation query and task tracking.
H500429,08/07/2026 19:04:00,EMP120,PC-4120,http://intranet.corp.internal/hr/benefits-2026,Standard intranet/internet documentation query and task tracking.
H500430,08/07/2026 18:14:00,EMP120,PC-4120,http://git.corp.internal/dta-core/microservices,Standard intranet/internet documentation query and task tracking.
H500431,08/07/2026 22:46:00,EMP121,PC-8050,http://intranet.corp.internal/hr/benefits-2026,Standard intranet/internet documentation query and task tracking.
H500432,08/07/2026 17:49:00,EMP121,PC-8050,https://news.ycombinator.com/,Standard intranet/internet documentation query and task tracking.
H500433,08/07/2026 17:16:00,EMP122,PC-6150,http://intranet.corp.internal/hr/benefits-2026,Standard intranet/internet documentation query and task tracking.
H500434,08/07/2026 20:12:00,EMP122,PC-6150,http://git.corp.internal/dta-core/microservices,Standard intranet/internet documentation query and task tracking.
H500435,08/07/2026 19:03:00,EMP122,PC-6150,http://intranet.corp.internal/hr/benefits-2026,Standard intranet/internet documentation query and task tracking.
H500436,08/07/2026 23:06:00,EMP123,PC-4190,http://wiki.corp.internal/display/ENG/Architecture+Overview,Standard intranet/internet documentation query and task tracking.
H500437,08/07/2026 22:42:00,EMP123,PC-4190,http://intranet.corp.internal/hr/benefits-2026,Standard intranet/internet documentation query and task tracking.
H500438,08/08/2026 00:12:00,EMP123,PC-4190,http://git.corp.internal/dta-core/microservices,Standard intranet/internet documentation query and task tracking.
H500439,08/07/2026 18:53:00,EMP123,PC-4190,http://wiki.corp.internal/display/ENG/Architecture+Overview,Standard intranet/internet documentation query and task tracking.
H500440,08/07/2026 19:47:00,EMP124,PC-9001,http://jira.corp.internal/browse/TICKET-4921,Standard intranet/internet documentation query and task tracking.
H500441,08/07/2026 18:46:00,EMP124,PC-9001,http://intranet.corp.internal/hr/benefits-2026,Standard intranet/internet documentation query and task tracking.
H500442,08/07/2026 22:08:00,EMP124,PC-9001,http://wiki.corp.internal/display/ENG/Architecture+Overview,Standard intranet/internet documentation query and task tracking.
H500443,08/07/2026 20:44:00,EMP124,PC-9001,http://jira.corp.internal/browse/TICKET-4921,Standard intranet/internet documentation query and task tracking.
H500444,08/07/2026 22:27:00,EMP125,PC-9402,https://stackoverflow.com/questions/debugging-async-io,Standard intranet/internet documentation query and task tracking.
H500445,08/07/2026 19:58:00,EMP125,PC-9402,http://wiki.corp.internal/display/ENG/Architecture+Overview,Standard intranet/internet documentation query and task tracking.
H500446,08/08/2026 00:14:00,EMP125,PC-9402,http://intranet.corp.internal/hr/benefits-2026,Standard intranet/internet documentation query and task tracking.
H500447,08/07/2026 21:30:00,EMP126,PC-9945,https://stackoverflow.com/questions/debugging-async-io,Standard intranet/internet documentation query and task tracking.
H500448,08/08/2026 00:07:00,EMP126,PC-9945,https://stackoverflow.com/questions/debugging-async-io,Standard intranet/internet documentation query and task tracking.
H500449,08/07/2026 21:04:00,EMP126,PC-9945,http://git.corp.internal/dta-core/microservices,Standard intranet/internet documentation query and task tracking.
H500450,08/08/2026 00:15:00,EMP127,PC-1070,https://stackoverflow.com/questions/debugging-async-io,Standard intranet/internet documentation query and task tracking.
H500451,08/07/2026 18:43:00,EMP127,PC-1070,https://stackoverflow.com/questions/debugging-async-io,Standard intranet/internet documentation query and task tracking.
H500452,08/10/2026 17:55:00,EMP101,PC-1001,http://jira.corp.internal/browse/TICKET-4921,Standard intranet/internet documentation query and task tracking.
H500453,08/10/2026 18:04:00,EMP101,PC-1001,http://jira.corp.internal/browse/TICKET-4921,Standard intranet/internet documentation query and task tracking.
H500454,08/10/2026 19:05:00,AAF0535,PC-2408,https://news.ycombinator.com/,Standard intranet/internet documentation query and task tracking.
H500455,08/10/2026 18:43:00,AAF0535,PC-2408,http://wiki.corp.internal/display/ENG/Architecture+Overview,Standard intranet/internet documentation query and task tracking.
H500456,08/10/2026 20:37:00,AAF0535,PC-2408,https://stackoverflow.com/questions/debugging-async-io,Standard intranet/internet documentation query and task tracking.
H500457,08/11/2026 00:06:00,AAF0535,PC-2408,http://intranet.corp.internal/hr/benefits-2026,Standard intranet/internet documentation query and task tracking.
H500458,08/10/2026 17:15:00,AAM0658,PC-9923,https://stackoverflow.com/questions/debugging-async-io,Standard intranet/internet documentation query and task tracking.
H500459,08/10/2026 20:36:00,AAM0658,PC-9923,http://intranet.corp.internal/hr/benefits-2026,Standard intranet/internet documentation query and task tracking.
H500460,08/10/2026 21:02:00,AAM0658,PC-9923,http://git.corp.internal/dta-core/microservices,Standard intranet/internet documentation query and task tracking.
H500461,08/10/2026 17:43:00,AAM0658,PC-9923,https://news.ycombinator.com/,Standard intranet/internet documentation query and task tracking.
H500462,08/10/2026 19:05:00,BBS0039,PC-9436,https://news.ycombinator.com/,Standard intranet/internet documentation query and task tracking.
H500463,08/10/2026 19:20:00,BBS0039,PC-9436,http://git.corp.internal/dta-core/microservices,Standard intranet/internet documentation query and task tracking.
H500464,08/10/2026 18:43:00,EMP102,PC-3012,http://git.corp.internal/dta-core/microservices,Standard intranet/internet documentation query and task tracking.
H500465,08/10/2026 19:43:00,EMP102,PC-3012,http://intranet.corp.internal/hr/benefits-2026,Standard intranet/internet documentation query and task tracking.
H500466,08/10/2026 22:45:00,EMP102,PC-3012,http://git.corp.internal/dta-core/microservices,Standard intranet/internet documentation query and task tracking.
H500467,08/10/2026 22:05:00,EMP103,PC-4105,https://news.ycombinator.com/,Standard intranet/internet documentation query and task tracking.
H500468,08/10/2026 18:20:00,EMP103,PC-4105,http://jira.corp.internal/browse/TICKET-4921,Standard intranet/internet documentation query and task tracking.
H500469,08/10/2026 21:59:00,EMP104,PC-1102,https://news.ycombinator.com/,Standard intranet/internet documentation query and task tracking.
H500470,08/10/2026 18:46:00,EMP104,PC-1102,http://intranet.corp.internal/hr/benefits-2026,Standard intranet/internet documentation query and task tracking.
H500471,08/10/2026 23:38:00,EMP105,PC-5001,http://git.corp.internal/dta-core/microservices,Standard intranet/internet documentation query and task tracking.
H500472,08/10/2026 22:17:00,EMP105,PC-5001,http://jira.corp.internal/browse/TICKET-4921,Standard intranet/internet documentation query and task tracking.
H500473,08/11/2026 00:00:00,EMP105,PC-5001,https://stackoverflow.com/questions/debugging-async-io,Standard intranet/internet documentation query and task tracking.
H500474,08/10/2026 20:55:00,EMP106,PC-1088,http://jira.corp.internal/browse/TICKET-4921,Standard intranet/internet documentation query and task tracking.
H500475,08/10/2026 19:52:00,EMP106,PC-1088,https://news.ycombinator.com/,Standard intranet/internet documentation query and task tracking.
H500476,08/10/2026 18:11:00,EMP106,PC-1088,http://git.corp.internal/dta-core/microservices,Standard intranet/internet documentation query and task tracking.
H500477,08/10/2026 20:45:00,EMP107,PC-6110,http://jira.corp.internal/browse/TICKET-4921,Standard intranet/internet documentation query and task tracking.
H500478,08/10/2026 22:00:00,EMP107,PC-6110,http://wiki.corp.internal/display/ENG/Architecture+Overview,Standard intranet/internet documentation query and task tracking.
H500479,08/10/2026 21:48:00,EMP108,PC-1044,https://stackoverflow.com/questions/debugging-async-io,Standard intranet/internet documentation query and task tracking.
H500480,08/10/2026 18:40:00,EMP108,PC-1044,http://jira.corp.internal/browse/TICKET-4921,Standard intranet/internet documentation query and task tracking.
H500481,08/10/2026 19:20:00,EMP108,PC-1044,https://news.ycombinator.com/,Standard intranet/internet documentation query and task tracking.
H500482,08/10/2026 20:39:00,EMP109,PC-7020,https://stackoverflow.com/questions/debugging-async-io,Standard intranet/internet documentation query and task tracking.
H500483,08/10/2026 18:13:00,EMP109,PC-7020,http://wiki.corp.internal/display/ENG/Architecture+Overview,Standard intranet/internet documentation query and task tracking.
H500484,08/10/2026 21:23:00,EMP109,PC-7020,https://news.ycombinator.com/,Standard intranet/internet documentation query and task tracking.
H500485,08/10/2026 21:38:00,EMP110,PC-8005,http://intranet.corp.internal/hr/benefits-2026,Standard intranet/internet documentation query and task tracking.
H500486,08/10/2026 22:17:00,EMP110,PC-8005,https://stackoverflow.com/questions/debugging-async-io,Standard intranet/internet documentation query and task tracking.
H500487,08/10/2026 18:59:00,EMP110,PC-8005,https://news.ycombinator.com/,Standard intranet/internet documentation query and task tracking.
H500488,08/10/2026 21:00:00,EMP111,PC-3099,http://wiki.corp.internal/display/ENG/Architecture+Overview,Standard intranet/internet documentation query and task tracking.
H500489,08/10/2026 21:18:00,EMP111,PC-3099,http://wiki.corp.internal/display/ENG/Architecture+Overview,Standard intranet/internet documentation query and task tracking.
H500490,08/10/2026 22:44:00,EMP111,PC-3099,https://news.ycombinator.com/,Standard intranet/internet documentation query and task tracking.
H500491,08/10/2026 21:35:00,EMP112,PC-2490,http://git.corp.internal/dta-core/microservices,Standard intranet/internet documentation query and task tracking.
H500492,08/10/2026 22:13:00,EMP112,PC-2490,http://intranet.corp.internal/hr/benefits-2026,Standard intranet/internet documentation query and task tracking.
H500493,08/10/2026 22:06:00,EMP112,PC-2490,http://wiki.corp.internal/display/ENG/Architecture+Overview,Standard intranet/internet documentation query and task tracking.
H500494,08/11/2026 00:31:00,EMP113,PC-7045,http://jira.corp.internal/browse/TICKET-4921,Standard intranet/internet documentation query and task tracking.
H500495,08/10/2026 19:46:00,EMP113,PC-7045,https://news.ycombinator.com/,Standard intranet/internet documentation query and task tracking.
H500496,08/10/2026 22:25:00,EMP113,PC-7045,https://stackoverflow.com/questions/debugging-async-io,Standard intranet/internet documentation query and task tracking.
H500497,08/10/2026 21:40:00,EMP114,PC-1250,https://stackoverflow.com/questions/debugging-async-io,Standard intranet/internet documentation query and task tracking.
H500498,08/10/2026 18:31:00,EMP114,PC-1250,https://news.ycombinator.com/,Standard intranet/internet documentation query and task tracking.
H500499,08/10/2026 21:38:00,EMP114,PC-1250,http://jira.corp.internal/browse/TICKET-4921,Standard intranet/internet documentation query and task tracking.
H500500,08/10/2026 23:12:00,EMP115,PC-6125,http://git.corp.internal/dta-core/microservices,Standard intranet/internet documentation query and task tracking.
H500501,08/10/2026 22:28:00,EMP115,PC-6125,https://news.ycombinator.com/,Standard intranet/internet documentation query and task tracking.
H500502,08/10/2026 22:41:00,EMP115,PC-6125,https://stackoverflow.com/questions/debugging-async-io,Standard intranet/internet documentation query and task tracking.
H500503,08/10/2026 21:24:00,EMP116,PC-1300,https://news.ycombinator.com/,Standard intranet/internet documentation query and task tracking.
H500504,08/10/2026 20:28:00,EMP116,PC-1300,http://intranet.corp.internal/hr/benefits-2026,Standard intranet/internet documentation query and task tracking.
H500505,08/10/2026 23:06:00,EMP117,PC-9910,http://jira.corp.internal/browse/TICKET-4921,Standard intranet/internet documentation query and task tracking.
H500506,08/11/2026 00:20:00,EMP117,PC-9910,http://wiki.corp.internal/display/ENG/Architecture+Overview,Standard intranet/internet documentation query and task tracking.
H500507,08/10/2026 23:09:00,EMP117,PC-9910,https://stackoverflow.com/questions/debugging-async-io,Standard intranet/internet documentation query and task tracking.
H500508,08/10/2026 19:38:00,EMP117,PC-9910,https://news.ycombinator.com/,Standard intranet/internet documentation query and task tracking.
H500509,08/10/2026 22:06:00,EMP118,PC-5022,http://intranet.corp.internal/hr/benefits-2026,Standard intranet/internet documentation query and task tracking.
H500510,08/10/2026 18:09:00,EMP118,PC-5022,http://jira.corp.internal/browse/TICKET-4921,Standard intranet/internet documentation query and task tracking.
H500511,08/10/2026 20:26:00,EMP119,PC-3150,https://news.ycombinator.com/,Standard intranet/internet documentation query and task tracking.
H500512,08/10/2026 22:09:00,EMP119,PC-3150,https://stackoverflow.com/questions/debugging-async-io,Standard intranet/internet documentation query and task tracking.
H500513,08/10/2026 21:24:00,EMP120,PC-4120,http://git.corp.internal/dta-core/microservices,Standard intranet/internet documentation query and task tracking.
H500514,08/10/2026 19:40:00,EMP120,PC-4120,https://stackoverflow.com/questions/debugging-async-io,Standard intranet/internet documentation query and task tracking.
H500515,08/10/2026 22:44:00,EMP120,PC-4120,http://git.corp.internal/dta-core/microservices,Standard intranet/internet documentation query and task tracking.
H500516,08/10/2026 22:51:00,EMP120,PC-4120,http://git.corp.internal/dta-core/microservices,Standard intranet/internet documentation query and task tracking.
H500517,08/10/2026 19:17:00,EMP121,PC-8050,http://jira.corp.internal/browse/TICKET-4921,Standard intranet/internet documentation query and task tracking.
H500518,08/10/2026 19:17:00,EMP121,PC-8050,http://git.corp.internal/dta-core/microservices,Standard intranet/internet documentation query and task tracking.
H500519,08/10/2026 22:45:00,EMP121,PC-8050,http://jira.corp.internal/browse/TICKET-4921,Standard intranet/internet documentation query and task tracking.
H500520,08/10/2026 22:38:00,EMP121,PC-8050,http://intranet.corp.internal/hr/benefits-2026,Standard intranet/internet documentation query and task tracking.
H500521,08/10/2026 23:34:00,EMP122,PC-6150,https://news.ycombinator.com/,Standard intranet/internet documentation query and task tracking.
H500522,08/10/2026 21:02:00,EMP122,PC-6150,https://stackoverflow.com/questions/debugging-async-io,Standard intranet/internet documentation query and task tracking.
H500523,08/10/2026 20:44:00,EMP122,PC-6150,http://jira.corp.internal/browse/TICKET-4921,Standard intranet/internet documentation query and task tracking.
H500524,08/10/2026 20:16:00,EMP122,PC-6150,http://wiki.corp.internal/display/ENG/Architecture+Overview,Standard intranet/internet documentation query and task tracking.
H500525,08/10/2026 22:35:00,EMP123,PC-4190,http://git.corp.internal/dta-core/microservices,Standard intranet/internet documentation query and task tracking.
H500526,08/10/2026 22:47:00,EMP123,PC-4190,http://intranet.corp.internal/hr/benefits-2026,Standard intranet/internet documentation query and task tracking.
H500527,08/10/2026 18:28:00,EMP124,PC-9001,http://intranet.corp.internal/hr/benefits-2026,Standard intranet/internet documentation query and task tracking.
H500528,08/10/2026 18:32:00,EMP124,PC-9001,http://wiki.corp.internal/display/ENG/Architecture+Overview,Standard intranet/internet documentation query and task tracking.
H500529,08/10/2026 17:24:00,EMP124,PC-9001,https://stackoverflow.com/questions/debugging-async-io,Standard intranet/internet documentation query and task tracking.
H500530,08/10/2026 19:22:00,EMP124,PC-9001,http://intranet.corp.internal/hr/benefits-2026,Standard intranet/internet documentation query and task tracking.
H500531,08/10/2026 20:33:00,EMP125,PC-9402,http://intranet.corp.internal/hr/benefits-2026,Standard intranet/internet documentation query and task tracking.
H500532,08/10/2026 21:08:00,EMP125,PC-9402,https://stackoverflow.com/questions/debugging-async-io,Standard intranet/internet documentation query and task tracking.
H500533,08/10/2026 18:33:00,EMP126,PC-9945,http://intranet.corp.internal/hr/benefits-2026,Standard intranet/internet documentation query and task tracking.
H500534,08/10/2026 22:41:00,EMP126,PC-9945,http://jira.corp.internal/browse/TICKET-4921,Standard intranet/internet documentation query and task tracking.
H500535,08/10/2026 21:04:00,EMP127,PC-1070,https://stackoverflow.com/questions/debugging-async-io,Standard intranet/internet documentation query and task tracking.
H500536,08/10/2026 19:16:00,EMP127,PC-1070,http://intranet.corp.internal/hr/benefits-2026,Standard intranet/internet documentation query and task tracking.
H500537,08/11/2026 22:19:00,EMP101,PC-1001,https://news.ycombinator.com/,Standard intranet/internet documentation query and task tracking.
H500538,08/11/2026 21:19:00,EMP101,PC-1001,https://stackoverflow.com/questions/debugging-async-io,Standard intranet/internet documentation query and task tracking.
H500539,08/11/2026 17:59:00,EMP101,PC-1001,https://news.ycombinator.com/,Standard intranet/internet documentation query and task tracking.
H500540,08/11/2026 23:11:00,AAF0535,PC-2408,http://git.corp.internal/dta-core/microservices,Standard intranet/internet documentation query and task tracking.
H500541,08/11/2026 23:47:00,AAF0535,PC-2408,http://jira.corp.internal/browse/TICKET-4921,Standard intranet/internet documentation query and task tracking.
H500542,08/11/2026 17:47:00,AAF0535,PC-2408,http://intranet.corp.internal/hr/benefits-2026,Standard intranet/internet documentation query and task tracking.
H500543,08/11/2026 20:36:00,AAM0658,PC-9923,https://stackoverflow.com/questions/debugging-async-io,Standard intranet/internet documentation query and task tracking.
H500544,08/11/2026 21:32:00,AAM0658,PC-9923,http://git.corp.internal/dta-core/microservices,Standard intranet/internet documentation query and task tracking.
H500545,08/11/2026 17:53:00,AAM0658,PC-9923,https://stackoverflow.com/questions/debugging-async-io,Standard intranet/internet documentation query and task tracking.
H500546,08/11/2026 22:51:00,AAM0658,PC-9923,http://wiki.corp.internal/display/ENG/Architecture+Overview,Standard intranet/internet documentation query and task tracking.
H500547,08/11/2026 18:30:00,BBS0039,PC-9436,https://stackoverflow.com/questions/debugging-async-io,Standard intranet/internet documentation query and task tracking.
H500548,08/11/2026 22:55:00,BBS0039,PC-9436,http://git.corp.internal/dta-core/microservices,Standard intranet/internet documentation query and task tracking.
H500549,08/11/2026 19:18:00,BBS0039,PC-9436,http://git.corp.internal/dta-core/microservices,Standard intranet/internet documentation query and task tracking.
H500550,08/11/2026 23:55:00,EMP102,PC-3012,http://wiki.corp.internal/display/ENG/Architecture+Overview,Standard intranet/internet documentation query and task tracking.
H500551,08/11/2026 22:12:00,EMP102,PC-3012,http://git.corp.internal/dta-core/microservices,Standard intranet/internet documentation query and task tracking.
H500552,08/11/2026 20:45:00,EMP103,PC-4105,http://git.corp.internal/dta-core/microservices,Standard intranet/internet documentation query and task tracking.
H500553,08/11/2026 23:28:00,EMP103,PC-4105,http://jira.corp.internal/browse/TICKET-4921,Standard intranet/internet documentation query and task tracking.
H500554,08/11/2026 20:06:00,EMP103,PC-4105,http://jira.corp.internal/browse/TICKET-4921,Standard intranet/internet documentation query and task tracking.
H500555,08/11/2026 22:18:00,EMP103,PC-4105,http://jira.corp.internal/browse/TICKET-4921,Standard intranet/internet documentation query and task tracking.
H500556,08/11/2026 19:55:00,EMP104,PC-1102,http://jira.corp.internal/browse/TICKET-4921,Standard intranet/internet documentation query and task tracking.
H500557,08/11/2026 23:52:00,EMP104,PC-1102,https://news.ycombinator.com/,Standard intranet/internet documentation query and task tracking.
H500558,08/11/2026 18:45:00,EMP104,PC-1102,https://news.ycombinator.com/,Standard intranet/internet documentation query and task tracking.
H500559,08/11/2026 21:52:00,EMP104,PC-1102,https://news.ycombinator.com/,Standard intranet/internet documentation query and task tracking.
H500560,08/11/2026 18:48:00,EMP105,PC-5001,https://news.ycombinator.com/,Standard intranet/internet documentation query and task tracking.
H500561,08/11/2026 21:39:00,EMP105,PC-5001,http://jira.corp.internal/browse/TICKET-4921,Standard intranet/internet documentation query and task tracking.
H500562,08/11/2026 18:29:00,EMP105,PC-5001,http://git.corp.internal/dta-core/microservices,Standard intranet/internet documentation query and task tracking.
H500563,08/11/2026 21:31:00,EMP105,PC-5001,https://stackoverflow.com/questions/debugging-async-io,Standard intranet/internet documentation query and task tracking.
H500564,08/11/2026 20:54:00,EMP106,PC-1088,http://jira.corp.internal/browse/TICKET-4921,Standard intranet/internet documentation query and task tracking.
H500565,08/11/2026 21:24:00,EMP106,PC-1088,https://stackoverflow.com/questions/debugging-async-io,Standard intranet/internet documentation query and task tracking.
H500566,08/11/2026 17:32:00,EMP107,PC-6110,http://intranet.corp.internal/hr/benefits-2026,Standard intranet/internet documentation query and task tracking.
H500567,08/11/2026 19:22:00,EMP107,PC-6110,https://news.ycombinator.com/,Standard intranet/internet documentation query and task tracking.
H500568,08/11/2026 18:08:00,EMP107,PC-6110,http://wiki.corp.internal/display/ENG/Architecture+Overview,Standard intranet/internet documentation query and task tracking.
H500569,08/11/2026 16:50:00,EMP108,PC-1044,http://git.corp.internal/dta-core/microservices,Standard intranet/internet documentation query and task tracking.
H500570,08/11/2026 20:03:00,EMP108,PC-1044,http://jira.corp.internal/browse/TICKET-4921,Standard intranet/internet documentation query and task tracking.
H500571,08/11/2026 17:43:00,EMP108,PC-1044,http://intranet.corp.internal/hr/benefits-2026,Standard intranet/internet documentation query and task tracking.
H500572,08/11/2026 23:43:00,EMP109,PC-7020,http://intranet.corp.internal/hr/benefits-2026,Standard intranet/internet documentation query and task tracking.
H500573,08/11/2026 22:30:00,EMP109,PC-7020,http://jira.corp.internal/browse/TICKET-4921,Standard intranet/internet documentation query and task tracking.
H500574,08/11/2026 19:57:00,EMP110,PC-8005,http://wiki.corp.internal/display/ENG/Architecture+Overview,Standard intranet/internet documentation query and task tracking.
H500575,08/12/2026 00:30:00,EMP110,PC-8005,http://wiki.corp.internal/display/ENG/Architecture+Overview,Standard intranet/internet documentation query and task tracking.
H500576,08/11/2026 20:35:00,EMP110,PC-8005,https://stackoverflow.com/questions/debugging-async-io,Standard intranet/internet documentation query and task tracking.
H500577,08/11/2026 23:47:00,EMP110,PC-8005,http://intranet.corp.internal/hr/benefits-2026,Standard intranet/internet documentation query and task tracking.
H500578,08/11/2026 18:04:00,EMP111,PC-3099,http://git.corp.internal/dta-core/microservices,Standard intranet/internet documentation query and task tracking.
H500579,08/11/2026 18:21:00,EMP111,PC-3099,http://intranet.corp.internal/hr/benefits-2026,Standard intranet/internet documentation query and task tracking.
H500580,08/11/2026 17:42:00,EMP111,PC-3099,http://wiki.corp.internal/display/ENG/Architecture+Overview,Standard intranet/internet documentation query and task tracking.
H500581,08/11/2026 21:47:00,EMP112,PC-2490,http://wiki.corp.internal/display/ENG/Architecture+Overview,Standard intranet/internet documentation query and task tracking.
H500582,08/11/2026 20:31:00,EMP112,PC-2490,https://news.ycombinator.com/,Standard intranet/internet documentation query and task tracking.
H500583,08/11/2026 19:49:00,EMP113,PC-7045,http://wiki.corp.internal/display/ENG/Architecture+Overview,Standard intranet/internet documentation query and task tracking.
H500584,08/11/2026 19:09:00,EMP113,PC-7045,https://news.ycombinator.com/,Standard intranet/internet documentation query and task tracking.
H500585,08/11/2026 20:26:00,EMP113,PC-7045,http://jira.corp.internal/browse/TICKET-4921,Standard intranet/internet documentation query and task tracking.
H500586,08/12/2026 00:12:00,EMP113,PC-7045,https://news.ycombinator.com/,Standard intranet/internet documentation query and task tracking.
H500587,08/11/2026 22:27:00,EMP114,PC-1250,https://news.ycombinator.com/,Standard intranet/internet documentation query and task tracking.
H500588,08/11/2026 18:42:00,EMP114,PC-1250,https://stackoverflow.com/questions/debugging-async-io,Standard intranet/internet documentation query and task tracking.
H500589,08/11/2026 21:54:00,EMP115,PC-6125,https://stackoverflow.com/questions/debugging-async-io,Standard intranet/internet documentation query and task tracking.
H500590,08/11/2026 17:34:00,EMP115,PC-6125,http://git.corp.internal/dta-core/microservices,Standard intranet/internet documentation query and task tracking.
H500591,08/11/2026 22:39:00,EMP115,PC-6125,http://intranet.corp.internal/hr/benefits-2026,Standard intranet/internet documentation query and task tracking.
H500592,08/11/2026 19:13:00,EMP116,PC-1300,https://news.ycombinator.com/,Standard intranet/internet documentation query and task tracking.
H500593,08/11/2026 21:41:00,EMP116,PC-1300,http://jira.corp.internal/browse/TICKET-4921,Standard intranet/internet documentation query and task tracking.
H500594,08/11/2026 19:34:00,EMP116,PC-1300,http://git.corp.internal/dta-core/microservices,Standard intranet/internet documentation query and task tracking.
H500595,08/11/2026 19:04:00,EMP117,PC-9910,https://stackoverflow.com/questions/debugging-async-io,Standard intranet/internet documentation query and task tracking.
H500596,08/11/2026 20:00:00,EMP117,PC-9910,http://git.corp.internal/dta-core/microservices,Standard intranet/internet documentation query and task tracking.
H500597,08/11/2026 19:40:00,EMP117,PC-9910,http://git.corp.internal/dta-core/microservices,Standard intranet/internet documentation query and task tracking.
H500598,08/11/2026 23:27:00,EMP117,PC-9910,http://wiki.corp.internal/display/ENG/Architecture+Overview,Standard intranet/internet documentation query and task tracking.
H500599,08/11/2026 22:17:00,EMP118,PC-5022,https://news.ycombinator.com/,Standard intranet/internet documentation query and task tracking.
H500600,08/11/2026 21:41:00,EMP118,PC-5022,http://wiki.corp.internal/display/ENG/Architecture+Overview,Standard intranet/internet documentation query and task tracking.
H500601,08/11/2026 17:10:00,EMP118,PC-5022,http://jira.corp.internal/browse/TICKET-4921,Standard intranet/internet documentation query and task tracking.
H500602,08/11/2026 18:39:00,EMP119,PC-3150,http://jira.corp.internal/browse/TICKET-4921,Standard intranet/internet documentation query and task tracking.
H500603,08/11/2026 23:10:00,EMP119,PC-3150,http://wiki.corp.internal/display/ENG/Architecture+Overview,Standard intranet/internet documentation query and task tracking.
H500604,08/11/2026 20:09:00,EMP120,PC-4120,https://stackoverflow.com/questions/debugging-async-io,Standard intranet/internet documentation query and task tracking.
H500605,08/11/2026 21:43:00,EMP120,PC-4120,https://news.ycombinator.com/,Standard intranet/internet documentation query and task tracking.
H500606,08/11/2026 23:17:00,EMP120,PC-4120,http://git.corp.internal/dta-core/microservices,Standard intranet/internet documentation query and task tracking.
H500607,08/11/2026 21:59:00,EMP121,PC-8050,http://git.corp.internal/dta-core/microservices,Standard intranet/internet documentation query and task tracking.
H500608,08/11/2026 19:43:00,EMP121,PC-8050,http://git.corp.internal/dta-core/microservices,Standard intranet/internet documentation query and task tracking.
H500609,08/11/2026 20:39:00,EMP121,PC-8050,https://stackoverflow.com/questions/debugging-async-io,Standard intranet/internet documentation query and task tracking.
H500610,08/11/2026 18:22:00,EMP121,PC-8050,https://news.ycombinator.com/,Standard intranet/internet documentation query and task tracking.
H500611,08/11/2026 20:36:00,EMP122,PC-6150,http://jira.corp.internal/browse/TICKET-4921,Standard intranet/internet documentation query and task tracking.
H500612,08/11/2026 21:02:00,EMP122,PC-6150,https://news.ycombinator.com/,Standard intranet/internet documentation query and task tracking.
H500613,08/12/2026 00:19:00,EMP123,PC-4190,https://stackoverflow.com/questions/debugging-async-io,Standard intranet/internet documentation query and task tracking.
H500614,08/11/2026 21:56:00,EMP123,PC-4190,http://jira.corp.internal/browse/TICKET-4921,Standard intranet/internet documentation query and task tracking.
H500615,08/12/2026 00:16:00,EMP123,PC-4190,http://git.corp.internal/dta-core/microservices,Standard intranet/internet documentation query and task tracking.
H500616,08/11/2026 19:27:00,EMP123,PC-4190,http://jira.corp.internal/browse/TICKET-4921,Standard intranet/internet documentation query and task tracking.
H500617,08/11/2026 22:45:00,EMP124,PC-9001,http://wiki.corp.internal/display/ENG/Architecture+Overview,Standard intranet/internet documentation query and task tracking.
H500618,08/11/2026 17:06:00,EMP124,PC-9001,https://stackoverflow.com/questions/debugging-async-io,Standard intranet/internet documentation query and task tracking.
H500619,08/11/2026 19:54:00,EMP125,PC-9402,http://wiki.corp.internal/display/ENG/Architecture+Overview,Standard intranet/internet documentation query and task tracking.
H500620,08/11/2026 21:59:00,EMP125,PC-9402,http://intranet.corp.internal/hr/benefits-2026,Standard intranet/internet documentation query and task tracking.
H500621,08/11/2026 22:24:00,EMP125,PC-9402,https://news.ycombinator.com/,Standard intranet/internet documentation query and task tracking.
H500622,08/11/2026 23:39:00,EMP126,PC-9945,http://git.corp.internal/dta-core/microservices,Standard intranet/internet documentation query and task tracking.
H500623,08/11/2026 22:04:00,EMP126,PC-9945,http://git.corp.internal/dta-core/microservices,Standard intranet/internet documentation query and task tracking.
H500624,08/11/2026 17:38:00,EMP126,PC-9945,https://news.ycombinator.com/,Standard intranet/internet documentation query and task tracking.
H500625,08/11/2026 23:27:00,EMP126,PC-9945,http://intranet.corp.internal/hr/benefits-2026,Standard intranet/internet documentation query and task tracking.
H500626,08/11/2026 21:14:00,EMP127,PC-1070,http://git.corp.internal/dta-core/microservices,Standard intranet/internet documentation query and task tracking.
H500627,08/11/2026 19:46:00,EMP127,PC-1070,http://git.corp.internal/dta-core/microservices,Standard intranet/internet documentation query and task tracking.
H500628,08/11/2026 20:08:00,EMP127,PC-1070,http://wiki.corp.internal/display/ENG/Architecture+Overview,Standard intranet/internet documentation query and task tracking.
H500629,08/11/2026 19:56:00,EMP127,PC-1070,https://stackoverflow.com/questions/debugging-async-io,Standard intranet/internet documentation query and task tracking.
H500630,08/12/2026 23:47:00,EMP101,PC-1001,http://intranet.corp.internal/hr/benefits-2026,Standard intranet/internet documentation query and task tracking.
H500631,08/13/2026 00:41:00,EMP101,PC-1001,http://wiki.corp.internal/display/ENG/Architecture+Overview,Standard intranet/internet documentation query and task tracking.
H500632,08/12/2026 23:32:00,AAF0535,PC-2408,http://jira.corp.internal/browse/TICKET-4921,Standard intranet/internet documentation query and task tracking.
H500633,08/12/2026 18:15:00,AAF0535,PC-2408,https://stackoverflow.com/questions/debugging-async-io,Standard intranet/internet documentation query and task tracking.
H500634,08/12/2026 21:34:00,AAM0658,PC-9923,https://stackoverflow.com/questions/debugging-async-io,Standard intranet/internet documentation query and task tracking.
H500635,08/12/2026 19:02:00,AAM0658,PC-9923,http://wiki.corp.internal/display/ENG/Architecture+Overview,Standard intranet/internet documentation query and task tracking.
H500636,08/12/2026 17:22:00,AAM0658,PC-9923,http://intranet.corp.internal/hr/benefits-2026,Standard intranet/internet documentation query and task tracking.
H500637,08/12/2026 19:07:00,AAM0658,PC-9923,https://news.ycombinator.com/,Standard intranet/internet documentation query and task tracking.
H500638,08/12/2026 23:08:00,BBS0039,PC-9436,http://intranet.corp.internal/hr/benefits-2026,Standard intranet/internet documentation query and task tracking.
H500639,08/12/2026 20:06:00,BBS0039,PC-9436,http://wiki.corp.internal/display/ENG/Architecture+Overview,Standard intranet/internet documentation query and task tracking.
H500640,08/12/2026 21:02:00,EMP102,PC-3012,https://stackoverflow.com/questions/debugging-async-io,Standard intranet/internet documentation query and task tracking.
H500641,08/13/2026 00:39:00,EMP102,PC-3012,http://intranet.corp.internal/hr/benefits-2026,Standard intranet/internet documentation query and task tracking.
H500642,08/12/2026 19:24:00,EMP102,PC-3012,http://intranet.corp.internal/hr/benefits-2026,Standard intranet/internet documentation query and task tracking.
H500643,08/13/2026 00:23:00,EMP102,PC-3012,http://wiki.corp.internal/display/ENG/Architecture+Overview,Standard intranet/internet documentation query and task tracking.
H500644,08/12/2026 20:38:00,EMP103,PC-4105,https://news.ycombinator.com/,Standard intranet/internet documentation query and task tracking.
H500645,08/12/2026 22:58:00,EMP103,PC-4105,https://news.ycombinator.com/,Standard intranet/internet documentation query and task tracking.
H500646,08/12/2026 22:44:00,EMP104,PC-1102,https://stackoverflow.com/questions/debugging-async-io,Standard intranet/internet documentation query and task tracking.
H500647,08/12/2026 21:42:00,EMP104,PC-1102,http://jira.corp.internal/browse/TICKET-4921,Standard intranet/internet documentation query and task tracking.
H500648,08/12/2026 23:49:00,EMP104,PC-1102,https://news.ycombinator.com/,Standard intranet/internet documentation query and task tracking.
H500649,08/12/2026 19:32:00,EMP105,PC-5001,http://jira.corp.internal/browse/TICKET-4921,Standard intranet/internet documentation query and task tracking.
H500650,08/12/2026 20:29:00,EMP105,PC-5001,http://intranet.corp.internal/hr/benefits-2026,Standard intranet/internet documentation query and task tracking.
H500651,08/12/2026 17:55:00,EMP106,PC-1088,http://git.corp.internal/dta-core/microservices,Standard intranet/internet documentation query and task tracking.
H500652,08/12/2026 21:40:00,EMP106,PC-1088,http://git.corp.internal/dta-core/microservices,Standard intranet/internet documentation query and task tracking.
H500653,08/12/2026 21:41:00,EMP107,PC-6110,https://news.ycombinator.com/,Standard intranet/internet documentation query and task tracking.
H500654,08/12/2026 20:25:00,EMP107,PC-6110,http://wiki.corp.internal/display/ENG/Architecture+Overview,Standard intranet/internet documentation query and task tracking.
H500655,08/12/2026 17:10:00,EMP107,PC-6110,http://wiki.corp.internal/display/ENG/Architecture+Overview,Standard intranet/internet documentation query and task tracking.
H500656,08/12/2026 19:58:00,EMP107,PC-6110,https://news.ycombinator.com/,Standard intranet/internet documentation query and task tracking.
H500657,08/12/2026 20:48:00,EMP108,PC-1044,http://wiki.corp.internal/display/ENG/Architecture+Overview,Standard intranet/internet documentation query and task tracking.
H500658,08/12/2026 23:41:00,EMP108,PC-1044,https://news.ycombinator.com/,Standard intranet/internet documentation query and task tracking.
H500659,08/12/2026 19:34:00,EMP108,PC-1044,https://news.ycombinator.com/,Standard intranet/internet documentation query and task tracking.
H500660,08/12/2026 18:55:00,EMP109,PC-7020,https://stackoverflow.com/questions/debugging-async-io,Standard intranet/internet documentation query and task tracking.
H500661,08/12/2026 17:52:00,EMP109,PC-7020,http://wiki.corp.internal/display/ENG/Architecture+Overview,Standard intranet/internet documentation query and task tracking.
H500662,08/12/2026 18:03:00,EMP109,PC-7020,https://stackoverflow.com/questions/debugging-async-io,Standard intranet/internet documentation query and task tracking.
H500663,08/12/2026 23:02:00,EMP110,PC-8005,http://intranet.corp.internal/hr/benefits-2026,Standard intranet/internet documentation query and task tracking.
H500664,08/12/2026 21:06:00,EMP110,PC-8005,https://news.ycombinator.com/,Standard intranet/internet documentation query and task tracking.
H500665,08/12/2026 19:39:00,EMP111,PC-3099,https://news.ycombinator.com/,Standard intranet/internet documentation query and task tracking.
H500666,08/12/2026 20:03:00,EMP111,PC-3099,http://git.corp.internal/dta-core/microservices,Standard intranet/internet documentation query and task tracking.
H500667,08/12/2026 20:34:00,EMP111,PC-3099,http://git.corp.internal/dta-core/microservices,Standard intranet/internet documentation query and task tracking.
H500668,08/12/2026 19:50:00,EMP112,PC-2490,https://stackoverflow.com/questions/debugging-async-io,Standard intranet/internet documentation query and task tracking.
H500669,08/12/2026 20:48:00,EMP112,PC-2490,http://jira.corp.internal/browse/TICKET-4921,Standard intranet/internet documentation query and task tracking.
H500670,08/12/2026 21:31:00,EMP112,PC-2490,http://git.corp.internal/dta-core/microservices,Standard intranet/internet documentation query and task tracking.
H500671,08/12/2026 20:37:00,EMP112,PC-2490,http://intranet.corp.internal/hr/benefits-2026,Standard intranet/internet documentation query and task tracking.
H500672,08/12/2026 21:00:00,EMP113,PC-7045,http://wiki.corp.internal/display/ENG/Architecture+Overview,Standard intranet/internet documentation query and task tracking.
H500673,08/12/2026 22:42:00,EMP113,PC-7045,http://jira.corp.internal/browse/TICKET-4921,Standard intranet/internet documentation query and task tracking.
H500674,08/12/2026 22:57:00,EMP113,PC-7045,https://news.ycombinator.com/,Standard intranet/internet documentation query and task tracking.
H500675,08/12/2026 22:52:00,EMP114,PC-1250,http://wiki.corp.internal/display/ENG/Architecture+Overview,Standard intranet/internet documentation query and task tracking.
H500676,08/12/2026 20:27:00,EMP114,PC-1250,http://intranet.corp.internal/hr/benefits-2026,Standard intranet/internet documentation query and task tracking.
H500677,08/12/2026 21:13:00,EMP114,PC-1250,http://jira.corp.internal/browse/TICKET-4921,Standard intranet/internet documentation query and task tracking.
H500678,08/12/2026 17:52:00,EMP115,PC-6125,https://stackoverflow.com/questions/debugging-async-io,Standard intranet/internet documentation query and task tracking.
H500679,08/12/2026 22:21:00,EMP115,PC-6125,https://stackoverflow.com/questions/debugging-async-io,Standard intranet/internet documentation query and task tracking.
H500680,08/12/2026 22:13:00,EMP115,PC-6125,https://stackoverflow.com/questions/debugging-async-io,Standard intranet/internet documentation query and task tracking.
H500681,08/12/2026 21:57:00,EMP116,PC-1300,http://intranet.corp.internal/hr/benefits-2026,Standard intranet/internet documentation query and task tracking.
H500682,08/12/2026 17:36:00,EMP116,PC-1300,http://wiki.corp.internal/display/ENG/Architecture+Overview,Standard intranet/internet documentation query and task tracking.
H500683,08/12/2026 19:00:00,EMP116,PC-1300,http://intranet.corp.internal/hr/benefits-2026,Standard intranet/internet documentation query and task tracking.
H500684,08/12/2026 22:33:00,EMP116,PC-1300,http://git.corp.internal/dta-core/microservices,Standard intranet/internet documentation query and task tracking.
H500685,08/12/2026 18:47:00,EMP117,PC-9910,http://git.corp.internal/dta-core/microservices,Standard intranet/internet documentation query and task tracking.
H500686,08/12/2026 19:50:00,EMP117,PC-9910,https://news.ycombinator.com/,Standard intranet/internet documentation query and task tracking.
H500687,08/12/2026 23:40:00,EMP118,PC-5022,https://news.ycombinator.com/,Standard intranet/internet documentation query and task tracking.
H500688,08/12/2026 23:46:00,EMP118,PC-5022,https://news.ycombinator.com/,Standard intranet/internet documentation query and task tracking.
H500689,08/12/2026 19:10:00,EMP118,PC-5022,http://git.corp.internal/dta-core/microservices,Standard intranet/internet documentation query and task tracking.
H500690,08/12/2026 18:47:00,EMP119,PC-3150,http://git.corp.internal/dta-core/microservices,Standard intranet/internet documentation query and task tracking.
H500691,08/12/2026 20:14:00,EMP119,PC-3150,http://git.corp.internal/dta-core/microservices,Standard intranet/internet documentation query and task tracking.
H500692,08/12/2026 21:28:00,EMP119,PC-3150,http://jira.corp.internal/browse/TICKET-4921,Standard intranet/internet documentation query and task tracking.
H500693,08/12/2026 22:01:00,EMP119,PC-3150,https://stackoverflow.com/questions/debugging-async-io,Standard intranet/internet documentation query and task tracking.
H500694,08/12/2026 18:12:00,EMP120,PC-4120,http://intranet.corp.internal/hr/benefits-2026,Standard intranet/internet documentation query and task tracking.
H500695,08/12/2026 18:48:00,EMP120,PC-4120,http://wiki.corp.internal/display/ENG/Architecture+Overview,Standard intranet/internet documentation query and task tracking.
H500696,08/12/2026 20:45:00,EMP120,PC-4120,http://intranet.corp.internal/hr/benefits-2026,Standard intranet/internet documentation query and task tracking.
H500697,08/12/2026 21:51:00,EMP121,PC-8050,https://stackoverflow.com/questions/debugging-async-io,Standard intranet/internet documentation query and task tracking.
H500698,08/12/2026 21:01:00,EMP121,PC-8050,http://jira.corp.internal/browse/TICKET-4921,Standard intranet/internet documentation query and task tracking.
H500699,08/12/2026 20:32:00,EMP121,PC-8050,http://intranet.corp.internal/hr/benefits-2026,Standard intranet/internet documentation query and task tracking.
H500700,08/12/2026 19:12:00,EMP122,PC-6150,https://stackoverflow.com/questions/debugging-async-io,Standard intranet/internet documentation query and task tracking.
H500701,08/12/2026 22:34:00,EMP122,PC-6150,https://stackoverflow.com/questions/debugging-async-io,Standard intranet/internet documentation query and task tracking.
H500702,08/12/2026 20:50:00,EMP122,PC-6150,http://wiki.corp.internal/display/ENG/Architecture+Overview,Standard intranet/internet documentation query and task tracking.
H500703,08/12/2026 23:31:00,EMP122,PC-6150,http://jira.corp.internal/browse/TICKET-4921,Standard intranet/internet documentation query and task tracking.
H500704,08/12/2026 19:50:00,EMP123,PC-4190,http://jira.corp.internal/browse/TICKET-4921,Standard intranet/internet documentation query and task tracking.
H500705,08/12/2026 20:58:00,EMP123,PC-4190,http://wiki.corp.internal/display/ENG/Architecture+Overview,Standard intranet/internet documentation query and task tracking.
H500706,08/12/2026 19:18:00,EMP123,PC-4190,http://intranet.corp.internal/hr/benefits-2026,Standard intranet/internet documentation query and task tracking.
H500707,08/12/2026 19:07:00,EMP124,PC-9001,http://git.corp.internal/dta-core/microservices,Standard intranet/internet documentation query and task tracking.
H500708,08/12/2026 21:09:00,EMP124,PC-9001,https://stackoverflow.com/questions/debugging-async-io,Standard intranet/internet documentation query and task tracking.
H500709,08/12/2026 23:25:00,EMP124,PC-9001,http://jira.corp.internal/browse/TICKET-4921,Standard intranet/internet documentation query and task tracking.
H500710,08/12/2026 23:53:00,EMP124,PC-9001,http://intranet.corp.internal/hr/benefits-2026,Standard intranet/internet documentation query and task tracking.
H500711,08/12/2026 19:26:00,EMP125,PC-9402,http://wiki.corp.internal/display/ENG/Architecture+Overview,Standard intranet/internet documentation query and task tracking.
H500712,08/12/2026 18:23:00,EMP125,PC-9402,http://git.corp.internal/dta-core/microservices,Standard intranet/internet documentation query and task tracking.
H500713,08/12/2026 18:41:00,EMP126,PC-9945,https://stackoverflow.com/questions/debugging-async-io,Standard intranet/internet documentation query and task tracking.
H500714,08/12/2026 22:31:00,EMP126,PC-9945,https://news.ycombinator.com/,Standard intranet/internet documentation query and task tracking.
H500715,08/12/2026 23:01:00,EMP126,PC-9945,http://intranet.corp.internal/hr/benefits-2026,Standard intranet/internet documentation query and task tracking.
H500716,08/12/2026 21:28:00,EMP127,PC-1070,https://news.ycombinator.com/,Standard intranet/internet documentation query and task tracking.
H500717,08/12/2026 18:05:00,EMP127,PC-1070,http://git.corp.internal/dta-core/microservices,Standard intranet/internet documentation query and task tracking.
H500718,08/12/2026 17:42:00,EMP127,PC-1070,https://stackoverflow.com/questions/debugging-async-io,Standard intranet/internet documentation query and task tracking.
H500719,08/13/2026 21:28:00,EMP101,PC-1001,http://intranet.corp.internal/hr/benefits-2026,Standard intranet/internet documentation query and task tracking.
H500720,08/13/2026 21:43:00,EMP101,PC-1001,https://stackoverflow.com/questions/debugging-async-io,Standard intranet/internet documentation query and task tracking.
H500721,08/13/2026 19:21:00,EMP101,PC-1001,http://wiki.corp.internal/display/ENG/Architecture+Overview,Standard intranet/internet documentation query and task tracking.
H500722,08/13/2026 22:07:00,AAF0535,PC-2408,http://git.corp.internal/dta-core/microservices,Standard intranet/internet documentation query and task tracking.
H500723,08/13/2026 18:58:00,AAF0535,PC-2408,https://stackoverflow.com/questions/debugging-async-io,Standard intranet/internet documentation query and task tracking.
H500724,08/13/2026 21:44:00,AAM0658,PC-9923,http://git.corp.internal/dta-core/microservices,Standard intranet/internet documentation query and task tracking.
H500725,08/13/2026 21:43:00,AAM0658,PC-9923,http://wiki.corp.internal/display/ENG/Architecture+Overview,Standard intranet/internet documentation query and task tracking.
H500726,08/13/2026 23:35:00,AAM0658,PC-9923,http://intranet.corp.internal/hr/benefits-2026,Standard intranet/internet documentation query and task tracking.
H500727,08/13/2026 19:43:00,BBS0039,PC-9436,http://wiki.corp.internal/display/ENG/Architecture+Overview,Standard intranet/internet documentation query and task tracking.
H500728,08/13/2026 21:01:00,BBS0039,PC-9436,http://git.corp.internal/dta-core/microservices,Standard intranet/internet documentation query and task tracking.
H500729,08/13/2026 21:44:00,EMP102,PC-3012,http://intranet.corp.internal/hr/benefits-2026,Standard intranet/internet documentation query and task tracking.
H500730,08/13/2026 19:42:00,EMP102,PC-3012,http://intranet.corp.internal/hr/benefits-2026,Standard intranet/internet documentation query and task tracking.
H500731,08/13/2026 21:55:00,EMP102,PC-3012,http://intranet.corp.internal/hr/benefits-2026,Standard intranet/internet documentation query and task tracking.
H500732,08/13/2026 20:22:00,EMP102,PC-3012,http://jira.corp.internal/browse/TICKET-4921,Standard intranet/internet documentation query and task tracking.
H500733,08/13/2026 21:05:00,EMP103,PC-4105,http://git.corp.internal/dta-core/microservices,Standard intranet/internet documentation query and task tracking.
H500734,08/13/2026 21:38:00,EMP103,PC-4105,https://news.ycombinator.com/,Standard intranet/internet documentation query and task tracking.
H500735,08/13/2026 17:59:00,EMP103,PC-4105,http://git.corp.internal/dta-core/microservices,Standard intranet/internet documentation query and task tracking.
H500736,08/13/2026 17:08:00,EMP104,PC-1102,http://git.corp.internal/dta-core/microservices,Standard intranet/internet documentation query and task tracking.
H500737,08/13/2026 22:13:00,EMP104,PC-1102,http://jira.corp.internal/browse/TICKET-4921,Standard intranet/internet documentation query and task tracking.
H500738,08/13/2026 22:37:00,EMP104,PC-1102,http://jira.corp.internal/browse/TICKET-4921,Standard intranet/internet documentation query and task tracking.
H500739,08/13/2026 18:25:00,EMP105,PC-5001,https://news.ycombinator.com/,Standard intranet/internet documentation query and task tracking.
H500740,08/13/2026 22:36:00,EMP105,PC-5001,http://git.corp.internal/dta-core/microservices,Standard intranet/internet documentation query and task tracking.
H500741,08/13/2026 22:34:00,EMP105,PC-5001,https://stackoverflow.com/questions/debugging-async-io,Standard intranet/internet documentation query and task tracking.
H500742,08/13/2026 23:57:00,EMP106,PC-1088,http://git.corp.internal/dta-core/microservices,Standard intranet/internet documentation query and task tracking.
H500743,08/13/2026 21:54:00,EMP106,PC-1088,https://stackoverflow.com/questions/debugging-async-io,Standard intranet/internet documentation query and task tracking.
H500744,08/13/2026 20:49:00,EMP106,PC-1088,https://news.ycombinator.com/,Standard intranet/internet documentation query and task tracking.
H500745,08/13/2026 20:57:00,EMP107,PC-6110,http://jira.corp.internal/browse/TICKET-4921,Standard intranet/internet documentation query and task tracking.
H500746,08/13/2026 21:13:00,EMP107,PC-6110,http://jira.corp.internal/browse/TICKET-4921,Standard intranet/internet documentation query and task tracking.
H500747,08/13/2026 21:47:00,EMP107,PC-6110,http://git.corp.internal/dta-core/microservices,Standard intranet/internet documentation query and task tracking.
H500748,08/13/2026 20:19:00,EMP107,PC-6110,http://git.corp.internal/dta-core/microservices,Standard intranet/internet documentation query and task tracking.
H500749,08/14/2026 00:21:00,EMP108,PC-1044,http://wiki.corp.internal/display/ENG/Architecture+Overview,Standard intranet/internet documentation query and task tracking.
H500750,08/13/2026 18:14:00,EMP108,PC-1044,http://wiki.corp.internal/display/ENG/Architecture+Overview,Standard intranet/internet documentation query and task tracking.
H500751,08/13/2026 23:11:00,EMP108,PC-1044,https://stackoverflow.com/questions/debugging-async-io,Standard intranet/internet documentation query and task tracking.
H500752,08/13/2026 17:59:00,EMP108,PC-1044,http://wiki.corp.internal/display/ENG/Architecture+Overview,Standard intranet/internet documentation query and task tracking.
H500753,08/13/2026 23:14:00,EMP109,PC-7020,http://git.corp.internal/dta-core/microservices,Standard intranet/internet documentation query and task tracking.
H500754,08/13/2026 19:03:00,EMP109,PC-7020,http://git.corp.internal/dta-core/microservices,Standard intranet/internet documentation query and task tracking.
H500755,08/13/2026 19:36:00,EMP110,PC-8005,http://wiki.corp.internal/display/ENG/Architecture+Overview,Standard intranet/internet documentation query and task tracking.
H500756,08/13/2026 21:34:00,EMP110,PC-8005,http://intranet.corp.internal/hr/benefits-2026,Standard intranet/internet documentation query and task tracking.
H500757,08/13/2026 20:48:00,EMP110,PC-8005,http://intranet.corp.internal/hr/benefits-2026,Standard intranet/internet documentation query and task tracking.
H500758,08/14/2026 00:10:00,EMP110,PC-8005,http://jira.corp.internal/browse/TICKET-4921,Standard intranet/internet documentation query and task tracking.
H500759,08/13/2026 17:50:00,EMP111,PC-3099,https://news.ycombinator.com/,Standard intranet/internet documentation query and task tracking.
H500760,08/13/2026 18:38:00,EMP111,PC-3099,https://news.ycombinator.com/,Standard intranet/internet documentation query and task tracking.
H500761,08/13/2026 21:01:00,EMP112,PC-2490,http://wiki.corp.internal/display/ENG/Architecture+Overview,Standard intranet/internet documentation query and task tracking.
H500762,08/13/2026 18:54:00,EMP112,PC-2490,https://stackoverflow.com/questions/debugging-async-io,Standard intranet/internet documentation query and task tracking.
H500763,08/14/2026 00:14:00,EMP113,PC-7045,http://jira.corp.internal/browse/TICKET-4921,Standard intranet/internet documentation query and task tracking.
H500764,08/13/2026 23:17:00,EMP113,PC-7045,http://intranet.corp.internal/hr/benefits-2026,Standard intranet/internet documentation query and task tracking.
H500765,08/13/2026 19:02:00,EMP113,PC-7045,http://wiki.corp.internal/display/ENG/Architecture+Overview,Standard intranet/internet documentation query and task tracking.
H500766,08/13/2026 23:13:00,EMP114,PC-1250,http://intranet.corp.internal/hr/benefits-2026,Standard intranet/internet documentation query and task tracking.
H500767,08/13/2026 19:09:00,EMP114,PC-1250,https://stackoverflow.com/questions/debugging-async-io,Standard intranet/internet documentation query and task tracking.
H500768,08/13/2026 21:37:00,EMP115,PC-6125,http://intranet.corp.internal/hr/benefits-2026,Standard intranet/internet documentation query and task tracking.
H500769,08/13/2026 19:52:00,EMP115,PC-6125,http://git.corp.internal/dta-core/microservices,Standard intranet/internet documentation query and task tracking.
H500770,08/13/2026 18:54:00,EMP116,PC-1300,https://news.ycombinator.com/,Standard intranet/internet documentation query and task tracking.
H500771,08/13/2026 21:54:00,EMP116,PC-1300,https://news.ycombinator.com/,Standard intranet/internet documentation query and task tracking.
H500772,08/13/2026 22:03:00,EMP117,PC-9910,http://jira.corp.internal/browse/TICKET-4921,Standard intranet/internet documentation query and task tracking.
H500773,08/14/2026 00:05:00,EMP117,PC-9910,https://stackoverflow.com/questions/debugging-async-io,Standard intranet/internet documentation query and task tracking.
H500774,08/13/2026 20:14:00,EMP117,PC-9910,http://intranet.corp.internal/hr/benefits-2026,Standard intranet/internet documentation query and task tracking.
H500775,08/13/2026 18:10:00,EMP117,PC-9910,http://jira.corp.internal/browse/TICKET-4921,Standard intranet/internet documentation query and task tracking.
H500776,08/13/2026 22:40:00,EMP118,PC-5022,http://wiki.corp.internal/display/ENG/Architecture+Overview,Standard intranet/internet documentation query and task tracking.
H500777,08/13/2026 21:14:00,EMP118,PC-5022,http://git.corp.internal/dta-core/microservices,Standard intranet/internet documentation query and task tracking.
H500778,08/14/2026 00:34:00,EMP119,PC-3150,https://stackoverflow.com/questions/debugging-async-io,Standard intranet/internet documentation query and task tracking.
H500779,08/13/2026 18:41:00,EMP119,PC-3150,http://wiki.corp.internal/display/ENG/Architecture+Overview,Standard intranet/internet documentation query and task tracking.
H500780,08/13/2026 19:55:00,EMP120,PC-4120,https://news.ycombinator.com/,Standard intranet/internet documentation query and task tracking.
H500781,08/13/2026 18:58:00,EMP120,PC-4120,http://intranet.corp.internal/hr/benefits-2026,Standard intranet/internet documentation query and task tracking.
H500782,08/13/2026 22:25:00,EMP121,PC-8050,http://jira.corp.internal/browse/TICKET-4921,Standard intranet/internet documentation query and task tracking.
H500783,08/13/2026 19:32:00,EMP121,PC-8050,http://wiki.corp.internal/display/ENG/Architecture+Overview,Standard intranet/internet documentation query and task tracking.
H500784,08/13/2026 19:48:00,EMP121,PC-8050,http://wiki.corp.internal/display/ENG/Architecture+Overview,Standard intranet/internet documentation query and task tracking.
H500785,08/13/2026 21:31:00,EMP121,PC-8050,http://jira.corp.internal/browse/TICKET-4921,Standard intranet/internet documentation query and task tracking.
H500786,08/13/2026 23:02:00,EMP122,PC-6150,http://jira.corp.internal/browse/TICKET-4921,Standard intranet/internet documentation query and task tracking.
H500787,08/13/2026 17:18:00,EMP122,PC-6150,http://jira.corp.internal/browse/TICKET-4921,Standard intranet/internet documentation query and task tracking.
H500788,08/13/2026 17:33:00,EMP122,PC-6150,https://stackoverflow.com/questions/debugging-async-io,Standard intranet/internet documentation query and task tracking.
H500789,08/14/2026 00:31:00,EMP123,PC-4190,http://jira.corp.internal/browse/TICKET-4921,Standard intranet/internet documentation query and task tracking.
H500790,08/13/2026 19:13:00,EMP123,PC-4190,http://wiki.corp.internal/display/ENG/Architecture+Overview,Standard intranet/internet documentation query and task tracking.
H500791,08/14/2026 00:14:00,EMP123,PC-4190,http://jira.corp.internal/browse/TICKET-4921,Standard intranet/internet documentation query and task tracking.
H500792,08/14/2026 00:11:00,EMP123,PC-4190,http://wiki.corp.internal/display/ENG/Architecture+Overview,Standard intranet/internet documentation query and task tracking.
H500793,08/14/2026 00:03:00,EMP124,PC-9001,http://git.corp.internal/dta-core/microservices,Standard intranet/internet documentation query and task tracking.
H500794,08/13/2026 23:55:00,EMP124,PC-9001,http://wiki.corp.internal/display/ENG/Architecture+Overview,Standard intranet/internet documentation query and task tracking.
H500795,08/14/2026 00:07:00,EMP125,PC-9402,https://news.ycombinator.com/,Standard intranet/internet documentation query and task tracking.
H500796,08/13/2026 23:24:00,EMP125,PC-9402,http://wiki.corp.internal/display/ENG/Architecture+Overview,Standard intranet/internet documentation query and task tracking.
H500797,08/13/2026 22:17:00,EMP125,PC-9402,https://stackoverflow.com/questions/debugging-async-io,Standard intranet/internet documentation query and task tracking.
H500798,08/13/2026 17:45:00,EMP126,PC-9945,https://news.ycombinator.com/,Standard intranet/internet documentation query and task tracking.
H500799,08/13/2026 22:38:00,EMP126,PC-9945,http://intranet.corp.internal/hr/benefits-2026,Standard intranet/internet documentation query and task tracking.
H500800,08/13/2026 17:52:00,EMP126,PC-9945,http://jira.corp.internal/browse/TICKET-4921,Standard intranet/internet documentation query and task tracking.
H500801,08/13/2026 19:48:00,EMP127,PC-1070,http://jira.corp.internal/browse/TICKET-4921,Standard intranet/internet documentation query and task tracking.
H500802,08/13/2026 18:03:00,EMP127,PC-1070,http://wiki.corp.internal/display/ENG/Architecture+Overview,Standard intranet/internet documentation query and task tracking.
H500803,08/13/2026 21:15:00,EMP127,PC-1070,http://intranet.corp.internal/hr/benefits-2026,Standard intranet/internet documentation query and task tracking.
H500804,08/14/2026 19:39:00,EMP101,PC-1001,http://git.corp.internal/dta-core/microservices,Standard intranet/internet documentation query and task tracking.
H500805,08/14/2026 17:35:00,EMP101,PC-1001,https://news.ycombinator.com/,Standard intranet/internet documentation query and task tracking.
H500806,08/14/2026 20:06:00,EMP101,PC-1001,http://wiki.corp.internal/display/ENG/Architecture+Overview,Standard intranet/internet documentation query and task tracking.
H500807,08/14/2026 21:13:00,EMP101,PC-1001,http://intranet.corp.internal/hr/benefits-2026,Standard intranet/internet documentation query and task tracking.
H500808,08/14/2026 19:19:00,AAF0535,PC-2408,http://git.corp.internal/dta-core/microservices,Standard intranet/internet documentation query and task tracking.
H500809,08/14/2026 19:42:00,AAF0535,PC-2408,http://wiki.corp.internal/display/ENG/Architecture+Overview,Standard intranet/internet documentation query and task tracking.
H500810,08/14/2026 21:38:00,AAF0535,PC-2408,https://stackoverflow.com/questions/debugging-async-io,Standard intranet/internet documentation query and task tracking.
H500811,08/14/2026 21:17:00,AAM0658,PC-9923,https://news.ycombinator.com/,Standard intranet/internet documentation query and task tracking.
H500812,08/14/2026 22:21:00,AAM0658,PC-9923,http://jira.corp.internal/browse/TICKET-4921,Standard intranet/internet documentation query and task tracking.
H500813,08/15/2026 00:24:00,AAM0658,PC-9923,https://news.ycombinator.com/,Standard intranet/internet documentation query and task tracking.
H500814,08/14/2026 22:09:00,BBS0039,PC-9436,http://intranet.corp.internal/hr/benefits-2026,Standard intranet/internet documentation query and task tracking.
H500815,08/14/2026 16:48:00,BBS0039,PC-9436,http://git.corp.internal/dta-core/microservices,Standard intranet/internet documentation query and task tracking.
H500816,08/14/2026 16:44:00,BBS0039,PC-9436,http://intranet.corp.internal/hr/benefits-2026,Standard intranet/internet documentation query and task tracking.
H500817,08/14/2026 18:08:00,EMP102,PC-3012,http://intranet.corp.internal/hr/benefits-2026,Standard intranet/internet documentation query and task tracking.
H500818,08/14/2026 19:19:00,EMP102,PC-3012,http://wiki.corp.internal/display/ENG/Architecture+Overview,Standard intranet/internet documentation query and task tracking.
H500819,08/14/2026 22:08:00,EMP103,PC-4105,http://intranet.corp.internal/hr/benefits-2026,Standard intranet/internet documentation query and task tracking.
H500820,08/14/2026 18:57:00,EMP103,PC-4105,https://news.ycombinator.com/,Standard intranet/internet documentation query and task tracking.
H500821,08/14/2026 19:02:00,EMP103,PC-4105,https://news.ycombinator.com/,Standard intranet/internet documentation query and task tracking.
H500822,08/14/2026 20:41:00,EMP104,PC-1102,http://git.corp.internal/dta-core/microservices,Standard intranet/internet documentation query and task tracking.
H500823,08/14/2026 20:53:00,EMP104,PC-1102,https://stackoverflow.com/questions/debugging-async-io,Standard intranet/internet documentation query and task tracking.
H500824,08/14/2026 17:43:00,EMP105,PC-5001,https://news.ycombinator.com/,Standard intranet/internet documentation query and task tracking.
H500825,08/14/2026 17:29:00,EMP105,PC-5001,http://jira.corp.internal/browse/TICKET-4921,Standard intranet/internet documentation query and task tracking.
H500826,08/14/2026 20:59:00,EMP106,PC-1088,http://jira.corp.internal/browse/TICKET-4921,Standard intranet/internet documentation query and task tracking.
H500827,08/14/2026 21:47:00,EMP106,PC-1088,http://git.corp.internal/dta-core/microservices,Standard intranet/internet documentation query and task tracking.
H500828,08/14/2026 21:53:00,EMP106,PC-1088,http://git.corp.internal/dta-core/microservices,Standard intranet/internet documentation query and task tracking.
H500829,08/14/2026 18:57:00,EMP106,PC-1088,http://wiki.corp.internal/display/ENG/Architecture+Overview,Standard intranet/internet documentation query and task tracking.
H500830,08/14/2026 22:54:00,EMP107,PC-6110,http://jira.corp.internal/browse/TICKET-4921,Standard intranet/internet documentation query and task tracking.
H500831,08/14/2026 19:52:00,EMP107,PC-6110,https://stackoverflow.com/questions/debugging-async-io,Standard intranet/internet documentation query and task tracking.
H500832,08/14/2026 21:32:00,EMP108,PC-1044,https://news.ycombinator.com/,Standard intranet/internet documentation query and task tracking.
H500833,08/15/2026 00:04:00,EMP108,PC-1044,https://news.ycombinator.com/,Standard intranet/internet documentation query and task tracking.
H500834,08/14/2026 19:48:00,EMP108,PC-1044,http://wiki.corp.internal/display/ENG/Architecture+Overview,Standard intranet/internet documentation query and task tracking.
H500835,08/14/2026 17:36:00,EMP109,PC-7020,http://jira.corp.internal/browse/TICKET-4921,Standard intranet/internet documentation query and task tracking.
H500836,08/14/2026 19:55:00,EMP109,PC-7020,http://git.corp.internal/dta-core/microservices,Standard intranet/internet documentation query and task tracking.
H500837,08/14/2026 22:01:00,EMP110,PC-8005,https://stackoverflow.com/questions/debugging-async-io,Standard intranet/internet documentation query and task tracking.
H500838,08/14/2026 17:36:00,EMP110,PC-8005,http://wiki.corp.internal/display/ENG/Architecture+Overview,Standard intranet/internet documentation query and task tracking.
H500839,08/14/2026 20:21:00,EMP111,PC-3099,http://intranet.corp.internal/hr/benefits-2026,Standard intranet/internet documentation query and task tracking.
H500840,08/14/2026 20:02:00,EMP111,PC-3099,https://stackoverflow.com/questions/debugging-async-io,Standard intranet/internet documentation query and task tracking.
H500841,08/14/2026 16:55:00,EMP111,PC-3099,https://stackoverflow.com/questions/debugging-async-io,Standard intranet/internet documentation query and task tracking.
H500842,08/14/2026 22:29:00,EMP111,PC-3099,https://stackoverflow.com/questions/debugging-async-io,Standard intranet/internet documentation query and task tracking.
H500843,08/14/2026 18:04:00,EMP112,PC-2490,https://news.ycombinator.com/,Standard intranet/internet documentation query and task tracking.
H500844,08/14/2026 23:04:00,EMP112,PC-2490,https://news.ycombinator.com/,Standard intranet/internet documentation query and task tracking.
H500845,08/14/2026 20:49:00,EMP113,PC-7045,http://jira.corp.internal/browse/TICKET-4921,Standard intranet/internet documentation query and task tracking.
H500846,08/14/2026 21:07:00,EMP113,PC-7045,http://jira.corp.internal/browse/TICKET-4921,Standard intranet/internet documentation query and task tracking.
H500847,08/14/2026 23:02:00,EMP113,PC-7045,https://news.ycombinator.com/,Standard intranet/internet documentation query and task tracking.
H500848,08/14/2026 22:53:00,EMP114,PC-1250,https://stackoverflow.com/questions/debugging-async-io,Standard intranet/internet documentation query and task tracking.
H500849,08/14/2026 21:11:00,EMP114,PC-1250,https://news.ycombinator.com/,Standard intranet/internet documentation query and task tracking.
H500850,08/14/2026 22:32:00,EMP114,PC-1250,http://git.corp.internal/dta-core/microservices,Standard intranet/internet documentation query and task tracking.
H500851,08/14/2026 20:31:00,EMP115,PC-6125,http://wiki.corp.internal/display/ENG/Architecture+Overview,Standard intranet/internet documentation query and task tracking.
H500852,08/14/2026 22:09:00,EMP115,PC-6125,https://news.ycombinator.com/,Standard intranet/internet documentation query and task tracking.
H500853,08/14/2026 19:01:00,EMP116,PC-1300,https://news.ycombinator.com/,Standard intranet/internet documentation query and task tracking.
H500854,08/14/2026 23:02:00,EMP116,PC-1300,http://wiki.corp.internal/display/ENG/Architecture+Overview,Standard intranet/internet documentation query and task tracking.
H500855,08/14/2026 22:44:00,EMP117,PC-9910,http://git.corp.internal/dta-core/microservices,Standard intranet/internet documentation query and task tracking.
H500856,08/14/2026 23:58:00,EMP117,PC-9910,http://intranet.corp.internal/hr/benefits-2026,Standard intranet/internet documentation query and task tracking.
H500857,08/14/2026 21:18:00,EMP118,PC-5022,https://news.ycombinator.com/,Standard intranet/internet documentation query and task tracking.
H500858,08/14/2026 19:44:00,EMP118,PC-5022,http://jira.corp.internal/browse/TICKET-4921,Standard intranet/internet documentation query and task tracking.
H500859,08/14/2026 21:37:00,EMP119,PC-3150,https://stackoverflow.com/questions/debugging-async-io,Standard intranet/internet documentation query and task tracking.
H500860,08/14/2026 17:08:00,EMP119,PC-3150,http://git.corp.internal/dta-core/microservices,Standard intranet/internet documentation query and task tracking.
H500861,08/14/2026 18:45:00,EMP120,PC-4120,http://wiki.corp.internal/display/ENG/Architecture+Overview,Standard intranet/internet documentation query and task tracking.
H500862,08/14/2026 19:30:00,EMP120,PC-4120,https://news.ycombinator.com/,Standard intranet/internet documentation query and task tracking.
H500863,08/15/2026 00:15:00,EMP120,PC-4120,http://jira.corp.internal/browse/TICKET-4921,Standard intranet/internet documentation query and task tracking.
H500864,08/14/2026 20:15:00,EMP121,PC-8050,https://news.ycombinator.com/,Standard intranet/internet documentation query and task tracking.
H500865,08/14/2026 17:44:00,EMP121,PC-8050,http://git.corp.internal/dta-core/microservices,Standard intranet/internet documentation query and task tracking.
H500866,08/14/2026 19:27:00,EMP121,PC-8050,http://git.corp.internal/dta-core/microservices,Standard intranet/internet documentation query and task tracking.
H500867,08/14/2026 18:02:00,EMP121,PC-8050,http://jira.corp.internal/browse/TICKET-4921,Standard intranet/internet documentation query and task tracking.
H500868,08/14/2026 22:29:00,EMP122,PC-6150,http://git.corp.internal/dta-core/microservices,Standard intranet/internet documentation query and task tracking.
H500869,08/14/2026 19:09:00,EMP122,PC-6150,http://intranet.corp.internal/hr/benefits-2026,Standard intranet/internet documentation query and task tracking.
H500870,08/14/2026 22:16:00,EMP122,PC-6150,http://jira.corp.internal/browse/TICKET-4921,Standard intranet/internet documentation query and task tracking.
H500871,08/14/2026 20:28:00,EMP122,PC-6150,http://git.corp.internal/dta-core/microservices,Standard intranet/internet documentation query and task tracking.
H500872,08/14/2026 23:14:00,EMP123,PC-4190,http://git.corp.internal/dta-core/microservices,Standard intranet/internet documentation query and task tracking.
H500873,08/14/2026 23:19:00,EMP123,PC-4190,http://jira.corp.internal/browse/TICKET-4921,Standard intranet/internet documentation query and task tracking.
H500874,08/14/2026 18:52:00,EMP124,PC-9001,http://git.corp.internal/dta-core/microservices,Standard intranet/internet documentation query and task tracking.
H500875,08/14/2026 19:34:00,EMP124,PC-9001,http://jira.corp.internal/browse/TICKET-4921,Standard intranet/internet documentation query and task tracking.
H500876,08/14/2026 19:37:00,EMP125,PC-9402,http://intranet.corp.internal/hr/benefits-2026,Standard intranet/internet documentation query and task tracking.
H500877,08/14/2026 18:04:00,EMP125,PC-9402,http://git.corp.internal/dta-core/microservices,Standard intranet/internet documentation query and task tracking.
H500878,08/14/2026 20:28:00,EMP126,PC-9945,http://jira.corp.internal/browse/TICKET-4921,Standard intranet/internet documentation query and task tracking.
H500879,08/14/2026 20:25:00,EMP126,PC-9945,https://stackoverflow.com/questions/debugging-async-io,Standard intranet/internet documentation query and task tracking.
H500880,08/14/2026 20:07:00,EMP126,PC-9945,http://git.corp.internal/dta-core/microservices,Standard intranet/internet documentation query and task tracking.
H500881,08/14/2026 21:33:00,EMP126,PC-9945,https://stackoverflow.com/questions/debugging-async-io,Standard intranet/internet documentation query and task tracking.
H500882,08/14/2026 19:28:00,EMP127,PC-1070,http://wiki.corp.internal/display/ENG/Architecture+Overview,Standard intranet/internet documentation query and task tracking.
H500883,08/14/2026 19:41:00,EMP127,PC-1070,http://git.corp.internal/dta-core/microservices,Standard intranet/internet documentation query and task tracking.
H500884,08/17/2026 18:46:00,EMP101,PC-1001,http://jira.corp.internal/browse/TICKET-4921,Standard intranet/internet documentation query and task tracking.
H500885,08/17/2026 18:02:00,EMP101,PC-1001,http://wiki.corp.internal/display/ENG/Architecture+Overview,Standard intranet/internet documentation query and task tracking.
H500886,08/17/2026 19:22:00,AAF0535,PC-2408,http://git.corp.internal/dta-core/microservices,Standard intranet/internet documentation query and task tracking.
H500887,08/17/2026 23:22:00,AAF0535,PC-2408,http://wiki.corp.internal/display/ENG/Architecture+Overview,Standard intranet/internet documentation query and task tracking.
H500888,08/17/2026 17:54:00,AAF0535,PC-2408,https://stackoverflow.com/questions/debugging-async-io,Standard intranet/internet documentation query and task tracking.
H500889,08/17/2026 21:54:00,AAF0535,PC-2408,https://stackoverflow.com/questions/debugging-async-io,Standard intranet/internet documentation query and task tracking.
H500890,08/17/2026 22:49:00,AAM0658,PC-9923,https://news.ycombinator.com/,Standard intranet/internet documentation query and task tracking.
H500891,08/17/2026 21:57:00,AAM0658,PC-9923,https://stackoverflow.com/questions/debugging-async-io,Standard intranet/internet documentation query and task tracking.
H500892,08/17/2026 18:27:00,AAM0658,PC-9923,https://stackoverflow.com/questions/debugging-async-io,Standard intranet/internet documentation query and task tracking.
H500893,08/17/2026 18:46:00,AAM0658,PC-9923,http://jira.corp.internal/browse/TICKET-4921,Standard intranet/internet documentation query and task tracking.
H500894,08/17/2026 19:32:00,BBS0039,PC-9436,https://news.ycombinator.com/,Standard intranet/internet documentation query and task tracking.
H500895,08/17/2026 20:02:00,BBS0039,PC-9436,https://stackoverflow.com/questions/debugging-async-io,Standard intranet/internet documentation query and task tracking.
H500896,08/17/2026 20:58:00,EMP102,PC-3012,http://jira.corp.internal/browse/TICKET-4921,Standard intranet/internet documentation query and task tracking.
H500897,08/17/2026 22:48:00,EMP102,PC-3012,https://news.ycombinator.com/,Standard intranet/internet documentation query and task tracking.
H500898,08/17/2026 23:20:00,EMP102,PC-3012,http://intranet.corp.internal/hr/benefits-2026,Standard intranet/internet documentation query and task tracking.
H500899,08/17/2026 18:50:00,EMP103,PC-4105,http://git.corp.internal/dta-core/microservices,Standard intranet/internet documentation query and task tracking.
H500900,08/17/2026 16:43:00,EMP103,PC-4105,http://git.corp.internal/dta-core/microservices,Standard intranet/internet documentation query and task tracking.
H500901,08/17/2026 19:08:00,EMP103,PC-4105,http://git.corp.internal/dta-core/microservices,Standard intranet/internet documentation query and task tracking.
H500902,08/17/2026 20:24:00,EMP104,PC-1102,http://git.corp.internal/dta-core/microservices,Standard intranet/internet documentation query and task tracking.
H500903,08/17/2026 18:55:00,EMP104,PC-1102,http://intranet.corp.internal/hr/benefits-2026,Standard intranet/internet documentation query and task tracking.
H500904,08/17/2026 20:11:00,EMP104,PC-1102,https://news.ycombinator.com/,Standard intranet/internet documentation query and task tracking.
H500905,08/17/2026 22:08:00,EMP104,PC-1102,http://wiki.corp.internal/display/ENG/Architecture+Overview,Standard intranet/internet documentation query and task tracking.
H500906,08/17/2026 18:31:00,EMP105,PC-5001,https://news.ycombinator.com/,Standard intranet/internet documentation query and task tracking.
H500907,08/17/2026 19:24:00,EMP105,PC-5001,http://wiki.corp.internal/display/ENG/Architecture+Overview,Standard intranet/internet documentation query and task tracking.
H500908,08/17/2026 20:42:00,EMP105,PC-5001,http://intranet.corp.internal/hr/benefits-2026,Standard intranet/internet documentation query and task tracking.
H500909,08/17/2026 17:10:00,EMP106,PC-1088,http://jira.corp.internal/browse/TICKET-4921,Standard intranet/internet documentation query and task tracking.
H500910,08/17/2026 16:57:00,EMP106,PC-1088,https://stackoverflow.com/questions/debugging-async-io,Standard intranet/internet documentation query and task tracking.
H500911,08/17/2026 22:11:00,EMP107,PC-6110,https://stackoverflow.com/questions/debugging-async-io,Standard intranet/internet documentation query and task tracking.
H500912,08/17/2026 23:18:00,EMP107,PC-6110,http://wiki.corp.internal/display/ENG/Architecture+Overview,Standard intranet/internet documentation query and task tracking.
H500913,08/17/2026 23:41:00,EMP107,PC-6110,http://wiki.corp.internal/display/ENG/Architecture+Overview,Standard intranet/internet documentation query and task tracking.
H500914,08/17/2026 19:59:00,EMP108,PC-1044,http://git.corp.internal/dta-core/microservices,Standard intranet/internet documentation query and task tracking.
H500915,08/17/2026 18:23:00,EMP108,PC-1044,http://git.corp.internal/dta-core/microservices,Standard intranet/internet documentation query and task tracking.
H500916,08/17/2026 23:23:00,EMP108,PC-1044,http://intranet.corp.internal/hr/benefits-2026,Standard intranet/internet documentation query and task tracking.
H500917,08/17/2026 17:46:00,EMP108,PC-1044,http://git.corp.internal/dta-core/microservices,Standard intranet/internet documentation query and task tracking.
H500918,08/17/2026 22:30:00,EMP109,PC-7020,http://jira.corp.internal/browse/TICKET-4921,Standard intranet/internet documentation query and task tracking.
H500919,08/17/2026 19:01:00,EMP109,PC-7020,http://intranet.corp.internal/hr/benefits-2026,Standard intranet/internet documentation query and task tracking.
H500920,08/17/2026 22:45:00,EMP110,PC-8005,http://wiki.corp.internal/display/ENG/Architecture+Overview,Standard intranet/internet documentation query and task tracking.
H500921,08/17/2026 19:32:00,EMP110,PC-8005,http://git.corp.internal/dta-core/microservices,Standard intranet/internet documentation query and task tracking.
H500922,08/17/2026 21:49:00,EMP111,PC-3099,http://git.corp.internal/dta-core/microservices,Standard intranet/internet documentation query and task tracking.
H500923,08/17/2026 19:45:00,EMP111,PC-3099,https://stackoverflow.com/questions/debugging-async-io,Standard intranet/internet documentation query and task tracking.
H500924,08/17/2026 20:28:00,EMP111,PC-3099,http://intranet.corp.internal/hr/benefits-2026,Standard intranet/internet documentation query and task tracking.
H500925,08/17/2026 21:49:00,EMP112,PC-2490,http://intranet.corp.internal/hr/benefits-2026,Standard intranet/internet documentation query and task tracking.
H500926,08/17/2026 22:06:00,EMP112,PC-2490,https://news.ycombinator.com/,Standard intranet/internet documentation query and task tracking.
H500927,08/17/2026 19:26:00,EMP112,PC-2490,http://git.corp.internal/dta-core/microservices,Standard intranet/internet documentation query and task tracking.
H500928,08/17/2026 20:23:00,EMP113,PC-7045,http://intranet.corp.internal/hr/benefits-2026,Standard intranet/internet documentation query and task tracking.
H500929,08/18/2026 00:14:00,EMP113,PC-7045,http://intranet.corp.internal/hr/benefits-2026,Standard intranet/internet documentation query and task tracking.
H500930,08/17/2026 20:42:00,EMP113,PC-7045,http://jira.corp.internal/browse/TICKET-4921,Standard intranet/internet documentation query and task tracking.
H500931,08/17/2026 19:51:00,EMP114,PC-1250,http://intranet.corp.internal/hr/benefits-2026,Standard intranet/internet documentation query and task tracking.
H500932,08/17/2026 18:19:00,EMP114,PC-1250,http://intranet.corp.internal/hr/benefits-2026,Standard intranet/internet documentation query and task tracking.
H500933,08/17/2026 17:21:00,EMP114,PC-1250,http://intranet.corp.internal/hr/benefits-2026,Standard intranet/internet documentation query and task tracking.
H500934,08/17/2026 21:22:00,EMP114,PC-1250,http://git.corp.internal/dta-core/microservices,Standard intranet/internet documentation query and task tracking.
H500935,08/17/2026 18:44:00,EMP115,PC-6125,http://git.corp.internal/dta-core/microservices,Standard intranet/internet documentation query and task tracking.
H500936,08/17/2026 23:18:00,EMP115,PC-6125,http://intranet.corp.internal/hr/benefits-2026,Standard intranet/internet documentation query and task tracking.
H500937,08/17/2026 19:00:00,EMP115,PC-6125,http://intranet.corp.internal/hr/benefits-2026,Standard intranet/internet documentation query and task tracking.
H500938,08/17/2026 21:40:00,EMP115,PC-6125,http://intranet.corp.internal/hr/benefits-2026,Standard intranet/internet documentation query and task tracking.
H500939,08/17/2026 18:44:00,EMP116,PC-1300,http://git.corp.internal/dta-core/microservices,Standard intranet/internet documentation query and task tracking.
H500940,08/17/2026 18:01:00,EMP116,PC-1300,https://stackoverflow.com/questions/debugging-async-io,Standard intranet/internet documentation query and task tracking.
H500941,08/17/2026 18:17:00,EMP116,PC-1300,http://intranet.corp.internal/hr/benefits-2026,Standard intranet/internet documentation query and task tracking.
H500942,08/17/2026 19:24:00,EMP116,PC-1300,http://intranet.corp.internal/hr/benefits-2026,Standard intranet/internet documentation query and task tracking.
H500943,08/17/2026 23:05:00,EMP117,PC-9910,http://git.corp.internal/dta-core/microservices,Standard intranet/internet documentation query and task tracking.
H500944,08/17/2026 20:19:00,EMP117,PC-9910,http://git.corp.internal/dta-core/microservices,Standard intranet/internet documentation query and task tracking.
H500945,08/17/2026 23:01:00,EMP118,PC-5022,https://news.ycombinator.com/,Standard intranet/internet documentation query and task tracking.
H500946,08/17/2026 22:34:00,EMP118,PC-5022,https://news.ycombinator.com/,Standard intranet/internet documentation query and task tracking.
H500947,08/17/2026 19:45:00,EMP119,PC-3150,https://stackoverflow.com/questions/debugging-async-io,Standard intranet/internet documentation query and task tracking.
H500948,08/17/2026 17:40:00,EMP119,PC-3150,http://jira.corp.internal/browse/TICKET-4921,Standard intranet/internet documentation query and task tracking.
H500949,08/17/2026 18:23:00,EMP119,PC-3150,http://jira.corp.internal/browse/TICKET-4921,Standard intranet/internet documentation query and task tracking.
H500950,08/17/2026 20:08:00,EMP119,PC-3150,https://stackoverflow.com/questions/debugging-async-io,Standard intranet/internet documentation query and task tracking.
H500951,08/17/2026 21:58:00,EMP120,PC-4120,http://jira.corp.internal/browse/TICKET-4921,Standard intranet/internet documentation query and task tracking.
H500952,08/17/2026 19:15:00,EMP120,PC-4120,http://intranet.corp.internal/hr/benefits-2026,Standard intranet/internet documentation query and task tracking.
H500953,08/17/2026 17:04:00,EMP120,PC-4120,http://wiki.corp.internal/display/ENG/Architecture+Overview,Standard intranet/internet documentation query and task tracking.
H500954,08/17/2026 18:07:00,EMP121,PC-8050,https://news.ycombinator.com/,Standard intranet/internet documentation query and task tracking.
H500955,08/17/2026 20:43:00,EMP121,PC-8050,http://intranet.corp.internal/hr/benefits-2026,Standard intranet/internet documentation query and task tracking.
H500956,08/17/2026 19:12:00,EMP122,PC-6150,http://intranet.corp.internal/hr/benefits-2026,Standard intranet/internet documentation query and task tracking.
H500957,08/17/2026 20:41:00,EMP122,PC-6150,http://wiki.corp.internal/display/ENG/Architecture+Overview,Standard intranet/internet documentation query and task tracking.
H500958,08/17/2026 20:14:00,EMP122,PC-6150,https://news.ycombinator.com/,Standard intranet/internet documentation query and task tracking.
H500959,08/17/2026 19:07:00,EMP122,PC-6150,http://wiki.corp.internal/display/ENG/Architecture+Overview,Standard intranet/internet documentation query and task tracking.
H500960,08/17/2026 21:55:00,EMP123,PC-4190,https://news.ycombinator.com/,Standard intranet/internet documentation query and task tracking.
H500961,08/17/2026 20:14:00,EMP123,PC-4190,http://jira.corp.internal/browse/TICKET-4921,Standard intranet/internet documentation query and task tracking.
H500962,08/17/2026 18:11:00,EMP123,PC-4190,http://wiki.corp.internal/display/ENG/Architecture+Overview,Standard intranet/internet documentation query and task tracking.
H500963,08/17/2026 19:05:00,EMP124,PC-9001,http://git.corp.internal/dta-core/microservices,Standard intranet/internet documentation query and task tracking.
H500964,08/17/2026 22:07:00,EMP124,PC-9001,http://git.corp.internal/dta-core/microservices,Standard intranet/internet documentation query and task tracking.
H500965,08/18/2026 00:21:00,EMP124,PC-9001,http://jira.corp.internal/browse/TICKET-4921,Standard intranet/internet documentation query and task tracking.
H500966,08/17/2026 19:21:00,EMP124,PC-9001,https://stackoverflow.com/questions/debugging-async-io,Standard intranet/internet documentation query and task tracking.
H500967,08/17/2026 17:57:00,EMP125,PC-9402,http://wiki.corp.internal/display/ENG/Architecture+Overview,Standard intranet/internet documentation query and task tracking.
H500968,08/17/2026 19:38:00,EMP125,PC-9402,http://intranet.corp.internal/hr/benefits-2026,Standard intranet/internet documentation query and task tracking.
H500969,08/17/2026 22:04:00,EMP125,PC-9402,http://wiki.corp.internal/display/ENG/Architecture+Overview,Standard intranet/internet documentation query and task tracking.
H500970,08/17/2026 19:43:00,EMP125,PC-9402,http://intranet.corp.internal/hr/benefits-2026,Standard intranet/internet documentation query and task tracking.
H500971,08/17/2026 17:22:00,EMP126,PC-9945,http://wiki.corp.internal/display/ENG/Architecture+Overview,Standard intranet/internet documentation query and task tracking.
H500972,08/17/2026 23:05:00,EMP126,PC-9945,http://wiki.corp.internal/display/ENG/Architecture+Overview,Standard intranet/internet documentation query and task tracking.
H500973,08/17/2026 20:45:00,EMP126,PC-9945,https://stackoverflow.com/questions/debugging-async-io,Standard intranet/internet documentation query and task tracking.
H500974,08/17/2026 20:26:00,EMP126,PC-9945,http://wiki.corp.internal/display/ENG/Architecture+Overview,Standard intranet/internet documentation query and task tracking.
H500975,08/17/2026 17:18:00,EMP127,PC-1070,http://git.corp.internal/dta-core/microservices,Standard intranet/internet documentation query and task tracking.
H500976,08/17/2026 20:49:00,EMP127,PC-1070,http://intranet.corp.internal/hr/benefits-2026,Standard intranet/internet documentation query and task tracking.
H500977,08/17/2026 18:05:00,EMP127,PC-1070,http://intranet.corp.internal/hr/benefits-2026,Standard intranet/internet documentation query and task tracking.
H500978,08/17/2026 21:40:00,EMP127,PC-1070,http://git.corp.internal/dta-core/microservices,Standard intranet/internet documentation query and task tracking.
H500979,08/18/2026 22:52:00,EMP101,PC-1001,http://wiki.corp.internal/display/ENG/Architecture+Overview,Standard intranet/internet documentation query and task tracking.
H500980,08/18/2026 20:00:00,EMP101,PC-1001,http://wiki.corp.internal/display/ENG/Architecture+Overview,Standard intranet/internet documentation query and task tracking.
H500981,08/18/2026 18:30:00,EMP101,PC-1001,https://stackoverflow.com/questions/debugging-async-io,Standard intranet/internet documentation query and task tracking.
H500982,08/18/2026 19:17:00,EMP101,PC-1001,https://news.ycombinator.com/,Standard intranet/internet documentation query and task tracking.
H500983,08/18/2026 19:23:00,AAF0535,PC-2408,http://jira.corp.internal/browse/TICKET-4921,Standard intranet/internet documentation query and task tracking.
H500984,08/18/2026 17:12:00,AAF0535,PC-2408,https://news.ycombinator.com/,Standard intranet/internet documentation query and task tracking.
H500985,08/18/2026 21:06:00,AAF0535,PC-2408,http://jira.corp.internal/browse/TICKET-4921,Standard intranet/internet documentation query and task tracking.
H500986,08/18/2026 22:05:00,AAM0658,PC-9923,http://intranet.corp.internal/hr/benefits-2026,Standard intranet/internet documentation query and task tracking.
H500987,08/18/2026 21:24:00,AAM0658,PC-9923,http://jira.corp.internal/browse/TICKET-4921,Standard intranet/internet documentation query and task tracking.
H500988,08/18/2026 20:42:00,BBS0039,PC-9436,http://git.corp.internal/dta-core/microservices,Standard intranet/internet documentation query and task tracking.
H500989,08/18/2026 22:08:00,BBS0039,PC-9436,http://wiki.corp.internal/display/ENG/Architecture+Overview,Standard intranet/internet documentation query and task tracking.
H500990,08/18/2026 19:02:00,BBS0039,PC-9436,http://jira.corp.internal/browse/TICKET-4921,Standard intranet/internet documentation query and task tracking.
H500991,08/18/2026 17:41:00,EMP102,PC-3012,http://jira.corp.internal/browse/TICKET-4921,Standard intranet/internet documentation query and task tracking.
H500992,08/18/2026 23:16:00,EMP102,PC-3012,http://intranet.corp.internal/hr/benefits-2026,Standard intranet/internet documentation query and task tracking.
H500993,08/18/2026 19:08:00,EMP103,PC-4105,http://wiki.corp.internal/display/ENG/Architecture+Overview,Standard intranet/internet documentation query and task tracking.
H500994,08/18/2026 21:00:00,EMP103,PC-4105,https://stackoverflow.com/questions/debugging-async-io,Standard intranet/internet documentation query and task tracking.
H500995,08/18/2026 21:28:00,EMP103,PC-4105,http://git.corp.internal/dta-core/microservices,Standard intranet/internet documentation query and task tracking.
H500996,08/18/2026 22:48:00,EMP104,PC-1102,http://wiki.corp.internal/display/ENG/Architecture+Overview,Standard intranet/internet documentation query and task tracking.
H500997,08/18/2026 17:58:00,EMP104,PC-1102,http://wiki.corp.internal/display/ENG/Architecture+Overview,Standard intranet/internet documentation query and task tracking.
H500998,08/18/2026 20:10:00,EMP104,PC-1102,https://news.ycombinator.com/,Standard intranet/internet documentation query and task tracking.
H500999,08/18/2026 20:44:00,EMP104,PC-1102,https://news.ycombinator.com/,Standard intranet/internet documentation query and task tracking.
H501000,08/19/2026 00:21:00,EMP105,PC-5001,http://jira.corp.internal/browse/TICKET-4921,Standard intranet/internet documentation query and task tracking.
H501001,08/18/2026 22:16:00,EMP105,PC-5001,https://stackoverflow.com/questions/debugging-async-io,Standard intranet/internet documentation query and task tracking.
H501002,08/18/2026 19:06:00,EMP105,PC-5001,https://stackoverflow.com/questions/debugging-async-io,Standard intranet/internet documentation query and task tracking.
H501003,08/18/2026 21:54:00,EMP105,PC-5001,http://wiki.corp.internal/display/ENG/Architecture+Overview,Standard intranet/internet documentation query and task tracking.
H501004,08/18/2026 21:43:00,EMP106,PC-1088,http://intranet.corp.internal/hr/benefits-2026,Standard intranet/internet documentation query and task tracking.
H501005,08/18/2026 22:10:00,EMP106,PC-1088,http://intranet.corp.internal/hr/benefits-2026,Standard intranet/internet documentation query and task tracking.
H501006,08/18/2026 22:04:00,EMP106,PC-1088,http://jira.corp.internal/browse/TICKET-4921,Standard intranet/internet documentation query and task tracking.
H501007,08/18/2026 22:57:00,EMP106,PC-1088,http://git.corp.internal/dta-core/microservices,Standard intranet/internet documentation query and task tracking.
H501008,08/18/2026 22:18:00,EMP107,PC-6110,http://git.corp.internal/dta-core/microservices,Standard intranet/internet documentation query and task tracking.
H501009,08/18/2026 23:51:00,EMP107,PC-6110,http://intranet.corp.internal/hr/benefits-2026,Standard intranet/internet documentation query and task tracking.
H501010,08/18/2026 21:29:00,EMP108,PC-1044,https://stackoverflow.com/questions/debugging-async-io,Standard intranet/internet documentation query and task tracking.
H501011,08/18/2026 21:24:00,EMP108,PC-1044,http://jira.corp.internal/browse/TICKET-4921,Standard intranet/internet documentation query and task tracking.
H501012,08/18/2026 19:41:00,EMP109,PC-7020,https://news.ycombinator.com/,Standard intranet/internet documentation query and task tracking.
H501013,08/18/2026 23:16:00,EMP109,PC-7020,https://stackoverflow.com/questions/debugging-async-io,Standard intranet/internet documentation query and task tracking.
H501014,08/18/2026 21:13:00,EMP109,PC-7020,http://jira.corp.internal/browse/TICKET-4921,Standard intranet/internet documentation query and task tracking.
H501015,08/18/2026 18:27:00,EMP109,PC-7020,https://stackoverflow.com/questions/debugging-async-io,Standard intranet/internet documentation query and task tracking.
H501016,08/18/2026 22:12:00,EMP110,PC-8005,http://intranet.corp.internal/hr/benefits-2026,Standard intranet/internet documentation query and task tracking.
H501017,08/18/2026 23:32:00,EMP110,PC-8005,http://wiki.corp.internal/display/ENG/Architecture+Overview,Standard intranet/internet documentation query and task tracking.
H501018,08/18/2026 21:51:00,EMP111,PC-3099,http://intranet.corp.internal/hr/benefits-2026,Standard intranet/internet documentation query and task tracking.
H501019,08/18/2026 19:10:00,EMP111,PC-3099,https://news.ycombinator.com/,Standard intranet/internet documentation query and task tracking.
H501020,08/18/2026 21:22:00,EMP111,PC-3099,http://jira.corp.internal/browse/TICKET-4921,Standard intranet/internet documentation query and task tracking.
H501021,08/18/2026 22:10:00,EMP111,PC-3099,http://intranet.corp.internal/hr/benefits-2026,Standard intranet/internet documentation query and task tracking.
H501022,08/18/2026 22:16:00,EMP112,PC-2490,https://news.ycombinator.com/,Standard intranet/internet documentation query and task tracking.
H501023,08/18/2026 21:01:00,EMP112,PC-2490,http://intranet.corp.internal/hr/benefits-2026,Standard intranet/internet documentation query and task tracking.
H501024,08/18/2026 22:35:00,EMP112,PC-2490,http://git.corp.internal/dta-core/microservices,Standard intranet/internet documentation query and task tracking.
H501025,08/18/2026 23:05:00,EMP112,PC-2490,https://stackoverflow.com/questions/debugging-async-io,Standard intranet/internet documentation query and task tracking.
H501026,08/18/2026 19:20:00,EMP113,PC-7045,https://news.ycombinator.com/,Standard intranet/internet documentation query and task tracking.
H501027,08/18/2026 21:18:00,EMP113,PC-7045,http://git.corp.internal/dta-core/microservices,Standard intranet/internet documentation query and task tracking.
H501028,08/18/2026 22:50:00,EMP113,PC-7045,http://wiki.corp.internal/display/ENG/Architecture+Overview,Standard intranet/internet documentation query and task tracking.
H501029,08/18/2026 17:14:00,EMP113,PC-7045,http://jira.corp.internal/browse/TICKET-4921,Standard intranet/internet documentation query and task tracking.
H501030,08/18/2026 18:22:00,EMP114,PC-1250,http://wiki.corp.internal/display/ENG/Architecture+Overview,Standard intranet/internet documentation query and task tracking.
H501031,08/18/2026 20:07:00,EMP114,PC-1250,http://jira.corp.internal/browse/TICKET-4921,Standard intranet/internet documentation query and task tracking.
H501032,08/18/2026 22:40:00,EMP115,PC-6125,https://news.ycombinator.com/,Standard intranet/internet documentation query and task tracking.
H501033,08/18/2026 17:59:00,EMP115,PC-6125,https://stackoverflow.com/questions/debugging-async-io,Standard intranet/internet documentation query and task tracking.
H501034,08/18/2026 20:50:00,EMP115,PC-6125,http://intranet.corp.internal/hr/benefits-2026,Standard intranet/internet documentation query and task tracking.
H501035,08/18/2026 21:57:00,EMP115,PC-6125,https://news.ycombinator.com/,Standard intranet/internet documentation query and task tracking.
H501036,08/18/2026 22:04:00,EMP116,PC-1300,https://stackoverflow.com/questions/debugging-async-io,Standard intranet/internet documentation query and task tracking.
H501037,08/18/2026 21:25:00,EMP116,PC-1300,http://jira.corp.internal/browse/TICKET-4921,Standard intranet/internet documentation query and task tracking.
H501038,08/18/2026 22:59:00,EMP116,PC-1300,https://news.ycombinator.com/,Standard intranet/internet documentation query and task tracking.
H501039,08/18/2026 21:36:00,EMP117,PC-9910,https://news.ycombinator.com/,Standard intranet/internet documentation query and task tracking.
H501040,08/18/2026 23:56:00,EMP117,PC-9910,http://jira.corp.internal/browse/TICKET-4921,Standard intranet/internet documentation query and task tracking.
H501041,08/18/2026 20:22:00,EMP117,PC-9910,https://stackoverflow.com/questions/debugging-async-io,Standard intranet/internet documentation query and task tracking.
H501042,08/18/2026 23:19:00,EMP118,PC-5022,https://news.ycombinator.com/,Standard intranet/internet documentation query and task tracking.
H501043,08/18/2026 19:29:00,EMP118,PC-5022,http://intranet.corp.internal/hr/benefits-2026,Standard intranet/internet documentation query and task tracking.
H501044,08/18/2026 21:36:00,EMP118,PC-5022,http://git.corp.internal/dta-core/microservices,Standard intranet/internet documentation query and task tracking.
H501045,08/18/2026 23:00:00,EMP118,PC-5022,http://intranet.corp.internal/hr/benefits-2026,Standard intranet/internet documentation query and task tracking.
H501046,08/18/2026 19:20:00,EMP119,PC-3150,http://intranet.corp.internal/hr/benefits-2026,Standard intranet/internet documentation query and task tracking.
H501047,08/18/2026 23:45:00,EMP119,PC-3150,http://jira.corp.internal/browse/TICKET-4921,Standard intranet/internet documentation query and task tracking.
H501048,08/18/2026 22:30:00,EMP119,PC-3150,https://news.ycombinator.com/,Standard intranet/internet documentation query and task tracking.
H501049,08/19/2026 00:08:00,EMP119,PC-3150,http://intranet.corp.internal/hr/benefits-2026,Standard intranet/internet documentation query and task tracking.
H501050,08/19/2026 00:10:00,EMP120,PC-4120,https://stackoverflow.com/questions/debugging-async-io,Standard intranet/internet documentation query and task tracking.
H501051,08/18/2026 23:52:00,EMP120,PC-4120,http://intranet.corp.internal/hr/benefits-2026,Standard intranet/internet documentation query and task tracking.
H501052,08/18/2026 22:40:00,EMP120,PC-4120,http://git.corp.internal/dta-core/microservices,Standard intranet/internet documentation query and task tracking.
H501053,08/18/2026 21:43:00,EMP120,PC-4120,http://wiki.corp.internal/display/ENG/Architecture+Overview,Standard intranet/internet documentation query and task tracking.
H501054,08/18/2026 18:15:00,EMP121,PC-8050,http://git.corp.internal/dta-core/microservices,Standard intranet/internet documentation query and task tracking.
H501055,08/18/2026 22:57:00,EMP121,PC-8050,http://jira.corp.internal/browse/TICKET-4921,Standard intranet/internet documentation query and task tracking.
H501056,08/18/2026 17:59:00,EMP122,PC-6150,http://git.corp.internal/dta-core/microservices,Standard intranet/internet documentation query and task tracking.
H501057,08/18/2026 21:34:00,EMP122,PC-6150,http://wiki.corp.internal/display/ENG/Architecture+Overview,Standard intranet/internet documentation query and task tracking.
H501058,08/18/2026 22:58:00,EMP122,PC-6150,http://intranet.corp.internal/hr/benefits-2026,Standard intranet/internet documentation query and task tracking.
H501059,08/19/2026 00:01:00,EMP122,PC-6150,https://news.ycombinator.com/,Standard intranet/internet documentation query and task tracking.
H501060,08/18/2026 21:29:00,EMP123,PC-4190,https://stackoverflow.com/questions/debugging-async-io,Standard intranet/internet documentation query and task tracking.
H501061,08/18/2026 21:47:00,EMP123,PC-4190,http://intranet.corp.internal/hr/benefits-2026,Standard intranet/internet documentation query and task tracking.
H501062,08/18/2026 19:37:00,EMP124,PC-9001,http://intranet.corp.internal/hr/benefits-2026,Standard intranet/internet documentation query and task tracking.
H501063,08/18/2026 23:42:00,EMP124,PC-9001,http://intranet.corp.internal/hr/benefits-2026,Standard intranet/internet documentation query and task tracking.
H501064,08/18/2026 23:13:00,EMP124,PC-9001,http://git.corp.internal/dta-core/microservices,Standard intranet/internet documentation query and task tracking.
H501065,08/18/2026 22:37:00,EMP125,PC-9402,http://wiki.corp.internal/display/ENG/Architecture+Overview,Standard intranet/internet documentation query and task tracking.
H501066,08/18/2026 18:23:00,EMP125,PC-9402,http://jira.corp.internal/browse/TICKET-4921,Standard intranet/internet documentation query and task tracking.
H501067,08/18/2026 18:53:00,EMP126,PC-9945,http://jira.corp.internal/browse/TICKET-4921,Standard intranet/internet documentation query and task tracking.
H501068,08/18/2026 22:46:00,EMP126,PC-9945,http://git.corp.internal/dta-core/microservices,Standard intranet/internet documentation query and task tracking.
H501069,08/18/2026 17:49:00,EMP126,PC-9945,http://git.corp.internal/dta-core/microservices,Standard intranet/internet documentation query and task tracking.
H501070,08/18/2026 23:23:00,EMP127,PC-1070,http://intranet.corp.internal/hr/benefits-2026,Standard intranet/internet documentation query and task tracking.
H501071,08/18/2026 20:42:00,EMP127,PC-1070,https://stackoverflow.com/questions/debugging-async-io,Standard intranet/internet documentation query and task tracking.
H501072,08/18/2026 23:01:00,EMP127,PC-1070,https://news.ycombinator.com/,Standard intranet/internet documentation query and task tracking.
H501073,08/18/2026 21:11:00,EMP127,PC-1070,http://wiki.corp.internal/display/ENG/Architecture+Overview,Standard intranet/internet documentation query and task tracking.
H501074,08/19/2026 21:40:00,EMP101,PC-1001,https://news.ycombinator.com/,Standard intranet/internet documentation query and task tracking.
H501075,08/19/2026 20:28:00,EMP101,PC-1001,http://wiki.corp.internal/display/ENG/Architecture+Overview,Standard intranet/internet documentation query and task tracking.
H501076,08/19/2026 20:00:00,EMP101,PC-1001,http://jira.corp.internal/browse/TICKET-4921,Standard intranet/internet documentation query and task tracking.
H501077,08/19/2026 22:14:00,AAF0535,PC-2408,https://stackoverflow.com/questions/debugging-async-io,Standard intranet/internet documentation query and task tracking.
H501078,08/19/2026 22:30:00,AAF0535,PC-2408,http://intranet.corp.internal/hr/benefits-2026,Standard intranet/internet documentation query and task tracking.
H501079,08/19/2026 17:47:00,AAF0535,PC-2408,http://wiki.corp.internal/display/ENG/Architecture+Overview,Standard intranet/internet documentation query and task tracking.
H501080,08/19/2026 23:25:00,AAF0535,PC-2408,http://git.corp.internal/dta-core/microservices,Standard intranet/internet documentation query and task tracking.
H501081,08/19/2026 20:28:00,AAM0658,PC-9923,http://wiki.corp.internal/display/ENG/Architecture+Overview,Standard intranet/internet documentation query and task tracking.
H501082,08/19/2026 20:30:00,AAM0658,PC-9923,http://git.corp.internal/dta-core/microservices,Standard intranet/internet documentation query and task tracking.
H501083,08/19/2026 21:49:00,AAM0658,PC-9923,http://intranet.corp.internal/hr/benefits-2026,Standard intranet/internet documentation query and task tracking.
H501084,08/19/2026 21:50:00,BBS0039,PC-9436,https://stackoverflow.com/questions/debugging-async-io,Standard intranet/internet documentation query and task tracking.
H501085,08/19/2026 18:24:00,BBS0039,PC-9436,http://git.corp.internal/dta-core/microservices,Standard intranet/internet documentation query and task tracking.
H501086,08/19/2026 23:35:00,BBS0039,PC-9436,http://jira.corp.internal/browse/TICKET-4921,Standard intranet/internet documentation query and task tracking.
H501087,08/19/2026 20:46:00,BBS0039,PC-9436,https://news.ycombinator.com/,Standard intranet/internet documentation query and task tracking.
H501088,08/19/2026 22:53:00,EMP102,PC-3012,http://intranet.corp.internal/hr/benefits-2026,Standard intranet/internet documentation query and task tracking.
H501089,08/19/2026 18:59:00,EMP102,PC-3012,http://intranet.corp.internal/hr/benefits-2026,Standard intranet/internet documentation query and task tracking.
H501090,08/20/2026 00:33:00,EMP103,PC-4105,http://intranet.corp.internal/hr/benefits-2026,Standard intranet/internet documentation query and task tracking.
H501091,08/19/2026 19:29:00,EMP103,PC-4105,http://wiki.corp.internal/display/ENG/Architecture+Overview,Standard intranet/internet documentation query and task tracking.
H501092,08/19/2026 21:18:00,EMP104,PC-1102,http://wiki.corp.internal/display/ENG/Architecture+Overview,Standard intranet/internet documentation query and task tracking.
H501093,08/19/2026 21:27:00,EMP104,PC-1102,http://jira.corp.internal/browse/TICKET-4921,Standard intranet/internet documentation query and task tracking.
H501094,08/19/2026 18:45:00,EMP104,PC-1102,https://stackoverflow.com/questions/debugging-async-io,Standard intranet/internet documentation query and task tracking.
H501095,08/19/2026 23:34:00,EMP105,PC-5001,http://wiki.corp.internal/display/ENG/Architecture+Overview,Standard intranet/internet documentation query and task tracking.
H501096,08/19/2026 22:23:00,EMP105,PC-5001,http://wiki.corp.internal/display/ENG/Architecture+Overview,Standard intranet/internet documentation query and task tracking.
H501097,08/19/2026 23:18:00,EMP105,PC-5001,http://intranet.corp.internal/hr/benefits-2026,Standard intranet/internet documentation query and task tracking.
H501098,08/19/2026 17:46:00,EMP106,PC-1088,http://git.corp.internal/dta-core/microservices,Standard intranet/internet documentation query and task tracking.
H501099,08/19/2026 22:43:00,EMP106,PC-1088,http://git.corp.internal/dta-core/microservices,Standard intranet/internet documentation query and task tracking.
H501100,08/19/2026 22:02:00,EMP106,PC-1088,http://wiki.corp.internal/display/ENG/Architecture+Overview,Standard intranet/internet documentation query and task tracking.
H501101,08/19/2026 19:16:00,EMP106,PC-1088,https://stackoverflow.com/questions/debugging-async-io,Standard intranet/internet documentation query and task tracking.
H501102,08/19/2026 18:49:00,EMP107,PC-6110,http://intranet.corp.internal/hr/benefits-2026,Standard intranet/internet documentation query and task tracking.
H501103,08/19/2026 21:00:00,EMP107,PC-6110,https://news.ycombinator.com/,Standard intranet/internet documentation query and task tracking.
H501104,08/19/2026 18:17:00,EMP108,PC-1044,http://wiki.corp.internal/display/ENG/Architecture+Overview,Standard intranet/internet documentation query and task tracking.
H501105,08/19/2026 17:26:00,EMP108,PC-1044,http://wiki.corp.internal/display/ENG/Architecture+Overview,Standard intranet/internet documentation query and task tracking.
H501106,08/19/2026 21:58:00,EMP108,PC-1044,https://news.ycombinator.com/,Standard intranet/internet documentation query and task tracking.
H501107,08/19/2026 20:26:00,EMP108,PC-1044,https://news.ycombinator.com/,Standard intranet/internet documentation query and task tracking.
H501108,08/19/2026 22:05:00,EMP109,PC-7020,http://jira.corp.internal/browse/TICKET-4921,Standard intranet/internet documentation query and task tracking.
H501109,08/19/2026 19:05:00,EMP109,PC-7020,http://jira.corp.internal/browse/TICKET-4921,Standard intranet/internet documentation query and task tracking.
H501110,08/19/2026 19:36:00,EMP109,PC-7020,https://news.ycombinator.com/,Standard intranet/internet documentation query and task tracking.
H501111,08/19/2026 19:52:00,EMP109,PC-7020,http://jira.corp.internal/browse/TICKET-4921,Standard intranet/internet documentation query and task tracking.
H501112,08/19/2026 20:39:00,EMP110,PC-8005,http://intranet.corp.internal/hr/benefits-2026,Standard intranet/internet documentation query and task tracking.
H501113,08/19/2026 18:45:00,EMP110,PC-8005,http://git.corp.internal/dta-core/microservices,Standard intranet/internet documentation query and task tracking.
H501114,08/19/2026 23:27:00,EMP111,PC-3099,http://jira.corp.internal/browse/TICKET-4921,Standard intranet/internet documentation query and task tracking.
H501115,08/19/2026 18:43:00,EMP111,PC-3099,http://git.corp.internal/dta-core/microservices,Standard intranet/internet documentation query and task tracking.
H501116,08/19/2026 23:09:00,EMP111,PC-3099,http://wiki.corp.internal/display/ENG/Architecture+Overview,Standard intranet/internet documentation query and task tracking.
H501117,08/19/2026 19:31:00,EMP111,PC-3099,http://git.corp.internal/dta-core/microservices,Standard intranet/internet documentation query and task tracking.
H501118,08/19/2026 19:47:00,EMP112,PC-2490,https://stackoverflow.com/questions/debugging-async-io,Standard intranet/internet documentation query and task tracking.
H501119,08/19/2026 18:32:00,EMP112,PC-2490,http://wiki.corp.internal/display/ENG/Architecture+Overview,Standard intranet/internet documentation query and task tracking.
H501120,08/19/2026 19:46:00,EMP112,PC-2490,http://jira.corp.internal/browse/TICKET-4921,Standard intranet/internet documentation query and task tracking.
H501121,08/19/2026 21:18:00,EMP113,PC-7045,https://stackoverflow.com/questions/debugging-async-io,Standard intranet/internet documentation query and task tracking.
H501122,08/19/2026 21:01:00,EMP113,PC-7045,http://git.corp.internal/dta-core/microservices,Standard intranet/internet documentation query and task tracking.
H501123,08/19/2026 19:49:00,EMP113,PC-7045,https://stackoverflow.com/questions/debugging-async-io,Standard intranet/internet documentation query and task tracking.
H501124,08/19/2026 19:18:00,EMP114,PC-1250,http://git.corp.internal/dta-core/microservices,Standard intranet/internet documentation query and task tracking.
H501125,08/19/2026 23:53:00,EMP114,PC-1250,http://intranet.corp.internal/hr/benefits-2026,Standard intranet/internet documentation query and task tracking.
H501126,08/19/2026 18:17:00,EMP114,PC-1250,http://intranet.corp.internal/hr/benefits-2026,Standard intranet/internet documentation query and task tracking.
H501127,08/19/2026 18:16:00,EMP114,PC-1250,http://wiki.corp.internal/display/ENG/Architecture+Overview,Standard intranet/internet documentation query and task tracking.
H501128,08/19/2026 21:10:00,EMP115,PC-6125,https://news.ycombinator.com/,Standard intranet/internet documentation query and task tracking.
H501129,08/19/2026 20:33:00,EMP115,PC-6125,http://intranet.corp.internal/hr/benefits-2026,Standard intranet/internet documentation query and task tracking.
H501130,08/19/2026 17:48:00,EMP115,PC-6125,http://git.corp.internal/dta-core/microservices,Standard intranet/internet documentation query and task tracking.
H501131,08/19/2026 17:45:00,EMP116,PC-1300,https://stackoverflow.com/questions/debugging-async-io,Standard intranet/internet documentation query and task tracking.
H501132,08/19/2026 20:05:00,EMP116,PC-1300,https://news.ycombinator.com/,Standard intranet/internet documentation query and task tracking.
H501133,08/19/2026 17:04:00,EMP116,PC-1300,http://intranet.corp.internal/hr/benefits-2026,Standard intranet/internet documentation query and task tracking.
H501134,08/19/2026 19:01:00,EMP116,PC-1300,https://news.ycombinator.com/,Standard intranet/internet documentation query and task tracking.
H501135,08/19/2026 22:18:00,EMP117,PC-9910,http://jira.corp.internal/browse/TICKET-4921,Standard intranet/internet documentation query and task tracking.
H501136,08/19/2026 22:57:00,EMP117,PC-9910,http://intranet.corp.internal/hr/benefits-2026,Standard intranet/internet documentation query and task tracking.
H501137,08/19/2026 20:48:00,EMP117,PC-9910,http://git.corp.internal/dta-core/microservices,Standard intranet/internet documentation query and task tracking.
H501138,08/19/2026 17:01:00,EMP117,PC-9910,http://jira.corp.internal/browse/TICKET-4921,Standard intranet/internet documentation query and task tracking.
H501139,08/19/2026 19:29:00,EMP118,PC-5022,https://news.ycombinator.com/,Standard intranet/internet documentation query and task tracking.
H501140,08/19/2026 20:48:00,EMP118,PC-5022,https://stackoverflow.com/questions/debugging-async-io,Standard intranet/internet documentation query and task tracking.
H501141,08/19/2026 21:44:00,EMP118,PC-5022,https://stackoverflow.com/questions/debugging-async-io,Standard intranet/internet documentation query and task tracking.
H501142,08/19/2026 18:07:00,EMP118,PC-5022,http://wiki.corp.internal/display/ENG/Architecture+Overview,Standard intranet/internet documentation query and task tracking.
H501143,08/19/2026 22:37:00,EMP119,PC-3150,http://jira.corp.internal/browse/TICKET-4921,Standard intranet/internet documentation query and task tracking.
H501144,08/19/2026 20:58:00,EMP119,PC-3150,http://intranet.corp.internal/hr/benefits-2026,Standard intranet/internet documentation query and task tracking.
H501145,08/19/2026 20:59:00,EMP119,PC-3150,http://git.corp.internal/dta-core/microservices,Standard intranet/internet documentation query and task tracking.
H501146,08/19/2026 22:46:00,EMP119,PC-3150,http://intranet.corp.internal/hr/benefits-2026,Standard intranet/internet documentation query and task tracking.
H501147,08/19/2026 19:59:00,EMP120,PC-4120,https://stackoverflow.com/questions/debugging-async-io,Standard intranet/internet documentation query and task tracking.
H501148,08/19/2026 21:09:00,EMP120,PC-4120,https://news.ycombinator.com/,Standard intranet/internet documentation query and task tracking.
H501149,08/19/2026 17:06:00,EMP120,PC-4120,https://news.ycombinator.com/,Standard intranet/internet documentation query and task tracking.
H501150,08/19/2026 18:50:00,EMP121,PC-8050,http://jira.corp.internal/browse/TICKET-4921,Standard intranet/internet documentation query and task tracking.
H501151,08/19/2026 18:37:00,EMP121,PC-8050,http://jira.corp.internal/browse/TICKET-4921,Standard intranet/internet documentation query and task tracking.
H501152,08/19/2026 20:07:00,EMP121,PC-8050,https://news.ycombinator.com/,Standard intranet/internet documentation query and task tracking.
H501153,08/19/2026 21:05:00,EMP122,PC-6150,http://jira.corp.internal/browse/TICKET-4921,Standard intranet/internet documentation query and task tracking.
H501154,08/19/2026 22:02:00,EMP122,PC-6150,http://jira.corp.internal/browse/TICKET-4921,Standard intranet/internet documentation query and task tracking.
H501155,08/19/2026 22:31:00,EMP122,PC-6150,https://stackoverflow.com/questions/debugging-async-io,Standard intranet/internet documentation query and task tracking.
H501156,08/19/2026 16:58:00,EMP123,PC-4190,https://news.ycombinator.com/,Standard intranet/internet documentation query and task tracking.
H501157,08/19/2026 17:53:00,EMP123,PC-4190,http://wiki.corp.internal/display/ENG/Architecture+Overview,Standard intranet/internet documentation query and task tracking.
H501158,08/19/2026 18:03:00,EMP123,PC-4190,http://git.corp.internal/dta-core/microservices,Standard intranet/internet documentation query and task tracking.
H501159,08/19/2026 18:10:00,EMP123,PC-4190,https://news.ycombinator.com/,Standard intranet/internet documentation query and task tracking.
H501160,08/19/2026 22:45:00,EMP124,PC-9001,https://stackoverflow.com/questions/debugging-async-io,Standard intranet/internet documentation query and task tracking.
H501161,08/19/2026 21:41:00,EMP124,PC-9001,http://jira.corp.internal/browse/TICKET-4921,Standard intranet/internet documentation query and task tracking.
H501162,08/19/2026 19:27:00,EMP124,PC-9001,https://stackoverflow.com/questions/debugging-async-io,Standard intranet/internet documentation query and task tracking.
H501163,08/19/2026 20:35:00,EMP125,PC-9402,https://stackoverflow.com/questions/debugging-async-io,Standard intranet/internet documentation query and task tracking.
H501164,08/19/2026 22:45:00,EMP125,PC-9402,https://news.ycombinator.com/,Standard intranet/internet documentation query and task tracking.
H501165,08/19/2026 18:15:00,EMP125,PC-9402,http://jira.corp.internal/browse/TICKET-4921,Standard intranet/internet documentation query and task tracking.
H501166,08/19/2026 20:53:00,EMP125,PC-9402,https://stackoverflow.com/questions/debugging-async-io,Standard intranet/internet documentation query and task tracking.
H501167,08/19/2026 19:09:00,EMP126,PC-9945,https://stackoverflow.com/questions/debugging-async-io,Standard intranet/internet documentation query and task tracking.
H501168,08/19/2026 22:53:00,EMP126,PC-9945,https://news.ycombinator.com/,Standard intranet/internet documentation query and task tracking.
H501169,08/19/2026 22:08:00,EMP127,PC-1070,https://news.ycombinator.com/,Standard intranet/internet documentation query and task tracking.
H501170,08/19/2026 17:00:00,EMP127,PC-1070,http://intranet.corp.internal/hr/benefits-2026,Standard intranet/internet documentation query and task tracking.
H501171,08/20/2026 21:11:00,EMP101,PC-1001,http://jira.corp.internal/browse/TICKET-4921,Standard intranet/internet documentation query and task tracking.
H501172,08/20/2026 21:38:00,EMP101,PC-1001,https://stackoverflow.com/questions/debugging-async-io,Standard intranet/internet documentation query and task tracking.
H501173,08/20/2026 20:31:00,EMP101,PC-1001,https://news.ycombinator.com/,Standard intranet/internet documentation query and task tracking.
H501174,08/20/2026 23:51:00,EMP101,PC-1001,http://intranet.corp.internal/hr/benefits-2026,Standard intranet/internet documentation query and task tracking.
H501175,08/20/2026 18:42:00,AAF0535,PC-2408,http://git.corp.internal/dta-core/microservices,Standard intranet/internet documentation query and task tracking.
H501176,08/20/2026 23:06:00,AAF0535,PC-2408,https://news.ycombinator.com/,Standard intranet/internet documentation query and task tracking.
H501177,08/20/2026 21:32:00,AAM0658,PC-9923,http://wiki.corp.internal/display/ENG/Architecture+Overview,Standard intranet/internet documentation query and task tracking.
H501178,08/20/2026 20:18:00,AAM0658,PC-9923,http://intranet.corp.internal/hr/benefits-2026,Standard intranet/internet documentation query and task tracking.
H501179,08/20/2026 21:38:00,BBS0039,PC-9436,http://git.corp.internal/dta-core/microservices,Standard intranet/internet documentation query and task tracking.
H501180,08/20/2026 18:52:00,BBS0039,PC-9436,https://news.ycombinator.com/,Standard intranet/internet documentation query and task tracking.
H501181,08/20/2026 20:15:00,BBS0039,PC-9436,https://news.ycombinator.com/,Standard intranet/internet documentation query and task tracking.
H501182,08/20/2026 19:46:00,BBS0039,PC-9436,https://news.ycombinator.com/,Standard intranet/internet documentation query and task tracking.
H501183,08/20/2026 22:12:00,EMP102,PC-3012,http://jira.corp.internal/browse/TICKET-4921,Standard intranet/internet documentation query and task tracking.
H501184,08/20/2026 21:14:00,EMP102,PC-3012,https://news.ycombinator.com/,Standard intranet/internet documentation query and task tracking.
H501185,08/20/2026 22:49:00,EMP102,PC-3012,https://stackoverflow.com/questions/debugging-async-io,Standard intranet/internet documentation query and task tracking.
H501186,08/20/2026 20:14:00,EMP102,PC-3012,http://git.corp.internal/dta-core/microservices,Standard intranet/internet documentation query and task tracking.
H501187,08/20/2026 19:09:00,EMP103,PC-4105,https://stackoverflow.com/questions/debugging-async-io,Standard intranet/internet documentation query and task tracking.
H501188,08/20/2026 23:10:00,EMP103,PC-4105,http://jira.corp.internal/browse/TICKET-4921,Standard intranet/internet documentation query and task tracking.
H501189,08/20/2026 18:03:00,EMP103,PC-4105,http://jira.corp.internal/browse/TICKET-4921,Standard intranet/internet documentation query and task tracking.
H501190,08/20/2026 21:32:00,EMP103,PC-4105,https://stackoverflow.com/questions/debugging-async-io,Standard intranet/internet documentation query and task tracking.
H501191,08/20/2026 17:40:00,EMP104,PC-1102,http://jira.corp.internal/browse/TICKET-4921,Standard intranet/internet documentation query and task tracking.
H501192,08/20/2026 20:55:00,EMP104,PC-1102,https://news.ycombinator.com/,Standard intranet/internet documentation query and task tracking.
H501193,08/20/2026 17:12:00,EMP105,PC-5001,http://intranet.corp.internal/hr/benefits-2026,Standard intranet/internet documentation query and task tracking.
H501194,08/20/2026 20:09:00,EMP105,PC-5001,https://stackoverflow.com/questions/debugging-async-io,Standard intranet/internet documentation query and task tracking.
H501195,08/20/2026 22:07:00,EMP105,PC-5001,http://intranet.corp.internal/hr/benefits-2026,Standard intranet/internet documentation query and task tracking.
H501196,08/20/2026 21:19:00,EMP105,PC-5001,http://git.corp.internal/dta-core/microservices,Standard intranet/internet documentation query and task tracking.
H501197,08/20/2026 23:34:00,EMP106,PC-1088,https://news.ycombinator.com/,Standard intranet/internet documentation query and task tracking.
H501198,08/20/2026 20:24:00,EMP106,PC-1088,http://jira.corp.internal/browse/TICKET-4921,Standard intranet/internet documentation query and task tracking.
H501199,08/20/2026 17:27:00,EMP107,PC-6110,http://git.corp.internal/dta-core/microservices,Standard intranet/internet documentation query and task tracking.
H501200,08/20/2026 19:11:00,EMP107,PC-6110,http://intranet.corp.internal/hr/benefits-2026,Standard intranet/internet documentation query and task tracking.
H501201,08/20/2026 17:09:00,EMP107,PC-6110,http://jira.corp.internal/browse/TICKET-4921,Standard intranet/internet documentation query and task tracking.
H501202,08/20/2026 17:53:00,EMP107,PC-6110,http://git.corp.internal/dta-core/microservices,Standard intranet/internet documentation query and task tracking.
H501203,08/20/2026 18:14:00,EMP108,PC-1044,http://intranet.corp.internal/hr/benefits-2026,Standard intranet/internet documentation query and task tracking.
H501204,08/21/2026 00:07:00,EMP108,PC-1044,http://wiki.corp.internal/display/ENG/Architecture+Overview,Standard intranet/internet documentation query and task tracking.
H501205,08/20/2026 18:53:00,EMP108,PC-1044,https://news.ycombinator.com/,Standard intranet/internet documentation query and task tracking.
H501206,08/20/2026 20:32:00,EMP108,PC-1044,http://intranet.corp.internal/hr/benefits-2026,Standard intranet/internet documentation query and task tracking.
H501207,08/20/2026 21:36:00,EMP109,PC-7020,https://stackoverflow.com/questions/debugging-async-io,Standard intranet/internet documentation query and task tracking.
H501208,08/20/2026 22:38:00,EMP109,PC-7020,http://wiki.corp.internal/display/ENG/Architecture+Overview,Standard intranet/internet documentation query and task tracking.
H501209,08/20/2026 19:35:00,EMP110,PC-8005,http://git.corp.internal/dta-core/microservices,Standard intranet/internet documentation query and task tracking.
H501210,08/20/2026 18:04:00,EMP110,PC-8005,https://news.ycombinator.com/,Standard intranet/internet documentation query and task tracking.
H501211,08/20/2026 19:16:00,EMP110,PC-8005,https://news.ycombinator.com/,Standard intranet/internet documentation query and task tracking.
H501212,08/20/2026 21:59:00,EMP110,PC-8005,http://git.corp.internal/dta-core/microservices,Standard intranet/internet documentation query and task tracking.
H501213,08/20/2026 22:39:00,EMP111,PC-3099,https://stackoverflow.com/questions/debugging-async-io,Standard intranet/internet documentation query and task tracking.
H501214,08/20/2026 21:51:00,EMP111,PC-3099,http://wiki.corp.internal/display/ENG/Architecture+Overview,Standard intranet/internet documentation query and task tracking.
H501215,08/20/2026 20:57:00,EMP111,PC-3099,http://wiki.corp.internal/display/ENG/Architecture+Overview,Standard intranet/internet documentation query and task tracking.
H501216,08/20/2026 21:14:00,EMP112,PC-2490,https://news.ycombinator.com/,Standard intranet/internet documentation query and task tracking.
H501217,08/20/2026 16:54:00,EMP112,PC-2490,http://intranet.corp.internal/hr/benefits-2026,Standard intranet/internet documentation query and task tracking.
H501218,08/20/2026 19:04:00,EMP112,PC-2490,http://jira.corp.internal/browse/TICKET-4921,Standard intranet/internet documentation query and task tracking.
H501219,08/20/2026 21:08:00,EMP113,PC-7045,http://git.corp.internal/dta-core/microservices,Standard intranet/internet documentation query and task tracking.
H501220,08/20/2026 20:06:00,EMP113,PC-7045,http://jira.corp.internal/browse/TICKET-4921,Standard intranet/internet documentation query and task tracking.
H501221,08/20/2026 19:45:00,EMP114,PC-1250,http://git.corp.internal/dta-core/microservices,Standard intranet/internet documentation query and task tracking.
H501222,08/20/2026 19:27:00,EMP114,PC-1250,http://jira.corp.internal/browse/TICKET-4921,Standard intranet/internet documentation query and task tracking.
H501223,08/20/2026 19:25:00,EMP114,PC-1250,http://jira.corp.internal/browse/TICKET-4921,Standard intranet/internet documentation query and task tracking.
H501224,08/20/2026 22:58:00,EMP114,PC-1250,http://git.corp.internal/dta-core/microservices,Standard intranet/internet documentation query and task tracking.
H501225,08/20/2026 18:30:00,EMP115,PC-6125,https://stackoverflow.com/questions/debugging-async-io,Standard intranet/internet documentation query and task tracking.
H501226,08/20/2026 21:19:00,EMP115,PC-6125,https://news.ycombinator.com/,Standard intranet/internet documentation query and task tracking.
H501227,08/20/2026 20:50:00,EMP115,PC-6125,https://stackoverflow.com/questions/debugging-async-io,Standard intranet/internet documentation query and task tracking.
H501228,08/20/2026 23:03:00,EMP115,PC-6125,http://git.corp.internal/dta-core/microservices,Standard intranet/internet documentation query and task tracking.
H501229,08/20/2026 19:00:00,EMP116,PC-1300,http://wiki.corp.internal/display/ENG/Architecture+Overview,Standard intranet/internet documentation query and task tracking.
H501230,08/20/2026 22:24:00,EMP116,PC-1300,https://stackoverflow.com/questions/debugging-async-io,Standard intranet/internet documentation query and task tracking.
H501231,08/20/2026 21:59:00,EMP116,PC-1300,https://news.ycombinator.com/,Standard intranet/internet documentation query and task tracking.
H501232,08/20/2026 18:11:00,EMP116,PC-1300,https://news.ycombinator.com/,Standard intranet/internet documentation query and task tracking.
H501233,08/20/2026 21:32:00,EMP117,PC-9910,http://git.corp.internal/dta-core/microservices,Standard intranet/internet documentation query and task tracking.
H501234,08/20/2026 23:29:00,EMP117,PC-9910,http://wiki.corp.internal/display/ENG/Architecture+Overview,Standard intranet/internet documentation query and task tracking.
H501235,08/20/2026 17:43:00,EMP117,PC-9910,http://intranet.corp.internal/hr/benefits-2026,Standard intranet/internet documentation query and task tracking.
H501236,08/20/2026 19:24:00,EMP117,PC-9910,https://stackoverflow.com/questions/debugging-async-io,Standard intranet/internet documentation query and task tracking.
H501237,08/20/2026 19:42:00,EMP118,PC-5022,http://git.corp.internal/dta-core/microservices,Standard intranet/internet documentation query and task tracking.
H501238,08/20/2026 21:42:00,EMP118,PC-5022,https://news.ycombinator.com/,Standard intranet/internet documentation query and task tracking.
H501239,08/20/2026 20:36:00,EMP118,PC-5022,http://git.corp.internal/dta-core/microservices,Standard intranet/internet documentation query and task tracking.
H501240,08/20/2026 21:20:00,EMP119,PC-3150,https://stackoverflow.com/questions/debugging-async-io,Standard intranet/internet documentation query and task tracking.
H501241,08/20/2026 20:37:00,EMP119,PC-3150,https://stackoverflow.com/questions/debugging-async-io,Standard intranet/internet documentation query and task tracking.
H501242,08/20/2026 19:46:00,EMP119,PC-3150,https://news.ycombinator.com/,Standard intranet/internet documentation query and task tracking.
H501243,08/20/2026 21:31:00,EMP120,PC-4120,https://stackoverflow.com/questions/debugging-async-io,Standard intranet/internet documentation query and task tracking.
H501244,08/20/2026 20:02:00,EMP120,PC-4120,http://jira.corp.internal/browse/TICKET-4921,Standard intranet/internet documentation query and task tracking.
H501245,08/20/2026 22:18:00,EMP121,PC-8050,https://news.ycombinator.com/,Standard intranet/internet documentation query and task tracking.
H501246,08/20/2026 21:29:00,EMP121,PC-8050,http://intranet.corp.internal/hr/benefits-2026,Standard intranet/internet documentation query and task tracking.
H501247,08/20/2026 18:18:00,EMP122,PC-6150,http://wiki.corp.internal/display/ENG/Architecture+Overview,Standard intranet/internet documentation query and task tracking.
H501248,08/20/2026 18:45:00,EMP122,PC-6150,http://git.corp.internal/dta-core/microservices,Standard intranet/internet documentation query and task tracking.
H501249,08/20/2026 20:58:00,EMP122,PC-6150,http://intranet.corp.internal/hr/benefits-2026,Standard intranet/internet documentation query and task tracking.
H501250,08/20/2026 17:44:00,EMP122,PC-6150,https://stackoverflow.com/questions/debugging-async-io,Standard intranet/internet documentation query and task tracking.
H501251,08/20/2026 18:54:00,EMP123,PC-4190,http://git.corp.internal/dta-core/microservices,Standard intranet/internet documentation query and task tracking.
H501252,08/20/2026 23:39:00,EMP123,PC-4190,https://news.ycombinator.com/,Standard intranet/internet documentation query and task tracking.
H501253,08/20/2026 19:33:00,EMP123,PC-4190,https://news.ycombinator.com/,Standard intranet/internet documentation query and task tracking.
H501254,08/20/2026 21:59:00,EMP124,PC-9001,http://intranet.corp.internal/hr/benefits-2026,Standard intranet/internet documentation query and task tracking.
H501255,08/20/2026 21:38:00,EMP124,PC-9001,http://wiki.corp.internal/display/ENG/Architecture+Overview,Standard intranet/internet documentation query and task tracking.
H501256,08/20/2026 21:05:00,EMP124,PC-9001,https://news.ycombinator.com/,Standard intranet/internet documentation query and task tracking.
H501257,08/20/2026 20:16:00,EMP124,PC-9001,https://stackoverflow.com/questions/debugging-async-io,Standard intranet/internet documentation query and task tracking.
H501258,08/20/2026 22:48:00,EMP125,PC-9402,https://stackoverflow.com/questions/debugging-async-io,Standard intranet/internet documentation query and task tracking.
H501259,08/20/2026 18:32:00,EMP125,PC-9402,http://wiki.corp.internal/display/ENG/Architecture+Overview,Standard intranet/internet documentation query and task tracking.
H501260,08/20/2026 19:18:00,EMP125,PC-9402,http://git.corp.internal/dta-core/microservices,Standard intranet/internet documentation query and task tracking.
H501261,08/20/2026 19:52:00,EMP125,PC-9402,http://git.corp.internal/dta-core/microservices,Standard intranet/internet documentation query and task tracking.
H501262,08/20/2026 20:52:00,EMP126,PC-9945,http://intranet.corp.internal/hr/benefits-2026,Standard intranet/internet documentation query and task tracking.
H501263,08/20/2026 22:47:00,EMP126,PC-9945,https://news.ycombinator.com/,Standard intranet/internet documentation query and task tracking.
H501264,08/20/2026 21:37:00,EMP126,PC-9945,https://stackoverflow.com/questions/debugging-async-io,Standard intranet/internet documentation query and task tracking.
H501265,08/20/2026 23:05:00,EMP127,PC-1070,http://intranet.corp.internal/hr/benefits-2026,Standard intranet/internet documentation query and task tracking.
H501266,08/20/2026 23:08:00,EMP127,PC-1070,http://wiki.corp.internal/display/ENG/Architecture+Overview,Standard intranet/internet documentation query and task tracking.
H501267,08/20/2026 18:32:00,EMP127,PC-1070,http://jira.corp.internal/browse/TICKET-4921,Standard intranet/internet documentation query and task tracking.
H501268,08/21/2026 21:28:00,EMP101,PC-1001,https://news.ycombinator.com/,Standard intranet/internet documentation query and task tracking.
H501269,08/21/2026 18:47:00,EMP101,PC-1001,http://wiki.corp.internal/display/ENG/Architecture+Overview,Standard intranet/internet documentation query and task tracking.
H501270,08/22/2026 00:06:00,AAF0535,PC-2408,http://git.corp.internal/dta-core/microservices,Standard intranet/internet documentation query and task tracking.
H501271,08/21/2026 21:35:00,AAF0535,PC-2408,http://intranet.corp.internal/hr/benefits-2026,Standard intranet/internet documentation query and task tracking.
H501272,08/21/2026 19:18:00,AAM0658,PC-9923,https://stackoverflow.com/questions/debugging-async-io,Standard intranet/internet documentation query and task tracking.
H501273,08/21/2026 20:31:00,AAM0658,PC-9923,https://news.ycombinator.com/,Standard intranet/internet documentation query and task tracking.
H501274,08/21/2026 18:51:00,AAM0658,PC-9923,https://news.ycombinator.com/,Standard intranet/internet documentation query and task tracking.
H501275,08/21/2026 22:30:00,BBS0039,PC-9436,http://intranet.corp.internal/hr/benefits-2026,Standard intranet/internet documentation query and task tracking.
H501276,08/21/2026 22:32:00,BBS0039,PC-9436,https://news.ycombinator.com/,Standard intranet/internet documentation query and task tracking.
H501277,08/21/2026 20:49:00,BBS0039,PC-9436,https://news.ycombinator.com/,Standard intranet/internet documentation query and task tracking.
H501278,08/21/2026 21:50:00,EMP102,PC-3012,http://git.corp.internal/dta-core/microservices,Standard intranet/internet documentation query and task tracking.
H501279,08/21/2026 21:11:00,EMP102,PC-3012,https://stackoverflow.com/questions/debugging-async-io,Standard intranet/internet documentation query and task tracking.
H501280,08/21/2026 19:59:00,EMP103,PC-4105,http://git.corp.internal/dta-core/microservices,Standard intranet/internet documentation query and task tracking.
H501281,08/21/2026 21:03:00,EMP103,PC-4105,https://news.ycombinator.com/,Standard intranet/internet documentation query and task tracking.
H501282,08/21/2026 19:59:00,EMP104,PC-1102,https://news.ycombinator.com/,Standard intranet/internet documentation query and task tracking.
H501283,08/21/2026 19:28:00,EMP104,PC-1102,http://wiki.corp.internal/display/ENG/Architecture+Overview,Standard intranet/internet documentation query and task tracking.
H501284,08/21/2026 22:10:00,EMP104,PC-1102,http://git.corp.internal/dta-core/microservices,Standard intranet/internet documentation query and task tracking.
H501285,08/22/2026 00:02:00,EMP105,PC-5001,http://intranet.corp.internal/hr/benefits-2026,Standard intranet/internet documentation query and task tracking.
H501286,08/21/2026 21:04:00,EMP105,PC-5001,https://stackoverflow.com/questions/debugging-async-io,Standard intranet/internet documentation query and task tracking.
H501287,08/21/2026 19:37:00,EMP105,PC-5001,http://git.corp.internal/dta-core/microservices,Standard intranet/internet documentation query and task tracking.
H501288,08/21/2026 18:25:00,EMP105,PC-5001,https://stackoverflow.com/questions/debugging-async-io,Standard intranet/internet documentation query and task tracking.
H501289,08/21/2026 20:28:00,EMP106,PC-1088,https://stackoverflow.com/questions/debugging-async-io,Standard intranet/internet documentation query and task tracking.
H501290,08/21/2026 19:47:00,EMP106,PC-1088,http://wiki.corp.internal/display/ENG/Architecture+Overview,Standard intranet/internet documentation query and task tracking.
H501291,08/21/2026 19:44:00,EMP106,PC-1088,http://jira.corp.internal/browse/TICKET-4921,Standard intranet/internet documentation query and task tracking.
H501292,08/21/2026 20:39:00,EMP106,PC-1088,http://wiki.corp.internal/display/ENG/Architecture+Overview,Standard intranet/internet documentation query and task tracking.
H501293,08/21/2026 19:50:00,EMP107,PC-6110,http://git.corp.internal/dta-core/microservices,Standard intranet/internet documentation query and task tracking.
H501294,08/21/2026 18:23:00,EMP107,PC-6110,http://jira.corp.internal/browse/TICKET-4921,Standard intranet/internet documentation query and task tracking.
H501295,08/21/2026 18:39:00,EMP107,PC-6110,https://news.ycombinator.com/,Standard intranet/internet documentation query and task tracking.
H501296,08/21/2026 23:50:00,EMP108,PC-1044,http://wiki.corp.internal/display/ENG/Architecture+Overview,Standard intranet/internet documentation query and task tracking.
H501297,08/21/2026 19:37:00,EMP108,PC-1044,http://wiki.corp.internal/display/ENG/Architecture+Overview,Standard intranet/internet documentation query and task tracking.
H501298,08/21/2026 18:55:00,EMP108,PC-1044,http://wiki.corp.internal/display/ENG/Architecture+Overview,Standard intranet/internet documentation query and task tracking.
H501299,08/21/2026 23:57:00,EMP109,PC-7020,http://wiki.corp.internal/display/ENG/Architecture+Overview,Standard intranet/internet documentation query and task tracking.
H501300,08/21/2026 20:50:00,EMP109,PC-7020,http://wiki.corp.internal/display/ENG/Architecture+Overview,Standard intranet/internet documentation query and task tracking.
H501301,08/22/2026 00:25:00,EMP109,PC-7020,http://jira.corp.internal/browse/TICKET-4921,Standard intranet/internet documentation query and task tracking.
H501302,08/21/2026 18:42:00,EMP110,PC-8005,http://git.corp.internal/dta-core/microservices,Standard intranet/internet documentation query and task tracking.
H501303,08/21/2026 20:19:00,EMP110,PC-8005,http://wiki.corp.internal/display/ENG/Architecture+Overview,Standard intranet/internet documentation query and task tracking.
H501304,08/21/2026 22:48:00,EMP111,PC-3099,http://wiki.corp.internal/display/ENG/Architecture+Overview,Standard intranet/internet documentation query and task tracking.
H501305,08/21/2026 20:58:00,EMP111,PC-3099,http://intranet.corp.internal/hr/benefits-2026,Standard intranet/internet documentation query and task tracking.
H501306,08/21/2026 18:18:00,EMP111,PC-3099,https://stackoverflow.com/questions/debugging-async-io,Standard intranet/internet documentation query and task tracking.
H501307,08/21/2026 23:31:00,EMP112,PC-2490,https://news.ycombinator.com/,Standard intranet/internet documentation query and task tracking.
H501308,08/21/2026 21:36:00,EMP112,PC-2490,http://wiki.corp.internal/display/ENG/Architecture+Overview,Standard intranet/internet documentation query and task tracking.
H501309,08/21/2026 22:34:00,EMP113,PC-7045,http://jira.corp.internal/browse/TICKET-4921,Standard intranet/internet documentation query and task tracking.
H501310,08/21/2026 17:50:00,EMP113,PC-7045,http://jira.corp.internal/browse/TICKET-4921,Standard intranet/internet documentation query and task tracking.
H501311,08/21/2026 20:09:00,EMP114,PC-1250,http://jira.corp.internal/browse/TICKET-4921,Standard intranet/internet documentation query and task tracking.
H501312,08/21/2026 16:51:00,EMP114,PC-1250,http://wiki.corp.internal/display/ENG/Architecture+Overview,Standard intranet/internet documentation query and task tracking.
H501313,08/21/2026 21:50:00,EMP115,PC-6125,http://wiki.corp.internal/display/ENG/Architecture+Overview,Standard intranet/internet documentation query and task tracking.
H501314,08/21/2026 23:26:00,EMP115,PC-6125,https://news.ycombinator.com/,Standard intranet/internet documentation query and task tracking.
H501315,08/21/2026 18:18:00,EMP116,PC-1300,https://stackoverflow.com/questions/debugging-async-io,Standard intranet/internet documentation query and task tracking.
H501316,08/21/2026 19:13:00,EMP116,PC-1300,http://git.corp.internal/dta-core/microservices,Standard intranet/internet documentation query and task tracking.
H501317,08/21/2026 19:34:00,EMP117,PC-9910,http://intranet.corp.internal/hr/benefits-2026,Standard intranet/internet documentation query and task tracking.
H501318,08/21/2026 17:39:00,EMP117,PC-9910,http://git.corp.internal/dta-core/microservices,Standard intranet/internet documentation query and task tracking.
H501319,08/21/2026 16:51:00,EMP117,PC-9910,https://stackoverflow.com/questions/debugging-async-io,Standard intranet/internet documentation query and task tracking.
H501320,08/21/2026 22:20:00,EMP118,PC-5022,http://git.corp.internal/dta-core/microservices,Standard intranet/internet documentation query and task tracking.
H501321,08/21/2026 20:27:00,EMP118,PC-5022,http://intranet.corp.internal/hr/benefits-2026,Standard intranet/internet documentation query and task tracking.
H501322,08/21/2026 20:24:00,EMP119,PC-3150,http://git.corp.internal/dta-core/microservices,Standard intranet/internet documentation query and task tracking.
H501323,08/21/2026 18:48:00,EMP119,PC-3150,https://news.ycombinator.com/,Standard intranet/internet documentation query and task tracking.
H501324,08/21/2026 22:58:00,EMP120,PC-4120,http://git.corp.internal/dta-core/microservices,Standard intranet/internet documentation query and task tracking.
H501325,08/21/2026 22:58:00,EMP120,PC-4120,http://jira.corp.internal/browse/TICKET-4921,Standard intranet/internet documentation query and task tracking.
H501326,08/21/2026 21:56:00,EMP121,PC-8050,https://news.ycombinator.com/,Standard intranet/internet documentation query and task tracking.
H501327,08/21/2026 19:00:00,EMP121,PC-8050,https://news.ycombinator.com/,Standard intranet/internet documentation query and task tracking.
H501328,08/21/2026 20:06:00,EMP121,PC-8050,http://git.corp.internal/dta-core/microservices,Standard intranet/internet documentation query and task tracking.
H501329,08/21/2026 21:11:00,EMP121,PC-8050,http://intranet.corp.internal/hr/benefits-2026,Standard intranet/internet documentation query and task tracking.
H501330,08/21/2026 18:03:00,EMP122,PC-6150,http://wiki.corp.internal/display/ENG/Architecture+Overview,Standard intranet/internet documentation query and task tracking.
H501331,08/21/2026 18:15:00,EMP122,PC-6150,http://wiki.corp.internal/display/ENG/Architecture+Overview,Standard intranet/internet documentation query and task tracking.
H501332,08/21/2026 23:31:00,EMP123,PC-4190,http://intranet.corp.internal/hr/benefits-2026,Standard intranet/internet documentation query and task tracking.
H501333,08/21/2026 23:14:00,EMP123,PC-4190,http://git.corp.internal/dta-core/microservices,Standard intranet/internet documentation query and task tracking.
H501334,08/21/2026 18:37:00,EMP123,PC-4190,http://git.corp.internal/dta-core/microservices,Standard intranet/internet documentation query and task tracking.
H501335,08/21/2026 20:05:00,EMP123,PC-4190,https://news.ycombinator.com/,Standard intranet/internet documentation query and task tracking.
H501336,08/21/2026 18:06:00,EMP124,PC-9001,http://git.corp.internal/dta-core/microservices,Standard intranet/internet documentation query and task tracking.
H501337,08/21/2026 22:20:00,EMP124,PC-9001,http://intranet.corp.internal/hr/benefits-2026,Standard intranet/internet documentation query and task tracking.
H501338,08/21/2026 21:07:00,EMP124,PC-9001,http://git.corp.internal/dta-core/microservices,Standard intranet/internet documentation query and task tracking.
H501339,08/21/2026 23:37:00,EMP124,PC-9001,http://wiki.corp.internal/display/ENG/Architecture+Overview,Standard intranet/internet documentation query and task tracking.
H501340,08/21/2026 21:14:00,EMP125,PC-9402,http://wiki.corp.internal/display/ENG/Architecture+Overview,Standard intranet/internet documentation query and task tracking.
H501341,08/21/2026 17:40:00,EMP125,PC-9402,http://intranet.corp.internal/hr/benefits-2026,Standard intranet/internet documentation query and task tracking.
H501342,08/21/2026 21:54:00,EMP126,PC-9945,http://intranet.corp.internal/hr/benefits-2026,Standard intranet/internet documentation query and task tracking.
H501343,08/21/2026 18:34:00,EMP126,PC-9945,https://news.ycombinator.com/,Standard intranet/internet documentation query and task tracking.
H501344,08/21/2026 23:53:00,EMP127,PC-1070,https://stackoverflow.com/questions/debugging-async-io,Standard intranet/internet documentation query and task tracking.
H501345,08/21/2026 19:06:00,EMP127,PC-1070,http://jira.corp.internal/browse/TICKET-4921,Standard intranet/internet documentation query and task tracking.
H501346,08/21/2026 19:45:00,EMP127,PC-1070,https://news.ycombinator.com/,Standard intranet/internet documentation query and task tracking.
H501347,08/21/2026 21:38:00,EMP127,PC-1070,https://news.ycombinator.com/,Standard intranet/internet documentation query and task tracking.
H501348,08/24/2026 17:54:00,EMP101,PC-1001,http://git.corp.internal/dta-core/microservices,Standard intranet/internet documentation query and task tracking.
H501349,08/24/2026 22:09:00,EMP101,PC-1001,https://news.ycombinator.com/,Standard intranet/internet documentation query and task tracking.
H501350,08/24/2026 18:49:00,EMP101,PC-1001,http://git.corp.internal/dta-core/microservices,Standard intranet/internet documentation query and task tracking.
H501351,08/24/2026 21:50:00,EMP101,PC-1001,http://intranet.corp.internal/hr/benefits-2026,Standard intranet/internet documentation query and task tracking.
H501352,08/24/2026 18:54:00,AAF0535,PC-2408,http://jira.corp.internal/browse/TICKET-4921,Standard intranet/internet documentation query and task tracking.
H501353,08/24/2026 21:49:00,AAF0535,PC-2408,http://git.corp.internal/dta-core/microservices,Standard intranet/internet documentation query and task tracking.
H501354,08/24/2026 21:29:00,AAF0535,PC-2408,http://jira.corp.internal/browse/TICKET-4921,Standard intranet/internet documentation query and task tracking.
H501355,08/24/2026 19:15:00,AAF0535,PC-2408,http://git.corp.internal/dta-core/microservices,Standard intranet/internet documentation query and task tracking.
H501356,08/24/2026 22:02:00,AAM0658,PC-9923,https://stackoverflow.com/questions/debugging-async-io,Standard intranet/internet documentation query and task tracking.
H501357,08/24/2026 23:43:00,AAM0658,PC-9923,http://jira.corp.internal/browse/TICKET-4921,Standard intranet/internet documentation query and task tracking.
H501358,08/25/2026 00:16:00,AAM0658,PC-9923,http://jira.corp.internal/browse/TICKET-4921,Standard intranet/internet documentation query and task tracking.
H501359,08/24/2026 22:58:00,BBS0039,PC-9436,https://news.ycombinator.com/,Standard intranet/internet documentation query and task tracking.
H501360,08/25/2026 00:27:00,BBS0039,PC-9436,https://news.ycombinator.com/,Standard intranet/internet documentation query and task tracking.
H501361,08/24/2026 18:35:00,EMP102,PC-3012,http://wiki.corp.internal/display/ENG/Architecture+Overview,Standard intranet/internet documentation query and task tracking.
H501362,08/24/2026 23:33:00,EMP102,PC-3012,https://stackoverflow.com/questions/debugging-async-io,Standard intranet/internet documentation query and task tracking.
H501363,08/24/2026 21:26:00,EMP102,PC-3012,http://git.corp.internal/dta-core/microservices,Standard intranet/internet documentation query and task tracking.
H501364,08/24/2026 20:48:00,EMP102,PC-3012,http://jira.corp.internal/browse/TICKET-4921,Standard intranet/internet documentation query and task tracking.
H501365,08/24/2026 21:26:00,EMP103,PC-4105,https://news.ycombinator.com/,Standard intranet/internet documentation query and task tracking.
H501366,08/24/2026 18:54:00,EMP103,PC-4105,https://stackoverflow.com/questions/debugging-async-io,Standard intranet/internet documentation query and task tracking.
H501367,08/24/2026 18:02:00,EMP103,PC-4105,http://jira.corp.internal/browse/TICKET-4921,Standard intranet/internet documentation query and task tracking.
H501368,08/24/2026 19:22:00,EMP103,PC-4105,http://intranet.corp.internal/hr/benefits-2026,Standard intranet/internet documentation query and task tracking.
H501369,08/24/2026 17:48:00,EMP104,PC-1102,http://git.corp.internal/dta-core/microservices,Standard intranet/internet documentation query and task tracking.
H501370,08/24/2026 16:40:00,EMP104,PC-1102,http://git.corp.internal/dta-core/microservices,Standard intranet/internet documentation query and task tracking.
H501371,08/24/2026 22:28:00,EMP104,PC-1102,http://wiki.corp.internal/display/ENG/Architecture+Overview,Standard intranet/internet documentation query and task tracking.
H501372,08/24/2026 19:09:00,EMP104,PC-1102,https://stackoverflow.com/questions/debugging-async-io,Standard intranet/internet documentation query and task tracking.
H501373,08/24/2026 23:07:00,EMP105,PC-5001,http://git.corp.internal/dta-core/microservices,Standard intranet/internet documentation query and task tracking.
H501374,08/24/2026 21:23:00,EMP105,PC-5001,https://stackoverflow.com/questions/debugging-async-io,Standard intranet/internet documentation query and task tracking.
H501375,08/24/2026 22:01:00,EMP105,PC-5001,http://intranet.corp.internal/hr/benefits-2026,Standard intranet/internet documentation query and task tracking.
H501376,08/24/2026 17:55:00,EMP105,PC-5001,http://intranet.corp.internal/hr/benefits-2026,Standard intranet/internet documentation query and task tracking.
H501377,08/24/2026 19:11:00,EMP106,PC-1088,http://jira.corp.internal/browse/TICKET-4921,Standard intranet/internet documentation query and task tracking.
H501378,08/24/2026 22:42:00,EMP106,PC-1088,https://news.ycombinator.com/,Standard intranet/internet documentation query and task tracking.
H501379,08/24/2026 22:33:00,EMP107,PC-6110,http://intranet.corp.internal/hr/benefits-2026,Standard intranet/internet documentation query and task tracking.
H501380,08/24/2026 19:58:00,EMP107,PC-6110,http://wiki.corp.internal/display/ENG/Architecture+Overview,Standard intranet/internet documentation query and task tracking.
H501381,08/24/2026 17:03:00,EMP107,PC-6110,http://git.corp.internal/dta-core/microservices,Standard intranet/internet documentation query and task tracking.
H501382,08/24/2026 21:22:00,EMP108,PC-1044,http://wiki.corp.internal/display/ENG/Architecture+Overview,Standard intranet/internet documentation query and task tracking.
H501383,08/24/2026 18:25:00,EMP108,PC-1044,http://jira.corp.internal/browse/TICKET-4921,Standard intranet/internet documentation query and task tracking.
H501384,08/24/2026 21:06:00,EMP108,PC-1044,https://stackoverflow.com/questions/debugging-async-io,Standard intranet/internet documentation query and task tracking.
H501385,08/24/2026 21:37:00,EMP108,PC-1044,http://intranet.corp.internal/hr/benefits-2026,Standard intranet/internet documentation query and task tracking.
H501386,08/25/2026 00:12:00,EMP109,PC-7020,http://jira.corp.internal/browse/TICKET-4921,Standard intranet/internet documentation query and task tracking.
H501387,08/24/2026 18:00:00,EMP109,PC-7020,http://git.corp.internal/dta-core/microservices,Standard intranet/internet documentation query and task tracking.
H501388,08/24/2026 23:41:00,EMP109,PC-7020,http://git.corp.internal/dta-core/microservices,Standard intranet/internet documentation query and task tracking.
H501389,08/24/2026 20:51:00,EMP110,PC-8005,http://wiki.corp.internal/display/ENG/Architecture+Overview,Standard intranet/internet documentation query and task tracking.
H501390,08/24/2026 22:17:00,EMP110,PC-8005,http://git.corp.internal/dta-core/microservices,Standard intranet/internet documentation query and task tracking.
H501391,08/24/2026 19:28:00,EMP110,PC-8005,http://jira.corp.internal/browse/TICKET-4921,Standard intranet/internet documentation query and task tracking.
H501392,08/24/2026 22:07:00,EMP111,PC-3099,http://intranet.corp.internal/hr/benefits-2026,Standard intranet/internet documentation query and task tracking.
H501393,08/24/2026 22:45:00,EMP111,PC-3099,http://jira.corp.internal/browse/TICKET-4921,Standard intranet/internet documentation query and task tracking.
H501394,08/24/2026 20:27:00,EMP111,PC-3099,http://jira.corp.internal/browse/TICKET-4921,Standard intranet/internet documentation query and task tracking.
H501395,08/24/2026 21:47:00,EMP111,PC-3099,http://jira.corp.internal/browse/TICKET-4921,Standard intranet/internet documentation query and task tracking.
H501396,08/24/2026 23:38:00,EMP112,PC-2490,http://jira.corp.internal/browse/TICKET-4921,Standard intranet/internet documentation query and task tracking.
H501397,08/24/2026 23:01:00,EMP112,PC-2490,https://news.ycombinator.com/,Standard intranet/internet documentation query and task tracking.
H501398,08/24/2026 22:32:00,EMP113,PC-7045,https://news.ycombinator.com/,Standard intranet/internet documentation query and task tracking.
H501399,08/24/2026 18:17:00,EMP113,PC-7045,http://git.corp.internal/dta-core/microservices,Standard intranet/internet documentation query and task tracking.
H501400,08/24/2026 23:02:00,EMP114,PC-1250,http://wiki.corp.internal/display/ENG/Architecture+Overview,Standard intranet/internet documentation query and task tracking.
H501401,08/24/2026 19:33:00,EMP114,PC-1250,https://stackoverflow.com/questions/debugging-async-io,Standard intranet/internet documentation query and task tracking.
H501402,08/24/2026 18:16:00,EMP115,PC-6125,http://wiki.corp.internal/display/ENG/Architecture+Overview,Standard intranet/internet documentation query and task tracking.
H501403,08/24/2026 23:12:00,EMP115,PC-6125,https://news.ycombinator.com/,Standard intranet/internet documentation query and task tracking.
H501404,08/24/2026 19:47:00,EMP116,PC-1300,http://wiki.corp.internal/display/ENG/Architecture+Overview,Standard intranet/internet documentation query and task tracking.
H501405,08/24/2026 22:36:00,EMP116,PC-1300,https://stackoverflow.com/questions/debugging-async-io,Standard intranet/internet documentation query and task tracking.
H501406,08/24/2026 21:52:00,EMP117,PC-9910,https://stackoverflow.com/questions/debugging-async-io,Standard intranet/internet documentation query and task tracking.
H501407,08/24/2026 18:51:00,EMP117,PC-9910,http://jira.corp.internal/browse/TICKET-4921,Standard intranet/internet documentation query and task tracking.
H501408,08/24/2026 19:19:00,EMP117,PC-9910,http://jira.corp.internal/browse/TICKET-4921,Standard intranet/internet documentation query and task tracking.
H501409,08/24/2026 23:39:00,EMP118,PC-5022,http://jira.corp.internal/browse/TICKET-4921,Standard intranet/internet documentation query and task tracking.
H501410,08/25/2026 00:23:00,EMP118,PC-5022,http://jira.corp.internal/browse/TICKET-4921,Standard intranet/internet documentation query and task tracking.
H501411,08/24/2026 18:29:00,EMP118,PC-5022,http://jira.corp.internal/browse/TICKET-4921,Standard intranet/internet documentation query and task tracking.
H501412,08/24/2026 21:40:00,EMP118,PC-5022,https://news.ycombinator.com/,Standard intranet/internet documentation query and task tracking.
H501413,08/24/2026 22:08:00,EMP119,PC-3150,http://intranet.corp.internal/hr/benefits-2026,Standard intranet/internet documentation query and task tracking.
H501414,08/24/2026 20:11:00,EMP119,PC-3150,http://intranet.corp.internal/hr/benefits-2026,Standard intranet/internet documentation query and task tracking.
H501415,08/24/2026 20:56:00,EMP120,PC-4120,http://wiki.corp.internal/display/ENG/Architecture+Overview,Standard intranet/internet documentation query and task tracking.
H501416,08/24/2026 19:08:00,EMP120,PC-4120,https://news.ycombinator.com/,Standard intranet/internet documentation query and task tracking.
H501417,08/24/2026 21:38:00,EMP120,PC-4120,https://stackoverflow.com/questions/debugging-async-io,Standard intranet/internet documentation query and task tracking.
H501418,08/24/2026 20:05:00,EMP121,PC-8050,http://git.corp.internal/dta-core/microservices,Standard intranet/internet documentation query and task tracking.
H501419,08/24/2026 19:08:00,EMP121,PC-8050,https://stackoverflow.com/questions/debugging-async-io,Standard intranet/internet documentation query and task tracking.
H501420,08/24/2026 18:07:00,EMP121,PC-8050,https://stackoverflow.com/questions/debugging-async-io,Standard intranet/internet documentation query and task tracking.
H501421,08/24/2026 20:50:00,EMP122,PC-6150,http://wiki.corp.internal/display/ENG/Architecture+Overview,Standard intranet/internet documentation query and task tracking.
H501422,08/24/2026 23:08:00,EMP122,PC-6150,https://news.ycombinator.com/,Standard intranet/internet documentation query and task tracking.
H501423,08/24/2026 17:56:00,EMP122,PC-6150,http://jira.corp.internal/browse/TICKET-4921,Standard intranet/internet documentation query and task tracking.
H501424,08/24/2026 21:58:00,EMP122,PC-6150,http://intranet.corp.internal/hr/benefits-2026,Standard intranet/internet documentation query and task tracking.
H501425,08/24/2026 21:50:00,EMP123,PC-4190,https://news.ycombinator.com/,Standard intranet/internet documentation query and task tracking.
H501426,08/25/2026 00:02:00,EMP123,PC-4190,http://jira.corp.internal/browse/TICKET-4921,Standard intranet/internet documentation query and task tracking.
H501427,08/24/2026 18:01:00,EMP124,PC-9001,http://wiki.corp.internal/display/ENG/Architecture+Overview,Standard intranet/internet documentation query and task tracking.
H501428,08/24/2026 23:16:00,EMP124,PC-9001,https://stackoverflow.com/questions/debugging-async-io,Standard intranet/internet documentation query and task tracking.
H501429,08/24/2026 21:15:00,EMP125,PC-9402,https://news.ycombinator.com/,Standard intranet/internet documentation query and task tracking.
H501430,08/24/2026 21:16:00,EMP125,PC-9402,http://wiki.corp.internal/display/ENG/Architecture+Overview,Standard intranet/internet documentation query and task tracking.
H501431,08/24/2026 17:05:00,EMP126,PC-9945,https://stackoverflow.com/questions/debugging-async-io,Standard intranet/internet documentation query and task tracking.
H501432,08/24/2026 19:16:00,EMP126,PC-9945,http://git.corp.internal/dta-core/microservices,Standard intranet/internet documentation query and task tracking.
H501433,08/24/2026 22:52:00,EMP126,PC-9945,https://stackoverflow.com/questions/debugging-async-io,Standard intranet/internet documentation query and task tracking.
H501434,08/24/2026 19:06:00,EMP126,PC-9945,http://intranet.corp.internal/hr/benefits-2026,Standard intranet/internet documentation query and task tracking.
H501435,08/24/2026 16:36:00,EMP127,PC-1070,https://stackoverflow.com/questions/debugging-async-io,Standard intranet/internet documentation query and task tracking.
H501436,08/24/2026 20:44:00,EMP127,PC-1070,https://stackoverflow.com/questions/debugging-async-io,Standard intranet/internet documentation query and task tracking.
H501437,08/24/2026 21:08:00,EMP127,PC-1070,http://wiki.corp.internal/display/ENG/Architecture+Overview,Standard intranet/internet documentation query and task tracking.
H501438,08/25/2026 18:39:00,EMP101,PC-1001,https://news.ycombinator.com/,Standard intranet/internet documentation query and task tracking.
H501439,08/25/2026 23:06:00,EMP101,PC-1001,http://wiki.corp.internal/display/ENG/Architecture+Overview,Standard intranet/internet documentation query and task tracking.
H501440,08/25/2026 20:04:00,EMP101,PC-1001,https://news.ycombinator.com/,Standard intranet/internet documentation query and task tracking.
H501441,08/25/2026 22:15:00,AAF0535,PC-2408,http://git.corp.internal/dta-core/microservices,Standard intranet/internet documentation query and task tracking.
H501442,08/25/2026 16:59:00,AAF0535,PC-2408,http://jira.corp.internal/browse/TICKET-4921,Standard intranet/internet documentation query and task tracking.
H501443,08/25/2026 21:08:00,AAM0658,PC-9923,http://jira.corp.internal/browse/TICKET-4921,Standard intranet/internet documentation query and task tracking.
H501444,08/25/2026 18:57:00,AAM0658,PC-9923,http://intranet.corp.internal/hr/benefits-2026,Standard intranet/internet documentation query and task tracking.
H501445,08/25/2026 18:54:00,BBS0039,PC-9436,http://git.corp.internal/dta-core/microservices,Standard intranet/internet documentation query and task tracking.
H501446,08/25/2026 20:52:00,BBS0039,PC-9436,http://git.corp.internal/dta-core/microservices,Standard intranet/internet documentation query and task tracking.
H501447,08/25/2026 17:50:00,EMP102,PC-3012,http://intranet.corp.internal/hr/benefits-2026,Standard intranet/internet documentation query and task tracking.
H501448,08/25/2026 19:08:00,EMP102,PC-3012,http://git.corp.internal/dta-core/microservices,Standard intranet/internet documentation query and task tracking.
H501449,08/25/2026 22:01:00,EMP103,PC-4105,http://intranet.corp.internal/hr/benefits-2026,Standard intranet/internet documentation query and task tracking.
H501450,08/25/2026 22:31:00,EMP103,PC-4105,https://news.ycombinator.com/,Standard intranet/internet documentation query and task tracking.
H501451,08/25/2026 20:20:00,EMP104,PC-1102,https://news.ycombinator.com/,Standard intranet/internet documentation query and task tracking.
H501452,08/25/2026 23:02:00,EMP104,PC-1102,https://news.ycombinator.com/,Standard intranet/internet documentation query and task tracking.
H501453,08/25/2026 21:09:00,EMP104,PC-1102,http://jira.corp.internal/browse/TICKET-4921,Standard intranet/internet documentation query and task tracking.
H501454,08/25/2026 23:13:00,EMP105,PC-5001,http://jira.corp.internal/browse/TICKET-4921,Standard intranet/internet documentation query and task tracking.
H501455,08/26/2026 00:03:00,EMP105,PC-5001,http://git.corp.internal/dta-core/microservices,Standard intranet/internet documentation query and task tracking.
H501456,08/26/2026 00:27:00,EMP106,PC-1088,http://jira.corp.internal/browse/TICKET-4921,Standard intranet/internet documentation query and task tracking.
H501457,08/25/2026 23:25:00,EMP106,PC-1088,https://stackoverflow.com/questions/debugging-async-io,Standard intranet/internet documentation query and task tracking.
H501458,08/25/2026 22:23:00,EMP107,PC-6110,http://git.corp.internal/dta-core/microservices,Standard intranet/internet documentation query and task tracking.
H501459,08/25/2026 18:40:00,EMP107,PC-6110,http://wiki.corp.internal/display/ENG/Architecture+Overview,Standard intranet/internet documentation query and task tracking.
H501460,08/25/2026 20:20:00,EMP108,PC-1044,http://git.corp.internal/dta-core/microservices,Standard intranet/internet documentation query and task tracking.
H501461,08/25/2026 20:52:00,EMP108,PC-1044,http://intranet.corp.internal/hr/benefits-2026,Standard intranet/internet documentation query and task tracking.
H501462,08/25/2026 22:21:00,EMP108,PC-1044,https://news.ycombinator.com/,Standard intranet/internet documentation query and task tracking.
H501463,08/25/2026 17:44:00,EMP108,PC-1044,http://jira.corp.internal/browse/TICKET-4921,Standard intranet/internet documentation query and task tracking.
H501464,08/25/2026 23:30:00,EMP109,PC-7020,http://jira.corp.internal/browse/TICKET-4921,Standard intranet/internet documentation query and task tracking.
H501465,08/25/2026 22:06:00,EMP109,PC-7020,http://jira.corp.internal/browse/TICKET-4921,Standard intranet/internet documentation query and task tracking.
H501466,08/26/2026 00:19:00,EMP110,PC-8005,http://wiki.corp.internal/display/ENG/Architecture+Overview,Standard intranet/internet documentation query and task tracking.
H501467,08/25/2026 22:25:00,EMP110,PC-8005,http://git.corp.internal/dta-core/microservices,Standard intranet/internet documentation query and task tracking.
H501468,08/25/2026 22:48:00,EMP110,PC-8005,http://intranet.corp.internal/hr/benefits-2026,Standard intranet/internet documentation query and task tracking.
H501469,08/25/2026 20:07:00,EMP111,PC-3099,http://wiki.corp.internal/display/ENG/Architecture+Overview,Standard intranet/internet documentation query and task tracking.
H501470,08/25/2026 18:22:00,EMP111,PC-3099,http://git.corp.internal/dta-core/microservices,Standard intranet/internet documentation query and task tracking.
H501471,08/25/2026 17:21:00,EMP111,PC-3099,http://git.corp.internal/dta-core/microservices,Standard intranet/internet documentation query and task tracking.
H501472,08/26/2026 00:05:00,EMP112,PC-2490,http://git.corp.internal/dta-core/microservices,Standard intranet/internet documentation query and task tracking.
H501473,08/25/2026 23:42:00,EMP112,PC-2490,http://git.corp.internal/dta-core/microservices,Standard intranet/internet documentation query and task tracking.
H501474,08/25/2026 20:19:00,EMP113,PC-7045,http://jira.corp.internal/browse/TICKET-4921,Standard intranet/internet documentation query and task tracking.
H501475,08/25/2026 22:13:00,EMP113,PC-7045,http://git.corp.internal/dta-core/microservices,Standard intranet/internet documentation query and task tracking.
H501476,08/25/2026 19:14:00,EMP113,PC-7045,http://wiki.corp.internal/display/ENG/Architecture+Overview,Standard intranet/internet documentation query and task tracking.
H501477,08/25/2026 21:05:00,EMP114,PC-1250,https://news.ycombinator.com/,Standard intranet/internet documentation query and task tracking.
H501478,08/25/2026 18:16:00,EMP114,PC-1250,http://jira.corp.internal/browse/TICKET-4921,Standard intranet/internet documentation query and task tracking.
H501479,08/25/2026 22:14:00,EMP115,PC-6125,http://intranet.corp.internal/hr/benefits-2026,Standard intranet/internet documentation query and task tracking.
H501480,08/25/2026 18:57:00,EMP115,PC-6125,http://jira.corp.internal/browse/TICKET-4921,Standard intranet/internet documentation query and task tracking.
H501481,08/25/2026 22:21:00,EMP116,PC-1300,https://news.ycombinator.com/,Standard intranet/internet documentation query and task tracking.
H501482,08/25/2026 17:14:00,EMP116,PC-1300,http://git.corp.internal/dta-core/microservices,Standard intranet/internet documentation query and task tracking.
H501483,08/25/2026 22:58:00,EMP117,PC-9910,http://jira.corp.internal/browse/TICKET-4921,Standard intranet/internet documentation query and task tracking.
H501484,08/25/2026 20:15:00,EMP117,PC-9910,http://jira.corp.internal/browse/TICKET-4921,Standard intranet/internet documentation query and task tracking.
H501485,08/25/2026 19:09:00,EMP117,PC-9910,http://git.corp.internal/dta-core/microservices,Standard intranet/internet documentation query and task tracking.
H501486,08/25/2026 19:07:00,EMP118,PC-5022,http://wiki.corp.internal/display/ENG/Architecture+Overview,Standard intranet/internet documentation query and task tracking.
H501487,08/25/2026 16:54:00,EMP118,PC-5022,https://news.ycombinator.com/,Standard intranet/internet documentation query and task tracking.
H501488,08/25/2026 19:17:00,EMP119,PC-3150,http://intranet.corp.internal/hr/benefits-2026,Standard intranet/internet documentation query and task tracking.
H501489,08/25/2026 20:30:00,EMP119,PC-3150,https://news.ycombinator.com/,Standard intranet/internet documentation query and task tracking.
H501490,08/25/2026 20:10:00,EMP119,PC-3150,http://jira.corp.internal/browse/TICKET-4921,Standard intranet/internet documentation query and task tracking.
H501491,08/25/2026 21:34:00,EMP120,PC-4120,http://intranet.corp.internal/hr/benefits-2026,Standard intranet/internet documentation query and task tracking.
H501492,08/25/2026 17:58:00,EMP120,PC-4120,http://wiki.corp.internal/display/ENG/Architecture+Overview,Standard intranet/internet documentation query and task tracking.
H501493,08/25/2026 22:44:00,EMP121,PC-8050,http://intranet.corp.internal/hr/benefits-2026,Standard intranet/internet documentation query and task tracking.
H501494,08/25/2026 23:34:00,EMP121,PC-8050,http://intranet.corp.internal/hr/benefits-2026,Standard intranet/internet documentation query and task tracking.
H501495,08/25/2026 21:29:00,EMP121,PC-8050,https://news.ycombinator.com/,Standard intranet/internet documentation query and task tracking.
H501496,08/25/2026 20:43:00,EMP121,PC-8050,http://git.corp.internal/dta-core/microservices,Standard intranet/internet documentation query and task tracking.
H501497,08/25/2026 17:46:00,EMP122,PC-6150,http://intranet.corp.internal/hr/benefits-2026,Standard intranet/internet documentation query and task tracking.
H501498,08/25/2026 20:58:00,EMP122,PC-6150,http://wiki.corp.internal/display/ENG/Architecture+Overview,Standard intranet/internet documentation query and task tracking.
H501499,08/25/2026 18:57:00,EMP123,PC-4190,https://news.ycombinator.com/,Standard intranet/internet documentation query and task tracking.
H501500,08/25/2026 19:56:00,EMP123,PC-4190,http://git.corp.internal/dta-core/microservices,Standard intranet/internet documentation query and task tracking.
H501501,08/25/2026 18:32:00,EMP124,PC-9001,https://stackoverflow.com/questions/debugging-async-io,Standard intranet/internet documentation query and task tracking.
H501502,08/25/2026 18:56:00,EMP124,PC-9001,http://git.corp.internal/dta-core/microservices,Standard intranet/internet documentation query and task tracking.
H501503,08/25/2026 18:57:00,EMP125,PC-9402,https://news.ycombinator.com/,Standard intranet/internet documentation query and task tracking.
H501504,08/25/2026 18:44:00,EMP125,PC-9402,https://stackoverflow.com/questions/debugging-async-io,Standard intranet/internet documentation query and task tracking.
H501505,08/25/2026 23:57:00,EMP125,PC-9402,http://wiki.corp.internal/display/ENG/Architecture+Overview,Standard intranet/internet documentation query and task tracking.
H501506,08/25/2026 20:38:00,EMP125,PC-9402,https://news.ycombinator.com/,Standard intranet/internet documentation query and task tracking.
H501507,08/25/2026 19:57:00,EMP126,PC-9945,https://news.ycombinator.com/,Standard intranet/internet documentation query and task tracking.
H501508,08/25/2026 19:59:00,EMP126,PC-9945,https://news.ycombinator.com/,Standard intranet/internet documentation query and task tracking.
H501509,08/25/2026 19:16:00,EMP126,PC-9945,https://stackoverflow.com/questions/debugging-async-io,Standard intranet/internet documentation query and task tracking.
H501510,08/25/2026 22:35:00,EMP127,PC-1070,http://intranet.corp.internal/hr/benefits-2026,Standard intranet/internet documentation query and task tracking.
H501511,08/25/2026 19:57:00,EMP127,PC-1070,http://jira.corp.internal/browse/TICKET-4921,Standard intranet/internet documentation query and task tracking.
H501512,08/25/2026 23:36:00,EMP127,PC-1070,http://intranet.corp.internal/hr/benefits-2026,Standard intranet/internet documentation query and task tracking.
H501513,08/26/2026 19:53:00,EMP101,PC-1001,https://news.ycombinator.com/,Standard intranet/internet documentation query and task tracking.
H501514,08/26/2026 17:56:00,EMP101,PC-1001,https://stackoverflow.com/questions/debugging-async-io,Standard intranet/internet documentation query and task tracking.
H501515,08/26/2026 18:37:00,EMP101,PC-1001,http://git.corp.internal/dta-core/microservices,Standard intranet/internet documentation query and task tracking.
H501516,08/26/2026 23:28:00,AAF0535,PC-2408,http://wiki.corp.internal/display/ENG/Architecture+Overview,Standard intranet/internet documentation query and task tracking.
H501517,08/26/2026 18:36:00,AAF0535,PC-2408,http://jira.corp.internal/browse/TICKET-4921,Standard intranet/internet documentation query and task tracking.
H501518,08/26/2026 19:01:00,AAF0535,PC-2408,https://news.ycombinator.com/,Standard intranet/internet documentation query and task tracking.
H501519,08/27/2026 00:16:00,AAF0535,PC-2408,http://intranet.corp.internal/hr/benefits-2026,Standard intranet/internet documentation query and task tracking.
H501520,08/26/2026 23:19:00,AAM0658,PC-9923,https://news.ycombinator.com/,Standard intranet/internet documentation query and task tracking.
H501521,08/26/2026 21:52:00,AAM0658,PC-9923,http://jira.corp.internal/browse/TICKET-4921,Standard intranet/internet documentation query and task tracking.
H501522,08/26/2026 19:49:00,AAM0658,PC-9923,http://intranet.corp.internal/hr/benefits-2026,Standard intranet/internet documentation query and task tracking.
H501523,08/26/2026 19:00:00,BBS0039,PC-9436,https://news.ycombinator.com/,Standard intranet/internet documentation query and task tracking.
H501524,08/26/2026 18:19:00,BBS0039,PC-9436,https://news.ycombinator.com/,Standard intranet/internet documentation query and task tracking.
H501525,08/26/2026 22:36:00,BBS0039,PC-9436,https://stackoverflow.com/questions/debugging-async-io,Standard intranet/internet documentation query and task tracking.
H501526,08/26/2026 19:33:00,EMP102,PC-3012,http://wiki.corp.internal/display/ENG/Architecture+Overview,Standard intranet/internet documentation query and task tracking.
H501527,08/26/2026 18:54:00,EMP102,PC-3012,http://wiki.corp.internal/display/ENG/Architecture+Overview,Standard intranet/internet documentation query and task tracking.
H501528,08/26/2026 18:30:00,EMP102,PC-3012,https://stackoverflow.com/questions/debugging-async-io,Standard intranet/internet documentation query and task tracking.
H501529,08/26/2026 22:29:00,EMP102,PC-3012,https://news.ycombinator.com/,Standard intranet/internet documentation query and task tracking.
H501530,08/26/2026 19:42:00,EMP103,PC-4105,http://intranet.corp.internal/hr/benefits-2026,Standard intranet/internet documentation query and task tracking.
H501531,08/26/2026 19:22:00,EMP103,PC-4105,https://stackoverflow.com/questions/debugging-async-io,Standard intranet/internet documentation query and task tracking.
H501532,08/26/2026 19:05:00,EMP103,PC-4105,http://jira.corp.internal/browse/TICKET-4921,Standard intranet/internet documentation query and task tracking.
H501533,08/26/2026 22:38:00,EMP103,PC-4105,https://stackoverflow.com/questions/debugging-async-io,Standard intranet/internet documentation query and task tracking.
H501534,08/26/2026 22:09:00,EMP104,PC-1102,http://wiki.corp.internal/display/ENG/Architecture+Overview,Standard intranet/internet documentation query and task tracking.
H501535,08/26/2026 17:51:00,EMP104,PC-1102,http://intranet.corp.internal/hr/benefits-2026,Standard intranet/internet documentation query and task tracking.
H501536,08/26/2026 21:04:00,EMP105,PC-5001,http://intranet.corp.internal/hr/benefits-2026,Standard intranet/internet documentation query and task tracking.
H501537,08/26/2026 22:20:00,EMP105,PC-5001,https://stackoverflow.com/questions/debugging-async-io,Standard intranet/internet documentation query and task tracking.
H501538,08/26/2026 22:30:00,EMP105,PC-5001,http://jira.corp.internal/browse/TICKET-4921,Standard intranet/internet documentation query and task tracking.
H501539,08/26/2026 19:29:00,EMP106,PC-1088,https://stackoverflow.com/questions/debugging-async-io,Standard intranet/internet documentation query and task tracking.
H501540,08/26/2026 23:03:00,EMP106,PC-1088,http://wiki.corp.internal/display/ENG/Architecture+Overview,Standard intranet/internet documentation query and task tracking.
H501541,08/26/2026 22:51:00,EMP107,PC-6110,http://git.corp.internal/dta-core/microservices,Standard intranet/internet documentation query and task tracking.
H501542,08/26/2026 18:13:00,EMP107,PC-6110,http://wiki.corp.internal/display/ENG/Architecture+Overview,Standard intranet/internet documentation query and task tracking.
H501543,08/26/2026 22:46:00,EMP107,PC-6110,https://stackoverflow.com/questions/debugging-async-io,Standard intranet/internet documentation query and task tracking.
H501544,08/26/2026 23:56:00,EMP107,PC-6110,http://git.corp.internal/dta-core/microservices,Standard intranet/internet documentation query and task tracking.
H501545,08/26/2026 21:01:00,EMP108,PC-1044,https://news.ycombinator.com/,Standard intranet/internet documentation query and task tracking.
H501546,08/26/2026 17:43:00,EMP108,PC-1044,https://news.ycombinator.com/,Standard intranet/internet documentation query and task tracking.
H501547,08/26/2026 22:15:00,EMP108,PC-1044,http://wiki.corp.internal/display/ENG/Architecture+Overview,Standard intranet/internet documentation query and task tracking.
H501548,08/26/2026 22:42:00,EMP109,PC-7020,http://wiki.corp.internal/display/ENG/Architecture+Overview,Standard intranet/internet documentation query and task tracking.
H501549,08/26/2026 22:09:00,EMP109,PC-7020,https://stackoverflow.com/questions/debugging-async-io,Standard intranet/internet documentation query and task tracking.
H501550,08/26/2026 22:31:00,EMP109,PC-7020,https://stackoverflow.com/questions/debugging-async-io,Standard intranet/internet documentation query and task tracking.
H501551,08/26/2026 23:43:00,EMP110,PC-8005,https://news.ycombinator.com/,Standard intranet/internet documentation query and task tracking.
H501552,08/27/2026 00:11:00,EMP110,PC-8005,http://git.corp.internal/dta-core/microservices,Standard intranet/internet documentation query and task tracking.
H501553,08/26/2026 19:35:00,EMP111,PC-3099,http://intranet.corp.internal/hr/benefits-2026,Standard intranet/internet documentation query and task tracking.
H501554,08/26/2026 22:25:00,EMP111,PC-3099,http://wiki.corp.internal/display/ENG/Architecture+Overview,Standard intranet/internet documentation query and task tracking.
H501555,08/26/2026 19:32:00,EMP111,PC-3099,https://stackoverflow.com/questions/debugging-async-io,Standard intranet/internet documentation query and task tracking.
H501556,08/26/2026 17:48:00,EMP111,PC-3099,http://jira.corp.internal/browse/TICKET-4921,Standard intranet/internet documentation query and task tracking.
H501557,08/26/2026 19:58:00,EMP112,PC-2490,http://git.corp.internal/dta-core/microservices,Standard intranet/internet documentation query and task tracking.
H501558,08/26/2026 17:45:00,EMP112,PC-2490,http://intranet.corp.internal/hr/benefits-2026,Standard intranet/internet documentation query and task tracking.
H501559,08/26/2026 18:35:00,EMP112,PC-2490,https://news.ycombinator.com/,Standard intranet/internet documentation query and task tracking.
H501560,08/26/2026 20:06:00,EMP113,PC-7045,http://intranet.corp.internal/hr/benefits-2026,Standard intranet/internet documentation query and task tracking.
H501561,08/26/2026 19:53:00,EMP113,PC-7045,https://stackoverflow.com/questions/debugging-async-io,Standard intranet/internet documentation query and task tracking.
H501562,08/26/2026 18:53:00,EMP114,PC-1250,https://stackoverflow.com/questions/debugging-async-io,Standard intranet/internet documentation query and task tracking.
H501563,08/27/2026 00:00:00,EMP114,PC-1250,https://stackoverflow.com/questions/debugging-async-io,Standard intranet/internet documentation query and task tracking.
H501564,08/26/2026 20:51:00,EMP114,PC-1250,http://jira.corp.internal/browse/TICKET-4921,Standard intranet/internet documentation query and task tracking.
H501565,08/26/2026 23:13:00,EMP114,PC-1250,https://stackoverflow.com/questions/debugging-async-io,Standard intranet/internet documentation query and task tracking.
H501566,08/26/2026 17:37:00,EMP115,PC-6125,http://jira.corp.internal/browse/TICKET-4921,Standard intranet/internet documentation query and task tracking.
H501567,08/26/2026 21:08:00,EMP115,PC-6125,https://stackoverflow.com/questions/debugging-async-io,Standard intranet/internet documentation query and task tracking.
H501568,08/26/2026 20:13:00,EMP116,PC-1300,https://stackoverflow.com/questions/debugging-async-io,Standard intranet/internet documentation query and task tracking.
H501569,08/26/2026 19:08:00,EMP116,PC-1300,http://jira.corp.internal/browse/TICKET-4921,Standard intranet/internet documentation query and task tracking.
H501570,08/26/2026 21:25:00,EMP116,PC-1300,https://stackoverflow.com/questions/debugging-async-io,Standard intranet/internet documentation query and task tracking.
H501571,08/26/2026 17:00:00,EMP116,PC-1300,http://git.corp.internal/dta-core/microservices,Standard intranet/internet documentation query and task tracking.
H501572,08/26/2026 22:02:00,EMP117,PC-9910,http://git.corp.internal/dta-core/microservices,Standard intranet/internet documentation query and task tracking.
H501573,08/26/2026 20:17:00,EMP117,PC-9910,https://news.ycombinator.com/,Standard intranet/internet documentation query and task tracking.
H501574,08/26/2026 22:09:00,EMP117,PC-9910,http://git.corp.internal/dta-core/microservices,Standard intranet/internet documentation query and task tracking.
H501575,08/26/2026 19:27:00,EMP117,PC-9910,http://git.corp.internal/dta-core/microservices,Standard intranet/internet documentation query and task tracking.
H501576,08/27/2026 00:28:00,EMP118,PC-5022,http://intranet.corp.internal/hr/benefits-2026,Standard intranet/internet documentation query and task tracking.
H501577,08/26/2026 23:14:00,EMP118,PC-5022,http://jira.corp.internal/browse/TICKET-4921,Standard intranet/internet documentation query and task tracking.
H501578,08/26/2026 18:09:00,EMP119,PC-3150,http://wiki.corp.internal/display/ENG/Architecture+Overview,Standard intranet/internet documentation query and task tracking.
H501579,08/26/2026 18:11:00,EMP119,PC-3150,https://stackoverflow.com/questions/debugging-async-io,Standard intranet/internet documentation query and task tracking.
H501580,08/26/2026 18:55:00,EMP119,PC-3150,https://news.ycombinator.com/,Standard intranet/internet documentation query and task tracking.
H501581,08/26/2026 18:58:00,EMP119,PC-3150,http://intranet.corp.internal/hr/benefits-2026,Standard intranet/internet documentation query and task tracking.
H501582,08/26/2026 22:59:00,EMP120,PC-4120,http://wiki.corp.internal/display/ENG/Architecture+Overview,Standard intranet/internet documentation query and task tracking.
H501583,08/26/2026 18:11:00,EMP120,PC-4120,https://news.ycombinator.com/,Standard intranet/internet documentation query and task tracking.
H501584,08/26/2026 17:41:00,EMP121,PC-8050,https://stackoverflow.com/questions/debugging-async-io,Standard intranet/internet documentation query and task tracking.
H501585,08/26/2026 22:11:00,EMP121,PC-8050,http://intranet.corp.internal/hr/benefits-2026,Standard intranet/internet documentation query and task tracking.
H501586,08/26/2026 21:24:00,EMP121,PC-8050,http://jira.corp.internal/browse/TICKET-4921,Standard intranet/internet documentation query and task tracking.
H501587,08/26/2026 17:31:00,EMP121,PC-8050,http://intranet.corp.internal/hr/benefits-2026,Standard intranet/internet documentation query and task tracking.
H501588,08/26/2026 20:48:00,EMP122,PC-6150,http://intranet.corp.internal/hr/benefits-2026,Standard intranet/internet documentation query and task tracking.
H501589,08/26/2026 22:51:00,EMP122,PC-6150,http://git.corp.internal/dta-core/microservices,Standard intranet/internet documentation query and task tracking.
H501590,08/26/2026 19:21:00,EMP122,PC-6150,http://jira.corp.internal/browse/TICKET-4921,Standard intranet/internet documentation query and task tracking.
H501591,08/26/2026 20:06:00,EMP123,PC-4190,http://git.corp.internal/dta-core/microservices,Standard intranet/internet documentation query and task tracking.
H501592,08/26/2026 19:25:00,EMP123,PC-4190,https://stackoverflow.com/questions/debugging-async-io,Standard intranet/internet documentation query and task tracking.
H501593,08/26/2026 18:36:00,EMP124,PC-9001,http://jira.corp.internal/browse/TICKET-4921,Standard intranet/internet documentation query and task tracking.
H501594,08/26/2026 22:17:00,EMP124,PC-9001,https://stackoverflow.com/questions/debugging-async-io,Standard intranet/internet documentation query and task tracking.
H501595,08/26/2026 19:32:00,EMP124,PC-9001,https://news.ycombinator.com/,Standard intranet/internet documentation query and task tracking.
H501596,08/26/2026 18:12:00,EMP125,PC-9402,https://news.ycombinator.com/,Standard intranet/internet documentation query and task tracking.
H501597,08/26/2026 23:48:00,EMP125,PC-9402,http://git.corp.internal/dta-core/microservices,Standard intranet/internet documentation query and task tracking.
H501598,08/26/2026 17:30:00,EMP126,PC-9945,http://intranet.corp.internal/hr/benefits-2026,Standard intranet/internet documentation query and task tracking.
H501599,08/26/2026 20:30:00,EMP126,PC-9945,http://git.corp.internal/dta-core/microservices,Standard intranet/internet documentation query and task tracking.
H501600,08/26/2026 21:06:00,EMP127,PC-1070,https://stackoverflow.com/questions/debugging-async-io,Standard intranet/internet documentation query and task tracking.
H501601,08/26/2026 20:28:00,EMP127,PC-1070,http://intranet.corp.internal/hr/benefits-2026,Standard intranet/internet documentation query and task tracking.
H501602,08/26/2026 17:37:00,EMP127,PC-1070,https://news.ycombinator.com/,Standard intranet/internet documentation query and task tracking.
H501603,08/27/2026 19:56:00,EMP101,PC-1001,http://intranet.corp.internal/hr/benefits-2026,Standard intranet/internet documentation query and task tracking.
H501604,08/27/2026 19:41:00,EMP101,PC-1001,https://stackoverflow.com/questions/debugging-async-io,Standard intranet/internet documentation query and task tracking.
H501605,08/27/2026 17:34:00,EMP101,PC-1001,http://intranet.corp.internal/hr/benefits-2026,Standard intranet/internet documentation query and task tracking.
H501606,08/28/2026 00:04:00,AAF0535,PC-2408,http://git.corp.internal/dta-core/microservices,Standard intranet/internet documentation query and task tracking.
H501607,08/27/2026 23:06:00,AAF0535,PC-2408,http://jira.corp.internal/browse/TICKET-4921,Standard intranet/internet documentation query and task tracking.
H501608,08/27/2026 19:05:00,AAF0535,PC-2408,https://news.ycombinator.com/,Standard intranet/internet documentation query and task tracking.
H501609,08/27/2026 23:36:00,AAM0658,PC-9923,http://intranet.corp.internal/hr/benefits-2026,Standard intranet/internet documentation query and task tracking.
H501610,08/27/2026 21:17:00,AAM0658,PC-9923,https://stackoverflow.com/questions/debugging-async-io,Standard intranet/internet documentation query and task tracking.
H501611,08/27/2026 22:40:00,BBS0039,PC-9436,https://news.ycombinator.com/,Standard intranet/internet documentation query and task tracking.
H501612,08/27/2026 18:34:00,BBS0039,PC-9436,https://stackoverflow.com/questions/debugging-async-io,Standard intranet/internet documentation query and task tracking.
H501613,08/27/2026 18:09:00,EMP102,PC-3012,http://wiki.corp.internal/display/ENG/Architecture+Overview,Standard intranet/internet documentation query and task tracking.
H501614,08/27/2026 20:54:00,EMP102,PC-3012,http://wiki.corp.internal/display/ENG/Architecture+Overview,Standard intranet/internet documentation query and task tracking.
H501615,08/27/2026 20:53:00,EMP102,PC-3012,http://intranet.corp.internal/hr/benefits-2026,Standard intranet/internet documentation query and task tracking.
H501616,08/27/2026 19:29:00,EMP103,PC-4105,http://intranet.corp.internal/hr/benefits-2026,Standard intranet/internet documentation query and task tracking.
H501617,08/27/2026 23:09:00,EMP103,PC-4105,http://jira.corp.internal/browse/TICKET-4921,Standard intranet/internet documentation query and task tracking.
H501618,08/27/2026 18:49:00,EMP103,PC-4105,http://wiki.corp.internal/display/ENG/Architecture+Overview,Standard intranet/internet documentation query and task tracking.
H501619,08/28/2026 00:29:00,EMP103,PC-4105,http://jira.corp.internal/browse/TICKET-4921,Standard intranet/internet documentation query and task tracking.
H501620,08/27/2026 17:21:00,EMP104,PC-1102,http://jira.corp.internal/browse/TICKET-4921,Standard intranet/internet documentation query and task tracking.
H501621,08/27/2026 22:37:00,EMP104,PC-1102,http://wiki.corp.internal/display/ENG/Architecture+Overview,Standard intranet/internet documentation query and task tracking.
H501622,08/27/2026 21:40:00,EMP105,PC-5001,https://news.ycombinator.com/,Standard intranet/internet documentation query and task tracking.
H501623,08/27/2026 18:28:00,EMP105,PC-5001,http://wiki.corp.internal/display/ENG/Architecture+Overview,Standard intranet/internet documentation query and task tracking.
H501624,08/27/2026 18:19:00,EMP105,PC-5001,https://stackoverflow.com/questions/debugging-async-io,Standard intranet/internet documentation query and task tracking.
H501625,08/27/2026 17:13:00,EMP106,PC-1088,https://news.ycombinator.com/,Standard intranet/internet documentation query and task tracking.
H501626,08/27/2026 18:18:00,EMP106,PC-1088,http://git.corp.internal/dta-core/microservices,Standard intranet/internet documentation query and task tracking.
H501627,08/27/2026 22:23:00,EMP107,PC-6110,http://jira.corp.internal/browse/TICKET-4921,Standard intranet/internet documentation query and task tracking.
H501628,08/27/2026 21:24:00,EMP107,PC-6110,http://jira.corp.internal/browse/TICKET-4921,Standard intranet/internet documentation query and task tracking.
H501629,08/27/2026 22:37:00,EMP107,PC-6110,http://wiki.corp.internal/display/ENG/Architecture+Overview,Standard intranet/internet documentation query and task tracking.
H501630,08/27/2026 17:12:00,EMP108,PC-1044,http://wiki.corp.internal/display/ENG/Architecture+Overview,Standard intranet/internet documentation query and task tracking.
H501631,08/27/2026 16:34:00,EMP108,PC-1044,http://jira.corp.internal/browse/TICKET-4921,Standard intranet/internet documentation query and task tracking.
H501632,08/27/2026 17:16:00,EMP108,PC-1044,http://intranet.corp.internal/hr/benefits-2026,Standard intranet/internet documentation query and task tracking.
H501633,08/28/2026 00:08:00,EMP109,PC-7020,http://jira.corp.internal/browse/TICKET-4921,Standard intranet/internet documentation query and task tracking.
H501634,08/27/2026 19:59:00,EMP109,PC-7020,http://jira.corp.internal/browse/TICKET-4921,Standard intranet/internet documentation query and task tracking.
H501635,08/27/2026 23:41:00,EMP109,PC-7020,http://git.corp.internal/dta-core/microservices,Standard intranet/internet documentation query and task tracking.
H501636,08/27/2026 22:14:00,EMP110,PC-8005,http://jira.corp.internal/browse/TICKET-4921,Standard intranet/internet documentation query and task tracking.
H501637,08/27/2026 23:16:00,EMP110,PC-8005,https://stackoverflow.com/questions/debugging-async-io,Standard intranet/internet documentation query and task tracking.
H501638,08/27/2026 19:56:00,EMP111,PC-3099,http://jira.corp.internal/browse/TICKET-4921,Standard intranet/internet documentation query and task tracking.
H501639,08/27/2026 18:56:00,EMP111,PC-3099,https://news.ycombinator.com/,Standard intranet/internet documentation query and task tracking.
H501640,08/27/2026 18:44:00,EMP111,PC-3099,https://news.ycombinator.com/,Standard intranet/internet documentation query and task tracking.
H501641,08/27/2026 21:01:00,EMP111,PC-3099,https://news.ycombinator.com/,Standard intranet/internet documentation query and task tracking.
H501642,08/27/2026 18:49:00,EMP112,PC-2490,http://intranet.corp.internal/hr/benefits-2026,Standard intranet/internet documentation query and task tracking.
H501643,08/27/2026 21:35:00,EMP112,PC-2490,https://stackoverflow.com/questions/debugging-async-io,Standard intranet/internet documentation query and task tracking.
H501644,08/27/2026 18:58:00,EMP113,PC-7045,https://stackoverflow.com/questions/debugging-async-io,Standard intranet/internet documentation query and task tracking.
H501645,08/27/2026 19:19:00,EMP113,PC-7045,http://git.corp.internal/dta-core/microservices,Standard intranet/internet documentation query and task tracking.
H501646,08/27/2026 22:26:00,EMP113,PC-7045,https://stackoverflow.com/questions/debugging-async-io,Standard intranet/internet documentation query and task tracking.
H501647,08/27/2026 20:48:00,EMP114,PC-1250,https://news.ycombinator.com/,Standard intranet/internet documentation query and task tracking.
H501648,08/27/2026 17:39:00,EMP114,PC-1250,http://wiki.corp.internal/display/ENG/Architecture+Overview,Standard intranet/internet documentation query and task tracking.
H501649,08/27/2026 20:28:00,EMP115,PC-6125,http://jira.corp.internal/browse/TICKET-4921,Standard intranet/internet documentation query and task tracking.
H501650,08/27/2026 18:38:00,EMP115,PC-6125,http://git.corp.internal/dta-core/microservices,Standard intranet/internet documentation query and task tracking.
H501651,08/27/2026 19:38:00,EMP115,PC-6125,http://wiki.corp.internal/display/ENG/Architecture+Overview,Standard intranet/internet documentation query and task tracking.
H501652,08/27/2026 19:43:00,EMP115,PC-6125,http://intranet.corp.internal/hr/benefits-2026,Standard intranet/internet documentation query and task tracking.
H501653,08/27/2026 17:27:00,EMP116,PC-1300,https://stackoverflow.com/questions/debugging-async-io,Standard intranet/internet documentation query and task tracking.
H501654,08/27/2026 18:14:00,EMP116,PC-1300,http://jira.corp.internal/browse/TICKET-4921,Standard intranet/internet documentation query and task tracking.
H501655,08/27/2026 22:12:00,EMP116,PC-1300,https://stackoverflow.com/questions/debugging-async-io,Standard intranet/internet documentation query and task tracking.
H501656,08/27/2026 20:00:00,EMP117,PC-9910,http://jira.corp.internal/browse/TICKET-4921,Standard intranet/internet documentation query and task tracking.
H501657,08/27/2026 20:33:00,EMP117,PC-9910,http://jira.corp.internal/browse/TICKET-4921,Standard intranet/internet documentation query and task tracking.
H501658,08/27/2026 17:58:00,EMP117,PC-9910,http://intranet.corp.internal/hr/benefits-2026,Standard intranet/internet documentation query and task tracking.
H501659,08/27/2026 18:26:00,EMP118,PC-5022,http://git.corp.internal/dta-core/microservices,Standard intranet/internet documentation query and task tracking.
H501660,08/27/2026 18:51:00,EMP118,PC-5022,http://git.corp.internal/dta-core/microservices,Standard intranet/internet documentation query and task tracking.
H501661,08/27/2026 22:08:00,EMP118,PC-5022,http://jira.corp.internal/browse/TICKET-4921,Standard intranet/internet documentation query and task tracking.
H501662,08/27/2026 20:45:00,EMP119,PC-3150,http://jira.corp.internal/browse/TICKET-4921,Standard intranet/internet documentation query and task tracking.
H501663,08/27/2026 21:37:00,EMP119,PC-3150,https://stackoverflow.com/questions/debugging-async-io,Standard intranet/internet documentation query and task tracking.
H501664,08/27/2026 20:31:00,EMP119,PC-3150,http://git.corp.internal/dta-core/microservices,Standard intranet/internet documentation query and task tracking.
H501665,08/27/2026 16:42:00,EMP119,PC-3150,http://intranet.corp.internal/hr/benefits-2026,Standard intranet/internet documentation query and task tracking.
H501666,08/27/2026 19:23:00,EMP120,PC-4120,https://news.ycombinator.com/,Standard intranet/internet documentation query and task tracking.
H501667,08/27/2026 18:09:00,EMP120,PC-4120,https://stackoverflow.com/questions/debugging-async-io,Standard intranet/internet documentation query and task tracking.
H501668,08/27/2026 18:29:00,EMP120,PC-4120,http://wiki.corp.internal/display/ENG/Architecture+Overview,Standard intranet/internet documentation query and task tracking.
H501669,08/27/2026 22:07:00,EMP120,PC-4120,http://intranet.corp.internal/hr/benefits-2026,Standard intranet/internet documentation query and task tracking.
H501670,08/27/2026 18:50:00,EMP121,PC-8050,https://stackoverflow.com/questions/debugging-async-io,Standard intranet/internet documentation query and task tracking.
H501671,08/27/2026 22:13:00,EMP121,PC-8050,http://jira.corp.internal/browse/TICKET-4921,Standard intranet/internet documentation query and task tracking.
H501672,08/27/2026 18:42:00,EMP121,PC-8050,https://news.ycombinator.com/,Standard intranet/internet documentation query and task tracking.
H501673,08/28/2026 00:25:00,EMP121,PC-8050,http://wiki.corp.internal/display/ENG/Architecture+Overview,Standard intranet/internet documentation query and task tracking.
H501674,08/27/2026 17:53:00,EMP122,PC-6150,https://stackoverflow.com/questions/debugging-async-io,Standard intranet/internet documentation query and task tracking.
H501675,08/27/2026 23:27:00,EMP122,PC-6150,http://git.corp.internal/dta-core/microservices,Standard intranet/internet documentation query and task tracking.
H501676,08/27/2026 23:59:00,EMP123,PC-4190,https://stackoverflow.com/questions/debugging-async-io,Standard intranet/internet documentation query and task tracking.
H501677,08/27/2026 19:33:00,EMP123,PC-4190,http://git.corp.internal/dta-core/microservices,Standard intranet/internet documentation query and task tracking.
H501678,08/27/2026 19:44:00,EMP124,PC-9001,https://news.ycombinator.com/,Standard intranet/internet documentation query and task tracking.
H501679,08/27/2026 17:10:00,EMP124,PC-9001,http://git.corp.internal/dta-core/microservices,Standard intranet/internet documentation query and task tracking.
H501680,08/27/2026 20:32:00,EMP124,PC-9001,http://git.corp.internal/dta-core/microservices,Standard intranet/internet documentation query and task tracking.
H501681,08/27/2026 22:51:00,EMP124,PC-9001,https://news.ycombinator.com/,Standard intranet/internet documentation query and task tracking.
H501682,08/27/2026 23:25:00,EMP125,PC-9402,http://wiki.corp.internal/display/ENG/Architecture+Overview,Standard intranet/internet documentation query and task tracking.
H501683,08/27/2026 21:32:00,EMP125,PC-9402,http://intranet.corp.internal/hr/benefits-2026,Standard intranet/internet documentation query and task tracking.
H501684,08/27/2026 20:15:00,EMP125,PC-9402,http://wiki.corp.internal/display/ENG/Architecture+Overview,Standard intranet/internet documentation query and task tracking.
H501685,08/27/2026 22:24:00,EMP126,PC-9945,https://news.ycombinator.com/,Standard intranet/internet documentation query and task tracking.
H501686,08/27/2026 22:53:00,EMP126,PC-9945,http://wiki.corp.internal/display/ENG/Architecture+Overview,Standard intranet/internet documentation query and task tracking.
H501687,08/27/2026 21:08:00,EMP127,PC-1070,http://intranet.corp.internal/hr/benefits-2026,Standard intranet/internet documentation query and task tracking.
H501688,08/27/2026 23:29:00,EMP127,PC-1070,https://news.ycombinator.com/,Standard intranet/internet documentation query and task tracking.
H501689,08/27/2026 23:03:00,EMP127,PC-1070,http://jira.corp.internal/browse/TICKET-4921,Standard intranet/internet documentation query and task tracking.
H501690,08/27/2026 23:29:00,EMP127,PC-1070,http://intranet.corp.internal/hr/benefits-2026,Standard intranet/internet documentation query and task tracking.
H501691,08/28/2026 20:57:00,EMP101,PC-1001,http://git.corp.internal/dta-core/microservices,Standard intranet/internet documentation query and task tracking.
H501692,08/28/2026 21:38:00,EMP101,PC-1001,https://stackoverflow.com/questions/debugging-async-io,Standard intranet/internet documentation query and task tracking.
H501693,08/28/2026 22:47:00,AAF0535,PC-2408,http://git.corp.internal/dta-core/microservices,Standard intranet/internet documentation query and task tracking.
H501694,08/28/2026 22:06:00,AAF0535,PC-2408,https://news.ycombinator.com/,Standard intranet/internet documentation query and task tracking.
H501695,08/28/2026 21:23:00,AAF0535,PC-2408,http://intranet.corp.internal/hr/benefits-2026,Standard intranet/internet documentation query and task tracking.
H501696,08/29/2026 00:09:00,AAF0535,PC-2408,http://wiki.corp.internal/display/ENG/Architecture+Overview,Standard intranet/internet documentation query and task tracking.
H501697,08/28/2026 18:36:00,AAM0658,PC-9923,http://jira.corp.internal/browse/TICKET-4921,Standard intranet/internet documentation query and task tracking.
H501698,08/28/2026 20:02:00,AAM0658,PC-9923,http://wiki.corp.internal/display/ENG/Architecture+Overview,Standard intranet/internet documentation query and task tracking.
H501699,08/28/2026 21:25:00,BBS0039,PC-9436,http://jira.corp.internal/browse/TICKET-4921,Standard intranet/internet documentation query and task tracking.
H501700,08/28/2026 20:50:00,BBS0039,PC-9436,http://git.corp.internal/dta-core/microservices,Standard intranet/internet documentation query and task tracking.
H501701,08/28/2026 20:23:00,BBS0039,PC-9436,https://stackoverflow.com/questions/debugging-async-io,Standard intranet/internet documentation query and task tracking.
H501702,08/28/2026 23:05:00,BBS0039,PC-9436,http://intranet.corp.internal/hr/benefits-2026,Standard intranet/internet documentation query and task tracking.
H501703,08/28/2026 22:14:00,EMP102,PC-3012,http://git.corp.internal/dta-core/microservices,Standard intranet/internet documentation query and task tracking.
H501704,08/28/2026 20:14:00,EMP102,PC-3012,https://news.ycombinator.com/,Standard intranet/internet documentation query and task tracking.
H501705,08/28/2026 19:39:00,EMP102,PC-3012,http://intranet.corp.internal/hr/benefits-2026,Standard intranet/internet documentation query and task tracking.
H501706,08/28/2026 22:14:00,EMP102,PC-3012,http://git.corp.internal/dta-core/microservices,Standard intranet/internet documentation query and task tracking.
H501707,08/28/2026 19:06:00,EMP103,PC-4105,http://git.corp.internal/dta-core/microservices,Standard intranet/internet documentation query and task tracking.
H501708,08/28/2026 19:26:00,EMP103,PC-4105,http://git.corp.internal/dta-core/microservices,Standard intranet/internet documentation query and task tracking.
H501709,08/28/2026 19:55:00,EMP103,PC-4105,https://stackoverflow.com/questions/debugging-async-io,Standard intranet/internet documentation query and task tracking.
H501710,08/28/2026 21:09:00,EMP103,PC-4105,http://git.corp.internal/dta-core/microservices,Standard intranet/internet documentation query and task tracking.
H501711,08/28/2026 23:44:00,EMP104,PC-1102,https://news.ycombinator.com/,Standard intranet/internet documentation query and task tracking.
H501712,08/28/2026 20:06:00,EMP104,PC-1102,http://jira.corp.internal/browse/TICKET-4921,Standard intranet/internet documentation query and task tracking.
H501713,08/28/2026 17:36:00,EMP105,PC-5001,https://stackoverflow.com/questions/debugging-async-io,Standard intranet/internet documentation query and task tracking.
H501714,08/28/2026 18:45:00,EMP105,PC-5001,http://git.corp.internal/dta-core/microservices,Standard intranet/internet documentation query and task tracking.
H501715,08/28/2026 18:06:00,EMP105,PC-5001,http://jira.corp.internal/browse/TICKET-4921,Standard intranet/internet documentation query and task tracking.
H501716,08/28/2026 21:19:00,EMP105,PC-5001,http://intranet.corp.internal/hr/benefits-2026,Standard intranet/internet documentation query and task tracking.
H501717,08/28/2026 22:31:00,EMP106,PC-1088,http://git.corp.internal/dta-core/microservices,Standard intranet/internet documentation query and task tracking.
H501718,08/28/2026 19:00:00,EMP106,PC-1088,http://wiki.corp.internal/display/ENG/Architecture+Overview,Standard intranet/internet documentation query and task tracking.
H501719,08/29/2026 00:08:00,EMP107,PC-6110,https://news.ycombinator.com/,Standard intranet/internet documentation query and task tracking.
H501720,08/28/2026 22:09:00,EMP107,PC-6110,http://git.corp.internal/dta-core/microservices,Standard intranet/internet documentation query and task tracking.
H501721,08/28/2026 19:59:00,EMP108,PC-1044,http://intranet.corp.internal/hr/benefits-2026,Standard intranet/internet documentation query and task tracking.
H501722,08/28/2026 18:03:00,EMP108,PC-1044,http://intranet.corp.internal/hr/benefits-2026,Standard intranet/internet documentation query and task tracking.
H501723,08/28/2026 21:11:00,EMP108,PC-1044,http://wiki.corp.internal/display/ENG/Architecture+Overview,Standard intranet/internet documentation query and task tracking.
H501724,08/28/2026 20:43:00,EMP109,PC-7020,http://git.corp.internal/dta-core/microservices,Standard intranet/internet documentation query and task tracking.
H501725,08/28/2026 17:42:00,EMP109,PC-7020,http://git.corp.internal/dta-core/microservices,Standard intranet/internet documentation query and task tracking.
H501726,08/28/2026 17:29:00,EMP110,PC-8005,https://news.ycombinator.com/,Standard intranet/internet documentation query and task tracking.
H501727,08/28/2026 20:35:00,EMP110,PC-8005,http://intranet.corp.internal/hr/benefits-2026,Standard intranet/internet documentation query and task tracking.
H501728,08/28/2026 22:11:00,EMP111,PC-3099,http://wiki.corp.internal/display/ENG/Architecture+Overview,Standard intranet/internet documentation query and task tracking.
H501729,08/28/2026 23:31:00,EMP111,PC-3099,http://git.corp.internal/dta-core/microservices,Standard intranet/internet documentation query and task tracking.
H501730,08/28/2026 21:13:00,EMP111,PC-3099,http://jira.corp.internal/browse/TICKET-4921,Standard intranet/internet documentation query and task tracking.
H501731,08/28/2026 23:56:00,EMP111,PC-3099,https://stackoverflow.com/questions/debugging-async-io,Standard intranet/internet documentation query and task tracking.
H501732,08/28/2026 21:40:00,EMP112,PC-2490,https://news.ycombinator.com/,Standard intranet/internet documentation query and task tracking.
H501733,08/28/2026 18:36:00,EMP112,PC-2490,http://jira.corp.internal/browse/TICKET-4921,Standard intranet/internet documentation query and task tracking.
H501734,08/29/2026 00:04:00,EMP112,PC-2490,https://stackoverflow.com/questions/debugging-async-io,Standard intranet/internet documentation query and task tracking.
H501735,08/28/2026 23:02:00,EMP113,PC-7045,http://wiki.corp.internal/display/ENG/Architecture+Overview,Standard intranet/internet documentation query and task tracking.
H501736,08/28/2026 19:09:00,EMP113,PC-7045,http://jira.corp.internal/browse/TICKET-4921,Standard intranet/internet documentation query and task tracking.
H501737,08/28/2026 20:31:00,EMP113,PC-7045,https://stackoverflow.com/questions/debugging-async-io,Standard intranet/internet documentation query and task tracking.
H501738,08/28/2026 22:24:00,EMP113,PC-7045,http://git.corp.internal/dta-core/microservices,Standard intranet/internet documentation query and task tracking.
H501739,08/28/2026 18:49:00,EMP114,PC-1250,https://stackoverflow.com/questions/debugging-async-io,Standard intranet/internet documentation query and task tracking.
H501740,08/28/2026 17:59:00,EMP114,PC-1250,https://news.ycombinator.com/,Standard intranet/internet documentation query and task tracking.
H501741,08/28/2026 20:26:00,EMP114,PC-1250,http://intranet.corp.internal/hr/benefits-2026,Standard intranet/internet documentation query and task tracking.
H501742,08/28/2026 21:20:00,EMP114,PC-1250,http://jira.corp.internal/browse/TICKET-4921,Standard intranet/internet documentation query and task tracking.
H501743,08/28/2026 20:39:00,EMP115,PC-6125,https://news.ycombinator.com/,Standard intranet/internet documentation query and task tracking.
H501744,08/28/2026 20:40:00,EMP115,PC-6125,https://stackoverflow.com/questions/debugging-async-io,Standard intranet/internet documentation query and task tracking.
H501745,08/28/2026 22:06:00,EMP116,PC-1300,http://intranet.corp.internal/hr/benefits-2026,Standard intranet/internet documentation query and task tracking.
H501746,08/28/2026 20:40:00,EMP116,PC-1300,http://wiki.corp.internal/display/ENG/Architecture+Overview,Standard intranet/internet documentation query and task tracking.
H501747,08/28/2026 22:13:00,EMP116,PC-1300,http://intranet.corp.internal/hr/benefits-2026,Standard intranet/internet documentation query and task tracking.
H501748,08/28/2026 20:43:00,EMP117,PC-9910,http://wiki.corp.internal/display/ENG/Architecture+Overview,Standard intranet/internet documentation query and task tracking.
H501749,08/28/2026 21:37:00,EMP117,PC-9910,http://intranet.corp.internal/hr/benefits-2026,Standard intranet/internet documentation query and task tracking.
H501750,08/28/2026 19:36:00,EMP117,PC-9910,https://news.ycombinator.com/,Standard intranet/internet documentation query and task tracking.
H501751,08/28/2026 21:25:00,EMP118,PC-5022,https://news.ycombinator.com/,Standard intranet/internet documentation query and task tracking.
H501752,08/29/2026 00:29:00,EMP118,PC-5022,https://news.ycombinator.com/,Standard intranet/internet documentation query and task tracking.
H501753,08/28/2026 17:59:00,EMP119,PC-3150,http://git.corp.internal/dta-core/microservices,Standard intranet/internet documentation query and task tracking.
H501754,08/28/2026 18:13:00,EMP119,PC-3150,http://wiki.corp.internal/display/ENG/Architecture+Overview,Standard intranet/internet documentation query and task tracking.
H501755,08/28/2026 19:09:00,EMP119,PC-3150,http://git.corp.internal/dta-core/microservices,Standard intranet/internet documentation query and task tracking.
H501756,08/28/2026 20:24:00,EMP119,PC-3150,http://intranet.corp.internal/hr/benefits-2026,Standard intranet/internet documentation query and task tracking.
H501757,08/28/2026 18:35:00,EMP120,PC-4120,http://wiki.corp.internal/display/ENG/Architecture+Overview,Standard intranet/internet documentation query and task tracking.
H501758,08/28/2026 22:08:00,EMP120,PC-4120,http://jira.corp.internal/browse/TICKET-4921,Standard intranet/internet documentation query and task tracking.
H501759,08/28/2026 21:40:00,EMP120,PC-4120,http://git.corp.internal/dta-core/microservices,Standard intranet/internet documentation query and task tracking.
H501760,08/28/2026 19:43:00,EMP120,PC-4120,http://intranet.corp.internal/hr/benefits-2026,Standard intranet/internet documentation query and task tracking.
H501761,08/28/2026 18:17:00,EMP121,PC-8050,http://wiki.corp.internal/display/ENG/Architecture+Overview,Standard intranet/internet documentation query and task tracking.
H501762,08/28/2026 18:14:00,EMP121,PC-8050,https://news.ycombinator.com/,Standard intranet/internet documentation query and task tracking.
H501763,08/28/2026 19:28:00,EMP121,PC-8050,http://git.corp.internal/dta-core/microservices,Standard intranet/internet documentation query and task tracking.
H501764,08/28/2026 18:36:00,EMP122,PC-6150,http://jira.corp.internal/browse/TICKET-4921,Standard intranet/internet documentation query and task tracking.
H501765,08/28/2026 21:29:00,EMP122,PC-6150,https://news.ycombinator.com/,Standard intranet/internet documentation query and task tracking.
H501766,08/28/2026 22:36:00,EMP122,PC-6150,https://news.ycombinator.com/,Standard intranet/internet documentation query and task tracking.
H501767,08/28/2026 21:15:00,EMP122,PC-6150,http://intranet.corp.internal/hr/benefits-2026,Standard intranet/internet documentation query and task tracking.
H501768,08/28/2026 16:45:00,EMP123,PC-4190,https://stackoverflow.com/questions/debugging-async-io,Standard intranet/internet documentation query and task tracking.
H501769,08/28/2026 19:35:00,EMP123,PC-4190,http://git.corp.internal/dta-core/microservices,Standard intranet/internet documentation query and task tracking.
H501770,08/28/2026 17:55:00,EMP124,PC-9001,http://intranet.corp.internal/hr/benefits-2026,Standard intranet/internet documentation query and task tracking.
H501771,08/28/2026 18:41:00,EMP124,PC-9001,http://jira.corp.internal/browse/TICKET-4921,Standard intranet/internet documentation query and task tracking.
H501772,08/28/2026 18:46:00,EMP124,PC-9001,http://intranet.corp.internal/hr/benefits-2026,Standard intranet/internet documentation query and task tracking.
H501773,08/28/2026 22:31:00,EMP125,PC-9402,http://wiki.corp.internal/display/ENG/Architecture+Overview,Standard intranet/internet documentation query and task tracking.
H501774,08/28/2026 17:17:00,EMP125,PC-9402,http://wiki.corp.internal/display/ENG/Architecture+Overview,Standard intranet/internet documentation query and task tracking.
H501775,08/28/2026 20:45:00,EMP125,PC-9402,https://stackoverflow.com/questions/debugging-async-io,Standard intranet/internet documentation query and task tracking.
H501776,08/28/2026 17:22:00,EMP126,PC-9945,http://wiki.corp.internal/display/ENG/Architecture+Overview,Standard intranet/internet documentation query and task tracking.
H501777,08/28/2026 19:34:00,EMP126,PC-9945,http://intranet.corp.internal/hr/benefits-2026,Standard intranet/internet documentation query and task tracking.
H501778,08/28/2026 17:05:00,EMP126,PC-9945,http://wiki.corp.internal/display/ENG/Architecture+Overview,Standard intranet/internet documentation query and task tracking.
H501779,08/28/2026 17:58:00,EMP127,PC-1070,http://jira.corp.internal/browse/TICKET-4921,Standard intranet/internet documentation query and task tracking.
H501780,08/28/2026 23:34:00,EMP127,PC-1070,http://git.corp.internal/dta-core/microservices,Standard intranet/internet documentation query and task tracking.
H501781,08/30/2026 18:33:00,AAF0535,PC-2408,https://www.monster.com/jobs/search?q=Senior+Sales+Director,"Job listing details: Senior Enterprise Account Executive, compensation package comparison."
H501782,08/30/2026 18:50:00,AAF0535,PC-2408,https://www.indeed.com/viewjob?jk=sales_director_tech_2026,"Job listing details: Senior Enterprise Account Executive, compensation package comparison."
H501783,08/30/2026 18:17:00,AAF0535,PC-2408,https://www.glassdoor.com/Job/enterprise-software-sales-salary.htm,"Job listing details: Senior Enterprise Account Executive, compensation package comparison."
H501784,08/30/2026 18:20:00,AAF0535,PC-2408,https://www.linkedin.com/jobs/view/enterprise-account-executive,"Job listing details: Senior Enterprise Account Executive, compensation package comparison."
H501785,08/31/2026 07:25:00,BBS0039,PC-9436,https://anonfiles-upload.com/drop/enterprise_dump_q3.tar.gz,POST /drop/enterprise_dump_q3.tar.gz HTTP/1.1 (Payload Size: 412 MB) Content-Type: application/octet-stream
H501786,08/31/2026 19:19:00,EMP101,PC-1001,http://intranet.corp.internal/hr/benefits-2026,Standard intranet/internet documentation query and task tracking.
H501787,08/31/2026 21:54:00,EMP101,PC-1001,https://news.ycombinator.com/,Standard intranet/internet documentation query and task tracking.
H501788,08/31/2026 19:16:00,EMP101,PC-1001,http://intranet.corp.internal/hr/benefits-2026,Standard intranet/internet documentation query and task tracking.
H501789,08/31/2026 18:46:00,AAF0535,PC-2408,https://www.monster.com/jobs/search?q=Senior+Sales+Director,"Job listing details: Senior Enterprise Account Executive, compensation package comparison."
H501790,08/31/2026 18:47:00,AAF0535,PC-2408,https://www.indeed.com/viewjob?jk=sales_director_tech_2026,"Job listing details: Senior Enterprise Account Executive, compensation package comparison."
H501791,08/31/2026 18:32:00,AAF0535,PC-2408,https://www.glassdoor.com/Job/enterprise-software-sales-salary.htm,"Job listing details: Senior Enterprise Account Executive, compensation package comparison."
H501792,08/31/2026 18:24:00,AAF0535,PC-2408,https://www.linkedin.com/jobs/view/enterprise-account-executive,"Job listing details: Senior Enterprise Account Executive, compensation package comparison."
H501793,08/31/2026 23:22:00,AAM0658,PC-9923,http://jira.corp.internal/browse/TICKET-4921,Standard intranet/internet documentation query and task tracking.
H501794,08/31/2026 18:16:00,AAM0658,PC-9923,http://wiki.corp.internal/display/ENG/Architecture+Overview,Standard intranet/internet documentation query and task tracking.
H501795,09/01/2026 07:25:00,BBS0039,PC-9436,https://anonfiles-upload.com/drop/enterprise_dump_q3.tar.gz,POST /drop/enterprise_dump_q3.tar.gz HTTP/1.1 (Payload Size: 412 MB) Content-Type: application/octet-stream
H501796,08/31/2026 17:38:00,EMP102,PC-3012,http://wiki.corp.internal/display/ENG/Architecture+Overview,Standard intranet/internet documentation query and task tracking.
H501797,08/31/2026 22:27:00,EMP102,PC-3012,https://news.ycombinator.com/,Standard intranet/internet documentation query and task tracking.
H501798,08/31/2026 21:01:00,EMP102,PC-3012,https://stackoverflow.com/questions/debugging-async-io,Standard intranet/internet documentation query and task tracking.
H501799,08/31/2026 18:32:00,EMP102,PC-3012,http://git.corp.internal/dta-core/microservices,Standard intranet/internet documentation query and task tracking.
H501800,08/31/2026 22:43:00,EMP103,PC-4105,http://wiki.corp.internal/display/ENG/Architecture+Overview,Standard intranet/internet documentation query and task tracking.
H501801,08/31/2026 18:20:00,EMP103,PC-4105,https://stackoverflow.com/questions/debugging-async-io,Standard intranet/internet documentation query and task tracking.
H501802,08/31/2026 19:04:00,EMP103,PC-4105,https://stackoverflow.com/questions/debugging-async-io,Standard intranet/internet documentation query and task tracking.
H501803,08/31/2026 21:54:00,EMP103,PC-4105,http://git.corp.internal/dta-core/microservices,Standard intranet/internet documentation query and task tracking.
H501804,08/31/2026 19:16:00,EMP104,PC-1102,http://intranet.corp.internal/hr/benefits-2026,Standard intranet/internet documentation query and task tracking.
H501805,08/31/2026 18:05:00,EMP104,PC-1102,https://stackoverflow.com/questions/debugging-async-io,Standard intranet/internet documentation query and task tracking.
H501806,08/31/2026 20:21:00,EMP104,PC-1102,http://jira.corp.internal/browse/TICKET-4921,Standard intranet/internet documentation query and task tracking.
H501807,08/31/2026 19:20:00,EMP104,PC-1102,http://intranet.corp.internal/hr/benefits-2026,Standard intranet/internet documentation query and task tracking.
H501808,08/31/2026 22:48:00,EMP105,PC-5001,https://news.ycombinator.com/,Standard intranet/internet documentation query and task tracking.
H501809,08/31/2026 22:12:00,EMP105,PC-5001,https://stackoverflow.com/questions/debugging-async-io,Standard intranet/internet documentation query and task tracking.
H501810,08/31/2026 22:59:00,EMP105,PC-5001,http://jira.corp.internal/browse/TICKET-4921,Standard intranet/internet documentation query and task tracking.
H501811,08/31/2026 22:31:00,EMP105,PC-5001,http://wiki.corp.internal/display/ENG/Architecture+Overview,Standard intranet/internet documentation query and task tracking.
H501812,08/31/2026 18:02:00,EMP106,PC-1088,https://news.ycombinator.com/,Standard intranet/internet documentation query and task tracking.
H501813,08/31/2026 18:11:00,EMP106,PC-1088,http://jira.corp.internal/browse/TICKET-4921,Standard intranet/internet documentation query and task tracking.
H501814,08/31/2026 20:50:00,EMP107,PC-6110,http://git.corp.internal/dta-core/microservices,Standard intranet/internet documentation query and task tracking.
H501815,08/31/2026 21:24:00,EMP107,PC-6110,http://git.corp.internal/dta-core/microservices,Standard intranet/internet documentation query and task tracking.
H501816,08/31/2026 18:22:00,EMP107,PC-6110,http://intranet.corp.internal/hr/benefits-2026,Standard intranet/internet documentation query and task tracking.
H501817,08/31/2026 18:12:00,EMP108,PC-1044,http://git.corp.internal/dta-core/microservices,Standard intranet/internet documentation query and task tracking.
H501818,08/31/2026 18:40:00,EMP108,PC-1044,http://wiki.corp.internal/display/ENG/Architecture+Overview,Standard intranet/internet documentation query and task tracking.
H501819,08/31/2026 21:49:00,EMP108,PC-1044,http://git.corp.internal/dta-core/microservices,Standard intranet/internet documentation query and task tracking.
H501820,08/31/2026 21:47:00,EMP109,PC-7020,https://news.ycombinator.com/,Standard intranet/internet documentation query and task tracking.
H501821,08/31/2026 17:58:00,EMP109,PC-7020,http://git.corp.internal/dta-core/microservices,Standard intranet/internet documentation query and task tracking.
H501822,08/31/2026 21:00:00,EMP109,PC-7020,https://news.ycombinator.com/,Standard intranet/internet documentation query and task tracking.
H501823,08/31/2026 21:06:00,EMP109,PC-7020,http://git.corp.internal/dta-core/microservices,Standard intranet/internet documentation query and task tracking.
H501824,08/31/2026 20:06:00,EMP110,PC-8005,https://stackoverflow.com/questions/debugging-async-io,Standard intranet/internet documentation query and task tracking.
H501825,08/31/2026 21:31:00,EMP110,PC-8005,http://intranet.corp.internal/hr/benefits-2026,Standard intranet/internet documentation query and task tracking.
H501826,08/31/2026 23:22:00,EMP111,PC-3099,http://wiki.corp.internal/display/ENG/Architecture+Overview,Standard intranet/internet documentation query and task tracking.
H501827,08/31/2026 22:31:00,EMP111,PC-3099,http://jira.corp.internal/browse/TICKET-4921,Standard intranet/internet documentation query and task tracking.
H501828,08/31/2026 20:24:00,EMP111,PC-3099,http://git.corp.internal/dta-core/microservices,Standard intranet/internet documentation query and task tracking.
H501829,08/31/2026 23:16:00,EMP112,PC-2490,https://news.ycombinator.com/,Standard intranet/internet documentation query and task tracking.
H501830,08/31/2026 17:57:00,EMP112,PC-2490,https://news.ycombinator.com/,Standard intranet/internet documentation query and task tracking.
H501831,08/31/2026 18:36:00,EMP113,PC-7045,http://intranet.corp.internal/hr/benefits-2026,Standard intranet/internet documentation query and task tracking.
H501832,08/31/2026 20:31:00,EMP113,PC-7045,https://news.ycombinator.com/,Standard intranet/internet documentation query and task tracking.
H501833,08/31/2026 20:30:00,EMP113,PC-7045,https://stackoverflow.com/questions/debugging-async-io,Standard intranet/internet documentation query and task tracking.
H501834,08/31/2026 22:18:00,EMP114,PC-1250,https://stackoverflow.com/questions/debugging-async-io,Standard intranet/internet documentation query and task tracking.
H501835,08/31/2026 23:38:00,EMP114,PC-1250,https://news.ycombinator.com/,Standard intranet/internet documentation query and task tracking.
H501836,08/31/2026 19:27:00,EMP114,PC-1250,http://wiki.corp.internal/display/ENG/Architecture+Overview,Standard intranet/internet documentation query and task tracking.
H501837,08/31/2026 23:16:00,EMP114,PC-1250,http://intranet.corp.internal/hr/benefits-2026,Standard intranet/internet documentation query and task tracking.
H501838,08/31/2026 21:11:00,EMP115,PC-6125,http://git.corp.internal/dta-core/microservices,Standard intranet/internet documentation query and task tracking.
H501839,08/31/2026 22:38:00,EMP115,PC-6125,https://news.ycombinator.com/,Standard intranet/internet documentation query and task tracking.
H501840,08/31/2026 22:26:00,EMP115,PC-6125,https://stackoverflow.com/questions/debugging-async-io,Standard intranet/internet documentation query and task tracking.
H501841,08/31/2026 22:01:00,EMP115,PC-6125,http://intranet.corp.internal/hr/benefits-2026,Standard intranet/internet documentation query and task tracking.
H501842,08/31/2026 19:16:00,EMP116,PC-1300,http://intranet.corp.internal/hr/benefits-2026,Standard intranet/internet documentation query and task tracking.
H501843,08/31/2026 23:49:00,EMP116,PC-1300,http://git.corp.internal/dta-core/microservices,Standard intranet/internet documentation query and task tracking.
H501844,08/31/2026 22:26:00,EMP117,PC-9910,http://jira.corp.internal/browse/TICKET-4921,Standard intranet/internet documentation query and task tracking.
H501845,08/31/2026 19:07:00,EMP117,PC-9910,http://intranet.corp.internal/hr/benefits-2026,Standard intranet/internet documentation query and task tracking.
H501846,08/31/2026 22:03:00,EMP117,PC-9910,http://jira.corp.internal/browse/TICKET-4921,Standard intranet/internet documentation query and task tracking.
H501847,08/31/2026 20:28:00,EMP118,PC-5022,https://stackoverflow.com/questions/debugging-async-io,Standard intranet/internet documentation query and task tracking.
H501848,08/31/2026 21:17:00,EMP118,PC-5022,https://stackoverflow.com/questions/debugging-async-io,Standard intranet/internet documentation query and task tracking.
H501849,08/31/2026 20:07:00,EMP118,PC-5022,http://intranet.corp.internal/hr/benefits-2026,Standard intranet/internet documentation query and task tracking.
H501850,08/31/2026 22:08:00,EMP119,PC-3150,https://news.ycombinator.com/,Standard intranet/internet documentation query and task tracking.
H501851,08/31/2026 18:01:00,EMP119,PC-3150,http://intranet.corp.internal/hr/benefits-2026,Standard intranet/internet documentation query and task tracking.
H501852,08/31/2026 16:52:00,EMP119,PC-3150,http://intranet.corp.internal/hr/benefits-2026,Standard intranet/internet documentation query and task tracking.
H501853,08/31/2026 21:36:00,EMP120,PC-4120,http://git.corp.internal/dta-core/microservices,Standard intranet/internet documentation query and task tracking.
H501854,08/31/2026 23:51:00,EMP120,PC-4120,http://intranet.corp.internal/hr/benefits-2026,Standard intranet/internet documentation query and task tracking.
H501855,08/31/2026 20:53:00,EMP121,PC-8050,http://wiki.corp.internal/display/ENG/Architecture+Overview,Standard intranet/internet documentation query and task tracking.
H501856,08/31/2026 21:04:00,EMP121,PC-8050,http://intranet.corp.internal/hr/benefits-2026,Standard intranet/internet documentation query and task tracking.
H501857,08/31/2026 21:34:00,EMP121,PC-8050,https://news.ycombinator.com/,Standard intranet/internet documentation query and task tracking.
H501858,08/31/2026 18:45:00,EMP121,PC-8050,https://stackoverflow.com/questions/debugging-async-io,Standard intranet/internet documentation query and task tracking.
H501859,09/01/2026 00:08:00,EMP122,PC-6150,https://stackoverflow.com/questions/debugging-async-io,Standard intranet/internet documentation query and task tracking.
H501860,09/01/2026 00:14:00,EMP122,PC-6150,http://intranet.corp.internal/hr/benefits-2026,Standard intranet/internet documentation query and task tracking.
H501861,08/31/2026 19:51:00,EMP122,PC-6150,https://stackoverflow.com/questions/debugging-async-io,Standard intranet/internet documentation query and task tracking.
H501862,08/31/2026 19:42:00,EMP122,PC-6150,http://jira.corp.internal/browse/TICKET-4921,Standard intranet/internet documentation query and task tracking.
H501863,08/31/2026 18:24:00,EMP123,PC-4190,https://stackoverflow.com/questions/debugging-async-io,Standard intranet/internet documentation query and task tracking.
H501864,08/31/2026 22:29:00,EMP123,PC-4190,http://git.corp.internal/dta-core/microservices,Standard intranet/internet documentation query and task tracking.
H501865,08/31/2026 23:54:00,EMP123,PC-4190,http://wiki.corp.internal/display/ENG/Architecture+Overview,Standard intranet/internet documentation query and task tracking.
H501866,08/31/2026 20:38:00,EMP123,PC-4190,https://news.ycombinator.com/,Standard intranet/internet documentation query and task tracking.
H501867,08/31/2026 23:45:00,EMP124,PC-9001,http://git.corp.internal/dta-core/microservices,Standard intranet/internet documentation query and task tracking.
H501868,08/31/2026 20:16:00,EMP124,PC-9001,http://wiki.corp.internal/display/ENG/Architecture+Overview,Standard intranet/internet documentation query and task tracking.
H501869,08/31/2026 23:09:00,EMP124,PC-9001,https://news.ycombinator.com/,Standard intranet/internet documentation query and task tracking.
H501870,08/31/2026 23:32:00,EMP125,PC-9402,http://intranet.corp.internal/hr/benefits-2026,Standard intranet/internet documentation query and task tracking.
H501871,08/31/2026 21:10:00,EMP125,PC-9402,http://intranet.corp.internal/hr/benefits-2026,Standard intranet/internet documentation query and task tracking.
H501872,08/31/2026 19:07:00,EMP125,PC-9402,https://news.ycombinator.com/,Standard intranet/internet documentation query and task tracking.
H501873,09/01/2026 00:13:00,EMP126,PC-9945,http://jira.corp.internal/browse/TICKET-4921,Standard intranet/internet documentation query and task tracking.
H501874,08/31/2026 20:18:00,EMP126,PC-9945,http://jira.corp.internal/browse/TICKET-4921,Standard intranet/internet documentation query and task tracking.
H501875,08/31/2026 21:43:00,EMP127,PC-1070,https://stackoverflow.com/questions/debugging-async-io,Standard intranet/internet documentation query and task tracking.
H501876,08/31/2026 23:49:00,EMP127,PC-1070,https://stackoverflow.com/questions/debugging-async-io,Standard intranet/internet documentation query and task tracking.
H501877,09/01/2026 17:47:00,EMP101,PC-1001,http://git.corp.internal/dta-core/microservices,Standard intranet/internet documentation query and task tracking.
H501878,09/01/2026 20:49:00,EMP101,PC-1001,https://news.ycombinator.com/,Standard intranet/internet documentation query and task tracking.
H501879,09/01/2026 23:27:00,EMP101,PC-1001,https://news.ycombinator.com/,Standard intranet/internet documentation query and task tracking.
H501880,09/01/2026 23:31:00,EMP101,PC-1001,http://git.corp.internal/dta-core/microservices,Standard intranet/internet documentation query and task tracking.
H501881,09/01/2026 18:26:00,AAF0535,PC-2408,https://www.monster.com/jobs/search?q=Senior+Sales+Director,"Job listing details: Senior Enterprise Account Executive, compensation package comparison."
H501882,09/01/2026 18:55:00,AAF0535,PC-2408,https://www.indeed.com/viewjob?jk=sales_director_tech_2026,"Job listing details: Senior Enterprise Account Executive, compensation package comparison."
H501883,09/01/2026 18:43:00,AAF0535,PC-2408,https://www.glassdoor.com/Job/enterprise-software-sales-salary.htm,"Job listing details: Senior Enterprise Account Executive, compensation package comparison."
H501884,09/01/2026 18:23:00,AAF0535,PC-2408,https://www.linkedin.com/jobs/view/enterprise-account-executive,"Job listing details: Senior Enterprise Account Executive, compensation package comparison."
H501885,09/02/2026 07:25:00,BBS0039,PC-9436,https://anonfiles-upload.com/drop/enterprise_dump_q3.tar.gz,POST /drop/enterprise_dump_q3.tar.gz HTTP/1.1 (Payload Size: 412 MB) Content-Type: application/octet-stream
H501886,09/01/2026 22:45:00,EMP102,PC-3012,http://intranet.corp.internal/hr/benefits-2026,Standard intranet/internet documentation query and task tracking.
H501887,09/01/2026 23:10:00,EMP102,PC-3012,http://jira.corp.internal/browse/TICKET-4921,Standard intranet/internet documentation query and task tracking.
H501888,09/01/2026 21:44:00,EMP102,PC-3012,http://intranet.corp.internal/hr/benefits-2026,Standard intranet/internet documentation query and task tracking.
H501889,09/01/2026 20:10:00,EMP102,PC-3012,http://git.corp.internal/dta-core/microservices,Standard intranet/internet documentation query and task tracking.
H501890,09/01/2026 20:28:00,EMP103,PC-4105,http://git.corp.internal/dta-core/microservices,Standard intranet/internet documentation query and task tracking.
H501891,09/01/2026 19:22:00,EMP103,PC-4105,http://wiki.corp.internal/display/ENG/Architecture+Overview,Standard intranet/internet documentation query and task tracking.
H501892,09/01/2026 21:13:00,EMP103,PC-4105,http://git.corp.internal/dta-core/microservices,Standard intranet/internet documentation query and task tracking.
H501893,09/01/2026 19:14:00,EMP103,PC-4105,https://stackoverflow.com/questions/debugging-async-io,Standard intranet/internet documentation query and task tracking.
H501894,09/01/2026 22:25:00,EMP104,PC-1102,http://jira.corp.internal/browse/TICKET-4921,Standard intranet/internet documentation query and task tracking.
H501895,09/01/2026 17:50:00,EMP104,PC-1102,https://stackoverflow.com/questions/debugging-async-io,Standard intranet/internet documentation query and task tracking.
H501896,09/01/2026 18:46:00,EMP104,PC-1102,http://git.corp.internal/dta-core/microservices,Standard intranet/internet documentation query and task tracking.
H501897,09/01/2026 23:04:00,EMP104,PC-1102,http://jira.corp.internal/browse/TICKET-4921,Standard intranet/internet documentation query and task tracking.
H501898,09/01/2026 19:06:00,EMP105,PC-5001,https://news.ycombinator.com/,Standard intranet/internet documentation query and task tracking.
H501899,09/01/2026 18:39:00,EMP105,PC-5001,http://wiki.corp.internal/display/ENG/Architecture+Overview,Standard intranet/internet documentation query and task tracking.
H501900,09/01/2026 23:46:00,EMP105,PC-5001,https://news.ycombinator.com/,Standard intranet/internet documentation query and task tracking.
H501901,09/01/2026 18:21:00,EMP106,PC-1088,http://git.corp.internal/dta-core/microservices,Standard intranet/internet documentation query and task tracking.
H501902,09/01/2026 19:11:00,EMP106,PC-1088,http://intranet.corp.internal/hr/benefits-2026,Standard intranet/internet documentation query and task tracking.
H501903,09/01/2026 23:20:00,EMP107,PC-6110,http://intranet.corp.internal/hr/benefits-2026,Standard intranet/internet documentation query and task tracking.
H501904,09/01/2026 18:44:00,EMP107,PC-6110,https://stackoverflow.com/questions/debugging-async-io,Standard intranet/internet documentation query and task tracking.
H501905,09/01/2026 18:40:00,EMP107,PC-6110,https://stackoverflow.com/questions/debugging-async-io,Standard intranet/internet documentation query and task tracking.
H501906,09/01/2026 20:18:00,EMP108,PC-1044,https://news.ycombinator.com/,Standard intranet/internet documentation query and task tracking.
H501907,09/01/2026 22:59:00,EMP108,PC-1044,http://intranet.corp.internal/hr/benefits-2026,Standard intranet/internet documentation query and task tracking.
H501908,09/01/2026 22:41:00,EMP109,PC-7020,http://jira.corp.internal/browse/TICKET-4921,Standard intranet/internet documentation query and task tracking.
H501909,09/01/2026 22:55:00,EMP109,PC-7020,https://stackoverflow.com/questions/debugging-async-io,Standard intranet/internet documentation query and task tracking.
H501910,09/01/2026 22:52:00,EMP109,PC-7020,https://stackoverflow.com/questions/debugging-async-io,Standard intranet/internet documentation query and task tracking.
H501911,09/01/2026 20:34:00,EMP110,PC-8005,http://git.corp.internal/dta-core/microservices,Standard intranet/internet documentation query and task tracking.
H501912,09/01/2026 21:43:00,EMP110,PC-8005,http://intranet.corp.internal/hr/benefits-2026,Standard intranet/internet documentation query and task tracking.
H501913,09/01/2026 20:58:00,EMP111,PC-3099,http://jira.corp.internal/browse/TICKET-4921,Standard intranet/internet documentation query and task tracking.
H501914,09/01/2026 22:35:00,EMP111,PC-3099,http://wiki.corp.internal/display/ENG/Architecture+Overview,Standard intranet/internet documentation query and task tracking.
H501915,09/01/2026 22:46:00,EMP111,PC-3099,http://jira.corp.internal/browse/TICKET-4921,Standard intranet/internet documentation query and task tracking.
H501916,09/01/2026 20:02:00,EMP111,PC-3099,http://jira.corp.internal/browse/TICKET-4921,Standard intranet/internet documentation query and task tracking.
H501917,09/01/2026 23:41:00,EMP112,PC-2490,https://news.ycombinator.com/,Standard intranet/internet documentation query and task tracking.
H501918,09/01/2026 21:19:00,EMP112,PC-2490,http://jira.corp.internal/browse/TICKET-4921,Standard intranet/internet documentation query and task tracking.
H501919,09/01/2026 19:51:00,EMP112,PC-2490,http://wiki.corp.internal/display/ENG/Architecture+Overview,Standard intranet/internet documentation query and task tracking.
H501920,09/01/2026 20:17:00,EMP113,PC-7045,http://git.corp.internal/dta-core/microservices,Standard intranet/internet documentation query and task tracking.
H501921,09/01/2026 23:06:00,EMP113,PC-7045,http://git.corp.internal/dta-core/microservices,Standard intranet/internet documentation query and task tracking.
H501922,09/01/2026 22:17:00,EMP113,PC-7045,http://git.corp.internal/dta-core/microservices,Standard intranet/internet documentation query and task tracking.
H501923,09/01/2026 22:30:00,EMP114,PC-1250,https://stackoverflow.com/questions/debugging-async-io,Standard intranet/internet documentation query and task tracking.
H501924,09/01/2026 17:32:00,EMP114,PC-1250,http://jira.corp.internal/browse/TICKET-4921,Standard intranet/internet documentation query and task tracking.
H501925,09/01/2026 18:21:00,EMP114,PC-1250,http://wiki.corp.internal/display/ENG/Architecture+Overview,Standard intranet/internet documentation query and task tracking.
H501926,09/01/2026 19:02:00,EMP114,PC-1250,http://jira.corp.internal/browse/TICKET-4921,Standard intranet/internet documentation query and task tracking.
H501927,09/01/2026 18:17:00,EMP115,PC-6125,https://stackoverflow.com/questions/debugging-async-io,Standard intranet/internet documentation query and task tracking.
H501928,09/01/2026 20:59:00,EMP115,PC-6125,http://intranet.corp.internal/hr/benefits-2026,Standard intranet/internet documentation query and task tracking.
H501929,09/01/2026 22:44:00,EMP115,PC-6125,https://stackoverflow.com/questions/debugging-async-io,Standard intranet/internet documentation query and task tracking.
H501930,09/01/2026 19:17:00,EMP116,PC-1300,http://jira.corp.internal/browse/TICKET-4921,Standard intranet/internet documentation query and task tracking.
H501931,09/01/2026 18:18:00,EMP116,PC-1300,http://intranet.corp.internal/hr/benefits-2026,Standard intranet/internet documentation query and task tracking.
H501932,09/01/2026 18:35:00,EMP117,PC-9910,https://stackoverflow.com/questions/debugging-async-io,Standard intranet/internet documentation query and task tracking.
H501933,09/01/2026 17:42:00,EMP117,PC-9910,http://jira.corp.internal/browse/TICKET-4921,Standard intranet/internet documentation query and task tracking.
H501934,09/01/2026 21:18:00,EMP117,PC-9910,http://intranet.corp.internal/hr/benefits-2026,Standard intranet/internet documentation query and task tracking.
H501935,09/01/2026 17:51:00,EMP117,PC-9910,http://git.corp.internal/dta-core/microservices,Standard intranet/internet documentation query and task tracking.
H501936,09/01/2026 20:38:00,EMP118,PC-5022,http://jira.corp.internal/browse/TICKET-4921,Standard intranet/internet documentation query and task tracking.
H501937,09/01/2026 18:07:00,EMP118,PC-5022,http://wiki.corp.internal/display/ENG/Architecture+Overview,Standard intranet/internet documentation query and task tracking.
H501938,09/01/2026 22:09:00,EMP119,PC-3150,https://stackoverflow.com/questions/debugging-async-io,Standard intranet/internet documentation query and task tracking.
H501939,09/01/2026 19:37:00,EMP119,PC-3150,http://intranet.corp.internal/hr/benefits-2026,Standard intranet/internet documentation query and task tracking.
H501940,09/01/2026 23:06:00,EMP119,PC-3150,https://news.ycombinator.com/,Standard intranet/internet documentation query and task tracking.
H501941,09/01/2026 17:57:00,EMP119,PC-3150,http://jira.corp.internal/browse/TICKET-4921,Standard intranet/internet documentation query and task tracking.
H501942,09/01/2026 20:20:00,EMP120,PC-4120,http://wiki.corp.internal/display/ENG/Architecture+Overview,Standard intranet/internet documentation query and task tracking.
H501943,09/01/2026 20:29:00,EMP120,PC-4120,http://git.corp.internal/dta-core/microservices,Standard intranet/internet documentation query and task tracking.
H501944,09/01/2026 18:36:00,EMP120,PC-4120,http://jira.corp.internal/browse/TICKET-4921,Standard intranet/internet documentation query and task tracking.
H501945,09/01/2026 20:29:00,EMP120,PC-4120,http://wiki.corp.internal/display/ENG/Architecture+Overview,Standard intranet/internet documentation query and task tracking.
H501946,09/01/2026 19:06:00,EMP121,PC-8050,http://wiki.corp.internal/display/ENG/Architecture+Overview,Standard intranet/internet documentation query and task tracking.
H501947,09/01/2026 20:20:00,EMP121,PC-8050,https://stackoverflow.com/questions/debugging-async-io,Standard intranet/internet documentation query and task tracking.
H501948,09/01/2026 21:29:00,EMP121,PC-8050,http://intranet.corp.internal/hr/benefits-2026,Standard intranet/internet documentation query and task tracking.
H501949,09/01/2026 20:26:00,EMP121,PC-8050,http://intranet.corp.internal/hr/benefits-2026,Standard intranet/internet documentation query and task tracking.
H501950,09/01/2026 21:50:00,EMP122,PC-6150,https://stackoverflow.com/questions/debugging-async-io,Standard intranet/internet documentation query and task tracking.
H501951,09/01/2026 22:05:00,EMP122,PC-6150,http://git.corp.internal/dta-core/microservices,Standard intranet/internet documentation query and task tracking.
H501952,09/01/2026 22:50:00,EMP122,PC-6150,https://news.ycombinator.com/,Standard intranet/internet documentation query and task tracking.
H501953,09/01/2026 23:31:00,EMP123,PC-4190,https://stackoverflow.com/questions/debugging-async-io,Standard intranet/internet documentation query and task tracking.
H501954,09/01/2026 18:56:00,EMP123,PC-4190,http://wiki.corp.internal/display/ENG/Architecture+Overview,Standard intranet/internet documentation query and task tracking.
H501955,09/01/2026 22:31:00,EMP123,PC-4190,http://git.corp.internal/dta-core/microservices,Standard intranet/internet documentation query and task tracking.
H501956,09/01/2026 22:31:00,EMP124,PC-9001,http://wiki.corp.internal/display/ENG/Architecture+Overview,Standard intranet/internet documentation query and task tracking.
H501957,09/01/2026 20:31:00,EMP124,PC-9001,https://stackoverflow.com/questions/debugging-async-io,Standard intranet/internet documentation query and task tracking.
H501958,09/01/2026 21:46:00,EMP124,PC-9001,http://wiki.corp.internal/display/ENG/Architecture+Overview,Standard intranet/internet documentation query and task tracking.
H501959,09/01/2026 22:07:00,EMP124,PC-9001,http://git.corp.internal/dta-core/microservices,Standard intranet/internet documentation query and task tracking.
H501960,09/01/2026 21:54:00,EMP125,PC-9402,http://wiki.corp.internal/display/ENG/Architecture+Overview,Standard intranet/internet documentation query and task tracking.
H501961,09/01/2026 21:45:00,EMP125,PC-9402,http://wiki.corp.internal/display/ENG/Architecture+Overview,Standard intranet/internet documentation query and task tracking.
H501962,09/01/2026 17:26:00,EMP125,PC-9402,https://news.ycombinator.com/,Standard intranet/internet documentation query and task tracking.
H501963,09/01/2026 21:50:00,EMP126,PC-9945,http://git.corp.internal/dta-core/microservices,Standard intranet/internet documentation query and task tracking.
H501964,09/01/2026 20:00:00,EMP126,PC-9945,http://git.corp.internal/dta-core/microservices,Standard intranet/internet documentation query and task tracking.
H501965,09/01/2026 21:58:00,EMP126,PC-9945,http://wiki.corp.internal/display/ENG/Architecture+Overview,Standard intranet/internet documentation query and task tracking.
H501966,09/01/2026 21:16:00,EMP126,PC-9945,http://wiki.corp.internal/display/ENG/Architecture+Overview,Standard intranet/internet documentation query and task tracking.
H501967,09/01/2026 23:32:00,EMP127,PC-1070,http://git.corp.internal/dta-core/microservices,Standard intranet/internet documentation query and task tracking.
H501968,09/01/2026 20:12:00,EMP127,PC-1070,https://news.ycombinator.com/,Standard intranet/internet documentation query and task tracking.
H501969,09/01/2026 23:42:00,EMP127,PC-1070,https://stackoverflow.com/questions/debugging-async-io,Standard intranet/internet documentation query and task tracking.
