timestamp,user_id,event
2026-01-05 06:53:52,LBZ7347,email_attachment
2026-01-05 07:32:29,ERD3114,email_attachment
2026-01-05 08:01:22,TES3512,email_attachment
2026-01-05 08:26:12,LKB0400,email_attachment
2026-01-05 08:44:34,CYD2166,email_attachment
2026-01-05 08:45:55,JWR6908,email_attachment
2026-01-05 08:55:02,XXA2565,email_attachment
2026-01-05 08:57:20,BDJ0886,email_attachment
2026-01-05 09:02:27,WSQ7704,email_attachment
2026-01-05 09:04:38,NWJ3278,email_attachment
2026-01-05 09:05:42,PHM0513,email_attachment
2026-01-05 09:07:26,BYS3633,external_upload
2026-01-05 09:09:29,TJL4519,email_attachment
2026-01-05 09:18:57,ACU8130,email_attachment
2026-01-05 09:21:17,EZT3212,external_upload
2026-01-05 09:24:26,ZKL1192,email_attachment
2026-01-05 09:33:18,SJN3046,email_attachment
2026-01-05 09:39:05,HWZ1536,email_attachment
2026-01-05 09:43:15,BDJ2914,email_attachment
2026-01-05 09:43:24,ALS8032,email_attachment
2026-01-05 09:46:57,UKN2629,email_attachment
2026-01-05 09:49:09,JDY4897,email_attachment
2026-01-05 09:51:06,KHF6510,email_attachment
2026-01-05 09:52:49,UJY8631,email_attachment
2026-01-05 09:54:30,DXE3664,email_attachment
2026-01-05 09:54:36,TNQ7412,email_attachment
2026-01-05 09:55:53,GHQ3847,email_attachment
2026-01-05 09:56:01,PFJ2803,email_attachment
2026-01-05 09:58:49,KVS9522,email_attachment
2026-01-05 09:59:00,PRH8587,email_attachment
2026-01-05 09:59:02,KLZ7303,email_attachment
2026-01-05 10:00:05,ZUM4588,email_attachment
2026-01-05 10:01:19,HSU2212,external_upload
2026-01-05 10:01:55,NCS6343,email_attachment
2026-01-05 10:02:51,FGQ3884,email_attachment
2026-01-05 10:03:02,RJF0501,email_attachment
2026-01-05 10:05:15,XTM0397,email_attachment
2026-01-05 10:06:38,XRQ5503,email_attachment
2026-01-05 10:07:36,PBH2552,external_upload
2026-01-05 10:09:46,UDZ3030,email_attachment
2026-01-05 10:10:16,KBH1111,email_attachment
2026-01-05 10:11:44,JNB7620,email_attachment
2026-01-05 10:18:24,LMY5094,email_attachment
2026-01-05 10:18:48,XYA5835,usb_connect
2026-01-05 10:19:55,BRC6957,email_attachment
2026-01-05 10:22:44,WGH9186,email_attachment
2026-01-05 10:23:31,SMF2572,email_attachment
2026-01-05 10:24:03,KLP0024,email_attachment
2026-01-05 10:26:16,WQC0866,email_attachment
2026-01-05 10:28:51,PMJ2575,email_attachment
2026-01-05 10:30:38,XVL9516,email_attachment
2026-01-05 10:32:05,KBZ0887,email_attachment
2026-01-05 10:33:25,QCJ4335,email_attachment
2026-01-05 10:37:32,CCJ4180,email_attachment
2026-01-05 10:38:48,ZZA4587,email_attachment
2026-01-05 10:39:03,VYC8658,email_attachment
2026-01-05 10:40:57,RQE5788,email_attachment
2026-01-05 10:41:39,ELX7360,email_attachment
2026-01-05 10:45:01,NMG2401,email_attachment
2026-01-05 10:49:27,ZJV8865,email_attachment
2026-01-05 10:51:03,PMT8929,email_attachment
2026-01-05 10:51:16,FVG6519,email_attachment
2026-01-05 10:53:34,AFK9429,email_attachment
2026-01-05 10:54:17,HXH2947,email_attachment
2026-01-05 10:54:30,WYG9423,email_attachment
2026-01-05 10:54:41,HDS8884,email_attachment
2026-01-05 10:55:57,ZUU9989,email_attachment
2026-01-05 10:57:07,CCS8327,email_attachment
2026-01-05 11:01:51,WZQ9342,external_upload
2026-01-05 11:02:43,DJF2928,email_attachment
2026-01-05 11:03:05,NCR2209,email_attachment
2026-01-05 11:07:03,PBG2200,email_attachment
2026-01-05 11:07:06,WTK1910,email_attachment
2026-01-05 11:09:32,FAJ7200,email_attachment
2026-01-05 11:10:09,CSB7056,email_attachment
2026-01-05 11:12:09,ZAD3041,email_attachment
2026-01-05 11:12:54,TZX0052,email_attachment
2026-01-05 11:14:19,UQX0155,email_attachment
2026-01-05 11:15:23,TMZ3304,email_attachment
2026-01-05 11:17:33,PDT8522,email_attachment
2026-01-05 11:22:04,LQL0537,email_attachment
2026-01-05 11:22:28,KMC7017,email_attachment
2026-01-05 11:25:11,VKV9371,email_attachment
2026-01-05 11:28:02,HNZ8008,email_attachment
2026-01-05 11:28:27,JAZ7167,email_attachment
2026-01-05 11:34:22,LRJ0183,email_attachment
2026-01-05 11:37:31,JYU4145,email_attachment
2026-01-05 11:38:08,EXP0252,email_attachment
2026-01-05 11:38:57,LCK9948,email_attachment
2026-01-05 11:44:15,FFK3907,email_attachment
2026-01-05 11:45:59,SVK8051,email_attachment
2026-01-05 11:53:40,SLV6160,email_attachment
2026-01-05 11:54:08,LQR5886,email_attachment
2026-01-05 11:56:21,GTD1289,email_attachment
2026-01-05 11:57:15,LYP2797,email_attachment
2026-01-05 11:58:57,VXH2095,email_attachment
2026-01-05 11:59:54,KLN6982,usb_connect
2026-01-05 12:02:59,WRQ6754,email_attachment
2026-01-05 12:07:27,YJP1704,email_attachment
2026-01-05 12:08:59,DKN8106,email_attachment
2026-01-05 12:12:18,ZPM1121,email_attachment
2026-01-05 12:13:06,HQD9108,email_attachment
2026-01-05 12:16:30,RJF0501,external_upload
2026-01-05 12:23:58,SGQ6755,email_attachment
2026-01-05 12:28:42,AAD3954,email_attachment
2026-01-05 12:29:28,QWV1502,email_attachment
2026-01-05 12:34:46,UEY0965,email_attachment
2026-01-05 12:39:20,JWU4729,email_attachment
2026-01-05 12:40:11,HEP4992,email_attachment
2026-01-05 12:43:28,KRS4164,email_attachment
2026-01-05 12:45:53,ADE0330,email_attachment
2026-01-05 12:52:54,GCN5908,email_attachment
2026-01-05 12:54:30,YTW4996,email_attachment
2026-01-05 12:54:35,HLJ1034,email_attachment
2026-01-05 12:55:42,XHC8462,email_attachment
2026-01-05 12:56:37,RCD1239,email_attachment
2026-01-05 13:03:28,FHF0974,email_attachment
2026-01-05 13:03:46,HKB6535,email_attachment
2026-01-05 13:04:03,LXN4389,email_attachment
2026-01-05 13:04:33,JRG9460,email_attachment
2026-01-05 13:08:11,KDJ0200,external_upload
2026-01-05 13:16:58,QGN4889,external_upload
2026-01-05 13:17:07,GMA8519,email_attachment
2026-01-05 13:18:22,EXR3425,email_attachment
2026-01-05 13:18:31,LQN1265,email_attachment
2026-01-05 13:20:20,XYZ5709,email_attachment
2026-01-05 13:21:39,WDQ5874,email_attachment
2026-01-05 13:22:45,PVN2212,email_attachment
2026-01-05 13:26:11,QAU0816,email_attachment
2026-01-05 13:27:39,RVJ4834,email_attachment
2026-01-05 13:33:19,FZE5041,email_attachment
2026-01-05 13:36:42,YEA8551,external_upload
2026-01-05 13:42:25,ZXP2806,email_attachment
2026-01-05 13:44:54,YRT1492,email_attachment
2026-01-05 13:47:40,YWJ4356,email_attachment
2026-01-05 13:48:40,QLT1421,email_attachment
2026-01-05 13:49:36,QDN2660,email_attachment
2026-01-05 13:54:31,FWS7950,email_attachment
2026-01-05 13:54:58,TKK6517,email_attachment
2026-01-05 13:57:54,KYD1776,email_attachment
2026-01-05 14:12:03,RSX1179,email_attachment
2026-01-05 14:21:47,YDR6958,email_attachment
2026-01-05 14:46:48,HLH4250,email_attachment
2026-01-05 14:59:51,MED2542,email_attachment
2026-01-05 15:07:46,LEY0669,email_attachment
2026-01-05 15:23:53,HYU2698,email_attachment
2026-01-05 15:38:07,KXD0078,email_attachment
2026-01-05 15:54:02,RLL7595,external_upload
2026-01-05 16:54:58,NAF6431,email_attachment
2026-01-05 17:13:06,THK0416,email_attachment
2026-01-05 17:22:03,JEZ2409,email_attachment
2026-01-05 17:23:37,UKK9924,email_attachment
2026-01-05 17:25:01,GXS8307,email_attachment
2026-01-05 17:48:43,ZHY2106,email_attachment
2026-01-05 18:22:43,QWM5245,email_attachment
2026-01-05 18:55:52,HYL3094,email_attachment
2026-01-06 07:06:06,AMT3951,email_attachment
2026-01-06 07:06:20,XXK4064,email_attachment
2026-01-06 07:20:11,LSK8578,email_attachment
2026-01-06 07:22:19,TXG5620,external_upload
2026-01-06 07:27:21,GXQ4234,email_attachment
2026-01-06 08:02:53,GCA3290,email_attachment
2026-01-06 08:07:58,NLG8390,email_attachment
2026-01-06 08:28:31,TWT6397,email_attachment
2026-01-06 08:30:02,VLD0014,email_attachment
2026-01-06 08:31:15,QKS9196,email_attachment
2026-01-06 08:49:27,AHP2632,email_attachment
2026-01-06 08:53:20,RNL4426,email_attachment
2026-01-06 08:54:39,SHS7915,email_attachment
2026-01-06 08:56:11,WBK2271,email_attachment
2026-01-06 08:56:46,ZZR0672,email_attachment
2026-01-06 09:14:14,EMZ5921,email_attachment
2026-01-06 09:16:30,DPN5279,external_upload
2026-01-06 09:17:44,MPG6197,email_attachment
2026-01-06 09:28:25,GXX6793,email_attachment
2026-01-06 09:29:20,DDM6212,email_attachment
2026-01-06 09:34:16,FYA1434,email_attachment
2026-01-06 09:34:48,VME9953,email_attachment
2026-01-06 09:38:01,PJM7982,email_attachment
2026-01-06 09:40:22,CDJ5646,email_attachment
2026-01-06 09:41:12,UYH3482,email_attachment
2026-01-06 09:43:36,UQU4319,external_upload
2026-01-06 09:51:20,SPJ4788,email_attachment
2026-01-06 09:52:03,JGB0064,email_attachment
2026-01-06 09:52:48,HQS6029,email_attachment
2026-01-06 09:53:57,NME3935,email_attachment
2026-01-06 09:57:51,RQE5788,external_upload
2026-01-06 09:57:54,FVX0860,email_attachment
2026-01-06 10:00:21,SJN3046,email_attachment
2026-01-06 10:01:34,EFE0724,email_attachment
2026-01-06 10:04:55,XYY9723,email_attachment
2026-01-06 10:06:03,TPW6281,email_attachment
2026-01-06 10:06:54,TNE2852,email_attachment
2026-01-06 10:14:05,HUD1777,external_upload
2026-01-06 10:15:47,AQD8170,external_upload
2026-01-06 10:18:26,SGQ6755,email_attachment
2026-01-06 10:20:28,JFK1870,email_attachment
2026-01-06 10:23:54,JSS6150,email_attachment
2026-01-06 10:25:19,LCB1568,email_attachment
2026-01-06 10:27:14,UCQ6477,external_upload
2026-01-06 10:27:45,AWE2423,email_attachment
2026-01-06 10:29:35,XWB0313,email_attachment
2026-01-06 10:29:53,AXY2263,email_attachment
2026-01-06 10:33:02,VBV3674,email_attachment
2026-01-06 10:39:11,UUP0066,email_attachment
2026-01-06 10:43:19,ZUM4588,email_attachment
2026-01-06 10:44:02,QTN7519,email_attachment
2026-01-06 10:44:21,ZHU0615,email_attachment
2026-01-06 10:45:52,AAD3954,email_attachment
2026-01-06 10:47:40,LAH1595,email_attachment
2026-01-06 10:51:03,XLD3365,email_attachment
2026-01-06 10:57:16,TLX2731,external_upload
2026-01-06 10:57:35,PPN1181,external_upload
2026-01-06 11:04:44,MJM5790,email_attachment
2026-01-06 11:05:21,SRD9645,email_attachment
2026-01-06 11:05:45,MMX3144,email_attachment
2026-01-06 11:16:28,GQM3009,email_attachment
2026-01-06 11:17:15,FAA5368,email_attachment
2026-01-06 11:17:41,WFK1303,email_attachment
2026-01-06 11:18:44,XDY0096,email_attachment
2026-01-06 11:21:09,SGG1149,usb_connect
2026-01-06 11:24:11,EEE0834,email_attachment
2026-01-06 11:25:17,SKH1422,email_attachment
2026-01-06 11:25:51,EUE6872,email_attachment
2026-01-06 11:27:45,CBE8145,email_attachment
2026-01-06 11:31:34,RBE2056,email_attachment
2026-01-06 11:32:36,YMQ0646,email_attachment
2026-01-06 11:47:55,VYB4200,usb_connect
2026-01-06 11:48:56,UNG0275,email_attachment
2026-01-06 11:54:19,NLR0262,email_attachment
2026-01-06 11:55:40,CGF8722,email_attachment
2026-01-06 11:57:21,KSM1848,email_attachment
2026-01-06 11:58:31,PQW6333,email_attachment
2026-01-06 12:01:33,CBQ4454,email_attachment
2026-01-06 12:01:50,AKG3234,email_attachment
2026-01-06 12:04:05,HHD9083,email_attachment
2026-01-06 12:09:06,FTB2147,email_attachment
2026-01-06 12:10:05,KYD1776,usb_connect
2026-01-06 12:10:20,KLN6982,email_attachment
2026-01-06 12:12:09,YFA5069,email_attachment
2026-01-06 12:18:22,PMD5808,email_attachment
2026-01-06 12:19:09,EMY0546,email_attachment
2026-01-06 12:25:44,UTP4301,email_attachment
2026-01-06 12:32:26,ANC8004,email_attachment
2026-01-06 12:38:09,MSJ4788,email_attachment
2026-01-06 12:41:30,APW9990,email_attachment
2026-01-06 12:49:59,EYU6957,email_attachment
2026-01-06 12:50:17,GRQ2954,email_attachment
2026-01-06 12:53:13,KDJ0200,email_attachment
2026-01-06 12:55:27,SMF2572,email_attachment
2026-01-06 12:58:13,DDZ1774,email_attachment
2026-01-06 13:02:24,LZM5214,email_attachment
2026-01-06 13:03:31,USY9492,email_attachment
2026-01-06 13:05:32,TJX7065,external_upload
2026-01-06 13:05:38,PNS6712,email_attachment
2026-01-06 13:07:32,JVN9713,email_attachment
2026-01-06 13:08:22,MSW7113,email_attachment
2026-01-06 13:10:04,HRC2558,email_attachment
2026-01-06 13:20:13,UYA1901,email_attachment
2026-01-06 13:23:36,REB6617,email_attachment
2026-01-06 13:26:42,LXZ8609,email_attachment
2026-01-06 13:27:41,PPT0631,email_attachment
2026-01-06 13:30:23,EFJ1543,email_attachment
2026-01-06 13:33:00,TZU4501,email_attachment
2026-01-06 13:36:27,VPM8632,email_attachment
2026-01-06 13:38:27,BTU7896,email_attachment
2026-01-06 13:45:43,SZM2079,email_attachment
2026-01-06 13:50:33,KKW9426,email_attachment
2026-01-06 13:52:02,MPR8653,email_attachment
2026-01-06 13:53:36,FPV8534,external_upload
2026-01-06 13:55:43,FHC5061,email_attachment
2026-01-06 14:04:53,ZMU4248,external_upload
2026-01-06 14:50:06,HUX0645,usb_connect
2026-01-06 15:24:09,LLZ7844,email_attachment
2026-01-06 16:01:57,AUD9365,email_attachment
2026-01-06 16:25:18,SYH1622,email_attachment
2026-01-06 16:54:46,PAJ6400,email_attachment
2026-01-06 17:09:01,EKA2417,email_attachment
2026-01-06 18:23:42,JED1399,email_attachment
2026-01-06 18:54:41,KXD0078,email_attachment
2026-01-07 06:57:05,CGR6865,email_attachment
2026-01-07 07:27:25,FPH2619,email_attachment
2026-01-07 07:33:59,QPN4528,email_attachment
2026-01-07 08:14:13,ABK1532,email_attachment
2026-01-07 08:21:54,CST4793,email_attachment
2026-01-07 08:37:43,ANC8004,email_attachment
2026-01-07 08:43:50,HDT4060,email_attachment
2026-01-07 08:44:54,FFV1864,email_attachment
2026-01-07 08:48:02,UEP3443,email_attachment
2026-01-07 08:48:41,ASJ5787,external_upload
2026-01-07 08:56:43,JNV0867,external_upload
2026-01-07 09:00:53,HFN9307,email_attachment
2026-01-07 09:03:27,UXD0306,email_attachment
2026-01-07 09:05:00,VXJ5240,email_attachment
2026-01-07 09:12:21,KHB9148,email_attachment
2026-01-07 09:17:11,KCF6129,email_attachment
2026-01-07 09:22:26,YGG5201,email_attachment
2026-01-07 09:25:12,AMT3951,email_attachment
2026-01-07 09:35:05,RNS1506,email_attachment
2026-01-07 09:35:39,EWC1412,email_attachment
2026-01-07 09:36:09,ZKC8052,external_upload
2026-01-07 09:37:44,KVF2705,email_attachment
2026-01-07 09:37:46,KYJ2437,email_attachment
2026-01-07 09:42:09,LCU3989,email_attachment
2026-01-07 09:42:26,WHA4844,email_attachment
2026-01-07 09:42:32,RYG9568,email_attachment
2026-01-07 09:42:57,SKH1422,email_attachment
2026-01-07 09:50:14,KUH9424,email_attachment
2026-01-07 09:53:38,ELX7360,email_attachment
2026-01-07 10:02:14,CUR2946,email_attachment
2026-01-07 10:02:50,SMG3942,email_attachment
2026-01-07 10:06:19,EBC4994,email_attachment
2026-01-07 10:07:00,MSW7113,email_attachment
2026-01-07 10:07:16,EVE9861,email_attachment
2026-01-07 10:09:58,UUX8159,email_attachment
2026-01-07 10:09:59,FRD7881,email_attachment
2026-01-07 10:12:02,BMC3336,email_attachment
2026-01-07 10:12:22,JEV3007,email_attachment
2026-01-07 10:13:04,RLL0589,email_attachment
2026-01-07 10:16:06,CCS8327,email_attachment
2026-01-07 10:18:22,FTD0398,email_attachment
2026-01-07 10:19:06,BZC7950,email_attachment
2026-01-07 10:20:43,ETJ1562,email_attachment
2026-01-07 10:21:23,LSK8578,email_attachment
2026-01-07 10:21:48,EUM2584,email_attachment
2026-01-07 10:29:39,BXJ9998,email_attachment
2026-01-07 10:32:49,WSP7770,email_attachment
2026-01-07 10:36:15,SFX9426,email_attachment
2026-01-07 10:39:43,KAN7127,email_attachment
2026-01-07 10:42:12,WEP3010,email_attachment
2026-01-07 10:42:45,FLU6438,email_attachment
2026-01-07 10:46:46,PQW6333,email_attachment
2026-01-07 10:50:04,MJL7606,email_attachment
2026-01-07 10:52:24,BMC8908,email_attachment
2026-01-07 10:53:16,DHT3461,email_attachment
2026-01-07 10:58:20,ZMK0606,email_attachment
2026-01-07 11:03:12,ALS8032,email_attachment
2026-01-07 11:05:55,SUQ8029,email_attachment
2026-01-07 11:08:15,PSQ4717,email_attachment
2026-01-07 11:11:56,WZD7435,email_attachment
2026-01-07 11:12:17,DRV9684,email_attachment
2026-01-07 11:15:08,RLA1209,email_attachment
2026-01-07 11:16:39,EFT3587,email_attachment
2026-01-07 11:16:48,WSG6432,email_attachment
2026-01-07 11:31:28,FXU6508,email_attachment
2026-01-07 11:32:12,DNZ5078,email_attachment
2026-01-07 11:36:20,ZKL1192,email_attachment
2026-01-07 11:36:33,YAN4865,email_attachment
2026-01-07 11:39:31,JSA7385,email_attachment
2026-01-07 11:41:15,UEY0965,email_attachment
2026-01-07 11:54:39,TJL4519,email_attachment
2026-01-07 11:56:41,JJX7773,email_attachment
2026-01-07 11:57:15,AEY2241,email_attachment
2026-01-07 12:00:04,PNS6712,email_attachment
2026-01-07 12:00:53,MFH3970,email_attachment
2026-01-07 12:01:57,RPB6169,email_attachment
2026-01-07 12:03:03,LYU9776,email_attachment
2026-01-07 12:03:05,FHJ7859,email_attachment
2026-01-07 12:13:20,JQB4720,email_attachment
2026-01-07 12:14:14,EDX9440,email_attachment
2026-01-07 12:14:33,DEX6345,email_attachment
2026-01-07 12:18:00,VJS9473,email_attachment
2026-01-07 12:18:00,XPA8625,email_attachment
2026-01-07 12:22:09,YSE5930,email_attachment
2026-01-07 12:23:30,HVZ6893,email_attachment
2026-01-07 12:26:09,MUT3554,email_attachment
2026-01-07 12:29:47,QDR5644,email_attachment
2026-01-07 12:31:36,GZE8262,email_attachment
2026-01-07 12:32:09,ZNR6493,email_attachment
2026-01-07 12:35:48,RNC6937,email_attachment
2026-01-07 12:37:21,RXT9110,external_upload
2026-01-07 12:39:56,HQD9108,email_attachment
2026-01-07 12:40:49,KZU0595,email_attachment
2026-01-07 12:41:08,WQH4606,email_attachment
2026-01-07 12:42:42,ULN5586,email_attachment
2026-01-07 12:42:53,WMY3465,email_attachment
2026-01-07 12:47:15,GNA5070,email_attachment
2026-01-07 12:55:17,WZU7591,email_attachment
2026-01-07 13:00:25,BJS0189,email_attachment
2026-01-07 13:00:54,YEB9577,email_attachment
2026-01-07 13:03:38,KZL0169,email_attachment
2026-01-07 13:04:32,DBZ5792,email_attachment
2026-01-07 13:05:31,ACU9806,email_attachment
2026-01-07 13:08:53,TJP4948,email_attachment
2026-01-07 13:14:14,EXR0869,email_attachment
2026-01-07 13:15:39,JCT2106,email_attachment
2026-01-07 13:16:10,NRA8457,email_attachment
2026-01-07 13:16:23,JCN9287,email_attachment
2026-01-07 13:16:42,LKZ9027,email_attachment
2026-01-07 13:17:59,NCU9337,email_attachment
2026-01-07 13:19:37,BFF9449,email_attachment
2026-01-07 13:37:15,MCE2511,email_attachment
2026-01-07 13:43:22,URQ8735,email_attachment
2026-01-07 13:44:24,GTK1590,email_attachment
2026-01-07 13:44:26,WNK3585,email_attachment
2026-01-07 13:45:18,WJJ3459,email_attachment
2026-01-07 13:47:40,GYE0667,email_attachment
2026-01-07 13:56:27,AMG2238,email_attachment
2026-01-07 15:11:21,BCA8693,email_attachment
2026-01-07 15:53:27,NQZ4801,email_attachment
2026-01-07 16:01:41,VVG9350,email_attachment
2026-01-07 16:47:26,LFM0357,email_attachment
2026-01-07 17:02:26,JSQ3890,external_upload
2026-01-07 17:11:49,XSM9395,external_upload
2026-01-07 17:15:44,FSK9241,email_attachment
2026-01-07 17:17:03,EZH0707,email_attachment
2026-01-07 17:56:28,MYB1326,email_attachment
2026-01-07 17:56:39,SYH1622,email_attachment
2026-01-07 18:14:22,MVK9589,email_attachment
2026-01-07 18:30:59,GPG7115,email_attachment
2026-01-07 19:12:19,WKR1017,external_upload
2026-01-08 06:38:45,PXF1684,email_attachment
2026-01-08 07:59:35,PRU1120,email_attachment
2026-01-08 08:02:55,EBR0860,external_upload
2026-01-08 08:10:13,JYE3282,email_attachment
2026-01-08 08:22:20,XBW4718,email_attachment
2026-01-08 08:34:42,XXA2565,email_attachment
2026-01-08 08:51:41,VXJ5240,email_attachment
2026-01-08 08:54:20,MSV4399,email_attachment
2026-01-08 09:02:55,GMQ6392,email_attachment
2026-01-08 09:03:38,JEV3007,email_attachment
2026-01-08 09:09:17,JKC0234,email_attachment
2026-01-08 09:15:56,TMZ3304,email_attachment
2026-01-08 09:18:03,RXT9110,email_attachment
2026-01-08 09:19:20,YJC5459,email_attachment
2026-01-08 09:20:14,WQL8707,email_attachment
2026-01-08 09:24:03,TCP3554,email_attachment
2026-01-08 09:26:36,BAS9086,email_attachment
2026-01-08 09:35:48,MFH3970,email_attachment
2026-01-08 09:36:25,KXG6499,email_attachment
2026-01-08 09:40:30,NNF5986,email_attachment
2026-01-08 09:41:13,PHK3119,email_attachment
2026-01-08 09:42:10,CNT2141,email_attachment
2026-01-08 09:42:56,VUU0128,email_attachment
2026-01-08 09:44:54,YEL9905,external_upload
2026-01-08 09:46:19,LSN9254,email_attachment
2026-01-08 09:50:19,MHX0037,email_attachment
2026-01-08 09:56:56,PDT8522,external_upload
2026-01-08 09:59:35,DSD1676,email_attachment
2026-01-08 10:00:01,PNM6398,email_attachment
2026-01-08 10:01:52,XGE6775,email_attachment
2026-01-08 10:03:58,PSQ4717,email_attachment
2026-01-08 10:08:24,JCZ9974,email_attachment
2026-01-08 10:08:33,FVT5025,email_attachment
2026-01-08 10:09:32,SZU0525,email_attachment
2026-01-08 10:12:55,AGX2877,email_attachment
2026-01-08 10:12:58,LWY2367,email_attachment
2026-01-08 10:14:58,PUH7781,email_attachment
2026-01-08 10:15:14,JUU7757,email_attachment
2026-01-08 10:17:28,FMJ5549,email_attachment
2026-01-08 10:18:20,WQC7071,email_attachment
2026-01-08 10:19:55,QGQ9398,email_attachment
2026-01-08 10:22:51,GRM4321,email_attachment
2026-01-08 10:24:20,KHQ4432,usb_connect
2026-01-08 10:24:33,DCJ2497,email_attachment
2026-01-08 10:25:28,FXU6508,email_attachment
2026-01-08 10:25:34,TEZ8512,email_attachment
2026-01-08 10:26:06,RVG2870,email_attachment
2026-01-08 10:28:04,ZLQ1264,email_attachment
2026-01-08 10:30:03,DVB7034,email_attachment
2026-01-08 10:30:07,DKK2039,email_attachment
2026-01-08 10:34:19,JJC4744,email_attachment
2026-01-08 10:38:08,MJQ0726,email_attachment
2026-01-08 10:39:31,ZLF7328,email_attachment
2026-01-08 10:40:22,MKD7818,email_attachment
2026-01-08 10:40:46,EUM2584,external_upload
2026-01-08 10:41:46,JQB8686,email_attachment
2026-01-08 10:43:22,MAN5960,email_attachment
2026-01-08 10:44:52,TQG3186,email_attachment
2026-01-08 10:45:00,QTM2961,email_attachment
2026-01-08 10:47:16,CDM9834,email_attachment
2026-01-08 10:47:47,PUD8038,email_attachment
2026-01-08 10:48:50,RNP3279,email_attachment
2026-01-08 10:51:50,YRT1492,email_attachment
2026-01-08 10:53:03,YGU2995,email_attachment
2026-01-08 10:53:52,RZH8934,email_attachment
2026-01-08 10:54:59,WYQ0257,email_attachment
2026-01-08 10:56:20,CFT8853,email_attachment
2026-01-08 10:57:46,NYC3644,email_attachment
2026-01-08 10:58:07,DRJ2995,email_attachment
2026-01-08 10:58:17,FYW5995,external_upload
2026-01-08 10:58:32,HDN8462,external_upload
2026-01-08 10:58:46,JUZ1834,external_upload
2026-01-08 11:00:36,XEY1384,email_attachment
2026-01-08 11:02:33,MXF0245,email_attachment
2026-01-08 11:07:14,BNJ6311,email_attachment
2026-01-08 11:09:37,MLP4344,email_attachment
2026-01-08 11:10:55,KUH9424,email_attachment
2026-01-08 11:11:49,PFM8725,email_attachment
2026-01-08 11:12:32,EZT3212,email_attachment
2026-01-08 11:14:03,HYK2871,usb_connect
2026-01-08 11:14:24,FFK3907,email_attachment
2026-01-08 11:16:51,PDG5421,email_attachment
2026-01-08 11:16:53,MHX3186,email_attachment
2026-01-08 11:17:55,BQV8037,email_attachment
2026-01-08 11:23:54,SPK8158,email_attachment
2026-01-08 11:25:29,VNK6291,email_attachment
2026-01-08 11:27:34,QLB1108,email_attachment
2026-01-08 11:33:44,NDL3725,email_attachment
2026-01-08 11:34:11,JGS3000,email_attachment
2026-01-08 11:34:14,XAA1174,email_attachment
2026-01-08 11:34:35,XFS4277,email_attachment
2026-01-08 11:34:53,GCN5908,email_attachment
2026-01-08 11:35:25,MJM5790,email_attachment
2026-01-08 11:39:42,AYV5603,email_attachment
2026-01-08 11:40:39,HLE8534,email_attachment
2026-01-08 11:44:29,SMF2572,email_attachment
2026-01-08 11:45:22,FTT6242,email_attachment
2026-01-08 11:46:34,WZM1211,email_attachment
2026-01-08 11:50:27,XKZ3308,email_attachment
2026-01-08 11:50:46,MJD5091,external_upload
2026-01-08 11:51:01,WWV0479,email_attachment
2026-01-08 12:02:33,FPZ7336,email_attachment
2026-01-08 12:02:51,VRM4862,email_attachment
2026-01-08 12:03:59,PXE9068,email_attachment
2026-01-08 12:05:40,SUQ0985,email_attachment
2026-01-08 12:08:46,QDR5644,email_attachment
2026-01-08 12:15:30,VZM3725,email_attachment
2026-01-08 12:16:47,BKQ9760,external_upload
2026-01-08 12:19:19,RWL2205,email_attachment
2026-01-08 12:21:11,ANC8004,email_attachment
2026-01-08 12:26:13,DDV4022,external_upload
2026-01-08 12:26:17,NRK0173,email_attachment
2026-01-08 12:29:07,UJM1032,email_attachment
2026-01-08 12:31:49,FPS7859,email_attachment
2026-01-08 12:34:56,VLD0014,email_attachment
2026-01-08 12:35:30,FUC3570,email_attachment
2026-01-08 12:41:02,DAZ1017,email_attachment
2026-01-08 12:41:32,JSA7385,email_attachment
2026-01-08 12:42:52,NWC4997,external_upload
2026-01-08 12:44:13,KYJ2437,email_attachment
2026-01-08 12:45:02,SMG3942,email_attachment
2026-01-08 12:50:45,EDJ2298,external_upload
2026-01-08 12:52:21,SLQ3295,email_attachment
2026-01-08 12:52:46,JHB0982,email_attachment
2026-01-08 12:58:30,BZR9273,email_attachment
2026-01-08 13:00:54,MZA4275,email_attachment
2026-01-08 13:01:51,YML8814,email_attachment
2026-01-08 13:03:31,JNQ3318,email_attachment
2026-01-08 13:07:55,KFA0115,email_attachment
2026-01-08 13:08:04,LSM9484,email_attachment
2026-01-08 13:09:07,KZU0595,email_attachment
2026-01-08 13:15:12,PWT2372,email_attachment
2026-01-08 13:15:38,HFA2536,email_attachment
2026-01-08 13:28:20,HQD9108,email_attachment
2026-01-08 13:32:51,FTC7060,email_attachment
2026-01-08 13:54:35,XEK4282,email_attachment
2026-01-08 13:58:20,ZKU3851,email_attachment
2026-01-08 14:03:10,ARW8743,email_attachment
2026-01-08 15:05:08,GCD7223,email_attachment
2026-01-08 15:36:46,JWF7936,email_attachment
2026-01-08 17:18:42,AQA7238,email_attachment
2026-01-08 17:45:37,CLW3536,email_attachment
2026-01-08 17:56:54,RYS4688,email_attachment
2026-01-08 18:13:33,BHH6500,external_upload
2026-01-08 18:14:20,SXZ6117,email_attachment
2026-01-08 18:15:13,PNX1881,email_attachment
2026-01-08 18:21:40,PHE1554,email_attachment
2026-01-08 19:20:06,ATN8458,email_attachment
2026-01-09 06:43:29,XFK4688,email_attachment
2026-01-09 07:16:14,UXD8068,email_attachment
2026-01-09 07:41:58,WSP7770,email_attachment
2026-01-09 07:47:21,UUU7336,email_attachment
2026-01-09 08:03:56,JDL6872,email_attachment
2026-01-09 08:04:40,PGM4497,email_attachment
2026-01-09 08:19:45,NUM6882,email_attachment
2026-01-09 08:21:51,KDY7383,email_attachment
2026-01-09 08:53:32,LVJ1007,email_attachment
2026-01-09 09:00:13,WHA4844,external_upload
2026-01-09 09:08:19,BES5832,email_attachment
2026-01-09 09:10:32,XSB1345,email_attachment
2026-01-09 09:11:38,YDD4870,email_attachment
2026-01-09 09:13:48,EDX0830,email_attachment
2026-01-09 09:15:20,PRN9467,email_attachment
2026-01-09 09:16:14,SBE6209,email_attachment
2026-01-09 09:24:15,HXL1791,email_attachment
2026-01-09 09:25:48,ANC8004,external_upload
2026-01-09 09:30:34,ZAD3041,email_attachment
2026-01-09 09:31:50,AGK7687,email_attachment
2026-01-09 09:31:54,NRG1360,email_attachment
2026-01-09 09:33:42,VZR3053,email_attachment
2026-01-09 09:42:07,NSQ4495,external_upload
2026-01-09 09:43:56,JGB0064,email_attachment
2026-01-09 09:45:38,FAB6246,email_attachment
2026-01-09 09:51:02,BDD2486,email_attachment
2026-01-09 09:53:49,UPL0578,email_attachment
2026-01-09 10:02:15,KZW1655,email_attachment
2026-01-09 10:03:06,LQN7970,external_upload
2026-01-09 10:05:32,GHW1878,email_attachment
2026-01-09 10:08:07,QPA7343,email_attachment
2026-01-09 10:08:13,CFV6297,email_attachment
2026-01-09 10:16:03,UHY5838,email_attachment
2026-01-09 10:18:13,MCM4583,email_attachment
2026-01-09 10:18:44,HBB3944,email_attachment
2026-01-09 10:18:57,XEP1569,email_attachment
2026-01-09 10:19:32,XPG0614,email_attachment
2026-01-09 10:23:13,CHE2136,email_attachment
2026-01-09 10:24:27,DVB7034,usb_connect
2026-01-09 10:26:52,XFS4277,email_attachment
2026-01-09 10:28:19,EPC6113,external_upload
2026-01-09 10:28:55,PLP3673,email_attachment
2026-01-09 10:29:29,XRP2947,email_attachment
2026-01-09 10:29:47,FFL5038,email_attachment
2026-01-09 10:29:54,TDM1734,email_attachment
2026-01-09 10:31:05,KRB4673,email_attachment
2026-01-09 10:32:14,EQJ3213,email_attachment
2026-01-09 10:32:42,YUQ8189,email_attachment
2026-01-09 10:35:20,PBG2200,email_attachment
2026-01-09 10:35:32,DDL7713,email_attachment
2026-01-09 10:36:37,DTW2539,email_attachment
2026-01-09 10:37:59,SUF2908,email_attachment
2026-01-09 10:38:09,MPN9504,email_attachment
2026-01-09 10:42:57,FHR9973,email_attachment
2026-01-09 10:43:24,EMZ5921,email_attachment
2026-01-09 10:48:01,RRJ2491,external_upload
2026-01-09 10:50:23,TEM1066,email_attachment
2026-01-09 10:51:36,JHW6568,email_attachment
2026-01-09 10:56:05,SJW7363,email_attachment
2026-01-09 10:56:42,PZE6595,external_upload
2026-01-09 10:59:09,HQK3324,email_attachment
2026-01-09 11:01:08,TPW6281,email_attachment
2026-01-09 11:02:09,TEE2171,email_attachment
2026-01-09 11:05:46,MWQ7682,email_attachment
2026-01-09 11:08:12,SNY9928,email_attachment
2026-01-09 11:08:27,RQV1932,email_attachment
2026-01-09 11:10:09,CST4793,email_attachment
2026-01-09 11:11:48,QDB3652,email_attachment
2026-01-09 11:14:32,YDS0481,email_attachment
2026-01-09 11:14:45,YJP1704,email_attachment
2026-01-09 11:16:12,GKJ3785,email_attachment
2026-01-09 11:25:23,NUT6859,email_attachment
2026-01-09 11:34:55,GCH8602,email_attachment
2026-01-09 11:37:19,AFH4934,email_attachment
2026-01-09 11:44:28,XLK1677,email_attachment
2026-01-09 11:46:20,AKG3234,email_attachment
2026-01-09 11:47:33,NFE6544,email_attachment
2026-01-09 11:50:28,BQG7179,email_attachment
2026-01-09 11:54:16,XLL6759,email_attachment
2026-01-09 11:54:55,DXE3664,email_attachment
2026-01-09 11:59:30,AJM2807,email_attachment
2026-01-09 12:01:48,ZJG3303,email_attachment
2026-01-09 12:03:22,EWE2142,email_attachment
2026-01-09 12:05:35,BLW7802,email_attachment
2026-01-09 12:07:50,LCE0048,email_attachment
2026-01-09 12:08:27,EDT4917,email_attachment
2026-01-09 12:08:27,SJN3046,email_attachment
2026-01-09 12:13:03,UHH4524,email_attachment
2026-01-09 12:14:54,ZKA7775,email_attachment
2026-01-09 12:15:22,ATS4072,email_attachment
2026-01-09 12:16:38,PXE9068,email_attachment
2026-01-09 12:19:52,QQJ6766,email_attachment
2026-01-09 12:22:16,XQJ3258,email_attachment
2026-01-09 12:23:56,HVZ6893,email_attachment
2026-01-09 12:24:42,RCW3682,email_attachment
2026-01-09 12:24:50,FYV5190,external_upload
2026-01-09 12:25:11,YSA9883,email_attachment
2026-01-09 12:25:46,FVT5025,email_attachment
2026-01-09 12:28:10,VQH6167,email_attachment
2026-01-09 12:33:01,ADV1511,email_attachment
2026-01-09 12:40:03,BCL5970,email_attachment
2026-01-09 12:40:54,TZU4501,email_attachment
2026-01-09 12:42:06,KJA5482,email_attachment
2026-01-09 12:43:07,UPL0578,external_upload
2026-01-09 12:44:02,GLN5250,email_attachment
2026-01-09 12:47:37,XLU2700,email_attachment
2026-01-09 12:56:58,AAD3954,external_upload
2026-01-09 13:01:51,KYD1776,email_attachment
2026-01-09 13:05:10,QDN2660,email_attachment
2026-01-09 13:08:29,KVE6797,email_attachment
2026-01-09 13:10:17,NTR2952,email_attachment
2026-01-09 13:13:00,BZC7950,email_attachment
2026-01-09 13:13:27,TQG3186,email_attachment
2026-01-09 13:16:11,NWE6943,email_attachment
2026-01-09 13:25:53,GNA5070,email_attachment
2026-01-09 13:34:03,ASX1419,email_attachment
2026-01-09 13:36:16,ALS5650,email_attachment
2026-01-09 13:40:23,MAH8506,email_attachment
2026-01-09 13:40:45,XVL9516,email_attachment
2026-01-09 13:46:17,UMW0726,email_attachment
2026-01-09 13:47:39,ZPQ8314,email_attachment
2026-01-09 13:54:36,UKN0534,external_upload
2026-01-09 14:01:59,FKD3736,email_attachment
2026-01-09 14:02:35,WLP3029,email_attachment
2026-01-09 14:06:38,MJH8260,email_attachment
2026-01-09 14:43:02,TTT4652,email_attachment
2026-01-09 14:48:45,VVG9350,email_attachment
2026-01-09 14:56:54,NCR5141,external_upload
2026-01-09 15:32:24,CEG0096,email_attachment
2026-01-09 15:42:13,JBR9641,email_attachment
2026-01-09 16:02:23,PZS5578,email_attachment
2026-01-09 16:36:55,LPT7739,email_attachment
2026-01-09 16:38:23,ZRX7182,email_attachment
2026-01-09 17:12:06,PUQ5557,email_attachment
2026-01-09 17:22:30,QVW8593,email_attachment
2026-01-09 17:23:30,KCA1959,email_attachment
2026-01-09 18:44:39,UFL2774,email_attachment
2026-01-10 12:21:07,KXL4804,email_attachment
2026-01-10 15:21:35,GMK7177,email_attachment
2026-01-10 17:11:27,JYE4158,external_upload
2026-01-11 09:23:04,AKK7619,email_attachment
2026-01-11 09:32:08,PNM6398,external_upload
2026-01-11 11:37:00,KZW1655,external_upload
2026-01-12 06:17:37,CHB9042,email_attachment
2026-01-12 06:41:48,UWP6800,email_attachment
2026-01-12 06:50:37,YQJ4344,email_attachment
2026-01-12 07:13:17,DBB2553,email_attachment
2026-01-12 07:35:48,XXK4064,email_attachment
2026-01-12 08:20:02,KYD3626,email_attachment
2026-01-12 08:24:26,KHF6510,email_attachment
2026-01-12 08:47:13,QKS9196,external_upload
2026-01-12 08:50:38,TJL4519,email_attachment
2026-01-12 09:00:31,KWS9285,email_attachment
2026-01-12 09:00:48,QGQ9398,email_attachment
2026-01-12 09:04:57,ADE0330,email_attachment
2026-01-12 09:05:16,JNN7072,email_attachment
2026-01-12 09:05:42,UEP3443,email_attachment
2026-01-12 09:06:56,PHK3119,external_upload
2026-01-12 09:09:16,RQX2265,email_attachment
2026-01-12 09:11:27,DAL8893,external_upload
2026-01-12 09:15:18,XEC2112,usb_connect
2026-01-12 09:17:33,HBP7240,email_attachment
2026-01-12 09:18:35,PMD5808,email_attachment
2026-01-12 09:25:31,UKD6455,email_attachment
2026-01-12 09:26:14,DAS6696,email_attachment
2026-01-12 09:30:44,TVQ3558,email_attachment
2026-01-12 09:34:33,PLX1977,email_attachment
2026-01-12 09:40:46,DST2687,email_attachment
2026-01-12 09:54:52,RJE7048,email_attachment
2026-01-12 09:57:00,BDB1193,external_upload
2026-01-12 09:57:35,WXM4397,email_attachment
2026-01-12 09:59:50,GMG6846,email_attachment
2026-01-12 09:59:51,EJF3816,email_attachment
2026-01-12 10:01:12,TDT2911,email_attachment
2026-01-12 10:01:29,BHW7050,email_attachment
2026-01-12 10:08:55,JUP3771,email_attachment
2026-01-12 10:09:26,TAG0290,email_attachment
2026-01-12 10:11:20,QUF3361,email_attachment
2026-01-12 10:12:51,KXE5201,email_attachment
2026-01-12 10:13:31,LVJ1007,email_attachment
2026-01-12 10:15:12,GBD0220,email_attachment
2026-01-12 10:17:36,RNL9984,email_attachment
2026-01-12 10:19:13,FPK2167,email_attachment
2026-01-12 10:24:11,XNT0875,email_attachment
2026-01-12 10:27:01,WNZ8194,email_attachment
2026-01-12 10:28:28,SLW4036,external_upload
2026-01-12 10:29:14,RMA9672,email_attachment
2026-01-12 10:30:58,VUH9541,usb_connect
2026-01-12 10:32:49,ZWD2716,email_attachment
2026-01-12 10:33:14,DTW2539,email_attachment
2026-01-12 10:35:09,USB2186,email_attachment
2026-01-12 10:39:36,FXC0501,email_attachment
2026-01-12 10:40:50,TGH1943,email_attachment
2026-01-12 10:41:22,YRW9640,email_attachment
2026-01-12 10:45:04,VKV9371,email_attachment
2026-01-12 10:45:21,GGK8360,email_attachment
2026-01-12 10:45:28,XZY6637,email_attachment
2026-01-12 10:47:20,LTN9063,email_attachment
2026-01-12 10:48:05,RVW4318,email_attachment
2026-01-12 10:49:35,GCA6821,email_attachment
2026-01-12 10:50:20,YJN2204,email_attachment
2026-01-12 10:56:10,ZMT9493,email_attachment
2026-01-12 10:56:12,EDQ2066,email_attachment
2026-01-12 10:56:30,NFG5180,usb_connect
2026-01-12 10:57:03,DAZ1017,email_attachment
2026-01-12 10:57:50,XBN4913,email_attachment
2026-01-12 10:58:23,VYM2689,email_attachment
2026-01-12 11:00:05,NMG2401,email_attachment
2026-01-12 11:00:42,FFK3907,usb_connect
2026-01-12 11:05:24,ZDX6609,email_attachment
2026-01-12 11:10:05,TKK6517,email_attachment
2026-01-12 11:11:43,FET2735,email_attachment
2026-01-12 11:15:55,UUK6210,email_attachment
2026-01-12 11:18:46,XMV6673,email_attachment
2026-01-12 11:19:19,WXP4500,email_attachment
2026-01-12 11:19:52,TBZ5694,email_attachment
2026-01-12 11:20:47,CQK5506,email_attachment
2026-01-12 11:21:04,KXL4804,email_attachment
2026-01-12 11:27:15,NWJ3278,email_attachment
2026-01-12 11:29:20,QUW9085,email_attachment
2026-01-12 11:32:45,WSG6432,email_attachment
2026-01-12 11:39:52,SRD1581,usb_connect
2026-01-12 11:41:25,SGG1149,usb_connect
2026-01-12 11:44:01,TQG3186,email_attachment
2026-01-12 11:49:45,XHX3127,email_attachment
2026-01-12 11:56:53,DLN5803,email_attachment
2026-01-12 11:57:09,MAV1191,email_attachment
2026-01-12 11:57:37,ELX7360,email_attachment
2026-01-12 12:05:50,GTJ3421,email_attachment
2026-01-12 12:07:20,FGU4691,email_attachment
2026-01-12 12:11:06,GPW3461,email_attachment
2026-01-12 12:16:54,CBQ4454,email_attachment
2026-01-12 12:18:55,FGK1238,email_attachment
2026-01-12 12:19:22,CRP1610,email_attachment
2026-01-12 12:20:19,NTK2859,email_attachment
2026-01-12 12:22:10,UJW2838,email_attachment
2026-01-12 12:33:24,AXC9012,email_attachment
2026-01-12 12:45:36,PNY6570,email_attachment
2026-01-12 12:46:39,BMC3336,email_attachment
2026-01-12 12:48:12,LER8757,email_attachment
2026-01-12 12:50:20,FFV1864,email_attachment
2026-01-12 12:51:58,RZM7542,email_attachment
2026-01-12 12:52:51,JSU5299,email_attachment
2026-01-12 12:53:03,CED7289,email_attachment
2026-01-12 12:53:15,QAQ9676,email_attachment
2026-01-12 12:57:29,FKD3736,email_attachment
2026-01-12 12:57:43,ZJF2677,email_attachment
2026-01-12 12:58:23,CHE2136,email_attachment
2026-01-12 13:03:21,HEK2183,email_attachment
2026-01-12 13:12:39,GKY7969,email_attachment
2026-01-12 13:14:32,VNB1827,email_attachment
2026-01-12 13:23:48,PEE1804,email_attachment
2026-01-12 13:25:30,APP7090,email_attachment
2026-01-12 13:30:15,ZNA9483,email_attachment
2026-01-12 13:35:43,QLG0421,external_upload
2026-01-12 13:47:09,MHF4555,email_attachment
2026-01-12 13:48:36,TRW0306,email_attachment
2026-01-12 13:49:37,SVK8051,email_attachment
2026-01-12 13:51:09,FTC7060,email_attachment
2026-01-12 14:30:11,GMU4984,external_upload
2026-01-12 14:33:16,PRL8162,email_attachment
2026-01-12 14:40:06,YDR6958,usb_connect
2026-01-12 15:15:11,KXD0078,email_attachment
2026-01-12 15:16:49,VVG9350,email_attachment
2026-01-12 15:17:34,FGE5760,email_attachment
2026-01-12 15:24:14,KPY3791,email_attachment
2026-01-12 15:45:04,GYP1903,email_attachment
2026-01-12 16:27:10,FJB0676,email_attachment
2026-01-12 17:17:06,URV9227,email_attachment
2026-01-12 17:28:28,NMY8501,email_attachment
2026-01-12 17:46:18,LEY0669,email_attachment
2026-01-12 17:47:04,KGW8827,email_attachment
2026-01-12 19:02:44,BXU0879,email_attachment
2026-01-12 19:27:00,KPQ0052,email_attachment
2026-01-13 06:43:00,UWB6084,email_attachment
2026-01-13 06:53:27,ZVF2710,email_attachment
2026-01-13 06:59:16,URW1882,email_attachment
2026-01-13 07:15:43,RAR4641,email_attachment
2026-01-13 07:34:06,VTL6818,email_attachment
2026-01-13 07:35:17,WUQ1004,email_attachment
2026-01-13 08:12:48,FXS1805,email_attachment
2026-01-13 08:20:22,FLU6438,email_attachment
2026-01-13 08:36:01,PUD8038,email_attachment
2026-01-13 08:49:07,NWC4997,email_attachment
2026-01-13 08:50:03,EXA3734,email_attachment
2026-01-13 08:54:06,JSS6150,external_upload
2026-01-13 08:56:38,UJH4817,email_attachment
2026-01-13 09:02:36,VXJ5240,email_attachment
2026-01-13 09:17:05,KFS8428,email_attachment
2026-01-13 09:17:07,LLJ6063,email_attachment
2026-01-13 09:20:56,SDH1198,email_attachment
2026-01-13 09:35:26,ZQE5200,email_attachment
2026-01-13 09:40:09,ZPM1121,email_attachment
2026-01-13 09:40:42,SQU9903,email_attachment
2026-01-13 09:40:43,WPC3142,email_attachment
2026-01-13 09:47:57,DJM4868,email_attachment
2026-01-13 09:50:21,WLC0943,external_upload
2026-01-13 09:52:55,WYX0098,email_attachment
2026-01-13 09:57:15,PBM4108,email_attachment
2026-01-13 09:57:23,GBA1658,email_attachment
2026-01-13 10:01:36,FHF0974,email_attachment
2026-01-13 10:01:47,LCT4451,email_attachment
2026-01-13 10:03:06,UWH4462,email_attachment
2026-01-13 10:04:42,SCD9494,email_attachment
2026-01-13 10:05:59,FXC0501,email_attachment
2026-01-13 10:10:09,HRC2558,email_attachment
2026-01-13 10:11:52,TNM5145,email_attachment
2026-01-13 10:11:52,VYM2689,external_upload
2026-01-13 10:12:06,BQN7551,email_attachment
2026-01-13 10:12:31,YJG3414,external_upload
2026-01-13 10:25:42,YWJ4356,email_attachment
2026-01-13 10:26:04,SLQ3295,email_attachment
2026-01-13 10:26:04,UJY8631,email_attachment
2026-01-13 10:26:17,XVA6947,email_attachment
2026-01-13 10:27:51,JQS8684,email_attachment
2026-01-13 10:29:27,KUH9424,external_upload
2026-01-13 10:35:04,BGP2631,email_attachment
2026-01-13 10:37:46,XME0410,email_attachment
2026-01-13 10:41:31,WSQ7704,email_attachment
2026-01-13 10:47:07,VSW3128,email_attachment
2026-01-13 10:51:27,TXQ6972,email_attachment
2026-01-13 10:51:32,LAH1595,email_attachment
2026-01-13 10:54:14,VEF4759,email_attachment
2026-01-13 10:55:53,JMY7303,email_attachment
2026-01-13 10:57:34,WXR3966,email_attachment
2026-01-13 10:59:33,XZE2186,email_attachment
2026-01-13 11:04:57,HAW4590,email_attachment
2026-01-13 11:09:04,RSX1179,email_attachment
2026-01-13 11:15:42,NZZ9025,email_attachment
2026-01-13 11:21:48,PWL2596,external_upload
2026-01-13 11:26:22,VEF7773,email_attachment
2026-01-13 11:27:13,DZG6303,email_attachment
2026-01-13 11:27:23,AAT6431,email_attachment
2026-01-13 11:30:23,TER6346,email_attachment
2026-01-13 11:32:47,DYQ2940,email_attachment
2026-01-13 11:35:51,HMU0162,email_attachment
2026-01-13 11:37:33,NME3935,email_attachment
2026-01-13 11:41:33,XZK3985,email_attachment
2026-01-13 11:47:25,DVB7286,usb_connect
2026-01-13 11:48:39,VPP1509,email_attachment
2026-01-13 11:50:43,KFM9718,email_attachment
2026-01-13 11:57:35,YUW0130,email_attachment
2026-01-13 12:03:16,XUY0616,email_attachment
2026-01-13 12:12:26,CEL7303,email_attachment
2026-01-13 12:14:06,NMG2401,email_attachment
2026-01-13 12:19:38,NFK9565,email_attachment
2026-01-13 12:20:10,CNT2141,email_attachment
2026-01-13 12:22:20,DAZ1017,email_attachment
2026-01-13 12:26:12,GFK8181,email_attachment
2026-01-13 12:26:34,WBK2271,email_attachment
2026-01-13 12:27:38,DNM0765,email_attachment
2026-01-13 12:30:27,CSB7056,email_attachment
2026-01-13 12:30:39,LEQ0221,email_attachment
2026-01-13 12:32:10,URY3648,email_attachment
2026-01-13 12:36:50,XPE0612,email_attachment
2026-01-13 12:39:18,XHZ8584,email_attachment
2026-01-13 12:42:19,AUH1017,email_attachment
2026-01-13 12:50:30,JRM5199,email_attachment
2026-01-13 12:53:08,AGS7505,email_attachment
2026-01-13 12:55:03,RNL4426,email_attachment
2026-01-13 12:55:22,MDD1815,external_upload
2026-01-13 12:57:28,GJK7367,email_attachment
2026-01-13 13:01:01,NZS3709,email_attachment
2026-01-13 13:03:17,XUG1117,email_attachment
2026-01-13 13:03:47,PMT8929,email_attachment
2026-01-13 13:04:12,JVA7931,external_upload
2026-01-13 13:05:58,ZBC1875,email_attachment
2026-01-13 13:06:58,MGY2196,email_attachment
2026-01-13 13:07:03,LAP2668,email_attachment
2026-01-13 13:09:55,TZG5035,email_attachment
2026-01-13 13:15:14,UVE9288,external_upload
2026-01-13 13:15:29,HAB6562,email_attachment
2026-01-13 13:17:11,ZZL0154,email_attachment
2026-01-13 13:19:54,WTA6371,email_attachment
2026-01-13 13:19:55,FYG5704,email_attachment
2026-01-13 13:30:14,KRS4164,email_attachment
2026-01-13 13:32:10,RQE5788,email_attachment
2026-01-13 13:33:03,WNZ8194,email_attachment
2026-01-13 13:35:29,XNT0875,email_attachment
2026-01-13 13:35:55,CBE9388,external_upload
2026-01-13 13:37:10,RHB3473,email_attachment
2026-01-13 13:42:28,SUX4332,email_attachment
2026-01-13 13:58:39,XMV6673,email_attachment
2026-01-13 13:59:10,EHH0831,email_attachment
2026-01-13 13:59:46,YJF6358,email_attachment
2026-01-13 14:04:30,XNQ2936,email_attachment
2026-01-13 14:20:22,CXD4649,email_attachment
2026-01-13 15:01:32,ZVN1622,email_attachment
2026-01-13 15:23:07,NAF6431,email_attachment
2026-01-13 17:04:28,RVW4189,external_upload
2026-01-13 17:24:55,XSM9395,email_attachment
2026-01-13 17:26:25,WPW1401,email_attachment
2026-01-13 18:13:07,AUS4314,email_attachment
2026-01-14 07:31:54,PTV3708,email_attachment
2026-01-14 08:16:52,CHB9042,email_attachment
2026-01-14 08:53:51,SGG1149,email_attachment
2026-01-14 08:54:32,XKJ6099,email_attachment
2026-01-14 08:55:44,QPJ2223,email_attachment
2026-01-14 09:03:10,ETJ1562,email_attachment
2026-01-14 09:08:20,PMJ2575,external_upload
2026-01-14 09:33:32,DXE2593,email_attachment
2026-01-14 09:36:33,SUG3283,external_upload
2026-01-14 09:36:36,CNE2834,email_attachment
2026-01-14 09:41:53,DKK2039,email_attachment
2026-01-14 09:42:50,NBE8069,email_attachment
2026-01-14 09:44:46,DXZ1860,email_attachment
2026-01-14 09:47:05,NAV6136,email_attachment
2026-01-14 09:48:51,UCQ6477,email_attachment
2026-01-14 09:50:28,LDP4391,email_attachment
2026-01-14 09:54:27,PLD6480,email_attachment
2026-01-14 09:57:33,APW9990,external_upload
2026-01-14 09:58:41,GKN1863,external_upload
2026-01-14 10:02:00,PLP3673,email_attachment
2026-01-14 10:03:47,UWB6084,email_attachment
2026-01-14 10:04:33,UBP6054,email_attachment
2026-01-14 10:06:24,YDU0477,email_attachment
2026-01-14 10:08:23,FVX0860,email_attachment
2026-01-14 10:15:16,UGN5077,email_attachment
2026-01-14 10:18:36,AWE2423,email_attachment
2026-01-14 10:18:42,XYD3019,email_attachment
2026-01-14 10:18:55,MLP4344,email_attachment
2026-01-14 10:19:23,NYU1092,email_attachment
2026-01-14 10:19:48,SGQ6755,email_attachment
2026-01-14 10:24:53,GWB9650,email_attachment
2026-01-14 10:25:32,EUV0987,email_attachment
2026-01-14 10:27:12,QSY1804,email_attachment
2026-01-14 10:28:48,KZW1655,email_attachment
2026-01-14 10:42:52,REY5228,email_attachment
2026-01-14 10:45:11,FTT6242,email_attachment
2026-01-14 10:46:57,WTH7327,email_attachment
2026-01-14 10:50:04,FHF0974,email_attachment
2026-01-14 10:51:48,EDX9440,email_attachment
2026-01-14 10:52:18,MLK3460,email_attachment
2026-01-14 10:52:52,BMB4369,email_attachment
2026-01-14 10:52:55,NRG1360,email_attachment
2026-01-14 10:58:21,ZKA7775,email_attachment
2026-01-14 10:58:59,QWE4909,email_attachment
2026-01-14 10:59:31,KHB9148,email_attachment
2026-01-14 10:59:34,XUG1117,email_attachment
2026-01-14 10:59:41,NWC4997,email_attachment
2026-01-14 11:00:10,RAN1908,email_attachment
2026-01-14 11:01:07,QPA7343,email_attachment
2026-01-14 11:02:41,JQB4720,email_attachment
2026-01-14 11:03:20,DZG9817,email_attachment
2026-01-14 11:05:47,DZG4068,email_attachment
2026-01-14 11:05:56,NFG5180,email_attachment
2026-01-14 11:09:53,SUQ8029,usb_connect
2026-01-14 11:10:25,CXT3659,email_attachment
2026-01-14 11:14:38,MAN1556,email_attachment
2026-01-14 11:21:55,XVL9516,external_upload
2026-01-14 11:25:31,WMT1608,email_attachment
2026-01-14 11:28:16,WZQ9342,email_attachment
2026-01-14 11:32:22,XXA2565,email_attachment
2026-01-14 11:34:02,EDB1809,email_attachment
2026-01-14 11:43:08,VTP7518,email_attachment
2026-01-14 11:53:53,PJN1183,email_attachment
2026-01-14 11:54:59,ZEQ5713,email_attachment
2026-01-14 12:03:40,ALC5255,email_attachment
2026-01-14 12:03:46,WCK0268,email_attachment
2026-01-14 12:04:33,AJF5839,email_attachment
2026-01-14 12:04:47,PQW6333,email_attachment
2026-01-14 12:17:32,PTM5097,usb_connect
2026-01-14 12:22:03,DDD2744,external_upload
2026-01-14 12:22:20,WRQ6754,email_attachment
2026-01-14 12:24:24,PSQ4717,email_attachment
2026-01-14 12:25:08,ZEC7331,email_attachment
2026-01-14 12:36:16,XQM4117,email_attachment
2026-01-14 12:36:23,PGZ0051,email_attachment
2026-01-14 12:37:34,VBT7946,email_attachment
2026-01-14 12:39:43,KQK8927,email_attachment
2026-01-14 12:41:05,FFU2880,email_attachment
2026-01-14 12:45:41,HDS8884,email_attachment
2026-01-14 12:47:02,UEY0965,email_attachment
2026-01-14 12:49:45,NHS9306,email_attachment
2026-01-14 12:51:06,LBU3936,external_upload
2026-01-14 12:57:55,UHG0793,email_attachment
2026-01-14 13:05:15,NCF3260,email_attachment
2026-01-14 13:06:01,FYW9481,email_attachment
2026-01-14 13:07:49,MQC6265,email_attachment
2026-01-14 13:10:22,ZZH3377,email_attachment
2026-01-14 13:10:56,VQK5549,email_attachment
2026-01-14 13:16:57,XJA0182,email_attachment
2026-01-14 13:17:02,SUQ0985,email_attachment
2026-01-14 13:20:48,GQH7330,email_attachment
2026-01-14 13:21:58,WZJ4162,email_attachment
2026-01-14 13:23:57,MKC9629,email_attachment
2026-01-14 13:25:43,AAA0409,email_attachment
2026-01-14 13:28:29,KHQ4432,email_attachment
2026-01-14 13:31:12,MMM0073,email_attachment
2026-01-14 13:32:32,BUH4617,email_attachment
2026-01-14 13:33:26,DJF2928,email_attachment
2026-01-14 13:35:14,BXJ9998,email_attachment
2026-01-14 13:42:19,JRD4682,email_attachment
2026-01-14 13:51:27,DPG4644,email_attachment
2026-01-14 14:00:02,QQP2991,email_attachment
2026-01-14 14:11:00,KHV5264,email_attachment
2026-01-14 15:04:41,LPM3257,email_attachment
2026-01-14 15:35:20,HNP8722,email_attachment
2026-01-14 15:37:04,WPW1401,email_attachment
2026-01-14 16:20:20,GUE6869,email_attachment
2026-01-14 16:44:32,ZKC0776,email_attachment
2026-01-14 16:57:35,JED1399,email_attachment
2026-01-14 17:09:59,EGU0127,email_attachment
2026-01-14 17:11:10,MVK9589,email_attachment
2026-01-14 17:32:13,GMK7177,email_attachment
2026-01-14 17:35:32,MED2542,email_attachment
2026-01-14 17:37:42,SQA3601,email_attachment
2026-01-14 18:08:51,UUQ7472,email_attachment
2026-01-14 18:10:28,FAN1417,external_upload
2026-01-15 06:29:11,JNV6999,email_attachment
2026-01-15 06:37:01,CZV3763,email_attachment
2026-01-15 06:54:46,MSQ8629,email_attachment
2026-01-15 07:09:37,SPA9874,external_upload
2026-01-15 07:44:21,RGW3074,email_attachment
2026-01-15 08:19:25,UCW5515,email_attachment
2026-01-15 08:36:37,CUQ6424,email_attachment
2026-01-15 08:49:30,EWP1032,email_attachment
2026-01-15 08:49:33,XSS6374,email_attachment
2026-01-15 09:08:50,JFW4707,email_attachment
2026-01-15 09:19:50,LEY4602,email_attachment
2026-01-15 09:20:16,JJX7773,email_attachment
2026-01-15 09:23:42,PRU1120,email_attachment
2026-01-15 09:32:51,BQG7179,email_attachment
2026-01-15 09:33:25,LMK4501,email_attachment
2026-01-15 09:33:26,TER6346,email_attachment
2026-01-15 09:40:41,MAP1021,email_attachment
2026-01-15 09:42:13,EBC4994,email_attachment
2026-01-15 09:44:56,UJU1283,email_attachment
2026-01-15 09:47:06,YTJ0104,email_attachment
2026-01-15 09:49:15,YSW7344,email_attachment
2026-01-15 09:51:43,QRU5619,email_attachment
2026-01-15 09:52:10,TXG5620,external_upload
2026-01-15 09:52:57,TVQ3558,email_attachment
2026-01-15 09:56:23,AMG2238,email_attachment
2026-01-15 10:01:11,DVB7034,email_attachment
2026-01-15 10:04:11,BBH7509,email_attachment
2026-01-15 10:05:01,MMX3144,email_attachment
2026-01-15 10:17:44,XVD6009,email_attachment
2026-01-15 10:21:36,CBE9388,email_attachment
2026-01-15 10:22:44,NGP1594,email_attachment
2026-01-15 10:25:01,XBD0169,email_attachment
2026-01-15 10:25:14,XLK1677,email_attachment
2026-01-15 10:28:32,QCY1152,email_attachment
2026-01-15 10:29:03,FXS1805,email_attachment
2026-01-15 10:31:15,VKV9371,email_attachment
2026-01-15 10:32:56,XEC2112,email_attachment
2026-01-15 10:34:31,BXJ9998,email_attachment
2026-01-15 10:34:35,WZD7435,email_attachment
2026-01-15 10:34:42,KLW7912,email_attachment
2026-01-15 10:34:55,RCD1239,email_attachment
2026-01-15 10:37:00,SQU9903,email_attachment
2026-01-15 10:37:26,ASH2177,email_attachment
2026-01-15 10:38:27,QNL2706,external_upload
2026-01-15 10:44:43,BFU5786,email_attachment
2026-01-15 10:46:42,ZSB7055,email_attachment
2026-01-15 10:47:39,WUQ4755,email_attachment
2026-01-15 10:52:54,WLT1936,email_attachment
2026-01-15 10:53:53,CHE2136,email_attachment
2026-01-15 10:56:50,VQM6871,email_attachment
2026-01-15 10:57:52,MJL7606,email_attachment
2026-01-15 10:59:49,HDN8462,email_attachment
2026-01-15 11:05:09,ZPM1121,email_attachment
2026-01-15 11:06:56,MJA3558,email_attachment
2026-01-15 11:08:40,RNL4426,email_attachment
2026-01-15 11:09:49,FAJ7200,email_attachment
2026-01-15 11:12:10,BTP4022,email_attachment
2026-01-15 11:14:32,GKW1903,external_upload
2026-01-15 11:15:55,DDB3409,email_attachment
2026-01-15 11:17:47,DHG3808,email_attachment
2026-01-15 11:21:31,KZM4130,email_attachment
2026-01-15 11:24:20,JYJ0485,email_attachment
2026-01-15 11:24:35,VQZ9758,email_attachment
2026-01-15 11:29:04,PDY2639,email_attachment
2026-01-15 11:29:51,QDR5644,email_attachment
2026-01-15 11:29:57,PQW5115,email_attachment
2026-01-15 11:31:16,WLC0943,email_attachment
2026-01-15 11:31:29,WSQ7704,email_attachment
2026-01-15 11:32:44,QTV5992,email_attachment
2026-01-15 11:33:07,DRH2063,email_attachment
2026-01-15 11:34:17,ZSM1073,email_attachment
2026-01-15 11:53:10,CPF7783,email_attachment
2026-01-15 11:58:36,XJA7836,email_attachment
2026-01-15 12:01:10,UNG0275,email_attachment
2026-01-15 12:08:43,HMS8171,email_attachment
2026-01-15 12:13:14,MPH7693,email_attachment
2026-01-15 12:17:04,JQL1140,email_attachment
2026-01-15 12:17:18,EWP1032,external_upload
2026-01-15 12:17:18,DYQ2940,email_attachment
2026-01-15 12:20:22,VQP7918,email_attachment
2026-01-15 12:20:25,CCC1913,email_attachment
2026-01-15 12:22:02,GCE4615,email_attachment
2026-01-15 12:25:23,FZE5041,email_attachment
2026-01-15 12:35:50,YXE8611,email_attachment
2026-01-15 12:41:09,HQG1404,email_attachment
2026-01-15 12:42:26,SHG8557,email_attachment
2026-01-15 12:45:37,KXE4588,email_attachment
2026-01-15 12:45:49,GMG6846,email_attachment
2026-01-15 12:49:06,QGN4889,email_attachment
2026-01-15 12:54:53,GTZ0192,email_attachment
2026-01-15 12:55:12,DKK2039,email_attachment
2026-01-15 12:55:31,AEP7116,email_attachment
2026-01-15 13:00:32,EDX0830,email_attachment
2026-01-15 13:03:10,GHW1878,email_attachment
2026-01-15 13:11:25,ZKC8052,email_attachment
2026-01-15 13:13:56,SHS7915,external_upload
2026-01-15 13:14:31,VXK9645,email_attachment
2026-01-15 13:15:23,LBL5506,email_attachment
2026-01-15 13:15:47,HLZ1544,email_attachment
2026-01-15 13:15:54,GDV3443,email_attachment
2026-01-15 13:22:58,TRW0306,email_attachment
2026-01-15 13:26:45,PEP3911,external_upload
2026-01-15 13:27:53,QUJ2796,email_attachment
2026-01-15 13:34:44,RQX2265,email_attachment
2026-01-15 13:35:17,CQN3399,email_attachment
2026-01-15 13:38:50,LXZ8609,email_attachment
2026-01-15 13:39:33,SVV6625,email_attachment
2026-01-15 13:41:07,GUZ0270,email_attachment
2026-01-15 13:42:02,YJZ1653,email_attachment
2026-01-15 13:42:28,KHQ4432,email_attachment
2026-01-15 13:43:15,YWL9659,email_attachment
2026-01-15 13:46:01,CCJ4180,external_upload
2026-01-15 13:46:13,GNJ4718,email_attachment
2026-01-15 13:57:45,ZHC1108,email_attachment
2026-01-15 13:58:28,NCG9169,email_attachment
2026-01-15 13:58:59,AWD1773,email_attachment
2026-01-15 14:02:53,VJA7085,email_attachment
2026-01-15 14:13:23,LZD5274,email_attachment
2026-01-15 14:14:56,XLU2700,email_attachment
2026-01-15 14:17:35,FFU2880,email_attachment
2026-01-15 14:19:51,VLE2985,email_attachment
2026-01-15 14:24:04,KHV5264,email_attachment
2026-01-15 14:28:03,NHA3655,email_attachment
2026-01-15 14:59:53,BEM7786,email_attachment
2026-01-15 16:21:13,AUS4314,external_upload
2026-01-15 17:43:29,SDK3028,email_attachment
2026-01-15 17:46:47,XVK0763,email_attachment
2026-01-15 18:59:15,HSH2400,external_upload
2026-01-16 07:49:28,FXW8392,email_attachment
2026-01-16 08:41:27,RQA6801,email_attachment
2026-01-16 08:53:44,NQD2465,email_attachment
2026-01-16 09:17:49,CVP7987,email_attachment
2026-01-16 09:21:46,PTJ4935,email_attachment
2026-01-16 09:25:28,JKQ9983,email_attachment
2026-01-16 09:26:53,EDT4917,email_attachment
2026-01-16 09:29:26,XEP1569,email_attachment
2026-01-16 09:42:14,HLA2435,email_attachment
2026-01-16 09:44:48,AWD1773,email_attachment
2026-01-16 09:55:04,QMM7832,email_attachment
2026-01-16 09:55:29,UJW2838,email_attachment
2026-01-16 09:56:00,JNV0867,email_attachment
2026-01-16 09:57:14,HKB7050,external_upload
2026-01-16 09:57:27,SJW7363,email_attachment
2026-01-16 09:59:27,FSG4772,email_attachment
2026-01-16 09:59:30,NJA9445,email_attachment
2026-01-16 09:59:43,NCS6343,email_attachment
2026-01-16 10:00:17,NFQ8693,email_attachment
2026-01-16 10:02:36,CDW9992,external_upload
2026-01-16 10:06:46,YLW8258,email_attachment
2026-01-16 10:07:39,GZG5689,usb_connect
2026-01-16 10:12:15,RNL4426,external_upload
2026-01-16 10:12:55,TJL7396,email_attachment
2026-01-16 10:14:33,GAR8123,email_attachment
2026-01-16 10:15:21,MJL7606,email_attachment
2026-01-16 10:22:02,HKA8269,email_attachment
2026-01-16 10:25:09,QPT3554,email_attachment
2026-01-16 10:25:53,YEL9905,email_attachment
2026-01-16 10:26:34,FAM1900,email_attachment
2026-01-16 10:31:08,UJU1283,email_attachment
2026-01-16 10:31:48,YML8814,email_attachment
2026-01-16 10:33:29,KQF9279,usb_connect
2026-01-16 10:34:37,PMJ2575,email_attachment
2026-01-16 10:37:26,DRP1861,email_attachment
2026-01-16 10:39:15,JZV6139,email_attachment
2026-01-16 10:40:07,ADE0330,email_attachment
2026-01-16 10:40:26,TDT0042,usb_connect
2026-01-16 10:40:51,BUH4617,email_attachment
2026-01-16 10:44:48,FYC6985,email_attachment
2026-01-16 10:46:16,ZMY8800,email_attachment
2026-01-16 10:47:34,TZF4164,email_attachment
2026-01-16 10:50:12,MCC9628,email_attachment
2026-01-16 10:55:24,NJV8196,email_attachment
2026-01-16 10:59:23,SBZ8625,email_attachment
2026-01-16 11:02:05,TWC7231,email_attachment
2026-01-16 11:04:13,VBA9177,email_attachment
2026-01-16 11:05:44,RST2294,usb_connect
2026-01-16 11:06:03,YWC7675,email_attachment
2026-01-16 11:08:10,GCX8279,email_attachment
2026-01-16 11:09:25,WYZ2196,email_attachment
2026-01-16 11:14:30,CNT6452,email_attachment
2026-01-16 11:15:25,PVW1705,email_attachment
2026-01-16 11:22:11,UMH4248,email_attachment
2026-01-16 11:22:18,SPK8158,email_attachment
2026-01-16 11:24:53,UUN6760,email_attachment
2026-01-16 11:27:30,GKJ3785,email_attachment
2026-01-16 11:28:30,YHC0501,email_attachment
2026-01-16 11:29:11,CNX4632,email_attachment
2026-01-16 11:30:37,EDM9899,email_attachment
2026-01-16 11:32:30,DHH4426,email_attachment
2026-01-16 11:36:56,PVN5761,email_attachment
2026-01-16 11:37:29,HPN5740,email_attachment
2026-01-16 11:40:38,VJQ4915,email_attachment
2026-01-16 11:41:16,UCQ6477,email_attachment
2026-01-16 11:42:43,JFW7402,email_attachment
2026-01-16 11:43:23,ATR3306,email_attachment
2026-01-16 11:50:26,AWM5248,usb_connect
2026-01-16 11:50:58,KHB9148,email_attachment
2026-01-16 11:51:38,JUU9722,email_attachment
2026-01-16 11:51:51,QVG8689,email_attachment
2026-01-16 11:56:21,HBS3101,email_attachment
2026-01-16 11:58:04,RAQ3126,email_attachment
2026-01-16 11:58:35,ALC5255,email_attachment
2026-01-16 12:00:51,VBV3674,email_attachment
2026-01-16 12:01:16,LLJ6063,email_attachment
2026-01-16 12:01:36,MHC8389,email_attachment
2026-01-16 12:04:10,XEC2112,email_attachment
2026-01-16 12:05:02,SVP4915,email_attachment
2026-01-16 12:08:41,TQX9577,email_attachment
2026-01-16 12:10:08,WUQ4755,email_attachment
2026-01-16 12:14:48,KXE4588,email_attachment
2026-01-16 12:17:30,NDL3725,email_attachment
2026-01-16 12:19:43,WTH7327,email_attachment
2026-01-16 12:23:15,AAT6431,email_attachment
2026-01-16 12:23:52,NEW0315,email_attachment
2026-01-16 12:24:10,XUY0616,external_upload
2026-01-16 12:28:32,ZWD2716,email_attachment
2026-01-16 12:28:36,JAZ7167,email_attachment
2026-01-16 12:30:24,PMV7499,email_attachment
2026-01-16 12:32:01,LNA6079,email_attachment
2026-01-16 12:43:25,XVL5101,email_attachment
2026-01-16 12:44:23,VXK9645,external_upload
2026-01-16 12:45:00,JQS8684,external_upload
2026-01-16 12:45:13,JEV3007,email_attachment
2026-01-16 12:48:00,AJM2807,email_attachment
2026-01-16 12:48:58,JVN9713,email_attachment
2026-01-16 12:51:53,GAL0464,email_attachment
2026-01-16 12:53:59,JVX0462,external_upload
2026-01-16 12:55:55,YHC8602,email_attachment
2026-01-16 12:56:38,XPE0612,email_attachment
2026-01-16 13:00:37,JDY4897,email_attachment
2026-01-16 13:01:07,JUZ1834,email_attachment
2026-01-16 13:04:25,XEM8057,email_attachment
2026-01-16 13:07:39,FXU9222,email_attachment
2026-01-16 13:07:43,ZWD7442,external_upload
2026-01-16 13:08:41,EFG3727,email_attachment
2026-01-16 13:14:47,CAJ8151,email_attachment
2026-01-16 13:20:06,HFE3723,external_upload
2026-01-16 13:21:02,LCU2967,email_attachment
2026-01-16 13:21:39,JML4492,email_attachment
2026-01-16 13:22:30,BES5832,email_attachment
2026-01-16 13:30:55,JHB0982,email_attachment
2026-01-16 13:35:06,GLN5250,email_attachment
2026-01-16 13:37:38,BJB5097,email_attachment
2026-01-16 13:38:21,RUU4323,email_attachment
2026-01-16 13:40:11,JCT2106,email_attachment
2026-01-16 13:41:15,ADL7522,email_attachment
2026-01-16 13:43:52,UNF6010,email_attachment
2026-01-16 13:54:27,FVY5415,email_attachment
2026-01-16 14:01:11,MLP4344,email_attachment
2026-01-16 14:15:54,BQV4296,email_attachment
2026-01-16 14:19:24,GPG7115,usb_connect
2026-01-16 14:19:44,PHD2134,email_attachment
2026-01-16 14:21:08,GZG5689,email_attachment
2026-01-16 14:25:09,KGW8827,usb_connect
2026-01-16 15:18:04,AWX0001,email_attachment
2026-01-16 15:55:14,BZV5058,email_attachment
2026-01-16 16:12:36,XSM9395,email_attachment
2026-01-16 16:17:06,THK0416,external_upload
2026-01-16 17:01:24,RZG0245,email_attachment
2026-01-16 17:28:39,ZHY2106,email_attachment
2026-01-16 17:46:00,SSG9024,email_attachment
2026-01-16 17:50:30,BSA5255,email_attachment
2026-01-16 18:02:27,VWU2029,email_attachment
2026-01-17 09:47:17,HEP6887,email_attachment
2026-01-17 10:54:21,UKN0534,email_attachment
2026-01-17 11:39:01,TZX0052,email_attachment
2026-01-17 13:37:17,CFT8853,email_attachment
2026-01-17 14:14:15,MJH8260,email_attachment
2026-01-18 10:04:47,FYU3751,email_attachment
2026-01-18 10:42:51,EAE5559,email_attachment
2026-01-18 11:52:05,XVA6947,email_attachment
2026-01-18 12:08:12,LHL1358,email_attachment
2026-01-18 14:23:08,WBH1128,email_attachment
2026-01-18 17:50:35,RYS4688,email_attachment
2026-01-19 08:54:26,UZE6671,email_attachment
2026-01-19 12:28:41,TQS5889,email_attachment
2026-01-20 06:22:17,QGQ9398,email_attachment
2026-01-20 06:24:32,JSR7541,external_upload
2026-01-20 06:43:42,QKS9196,email_attachment
2026-01-20 06:58:11,EYR9807,email_attachment
2026-01-20 06:59:56,AXY2263,email_attachment
2026-01-20 07:09:55,AQJ3094,email_attachment
2026-01-20 07:17:48,YGU2995,email_attachment
2026-01-20 07:22:19,ZPC9799,email_attachment
2026-01-20 07:48:02,XEZ3392,email_attachment
2026-01-20 07:48:13,SVX4420,usb_connect
2026-01-20 08:00:11,MSK8626,email_attachment
2026-01-20 08:26:26,ZLQ1264,email_attachment
2026-01-20 08:29:03,FVG4733,email_attachment
2026-01-20 08:48:10,CCK9983,email_attachment
2026-01-20 08:49:18,QKF3756,email_attachment
2026-01-20 08:52:58,LSK8578,external_upload
2026-01-20 08:54:22,SRN5527,email_attachment
2026-01-20 09:10:40,WYQ0257,email_attachment
2026-01-20 09:11:31,QCX9814,email_attachment
2026-01-20 09:12:37,WLZ3212,email_attachment
2026-01-20 09:15:22,YML8814,email_attachment
2026-01-20 09:16:33,TRT5910,email_attachment
2026-01-20 09:17:35,VDC9790,email_attachment
2026-01-20 09:22:14,UFV5252,external_upload
2026-01-20 09:24:22,VUU0128,email_attachment
2026-01-20 09:26:28,GCN5908,email_attachment
2026-01-20 09:27:57,HLA2435,external_upload
2026-01-20 09:29:17,UQJ8329,email_attachment
2026-01-20 09:29:36,PQV1878,usb_connect
2026-01-20 09:31:04,MSJ4788,email_attachment
2026-01-20 09:33:34,WUQ4755,email_attachment
2026-01-20 09:34:44,LWK7649,email_attachment
2026-01-20 09:35:58,DPN5279,email_attachment
2026-01-20 09:42:53,NVQ5269,email_attachment
2026-01-20 09:46:06,DUL4786,email_attachment
2026-01-20 09:50:01,EUM2584,email_attachment
2026-01-20 09:50:13,TEZ8512,email_attachment
2026-01-20 09:56:44,UFV5252,email_attachment
2026-01-20 10:01:58,HKM6541,email_attachment
2026-01-20 10:03:45,JAT3224,email_attachment
2026-01-20 10:07:36,JKQ9983,email_attachment
2026-01-20 10:13:44,LFR9724,email_attachment
2026-01-20 10:15:17,JVA8754,external_upload
2026-01-20 10:15:33,JNV0867,email_attachment
2026-01-20 10:15:46,KZU0595,email_attachment
2026-01-20 10:18:25,FYM3175,email_attachment
2026-01-20 10:18:31,XRP2947,email_attachment
2026-01-20 10:20:00,RME1406,email_attachment
2026-01-20 10:28:21,SDA4591,email_attachment
2026-01-20 10:28:37,RKB7991,email_attachment
2026-01-20 10:29:24,CGH0249,email_attachment
2026-01-20 10:29:43,UEY0965,email_attachment
2026-01-20 10:30:40,BJS0189,email_attachment
2026-01-20 10:35:14,EJE4902,email_attachment
2026-01-20 10:38:50,VYY0720,email_attachment
2026-01-20 10:39:10,CFK9105,email_attachment
2026-01-20 10:40:07,ZLS6708,email_attachment
2026-01-20 10:40:17,UKM7992,email_attachment
2026-01-20 10:41:00,TWT6397,email_attachment
2026-01-20 10:41:10,XYT8632,external_upload
2026-01-20 10:43:54,EAH0256,external_upload
2026-01-20 10:45:36,DDZ9005,email_attachment
2026-01-20 10:46:10,MJA3558,email_attachment
2026-01-20 10:47:12,VGH6886,email_attachment
2026-01-20 10:51:47,VYM2689,email_attachment
2026-01-20 10:53:13,WMF0666,email_attachment
2026-01-20 10:54:18,XKJ6099,email_attachment
2026-01-20 10:54:31,YCY9763,external_upload
2026-01-20 10:54:40,DCJ2497,email_attachment
2026-01-20 10:56:06,RNC6937,email_attachment
2026-01-20 10:57:08,WQQ3666,email_attachment
2026-01-20 10:59:16,DST2687,email_attachment
2026-01-20 11:03:43,EMY0546,email_attachment
2026-01-20 11:05:56,ETJ1562,email_attachment
2026-01-20 11:06:07,PZE6660,email_attachment
2026-01-20 11:06:58,CQE8059,email_attachment
2026-01-20 11:08:13,YUQ8188,email_attachment
2026-01-20 11:10:09,HGV8736,email_attachment
2026-01-20 11:19:24,PDG5421,email_attachment
2026-01-20 11:23:22,TEE2171,email_attachment
2026-01-20 11:27:18,PBH2552,email_attachment
2026-01-20 11:27:32,YKZ8920,email_attachment
2026-01-20 11:28:00,AMG0435,email_attachment
2026-01-20 11:29:42,UWV2909,email_attachment
2026-01-20 11:29:57,JJX7773,email_attachment
2026-01-20 11:30:48,NRK0173,email_attachment
2026-01-20 11:31:52,RSL7536,email_attachment
2026-01-20 11:40:15,SGF3557,email_attachment
2026-01-20 11:40:23,EXB4687,email_attachment
2026-01-20 11:42:08,PED6057,email_attachment
2026-01-20 11:43:20,WNZ8578,email_attachment
2026-01-20 11:44:35,GND9693,email_attachment
2026-01-20 11:49:34,AEP7116,email_attachment
2026-01-20 11:50:46,EBY6721,email_attachment
2026-01-20 11:57:29,LCT5452,email_attachment
2026-01-20 11:58:22,CGF9960,external_upload
2026-01-20 12:04:34,AEE1704,email_attachment
2026-01-20 12:10:29,RBC5531,email_attachment
2026-01-20 12:11:53,YAD0299,email_attachment
2026-01-20 12:12:17,SNY9928,email_attachment
2026-01-20 12:19:40,QCJ4335,email_attachment
2026-01-20 12:20:53,HXH2947,email_attachment
2026-01-20 12:21:47,ALH7224,email_attachment
2026-01-20 12:25:52,ZJG4527,email_attachment
2026-01-20 12:26:42,PNS5109,email_attachment
2026-01-20 12:33:26,HZX9435,email_attachment
2026-01-20 12:34:03,ACN5603,email_attachment
2026-01-20 12:34:38,RGD4993,email_attachment
2026-01-20 12:37:38,PXN7264,external_upload
2026-01-20 12:48:44,RYA2244,external_upload
2026-01-20 12:49:58,QQP2991,email_attachment
2026-01-20 12:50:38,SVG0207,external_upload
2026-01-20 12:51:10,RCT0485,external_upload
2026-01-20 12:53:25,ELP0004,email_attachment
2026-01-20 12:56:05,EAE9892,email_attachment
2026-01-20 12:57:18,RQV1932,email_attachment
2026-01-20 13:00:41,JGJ5272,email_attachment
2026-01-20 13:02:22,WBH1128,email_attachment
2026-01-20 13:02:43,PPN1181,email_attachment
2026-01-20 13:03:14,WTH7327,email_attachment
2026-01-20 13:04:04,EPE6804,email_attachment
2026-01-20 13:04:31,BYA7369,email_attachment
2026-01-20 13:06:19,WMY3465,email_attachment
2026-01-20 13:10:16,RVG2870,email_attachment
2026-01-20 13:10:38,VHH8257,email_attachment
2026-01-20 13:11:09,FXU9222,email_attachment
2026-01-20 13:13:32,QTM3599,external_upload
2026-01-20 13:14:09,NLR0262,email_attachment
2026-01-20 13:17:28,LRF5084,email_attachment
2026-01-20 13:27:27,PMV7499,email_attachment
2026-01-20 13:29:35,FUP1453,email_attachment
2026-01-20 13:35:56,FQZ0453,email_attachment
2026-01-20 13:36:51,DFV4967,email_attachment
2026-01-20 13:38:37,MHX3186,email_attachment
2026-01-20 13:39:01,BFF9449,external_upload
2026-01-20 13:39:34,RXQ5315,email_attachment
2026-01-20 13:44:17,UMB9505,email_attachment
2026-01-20 13:45:57,BBY7672,email_attachment
2026-01-20 13:49:54,DGW0370,email_attachment
2026-01-20 14:02:43,GSN3813,external_upload
2026-01-20 14:32:40,BQV4296,email_attachment
2026-01-20 14:39:22,RYS4688,email_attachment
2026-01-20 15:14:31,EGE4292,email_attachment
2026-01-20 15:20:36,FJB0676,email_attachment
2026-01-20 15:48:43,ZKC0776,email_attachment
2026-01-20 16:45:10,AQA7238,email_attachment
2026-01-20 16:52:59,AQS2010,external_upload
2026-01-20 17:05:12,ZBE2522,email_attachment
2026-01-20 17:15:52,AVA4350,email_attachment
2026-01-20 17:35:15,UFL2774,email_attachment
2026-01-20 17:52:43,QAK7911,email_attachment
2026-01-20 18:11:10,FKH0396,email_attachment
2026-01-21 06:23:14,JSR7541,email_attachment
2026-01-21 06:32:58,VXQ8396,email_attachment
2026-01-21 07:06:01,SRN5527,email_attachment
2026-01-21 07:21:04,KFS8428,email_attachment
2026-01-21 07:58:51,AMT3951,email_attachment
2026-01-21 08:13:32,LSK8578,email_attachment
2026-01-21 08:23:50,NRG1360,email_attachment
2026-01-21 08:29:48,NCR2209,usb_connect
2026-01-21 08:33:39,ZPC9799,email_attachment
2026-01-21 08:52:43,CVP7987,email_attachment
2026-01-21 09:11:46,ZXZ4586,email_attachment
2026-01-21 09:14:21,UDZ3030,external_upload
2026-01-21 09:14:52,PBH2552,email_attachment
2026-01-21 09:20:49,TVU1499,email_attachment
2026-01-21 09:23:18,EUE6872,email_attachment
2026-01-21 09:27:53,WBQ6532,email_attachment
2026-01-21 09:29:01,NCD0177,email_attachment
2026-01-21 09:29:17,LXN4389,email_attachment
2026-01-21 09:29:26,NLR0262,email_attachment
2026-01-21 09:29:29,ABQ3289,email_attachment
2026-01-21 09:32:35,VZM3725,email_attachment
2026-01-21 09:34:28,AJF5839,email_attachment
2026-01-21 09:37:07,KLA1121,email_attachment
2026-01-21 09:39:19,MHC8389,email_attachment
2026-01-21 09:41:12,KHF6510,email_attachment
2026-01-21 09:45:49,HJQ8937,email_attachment
2026-01-21 09:48:18,LCD7746,email_attachment
2026-01-21 09:56:47,BNP5840,email_attachment
2026-01-21 09:58:21,WNZ6737,email_attachment
2026-01-21 09:58:24,CNE2834,email_attachment
2026-01-21 09:59:19,QBD5497,email_attachment
2026-01-21 10:00:45,GQH7330,email_attachment
2026-01-21 10:02:54,FVG4733,email_attachment
2026-01-21 10:04:11,MLP4344,external_upload
2026-01-21 10:06:54,MHX3186,email_attachment
2026-01-21 10:08:20,XQJ3258,email_attachment
2026-01-21 10:18:26,RHK5954,external_upload
2026-01-21 10:19:15,KEQ0032,external_upload
2026-01-21 10:19:20,NAV6136,email_attachment
2026-01-21 10:21:29,JNB7620,email_attachment
2026-01-21 10:21:48,KZW1655,external_upload
2026-01-21 10:25:17,EPR5162,email_attachment
2026-01-21 10:29:33,CNK7263,usb_connect
2026-01-21 10:29:39,MWQ7682,email_attachment
2026-01-21 10:31:41,PSV1353,email_attachment
2026-01-21 10:33:54,QAG3461,email_attachment
2026-01-21 10:36:42,LQC3932,email_attachment
2026-01-21 10:37:44,JZV6139,email_attachment
2026-01-21 10:38:56,DYJ4158,email_attachment
2026-01-21 10:39:42,NJV8196,email_attachment
2026-01-21 10:42:10,WFU8122,email_attachment
2026-01-21 10:42:34,HRZ7452,email_attachment
2026-01-21 10:44:47,FRD7881,email_attachment
2026-01-21 10:46:14,QQP2991,email_attachment
2026-01-21 10:48:19,JFZ5861,email_attachment
2026-01-21 10:51:49,HLZ1544,external_upload
2026-01-21 10:52:06,PCP4778,email_attachment
2026-01-21 10:52:27,CGF9960,email_attachment
2026-01-21 10:53:38,TKK6517,email_attachment
2026-01-21 10:55:10,DRJ4735,email_attachment
2026-01-21 10:55:30,DAG0153,email_attachment
2026-01-21 10:58:22,RGD4993,email_attachment
2026-01-21 10:59:30,DNS6392,email_attachment
2026-01-21 11:05:34,UXJ0087,email_attachment
2026-01-21 11:11:33,LZY0366,email_attachment
2026-01-21 11:13:44,GCE4615,email_attachment
2026-01-21 11:18:56,FXZ4153,external_upload
2026-01-21 11:20:03,TLD8832,email_attachment
2026-01-21 11:21:54,WFZ8385,email_attachment
2026-01-21 11:23:52,MFQ3194,email_attachment
2026-01-21 11:35:41,VPP1509,email_attachment
2026-01-21 11:37:43,VUU0128,email_attachment
2026-01-21 11:38:18,PQP1240,email_attachment
2026-01-21 11:39:24,BZR9273,email_attachment
2026-01-21 11:40:49,DSR1969,email_attachment
2026-01-21 11:52:44,EBC4994,email_attachment
2026-01-21 11:57:09,BFV9326,email_attachment
2026-01-21 12:04:10,DXZ1860,email_attachment
2026-01-21 12:06:05,SCA9486,email_attachment
2026-01-21 12:06:41,DZG4068,email_attachment
2026-01-21 12:07:12,KHB9148,email_attachment
2026-01-21 12:10:03,BKS0875,email_attachment
2026-01-21 12:12:27,RNC6937,email_attachment
2026-01-21 12:13:25,SKH1422,email_attachment
2026-01-21 12:13:34,RLA1209,email_attachment
2026-01-21 12:14:07,ELY1202,email_attachment
2026-01-21 12:19:49,SZU0525,email_attachment
2026-01-21 12:22:55,TDD5958,email_attachment
2026-01-21 12:27:25,SHG8557,email_attachment
2026-01-21 12:36:50,JAS9456,email_attachment
2026-01-21 12:40:31,WBK2271,email_attachment
2026-01-21 12:43:27,KYD1776,email_attachment
2026-01-21 12:45:32,XLD3365,email_attachment
2026-01-21 12:48:50,DLF9810,email_attachment
2026-01-21 12:51:46,TQS5889,email_attachment
2026-01-21 12:51:58,EHC8047,email_attachment
2026-01-21 12:52:28,GJS8114,email_attachment
2026-01-21 12:52:55,GHQ3847,email_attachment
2026-01-21 12:53:58,XAD7151,email_attachment
2026-01-21 12:54:50,FGK0491,email_attachment
2026-01-21 13:09:54,BJF0383,email_attachment
2026-01-21 13:21:27,MHX0037,email_attachment
2026-01-21 13:23:29,UTP4301,email_attachment
2026-01-21 13:24:45,ZER4905,email_attachment
2026-01-21 13:25:07,CVS8644,email_attachment
2026-01-21 13:26:05,WTA6371,external_upload
2026-01-21 13:27:12,JNS0679,email_attachment
2026-01-21 13:27:33,KBZ0887,email_attachment
2026-01-21 13:39:56,ZSP3745,email_attachment
2026-01-21 13:43:41,QAU0816,email_attachment
2026-01-21 13:45:43,JUP3771,external_upload
2026-01-21 13:46:58,ZMT9493,email_attachment
2026-01-21 13:54:10,NCG9169,email_attachment
2026-01-21 14:14:23,WZM1211,email_attachment
2026-01-21 14:16:05,KVQ4352,email_attachment
2026-01-21 14:18:28,AMG0435,external_upload
2026-01-21 14:22:27,XUG1117,email_attachment
2026-01-21 14:42:27,JZT4989,email_attachment
2026-01-21 14:46:51,YPA6465,email_attachment
2026-01-21 14:47:48,PPT0631,email_attachment
2026-01-21 14:52:20,GCC9567,email_attachment
2026-01-21 15:15:06,HNP8722,email_attachment
2026-01-21 16:20:37,TUV1356,email_attachment
2026-01-21 16:31:07,QUP4565,email_attachment
2026-01-21 16:33:01,PUQ5557,email_attachment
2026-01-21 16:43:31,GMK7177,email_attachment
2026-01-21 17:06:08,MYB1326,email_attachment
2026-01-21 17:50:23,CMF1527,email_attachment
2026-01-21 18:10:35,CEG0096,email_attachment
2026-01-22 06:32:35,EUM2584,email_attachment
2026-01-22 06:47:19,ZVF2710,external_upload
2026-01-22 07:25:24,CPJ0831,email_attachment
2026-01-22 08:08:13,LWK9207,external_upload
2026-01-22 08:13:53,NUM6882,email_attachment
2026-01-22 08:21:44,LAB2540,email_attachment
2026-01-22 08:27:56,TJL6481,email_attachment
2026-01-22 08:33:06,VDQ2768,email_attachment
2026-01-22 08:40:24,UGN5077,email_attachment
2026-01-22 08:40:34,RBA1609,email_attachment
2026-01-22 08:42:33,NYC3644,email_attachment
2026-01-22 08:49:32,DRQ4774,email_attachment
2026-01-22 08:50:54,BMB4369,email_attachment
2026-01-22 08:56:19,FUK9154,email_attachment
2026-01-22 08:57:17,DVW7466,email_attachment
2026-01-22 08:57:27,RXJ5397,email_attachment
2026-01-22 09:05:19,HNZ8008,external_upload
2026-01-22 09:09:34,UZE6671,email_attachment
2026-01-22 09:18:50,YCY0882,email_attachment
2026-01-22 09:24:00,VPP1509,email_attachment
2026-01-22 09:25:03,ZJF2677,email_attachment
2026-01-22 09:26:30,HWH3695,email_attachment
2026-01-22 09:28:10,DVE4400,email_attachment
2026-01-22 09:28:46,FUC3570,email_attachment
2026-01-22 09:29:12,XJB9721,email_attachment
2026-01-22 09:31:10,WNZ6737,email_attachment
2026-01-22 09:38:31,SRD9645,email_attachment
2026-01-22 09:41:32,PEP3911,email_attachment
2026-01-22 09:41:45,HRA4252,email_attachment
2026-01-22 09:42:11,AAE7371,email_attachment
2026-01-22 09:42:53,DHT3461,email_attachment
2026-01-22 09:44:16,CQE8059,email_attachment
2026-01-22 09:45:15,RAN1908,email_attachment
2026-01-22 09:46:47,AKV0526,email_attachment
2026-01-22 09:52:37,AFT4004,email_attachment
2026-01-22 10:00:48,XTB8409,usb_connect
2026-01-22 10:02:23,BJF0383,email_attachment
2026-01-22 10:02:42,YTW4996,email_attachment
2026-01-22 10:02:57,ALC5255,external_upload
2026-01-22 10:06:27,KCS1345,email_attachment
2026-01-22 10:08:54,PWL2596,email_attachment
2026-01-22 10:09:55,FVR9858,usb_connect
2026-01-22 10:10:17,PHG2290,email_attachment
2026-01-22 10:13:26,UZF0135,email_attachment
2026-01-22 10:13:42,MPN9504,email_attachment
2026-01-22 10:15:06,MJL7606,email_attachment
2026-01-22 10:19:23,KXL4804,email_attachment
2026-01-22 10:20:56,KKY5139,email_attachment
2026-01-22 10:23:18,RGC1753,email_attachment
2026-01-22 10:25:23,BXJ9998,external_upload
2026-01-22 10:26:15,GQM3009,email_attachment
2026-01-22 10:26:41,BAS9086,email_attachment
2026-01-22 10:30:20,HXH6707,email_attachment
2026-01-22 10:30:27,SYR2719,email_attachment
2026-01-22 10:30:45,KZM4130,email_attachment
2026-01-22 10:32:56,CUQ6424,external_upload
2026-01-22 10:34:47,UWH4462,email_attachment
2026-01-22 10:35:59,DBB2553,external_upload
2026-01-22 10:37:34,XVX6602,email_attachment
2026-01-22 10:37:44,NVR3124,email_attachment
2026-01-22 10:38:30,YHC0501,email_attachment
2026-01-22 10:41:24,PYE7970,email_attachment
2026-01-22 10:54:04,JVW7508,email_attachment
2026-01-22 10:56:23,WHA4844,external_upload
2026-01-22 10:58:36,TKR9198,email_attachment
2026-01-22 10:59:34,SRD1581,email_attachment
2026-01-22 11:00:35,WKX4894,email_attachment
2026-01-22 11:02:28,UWC4350,email_attachment
2026-01-22 11:03:01,JUZ1834,email_attachment
2026-01-22 11:03:39,DST2687,email_attachment
2026-01-22 11:06:30,ALH7224,email_attachment
2026-01-22 11:09:16,EEE0834,email_attachment
2026-01-22 11:09:21,WZD7435,email_attachment
2026-01-22 11:12:42,ENH2152,email_attachment
2026-01-22 11:12:50,WWV0479,email_attachment
2026-01-22 11:13:21,PMD5808,email_attachment
2026-01-22 11:16:14,NXT0050,email_attachment
2026-01-22 11:17:06,GNA5070,email_attachment
2026-01-22 11:17:22,DAS6696,email_attachment
2026-01-22 11:18:15,YJF6358,email_attachment
2026-01-22 11:19:44,XSB1345,email_attachment
2026-01-22 11:25:45,TSB0198,email_attachment
2026-01-22 11:30:17,UVE9288,email_attachment
2026-01-22 11:32:48,MXP4447,email_attachment
2026-01-22 11:39:03,NJA9445,email_attachment
2026-01-22 11:41:04,VWK1858,email_attachment
2026-01-22 11:41:45,XRX7622,email_attachment
2026-01-22 11:42:30,GXH8145,email_attachment
2026-01-22 11:42:59,BKB9111,email_attachment
2026-01-22 11:43:50,PNS5109,email_attachment
2026-01-22 11:44:17,MLK3460,email_attachment
2026-01-22 11:45:39,RAT3363,email_attachment
2026-01-22 11:46:16,ZJV8865,email_attachment
2026-01-22 11:46:32,BMC8908,email_attachment
2026-01-22 11:48:47,DDD2744,email_attachment
2026-01-22 11:51:18,BTU7896,email_attachment
2026-01-22 11:54:19,QGK7077,email_attachment
2026-01-22 11:56:41,QCX9814,external_upload
2026-01-22 11:57:15,XJA7836,email_attachment
2026-01-22 12:01:17,UFV5252,email_attachment
2026-01-22 12:05:11,AGA7372,email_attachment
2026-01-22 12:06:01,LBU3936,email_attachment
2026-01-22 12:09:49,MHA1657,usb_connect
2026-01-22 12:16:12,YRH8194,email_attachment
2026-01-22 12:16:21,ARW8743,email_attachment
2026-01-22 12:17:50,GZG5689,email_attachment
2026-01-22 12:18:06,HHT2257,email_attachment
2026-01-22 12:18:37,JGH7582,email_attachment
2026-01-22 12:21:29,MXQ5110,email_attachment
2026-01-22 12:24:35,MMV4490,email_attachment
2026-01-22 12:25:07,SGF3557,external_upload
2026-01-22 12:25:24,LQN7970,email_attachment
2026-01-22 12:31:26,QER4766,email_attachment
2026-01-22 12:32:15,UWU3881,email_attachment
2026-01-22 12:33:27,KHX2969,email_attachment
2026-01-22 12:39:02,NCG9169,email_attachment
2026-01-22 12:41:44,PQV1878,email_attachment
2026-01-22 12:42:57,VBA9177,email_attachment
2026-01-22 12:45:23,SNA9538,email_attachment
2026-01-22 12:48:30,EJM7562,email_attachment
2026-01-22 12:48:56,DVB7286,email_attachment
2026-01-22 12:53:02,MVX7320,email_attachment
2026-01-22 12:55:24,ZWD7442,email_attachment
2026-01-22 12:57:17,PZS1941,email_attachment
2026-01-22 12:57:36,REY5228,email_attachment
2026-01-22 12:57:41,DVA8512,email_attachment
2026-01-22 12:58:48,USY9492,email_attachment
2026-01-22 13:02:03,GGL2672,email_attachment
2026-01-22 13:02:28,DZL5487,email_attachment
2026-01-22 13:03:03,JLV8586,external_upload
2026-01-22 13:11:56,FYX5955,email_attachment
2026-01-22 13:15:44,UBK2435,email_attachment
2026-01-22 13:20:08,UKB0428,email_attachment
2026-01-22 13:25:32,MSB2345,external_upload
2026-01-22 13:26:28,GDV3443,email_attachment
2026-01-22 13:30:44,JUU9722,external_upload
2026-01-22 13:33:51,GND9693,email_attachment
2026-01-22 13:35:51,TEE2171,email_attachment
2026-01-22 13:40:51,CFT8853,email_attachment
2026-01-22 13:48:34,TYS0561,email_attachment
2026-01-22 13:49:15,WLP3029,email_attachment
2026-01-22 13:52:44,EDM9899,email_attachment
2026-01-22 13:58:50,HLZ1544,email_attachment
2026-01-22 14:19:06,EKS3015,email_attachment
2026-01-22 14:22:41,KPY3791,email_attachment
2026-01-22 15:35:20,MQF2689,email_attachment
2026-01-22 16:15:31,RDH0031,email_attachment
2026-01-22 16:39:22,XVK0763,email_attachment
2026-01-22 17:21:16,QJR8672,email_attachment
2026-01-22 17:31:59,RKM6563,email_attachment
2026-01-22 17:32:55,LRF4337,email_attachment
2026-01-22 17:37:42,VZP1732,email_attachment
2026-01-22 18:22:37,BXU0879,email_attachment
2026-01-22 18:48:38,SEX3930,email_attachment
2026-01-23 07:13:04,WSP7770,email_attachment
2026-01-23 07:13:17,DZG9817,email_attachment
2026-01-23 07:15:45,ZEU3356,email_attachment
2026-01-23 07:31:50,XEZ3392,email_attachment
2026-01-23 07:32:03,ESB5979,email_attachment
2026-01-23 07:41:34,FAV1376,email_attachment
2026-01-23 07:44:29,GKB5174,email_attachment
2026-01-23 08:00:03,PYE1356,email_attachment
2026-01-23 08:21:07,SPR1414,email_attachment
2026-01-23 08:21:28,ZZR0672,email_attachment
2026-01-23 08:23:03,KLA1121,email_attachment
2026-01-23 08:45:53,QJG3172,email_attachment
2026-01-23 08:52:58,YGU2995,usb_connect
2026-01-23 08:54:40,HVB3260,email_attachment
2026-01-23 08:56:49,QTQ7721,email_attachment
2026-01-23 09:06:34,WGT5862,email_attachment
2026-01-23 09:12:50,UKN2629,email_attachment
2026-01-23 09:18:52,BFV9326,email_attachment
2026-01-23 09:21:11,DNZ5078,email_attachment
2026-01-23 09:22:01,WZE9326,email_attachment
2026-01-23 09:27:01,XTM0397,email_attachment
2026-01-23 09:37:26,QKF3756,email_attachment
2026-01-23 09:42:01,ESZ6803,email_attachment
2026-01-23 09:47:11,XPE0612,email_attachment
2026-01-23 09:55:11,QBD5497,email_attachment
2026-01-23 09:57:59,QGB6336,email_attachment
2026-01-23 10:01:37,JHU2260,email_attachment
2026-01-23 10:04:04,ZUJ6730,email_attachment
2026-01-23 10:04:17,NCU9337,email_attachment
2026-01-23 10:08:09,UMW0726,email_attachment
2026-01-23 10:08:24,JGS3000,email_attachment
2026-01-23 10:08:58,XEY1384,email_attachment
2026-01-23 10:09:55,DHG3808,email_attachment
2026-01-23 10:10:22,ZSN0830,email_attachment
2026-01-23 10:10:25,DTW2539,email_attachment
2026-01-23 10:10:56,AGP7231,email_attachment
2026-01-23 10:11:41,VYT8978,email_attachment
2026-01-23 10:12:15,LYU9776,email_attachment
2026-01-23 10:12:58,AUH1017,email_attachment
2026-01-23 10:14:22,BZK1628,email_attachment
2026-01-23 10:14:27,TAG0290,email_attachment
2026-01-23 10:17:35,ZSD2941,email_attachment
2026-01-23 10:24:15,QBC9951,email_attachment
2026-01-23 10:24:43,WNZ6737,email_attachment
2026-01-23 10:24:54,GLN5250,email_attachment
2026-01-23 10:26:45,CHZ0215,email_attachment
2026-01-23 10:31:47,XMQ4841,email_attachment
2026-01-23 10:33:13,KCS1345,email_attachment
2026-01-23 10:33:32,HJJ8961,email_attachment
2026-01-23 10:33:36,TZF4164,email_attachment
2026-01-23 10:35:15,ZKU3851,email_attachment
2026-01-23 10:38:30,SDV4997,email_attachment
2026-01-23 10:38:57,BJW8481,email_attachment
2026-01-23 10:39:34,GPW3461,email_attachment
2026-01-23 10:40:31,USG4601,email_attachment
2026-01-23 10:41:09,EJW8504,email_attachment
2026-01-23 10:46:27,SHS7915,email_attachment
2026-01-23 10:48:30,VLW8532,email_attachment
2026-01-23 10:49:04,GZG5689,email_attachment
2026-01-23 10:51:45,XHC8462,email_attachment
2026-01-23 10:53:24,CBJ1209,email_attachment
2026-01-23 10:54:36,EGE2962,email_attachment
2026-01-23 10:54:42,RPB6169,email_attachment
2026-01-23 10:56:33,BYH4413,email_attachment
2026-01-23 11:02:35,RQG6891,email_attachment
2026-01-23 11:02:48,PPH2089,email_attachment
2026-01-23 11:07:01,FJC1208,email_attachment
2026-01-23 11:12:07,WZD7435,email_attachment
2026-01-23 11:12:49,DDM6212,email_attachment
2026-01-23 11:13:01,XMP7066,email_attachment
2026-01-23 11:13:26,DJF0573,email_attachment
2026-01-23 11:15:27,ADH6725,email_attachment
2026-01-23 11:24:45,YSA9883,email_attachment
2026-01-23 11:26:24,GJF6121,email_attachment
2026-01-23 11:27:04,FRW3182,email_attachment
2026-01-23 11:35:38,TQX9577,email_attachment
2026-01-23 11:35:54,PYP8182,email_attachment
2026-01-23 11:41:53,SJW7363,external_upload
2026-01-23 11:48:31,DYE9273,email_attachment
2026-01-23 11:49:56,NRG9357,email_attachment
2026-01-23 11:56:11,DRH2063,email_attachment
2026-01-23 12:00:33,QDB3652,email_attachment
2026-01-23 12:02:06,XLK1677,email_attachment
2026-01-23 12:02:56,PNM6398,email_attachment
2026-01-23 12:07:09,RVY6685,email_attachment
2026-01-23 12:12:25,DHH4426,email_attachment
2026-01-23 12:14:09,URE3093,external_upload
2026-01-23 12:16:55,JFR6002,email_attachment
2026-01-23 12:19:21,FFU2880,email_attachment
2026-01-23 12:23:44,WFH6695,email_attachment
2026-01-23 12:53:10,HNM5714,email_attachment
2026-01-23 12:56:37,NCG9169,email_attachment
2026-01-23 12:59:09,UYN3931,email_attachment
2026-01-23 13:02:09,LZD5274,email_attachment
2026-01-23 13:03:14,CXD4649,email_attachment
2026-01-23 13:05:02,HKT6698,email_attachment
2026-01-23 13:05:11,NUK6400,email_attachment
2026-01-23 13:06:17,AQV4072,email_attachment
2026-01-23 13:08:18,CHQ2090,email_attachment
2026-01-23 13:09:50,KZE3724,email_attachment
2026-01-23 13:11:40,FXU6508,email_attachment
2026-01-23 13:13:01,QUX8484,email_attachment
2026-01-23 13:13:59,PEX4943,email_attachment
2026-01-23 13:14:01,WFJ4177,email_attachment
2026-01-23 13:16:45,PMV7499,email_attachment
2026-01-23 13:28:40,FYP3672,email_attachment
2026-01-23 13:29:44,HUX0645,email_attachment
2026-01-23 13:42:07,SSL4131,email_attachment
2026-01-23 13:47:12,PSL2732,email_attachment
2026-01-23 13:49:15,FVT5025,email_attachment
2026-01-23 13:55:48,HPN5740,email_attachment
2026-01-23 14:01:16,HQK3324,email_attachment
2026-01-23 14:06:22,ATS4072,email_attachment
2026-01-23 14:07:46,EKS3015,email_attachment
2026-01-23 14:10:47,TNT2352,email_attachment
2026-01-23 14:22:20,JCT2106,email_attachment
2026-01-23 15:10:28,SKH0523,email_attachment
2026-01-23 15:14:03,FJB0676,email_attachment
2026-01-23 15:32:39,TSJ9915,email_attachment
2026-01-23 16:16:03,AUD9365,email_attachment
2026-01-23 16:51:01,NGY1374,email_attachment
2026-01-23 17:03:48,AQS2010,email_attachment
2026-01-23 17:08:36,VUU1814,email_attachment
2026-01-23 17:21:13,FKH0396,email_attachment
2026-01-23 17:49:43,SDK3028,email_attachment
2026-01-24 09:15:46,WDL1835,email_attachment
2026-01-24 10:19:46,UMF6912,email_attachment
2026-01-24 11:07:11,JML7524,email_attachment
2026-01-24 11:19:56,BXG1360,email_attachment
2026-01-24 13:12:22,BYR0357,email_attachment
2026-01-24 14:23:51,SEX3930,email_attachment
2026-01-25 09:46:43,CCK9983,email_attachment
2026-01-25 11:03:13,ZXZ5897,email_attachment
2026-01-25 11:20:34,WQH4606,email_attachment
2026-01-25 12:25:54,JVA7931,email_attachment
2026-01-25 13:29:34,BXW0831,email_attachment
2026-01-25 13:46:27,MHF4555,email_attachment
2026-01-25 16:08:18,CLW3536,email_attachment
2026-01-26 06:13:45,ESB5979,email_attachment
2026-01-26 06:15:16,JYE3282,email_attachment
2026-01-26 07:40:03,PMJ2575,email_attachment
2026-01-26 08:11:55,PXB5969,email_attachment
2026-01-26 08:46:17,ZSD2941,email_attachment
2026-01-26 08:52:27,FSG4772,email_attachment
2026-01-26 08:53:19,ZRH2565,email_attachment
2026-01-26 09:00:05,EDX0830,email_attachment
2026-01-26 09:03:40,YHQ6287,email_attachment
2026-01-26 09:04:20,PMD5808,email_attachment
2026-01-26 09:08:14,KPF0729,usb_connect
2026-01-26 09:10:38,FWE2981,email_attachment
2026-01-26 09:12:01,RHK5954,external_upload
2026-01-26 09:12:14,BES5832,email_attachment
2026-01-26 09:12:33,WZF4980,email_attachment
2026-01-26 09:16:05,QRU5619,email_attachment
2026-01-26 09:16:28,EWC1412,email_attachment
2026-01-26 09:20:48,HUW0385,email_attachment
2026-01-26 09:23:54,ERD3114,email_attachment
2026-01-26 09:24:13,TBZ5694,email_attachment
2026-01-26 09:27:33,RME1406,email_attachment
2026-01-26 09:27:50,RBN4080,email_attachment
2026-01-26 09:32:05,KHQ4432,email_attachment
2026-01-26 09:36:22,KTE8576,email_attachment
2026-01-26 09:39:01,SHG8557,email_attachment
2026-01-26 09:40:22,NGN9252,email_attachment
2026-01-26 09:40:26,NDL3725,email_attachment
2026-01-26 09:42:03,AWP0070,email_attachment
2026-01-26 09:47:02,HKB7050,email_attachment
2026-01-26 09:48:00,CUK8266,email_attachment
2026-01-26 09:48:56,VQU7934,email_attachment
2026-01-26 09:49:48,FYQ9194,email_attachment
2026-01-26 09:52:49,ESW3216,email_attachment
2026-01-26 09:53:52,HJL4782,email_attachment
2026-01-26 09:56:21,EDJ2298,email_attachment
2026-01-26 09:57:22,CFM9613,email_attachment
2026-01-26 09:58:42,YSW7344,email_attachment
2026-01-26 09:59:05,YYD5558,email_attachment
2026-01-26 09:59:19,ARF3086,email_attachment
2026-01-26 10:00:30,XRX7622,email_attachment
2026-01-26 10:02:06,TEZ8512,email_attachment
2026-01-26 10:04:32,PXB7300,email_attachment
2026-01-26 10:04:45,RAQ3126,email_attachment
2026-01-26 10:06:35,DAZ1017,email_attachment
2026-01-26 10:08:02,NFE6544,email_attachment
2026-01-26 10:08:10,JSS6150,email_attachment
2026-01-26 10:09:42,RVJ4834,email_attachment
2026-01-26 10:12:57,CNT2141,email_attachment
2026-01-26 10:14:01,MHA1657,email_attachment
2026-01-26 10:14:56,DVH0547,email_attachment
2026-01-26 10:15:59,RYG9568,usb_connect
2026-01-26 10:18:11,NLQ3506,email_attachment
2026-01-26 10:18:24,MHU5504,email_attachment
2026-01-26 10:19:56,FYV5190,external_upload
2026-01-26 10:22:18,XXK4064,email_attachment
2026-01-26 10:30:23,KYJ2437,email_attachment
2026-01-26 10:31:25,LNA6079,email_attachment
2026-01-26 10:31:40,LDP4391,email_attachment
2026-01-26 10:32:36,RFH9751,email_attachment
2026-01-26 10:34:57,TVQ3558,email_attachment
2026-01-26 10:41:36,GAL0464,email_attachment
2026-01-26 10:42:01,XZY6637,external_upload
2026-01-26 10:43:01,UDZ3030,email_attachment
2026-01-26 10:44:03,XHS6584,email_attachment
2026-01-26 10:48:29,LMY5094,email_attachment
2026-01-26 10:49:45,YWL9659,email_attachment
2026-01-26 10:50:50,CYF6152,email_attachment
2026-01-26 10:52:20,AET4214,email_attachment
2026-01-26 10:55:57,WZU7591,email_attachment
2026-01-26 10:56:45,KWS9285,email_attachment
2026-01-26 10:58:29,UHG0793,email_attachment
2026-01-26 10:58:30,UMF6912,email_attachment
2026-01-26 10:59:25,LYU2291,email_attachment
2026-01-26 11:01:44,RMU7060,email_attachment
2026-01-26 11:04:19,XYA5835,email_attachment
2026-01-26 11:04:41,JWU4729,email_attachment
2026-01-26 11:07:08,EDU0037,email_attachment
2026-01-26 11:10:35,XWY4351,email_attachment
2026-01-26 11:12:41,GXP2441,email_attachment
2026-01-26 11:13:11,KHF6510,email_attachment
2026-01-26 11:18:46,CHQ2090,external_upload
2026-01-26 11:23:24,APF7818,email_attachment
2026-01-26 11:23:44,BZA5306,email_attachment
2026-01-26 11:24:50,GFK8181,email_attachment
2026-01-26 11:27:33,FXU6508,email_attachment
2026-01-26 11:31:37,RDZ6044,usb_connect
2026-01-26 11:31:51,NQN3339,email_attachment
2026-01-26 11:33:05,DFM1886,email_attachment
2026-01-26 11:35:40,JEV3007,email_attachment
2026-01-26 11:35:52,DYQ2940,email_attachment
2026-01-26 11:40:16,QTA6267,email_attachment
2026-01-26 11:44:30,ADE0330,email_attachment
2026-01-26 11:45:25,UQX0155,email_attachment
2026-01-26 11:46:09,QDE0143,email_attachment
2026-01-26 11:49:45,RSD1634,email_attachment
2026-01-26 11:57:28,CQE8059,email_attachment
2026-01-26 12:01:29,RXP3546,email_attachment
2026-01-26 12:02:10,AMH0036,external_upload
2026-01-26 12:06:14,PBG2200,email_attachment
2026-01-26 12:07:59,GBD0220,email_attachment
2026-01-26 12:09:54,DEX6345,email_attachment
2026-01-26 12:10:15,CHZ0215,email_attachment
2026-01-26 12:10:23,ZKA7775,email_attachment
2026-01-26 12:11:29,ZMY8800,external_upload
2026-01-26 12:14:32,UMW0726,email_attachment
2026-01-26 12:23:09,RBC5531,email_attachment
2026-01-26 12:24:52,ERN1693,email_attachment
2026-01-26 12:27:40,CBQ4454,email_attachment
2026-01-26 12:29:42,HRC2558,email_attachment
2026-01-26 12:31:06,WDQ5874,email_attachment
2026-01-26 12:32:52,SFV7598,email_attachment
2026-01-26 12:33:11,XNW4360,email_attachment
2026-01-26 12:36:28,GQH7330,external_upload
2026-01-26 12:36:40,SXT6195,email_attachment
2026-01-26 12:42:46,APP7090,email_attachment
2026-01-26 12:43:49,YEZ8532,email_attachment
2026-01-26 12:45:39,GWF6569,email_attachment
2026-01-26 12:50:41,NKN8760,email_attachment
2026-01-26 12:52:38,GCQ7162,email_attachment
2026-01-26 12:54:51,RHN7379,email_attachment
2026-01-26 12:56:00,LZA4757,email_attachment
2026-01-26 12:56:09,BDN6520,email_attachment
2026-01-26 12:56:12,TMZ3304,external_upload
2026-01-26 12:56:38,EFG3727,email_attachment
2026-01-26 12:58:56,UUX8159,email_attachment
2026-01-26 12:59:05,BNT0262,email_attachment
2026-01-26 13:06:17,GXB2823,email_attachment
2026-01-26 13:09:41,QTJ3272,email_attachment
2026-01-26 13:13:51,KRQ7567,email_attachment
2026-01-26 13:14:12,KXG6499,email_attachment
2026-01-26 13:29:57,XDF3286,email_attachment
2026-01-26 13:30:16,RZM7542,email_attachment
2026-01-26 13:36:23,DTY9614,email_attachment
2026-01-26 13:39:38,PWT2372,email_attachment
2026-01-26 13:56:45,DLF9810,external_upload
2026-01-26 14:09:29,MQE0556,email_attachment
2026-01-26 14:56:15,HYL3094,email_attachment
2026-01-26 15:02:05,WPW1401,email_attachment
2026-01-26 16:17:32,ZZV3753,email_attachment
2026-01-26 16:42:53,LPT7739,email_attachment
2026-01-26 17:36:27,NAF6431,email_attachment
2026-01-26 17:41:30,VVG9350,email_attachment
2026-01-26 17:43:36,EER7836,email_attachment
2026-01-26 17:45:49,QWM5245,email_attachment
2026-01-26 17:45:54,HLH4250,email_attachment
2026-01-26 18:20:07,FSK9241,email_attachment
2026-01-27 06:40:28,VXQ8396,email_attachment
2026-01-27 06:49:17,TBB1123,usb_connect
2026-01-27 07:06:29,LEY4602,email_attachment
2026-01-27 07:30:55,MSK8626,email_attachment
2026-01-27 07:32:38,CLU4292,external_upload
2026-01-27 07:34:14,JNL8381,email_attachment
2026-01-27 07:47:21,VXJ5240,email_attachment
2026-01-27 08:27:56,MXQ5110,external_upload
2026-01-27 08:30:55,PBN7758,email_attachment
2026-01-27 08:52:39,YML8814,email_attachment
2026-01-27 09:08:53,UCW7537,external_upload
2026-01-27 09:12:31,RVG2870,email_attachment
2026-01-27 09:15:17,NTK2859,email_attachment
2026-01-27 09:15:27,SHE0377,email_attachment
2026-01-27 09:17:40,UUU7336,email_attachment
2026-01-27 09:21:09,HMZ5952,email_attachment
2026-01-27 09:21:50,NFM9393,external_upload
2026-01-27 09:21:58,BQZ1130,email_attachment
2026-01-27 09:21:58,VPP1509,external_upload
2026-01-27 09:23:02,WLP6666,email_attachment
2026-01-27 09:23:49,VDQ2768,email_attachment
2026-01-27 09:25:25,FAP2507,email_attachment
2026-01-27 09:32:19,EJF3816,email_attachment
2026-01-27 09:34:16,JZE7158,email_attachment
2026-01-27 09:35:36,PLX1977,email_attachment
2026-01-27 09:40:18,VME9953,email_attachment
2026-01-27 09:40:40,DZH7756,email_attachment
2026-01-27 09:41:01,AGX2877,email_attachment
2026-01-27 09:43:19,PMJ2575,email_attachment
2026-01-27 09:45:50,ZNA9483,external_upload
2026-01-27 09:50:34,GXX6793,email_attachment
2026-01-27 09:52:39,BMC3336,email_attachment
2026-01-27 09:54:59,CNY0484,email_attachment
2026-01-27 09:55:32,LJQ0652,email_attachment
2026-01-27 09:58:59,CBK5478,external_upload
2026-01-27 10:00:25,QPN5696,email_attachment
2026-01-27 10:01:05,TVL8943,email_attachment
2026-01-27 10:06:13,MEP0762,email_attachment
2026-01-27 10:07:12,UMB9505,email_attachment
2026-01-27 10:07:14,MMX3144,email_attachment
2026-01-27 10:08:08,ZJF2677,external_upload
2026-01-27 10:09:16,JQL1140,email_attachment
2026-01-27 10:13:27,ZYS0684,email_attachment
2026-01-27 10:16:45,WQK1133,external_upload
2026-01-27 10:17:38,VQU7934,email_attachment
2026-01-27 10:18:12,XMZ1293,email_attachment
2026-01-27 10:18:39,VDX6246,email_attachment
2026-01-27 10:21:05,NBE8069,email_attachment
2026-01-27 10:22:38,ZRH2565,email_attachment
2026-01-27 10:24:28,TPG1817,email_attachment
2026-01-27 10:25:48,YCY9763,email_attachment
2026-01-27 10:31:18,ZZM0775,email_attachment
2026-01-27 10:34:20,PGT7229,email_attachment
2026-01-27 10:34:33,QQJ6766,email_attachment
2026-01-27 10:37:33,CGR6865,external_upload
2026-01-27 10:39:51,YEL9905,external_upload
2026-01-27 10:41:04,PRU1120,email_attachment
2026-01-27 10:46:04,QQA3427,email_attachment
2026-01-27 10:55:36,RJF0501,email_attachment
2026-01-27 10:56:32,AFT4004,email_attachment
2026-01-27 10:57:30,ZYE5732,email_attachment
2026-01-27 10:57:54,MMD8298,email_attachment
2026-01-27 10:58:05,HBP7240,email_attachment
2026-01-27 10:59:02,UHW1685,email_attachment
2026-01-27 11:15:19,LCD0888,email_attachment
2026-01-27 11:18:39,RTA4105,email_attachment
2026-01-27 11:20:10,JUU7757,email_attachment
2026-01-27 11:23:57,MHN4051,email_attachment
2026-01-27 11:28:53,MJM7888,email_attachment
2026-01-27 11:31:43,RYA2244,email_attachment
2026-01-27 11:32:49,GUZ0270,email_attachment
2026-01-27 11:35:55,MEG7072,email_attachment
2026-01-27 11:36:06,ELY1202,external_upload
2026-01-27 11:37:18,KLP0024,email_attachment
2026-01-27 11:45:28,CCJ4180,email_attachment
2026-01-27 11:48:16,BKG3081,email_attachment
2026-01-27 11:49:54,HNM5714,external_upload
2026-01-27 11:57:53,VBN6472,email_attachment
2026-01-27 11:59:18,LQN7970,email_attachment
2026-01-27 12:03:03,JLN5393,email_attachment
2026-01-27 12:05:09,WVC7612,email_attachment
2026-01-27 12:12:22,GEP1888,email_attachment
2026-01-27 12:17:59,LQN1265,email_attachment
2026-01-27 12:30:29,GTJ3421,email_attachment
2026-01-27 12:33:14,CBK5478,email_attachment
2026-01-27 12:37:16,EDX0830,email_attachment
2026-01-27 12:40:19,VTP7518,email_attachment
2026-01-27 12:46:38,LUW6194,email_attachment
2026-01-27 12:48:16,KHR6403,email_attachment
2026-01-27 12:49:13,RBN4080,external_upload
2026-01-27 12:53:47,LWR1242,email_attachment
2026-01-27 12:53:48,KHX2969,email_attachment
2026-01-27 13:00:00,BNT0262,email_attachment
2026-01-27 13:05:06,RAN1908,email_attachment
2026-01-27 13:09:58,QBQ6174,email_attachment
2026-01-27 13:12:15,QRS0130,email_attachment
2026-01-27 13:12:31,XHA3580,email_attachment
2026-01-27 13:12:51,MPF6269,email_attachment
2026-01-27 13:15:34,SZK8704,email_attachment
2026-01-27 13:18:12,ZVB8376,email_attachment
2026-01-27 13:25:35,DMJ7135,external_upload
2026-01-27 13:28:31,NVR3124,email_attachment
2026-01-27 13:29:31,RQV1932,email_attachment
2026-01-27 13:30:25,WBH1128,email_attachment
2026-01-27 13:44:44,JUP3771,email_attachment
2026-01-27 13:45:19,TEE2171,email_attachment
2026-01-27 13:48:03,QTN7519,email_attachment
2026-01-27 13:54:21,AWX0001,email_attachment
2026-01-27 13:55:50,DSE9841,email_attachment
2026-01-27 13:57:21,GZS8306,email_attachment
2026-01-27 14:23:26,CHG2521,email_attachment
2026-01-27 15:03:59,MMS7742,email_attachment
2026-01-27 15:40:52,KPY3791,email_attachment
2026-01-27 16:23:21,UMH6643,email_attachment
2026-01-27 17:31:09,ZBE2522,email_attachment
2026-01-27 18:07:46,KCA1959,email_attachment
2026-01-27 18:25:58,PZP4279,email_attachment
2026-01-27 18:35:00,VZP1732,email_attachment
2026-01-27 19:16:12,HDQ4000,external_upload
2026-01-28 06:50:11,VZH0138,email_attachment
2026-01-28 08:04:16,SRN5527,email_attachment
2026-01-28 08:05:39,GNL6288,email_attachment
2026-01-28 08:33:27,CWG5462,email_attachment
2026-01-28 08:43:02,TNM5145,external_upload
2026-01-28 08:44:11,PJA2498,external_upload
2026-01-28 08:47:07,HNT5815,email_attachment
2026-01-28 08:58:22,WQQ3666,email_attachment
2026-01-28 09:01:12,SCD9494,email_attachment
2026-01-28 09:06:14,KFA0115,email_attachment
2026-01-28 09:07:29,RSC5904,email_attachment
2026-01-28 09:14:57,CDJ5646,email_attachment
2026-01-28 09:23:17,ZUU9989,email_attachment
2026-01-28 09:25:43,JYE3282,email_attachment
2026-01-28 09:26:49,XAD7151,email_attachment
2026-01-28 09:29:51,ERD3114,external_upload
2026-01-28 09:30:43,QDT9172,email_attachment
2026-01-28 09:39:00,FVL4917,email_attachment
2026-01-28 09:39:07,JLW9735,usb_connect
2026-01-28 09:43:52,AUN2227,email_attachment
2026-01-28 09:44:18,RLV4764,email_attachment
2026-01-28 09:48:36,MCC9628,email_attachment
2026-01-28 09:48:41,AXC9012,email_attachment
2026-01-28 09:51:15,TZU4501,email_attachment
2026-01-28 09:54:46,JWR6908,email_attachment
2026-01-28 10:01:27,GLY2041,email_attachment
2026-01-28 10:04:30,YWJ6443,email_attachment
2026-01-28 10:07:39,FWS7950,email_attachment
2026-01-28 10:10:05,CPJ0831,email_attachment
2026-01-28 10:13:11,HKH3896,email_attachment
2026-01-28 10:16:31,UBK2435,email_attachment
2026-01-28 10:17:06,RCT0485,email_attachment
2026-01-28 10:20:22,BFV9326,email_attachment
2026-01-28 10:21:16,YXP0912,email_attachment
2026-01-28 10:23:50,PUD8038,email_attachment
2026-01-28 10:24:14,UHW1685,email_attachment
2026-01-28 10:26:23,HVB3260,email_attachment
2026-01-28 10:29:26,RUH8404,email_attachment
2026-01-28 10:32:02,DNS6392,email_attachment
2026-01-28 10:32:55,QVG8689,email_attachment
2026-01-28 10:36:35,VMP2757,email_attachment
2026-01-28 10:36:55,MMX3144,email_attachment
2026-01-28 10:42:59,UNN8662,email_attachment
2026-01-28 10:45:46,RRJ2491,email_attachment
2026-01-28 10:50:10,FXW8392,email_attachment
2026-01-28 10:55:17,AAD3954,email_attachment
2026-01-28 10:56:33,AKG3234,email_attachment
2026-01-28 10:56:48,NDZ4258,email_attachment
2026-01-28 10:57:25,URQ0978,email_attachment
2026-01-28 10:58:51,URA4638,email_attachment
2026-01-28 11:00:56,GEP1888,email_attachment
2026-01-28 11:03:46,XRA6244,email_attachment
2026-01-28 11:08:37,UKB0428,email_attachment
2026-01-28 11:10:07,GFK8181,external_upload
2026-01-28 11:12:59,WNC6066,email_attachment
2026-01-28 11:14:00,BDB1193,email_attachment
2026-01-28 11:14:50,TKZ3718,email_attachment
2026-01-28 11:15:21,TGH1943,email_attachment
2026-01-28 11:16:06,FVX0860,email_attachment
2026-01-28 11:17:28,LDC5457,email_attachment
2026-01-28 11:18:23,GCX8279,email_attachment
2026-01-28 11:19:51,DTC1360,email_attachment
2026-01-28 11:22:08,AMG0435,email_attachment
2026-01-28 11:24:53,NDL3725,email_attachment
2026-01-28 11:28:50,RYA2244,email_attachment
2026-01-28 11:30:44,FXU6508,email_attachment
2026-01-28 11:31:37,GKY7969,email_attachment
2026-01-28 11:33:50,MBL1790,email_attachment
2026-01-28 11:36:10,CDW9992,email_attachment
2026-01-28 11:40:02,RWT7328,email_attachment
2026-01-28 11:40:32,MJQ0726,external_upload
2026-01-28 11:42:11,BQZ1130,email_attachment
2026-01-28 11:44:10,EDM9899,email_attachment
2026-01-28 11:46:05,VRF2496,email_attachment
2026-01-28 11:46:53,YCY0882,email_attachment
2026-01-28 11:47:38,AGP7231,email_attachment
2026-01-28 11:50:05,MJD5091,email_attachment
2026-01-28 11:50:20,DVB7034,email_attachment
2026-01-28 11:56:50,WTA6371,email_attachment
2026-01-28 12:01:34,FXH7307,email_attachment
2026-01-28 12:03:36,ZPS7623,email_attachment
2026-01-28 12:04:06,EWP1032,email_attachment
2026-01-28 12:07:27,NHK5243,email_attachment
2026-01-28 12:17:24,JFW4707,email_attachment
2026-01-28 12:17:32,AHB3837,email_attachment
2026-01-28 12:17:39,HRC2558,email_attachment
2026-01-28 12:18:27,QDX0204,email_attachment
2026-01-28 12:21:48,GBD0220,email_attachment
2026-01-28 12:26:22,WRQ6754,email_attachment
2026-01-28 12:28:37,NES9078,email_attachment
2026-01-28 12:30:23,NCX1973,email_attachment
2026-01-28 12:31:15,DZG4068,email_attachment
2026-01-28 12:33:36,AAA0409,email_attachment
2026-01-28 12:38:54,HXH6707,email_attachment
2026-01-28 12:39:00,XMQ4841,email_attachment
2026-01-28 12:39:31,CQN3399,email_attachment
2026-01-28 12:40:13,BCA1450,email_attachment
2026-01-28 12:45:53,SXL0642,email_attachment
2026-01-28 12:46:37,TMU3491,email_attachment
2026-01-28 12:50:02,XWY4351,email_attachment
2026-01-28 12:50:39,BXJ9998,email_attachment
2026-01-28 12:53:32,SVK8051,email_attachment
2026-01-28 12:54:13,JFZ5861,email_attachment
2026-01-28 12:56:00,MCM4583,email_attachment
2026-01-28 12:56:10,BVH4601,email_attachment
2026-01-28 13:00:50,VBV3674,email_attachment
2026-01-28 13:03:44,AEP7116,email_attachment
2026-01-28 13:06:40,HHT2257,email_attachment
2026-01-28 13:10:39,USY9492,email_attachment
2026-01-28 13:13:35,LFR9724,email_attachment
2026-01-28 13:15:04,PWT2372,email_attachment
2026-01-28 13:20:44,DXE2593,email_attachment
2026-01-28 13:20:49,XHZ8584,email_attachment
2026-01-28 13:24:07,RKB7991,email_attachment
2026-01-28 13:33:08,CHQ2090,email_attachment
2026-01-28 13:39:02,FUP1453,email_attachment
2026-01-28 13:46:57,ACW5886,email_attachment
2026-01-28 13:57:50,REB6617,email_attachment
2026-01-28 13:59:04,WZJ4162,external_upload
2026-01-28 13:59:14,CNX4632,email_attachment
2026-01-28 14:00:12,URV9227,email_attachment
2026-01-28 14:50:31,BEM7786,email_attachment
2026-01-28 15:38:05,UFL2774,email_attachment
2026-01-28 16:00:32,TDJ7685,email_attachment
2026-01-28 16:19:49,PSS7319,external_upload
2026-01-28 16:26:57,RZU1592,email_attachment
2026-01-28 16:55:49,PNX1881,email_attachment
2026-01-28 17:17:09,HDQ4000,email_attachment
2026-01-28 18:22:53,NGY1374,email_attachment
2026-01-28 18:45:39,AQA7238,email_attachment
2026-01-28 19:01:27,MED2542,email_attachment
2026-01-29 06:36:20,USB2186,email_attachment
2026-01-29 07:11:44,LBZ7347,email_attachment
2026-01-29 07:32:10,CAS0219,email_attachment
2026-01-29 07:49:28,XBW4718,external_upload
2026-01-29 08:48:46,RXJ5397,email_attachment
2026-01-29 08:49:04,EBR0860,email_attachment
2026-01-29 08:49:41,CST4793,email_attachment
2026-01-29 09:01:01,DHT9626,email_attachment
2026-01-29 09:03:00,YHZ7266,email_attachment
2026-01-29 09:09:44,NGN9252,email_attachment
2026-01-29 09:10:09,JYU4145,email_attachment
2026-01-29 09:12:34,GXX6793,email_attachment
2026-01-29 09:16:14,KFN4851,email_attachment
2026-01-29 09:23:49,LAG9610,external_upload
2026-01-29 09:23:50,KMQ0179,email_attachment
2026-01-29 09:24:07,RVG2870,email_attachment
2026-01-29 09:25:34,SBE6209,email_attachment
2026-01-29 09:25:44,QPJ2223,email_attachment
2026-01-29 09:26:31,HJQ8937,email_attachment
2026-01-29 09:26:40,WSP7770,email_attachment
2026-01-29 09:30:31,AAA0409,email_attachment
2026-01-29 09:42:37,KRH8286,email_attachment
2026-01-29 09:42:54,ALJ0624,email_attachment
2026-01-29 09:45:15,UGN5077,email_attachment
2026-01-29 09:51:57,CQN9864,email_attachment
2026-01-29 09:59:06,DGL2730,email_attachment
2026-01-29 10:00:05,QLT1421,usb_connect
2026-01-29 10:01:26,XSF2295,email_attachment
2026-01-29 10:07:01,UXK1209,email_attachment
2026-01-29 10:09:54,GMA8519,email_attachment
2026-01-29 10:10:03,NQN3339,email_attachment
2026-01-29 10:10:31,RVW4318,email_attachment
2026-01-29 10:11:07,XVC0594,email_attachment
2026-01-29 10:11:49,HUX5908,usb_connect
2026-01-29 10:13:57,CHG9684,email_attachment
2026-01-29 10:16:13,BNJ6311,email_attachment
2026-01-29 10:16:20,RGW3617,email_attachment
2026-01-29 10:16:35,RDA9676,email_attachment
2026-01-29 10:17:01,BTP8472,email_attachment
2026-01-29 10:22:01,NQA4798,email_attachment
2026-01-29 10:25:01,PJN1183,email_attachment
2026-01-29 10:27:34,UNF6010,email_attachment
2026-01-29 10:32:45,HNM5714,email_attachment
2026-01-29 10:35:30,WLT1936,email_attachment
2026-01-29 10:37:06,YGW2220,usb_connect
2026-01-29 10:37:54,LBX7990,email_attachment
2026-01-29 10:39:16,KWS9285,email_attachment
2026-01-29 10:39:29,PHD2134,email_attachment
2026-01-29 10:41:43,LLJ6063,email_attachment
2026-01-29 10:44:20,DUR0271,email_attachment
2026-01-29 10:45:12,AQD8170,email_attachment
2026-01-29 10:48:27,RQX2265,usb_connect
2026-01-29 10:49:35,ZEC7331,email_attachment
2026-01-29 10:53:33,LKL1757,email_attachment
2026-01-29 10:55:25,WYK8060,email_attachment
2026-01-29 10:56:06,JUZ1834,email_attachment
2026-01-29 10:57:13,ZZA4587,email_attachment
2026-01-29 10:58:51,SYR2719,email_attachment
2026-01-29 10:59:32,GEZ2239,email_attachment
2026-01-29 11:06:52,PWL2596,usb_connect
2026-01-29 11:08:45,KZG4945,email_attachment
2026-01-29 11:13:28,KWS9285,usb_connect
2026-01-29 11:20:55,SYR2719,usb_connect
2026-01-29 11:23:04,UYF2390,email_attachment
2026-01-29 11:23:31,NRP9066,email_attachment
2026-01-29 11:25:15,MSB2345,email_attachment
2026-01-29 11:27:10,XRA6244,email_attachment
2026-01-29 11:36:18,CXM1041,usb_connect
2026-01-29 11:36:23,WPP7340,email_attachment
2026-01-29 11:36:35,DAR0388,email_attachment
2026-01-29 11:40:03,TEE2171,email_attachment
2026-01-29 11:40:22,WVM6738,email_attachment
2026-01-29 11:42:15,PMV7499,email_attachment
2026-01-29 11:44:59,HLX3539,email_attachment
2026-01-29 11:48:19,WHX4263,email_attachment
2026-01-29 11:49:39,VQK5549,email_attachment
2026-01-29 11:50:53,LER8757,email_attachment
2026-01-29 11:51:53,VQM6871,email_attachment
2026-01-29 11:55:55,JCN9287,email_attachment
2026-01-29 11:56:40,TUG1929,email_attachment
2026-01-29 11:57:21,AKG3234,email_attachment
2026-01-29 11:59:10,UDW8277,email_attachment
2026-01-29 12:01:05,WXR3966,email_attachment
2026-01-29 12:04:51,VHH8257,email_attachment
2026-01-29 12:05:03,FJC1208,email_attachment
2026-01-29 12:14:55,FXC0501,email_attachment
2026-01-29 12:16:52,KAB4578,email_attachment
2026-01-29 12:16:54,DTW2539,email_attachment
2026-01-29 12:19:19,PPH2089,email_attachment
2026-01-29 12:20:31,MCM4583,email_attachment
2026-01-29 12:21:10,KCF6129,email_attachment
2026-01-29 12:22:49,HXH2947,external_upload
2026-01-29 12:24:15,NKB9927,email_attachment
2026-01-29 12:28:42,AVL7593,email_attachment
2026-01-29 12:28:53,ZDB4042,email_attachment
2026-01-29 12:29:55,YSR4292,email_attachment
2026-01-29 12:31:01,VYT8978,email_attachment
2026-01-29 12:32:55,PQP1845,email_attachment
2026-01-29 12:34:37,DDM6212,external_upload
2026-01-29 12:42:56,WMY3465,email_attachment
2026-01-29 12:43:53,VYC8658,email_attachment
2026-01-29 12:44:17,EXP0252,email_attachment
2026-01-29 12:47:33,QTJ3272,email_attachment
2026-01-29 12:59:29,LXZ8609,email_attachment
2026-01-29 13:01:06,MXP4447,email_attachment
2026-01-29 13:10:14,LHL1358,email_attachment
2026-01-29 13:11:44,BTU7896,external_upload
2026-01-29 13:12:54,VGT8508,email_attachment
2026-01-29 13:17:20,CPF7783,email_attachment
2026-01-29 13:19:38,VQZ9758,email_attachment
2026-01-29 13:23:25,GZE8262,email_attachment
2026-01-29 13:28:41,DZT3304,email_attachment
2026-01-29 13:29:26,TZU4501,email_attachment
2026-01-29 13:30:20,RBH8130,email_attachment
2026-01-29 13:37:13,VEN8982,email_attachment
2026-01-29 13:53:18,PXE9068,email_attachment
2026-01-29 14:00:02,LNF3219,email_attachment
2026-01-29 14:07:28,DZR5647,email_attachment
2026-01-29 14:14:42,YJP1704,external_upload
2026-01-29 14:58:51,BCJ1051,email_attachment
2026-01-29 15:34:36,YZD2818,email_attachment
2026-01-29 15:38:30,MYB1326,email_attachment
2026-01-29 15:48:57,BSA5255,email_attachment
2026-01-29 16:11:22,BZV5058,email_attachment
2026-01-29 16:15:20,VMF3722,email_attachment
2026-01-29 16:16:45,BCA8693,email_attachment
2026-01-29 16:37:56,LHN0841,email_attachment
2026-01-29 16:45:30,ATN8458,email_attachment
2026-01-29 17:31:23,TDJ7685,email_attachment
2026-01-29 17:35:58,FAP0273,email_attachment
2026-01-29 17:36:43,PRL8162,email_attachment
2026-01-29 17:40:13,AWX0001,email_attachment
2026-01-29 17:43:49,THH6830,email_attachment
2026-01-29 17:55:28,PPM0735,email_attachment
2026-01-29 18:03:18,VLE2985,email_attachment
2026-01-29 18:18:59,LFM0357,email_attachment
2026-01-29 18:19:51,EKA2417,email_attachment
2026-01-30 07:09:13,UUN8790,email_attachment
2026-01-30 07:48:24,CQR0703,email_attachment
2026-01-30 07:52:57,UWT0424,email_attachment
2026-01-30 08:12:18,KPF0729,email_attachment
2026-01-30 08:37:48,XKJ4542,email_attachment
2026-01-30 08:39:13,EDQ2066,email_attachment
2026-01-30 08:41:16,SQL5063,email_attachment
2026-01-30 08:45:57,EFE0724,email_attachment
2026-01-30 08:52:42,AGX2877,email_attachment
2026-01-30 08:57:32,QCJ4335,email_attachment
2026-01-30 08:57:37,XNY7975,email_attachment
2026-01-30 09:03:10,JWR6908,email_attachment
2026-01-30 09:15:15,QRS0130,email_attachment
2026-01-30 09:17:47,AFM6655,email_attachment
2026-01-30 09:22:10,DUL4786,email_attachment
2026-01-30 09:24:39,XXK4064,email_attachment
2026-01-30 09:26:49,ZKL1192,external_upload
2026-01-30 09:27:32,FAV1376,email_attachment
2026-01-30 09:30:11,NFQ8693,email_attachment
2026-01-30 09:30:19,JYN2779,email_attachment
2026-01-30 09:30:30,KZW1655,external_upload
2026-01-30 09:31:23,BCL5970,email_attachment
2026-01-30 09:34:25,VHE3897,email_attachment
2026-01-30 09:35:22,ASX1419,email_attachment
2026-01-30 09:45:04,QPN4528,external_upload
2026-01-30 09:46:24,ZPC9799,email_attachment
2026-01-30 09:47:08,YJG3414,email_attachment
2026-01-30 09:47:29,RBT7287,external_upload
2026-01-30 09:48:17,RQV1932,email_attachment
2026-01-30 09:48:41,FGC5618,email_attachment
2026-01-30 09:53:26,YBY3674,email_attachment
2026-01-30 09:54:51,KSM1848,email_attachment
2026-01-30 09:56:47,FYX5955,email_attachment
2026-01-30 09:57:01,XBD0169,email_attachment
2026-01-30 10:00:43,DKP7995,email_attachment
2026-01-30 10:01:18,MBF0954,email_attachment
2026-01-30 10:02:05,WRQ6754,email_attachment
2026-01-30 10:05:26,TRW0306,email_attachment
2026-01-30 10:07:01,TJL4519,email_attachment
2026-01-30 10:09:11,SHR2210,email_attachment
2026-01-30 10:12:14,EKP0000,email_attachment
2026-01-30 10:14:11,JDY4897,email_attachment
2026-01-30 10:15:50,DVP3588,email_attachment
2026-01-30 10:19:02,BJB5097,email_attachment
2026-01-30 10:20:20,AHL0182,email_attachment
2026-01-30 10:20:47,GJE2945,email_attachment
2026-01-30 10:26:14,HPN5740,external_upload
2026-01-30 10:28:38,JAZ7167,email_attachment
2026-01-30 10:30:15,MUT3554,external_upload
2026-01-30 10:30:59,WYZ2196,email_attachment
2026-01-30 10:32:33,DZR5647,email_attachment
2026-01-30 10:34:25,UTP4301,email_attachment
2026-01-30 10:39:14,NWJ3278,email_attachment
2026-01-30 10:43:23,WPC3142,external_upload
2026-01-30 10:43:47,ZKL1192,email_attachment
2026-01-30 10:43:59,DQL0828,email_attachment
2026-01-30 10:47:12,YXE8611,email_attachment
2026-01-30 10:54:33,RCD1239,email_attachment
2026-01-30 10:54:45,QNP1003,email_attachment
2026-01-30 10:55:05,XUY0616,email_attachment
2026-01-30 10:56:32,DDB3409,email_attachment
2026-01-30 10:57:53,DAS6696,email_attachment
2026-01-30 10:58:02,ARF3086,email_attachment
2026-01-30 10:58:33,UJU1283,email_attachment
2026-01-30 11:01:20,REB6617,external_upload
2026-01-30 11:02:34,HFU3666,usb_connect
2026-01-30 11:05:30,JAS9456,usb_connect
2026-01-30 11:08:35,ULK7678,email_attachment
2026-01-30 11:11:15,BRC6957,email_attachment
2026-01-30 11:11:32,JFZ5861,email_attachment
2026-01-30 11:11:43,LXX1956,email_attachment
2026-01-30 11:11:50,NFE6544,email_attachment
2026-01-30 11:14:20,TVQ3558,email_attachment
2026-01-30 11:17:22,KLN6982,usb_connect
2026-01-30 11:18:40,MFB4161,email_attachment
2026-01-30 11:19:57,PYB7646,email_attachment
2026-01-30 11:20:53,QCY1152,email_attachment
2026-01-30 11:21:41,XVX6602,email_attachment
2026-01-30 11:22:19,GDJ5184,email_attachment
2026-01-30 11:24:37,AUH1017,email_attachment
2026-01-30 11:26:15,CXT3659,email_attachment
2026-01-30 11:27:14,HVS3166,email_attachment
2026-01-30 11:32:05,UCN8228,email_attachment
2026-01-30 11:32:11,RGK6603,email_attachment
2026-01-30 11:35:48,XRP2096,external_upload
2026-01-30 11:37:50,RGF8001,email_attachment
2026-01-30 11:40:09,UBK2435,email_attachment
2026-01-30 11:41:29,WTA6371,email_attachment
2026-01-30 11:43:17,RPB6169,email_attachment
2026-01-30 11:48:02,SFV7598,email_attachment
2026-01-30 11:49:04,YKL7625,email_attachment
2026-01-30 11:50:27,DXE2593,email_attachment
2026-01-30 11:51:12,CVD5263,email_attachment
2026-01-30 11:51:54,RSX1179,email_attachment
2026-01-30 11:55:33,SZK8704,email_attachment
2026-01-30 11:57:01,NDZ4258,email_attachment
2026-01-30 12:03:38,GZG5689,email_attachment
2026-01-30 12:07:38,GXH8145,external_upload
2026-01-30 12:10:38,SZP9194,email_attachment
2026-01-30 12:11:23,NGP1594,email_attachment
2026-01-30 12:11:33,URY3648,email_attachment
2026-01-30 12:16:17,YQH6723,email_attachment
2026-01-30 12:19:29,PSV1353,email_attachment
2026-01-30 12:21:14,PXN7264,email_attachment
2026-01-30 12:25:33,MEG7072,email_attachment
2026-01-30 12:28:15,LXN8835,email_attachment
2026-01-30 12:30:25,ZJG4527,email_attachment
2026-01-30 12:32:22,GGL2672,email_attachment
2026-01-30 12:34:27,BHN1070,email_attachment
2026-01-30 12:35:53,ZKU3851,email_attachment
2026-01-30 12:35:53,RDZ6044,email_attachment
2026-01-30 12:38:32,XFR9329,email_attachment
2026-01-30 12:41:04,CEL7303,email_attachment
2026-01-30 12:41:07,TEV4925,email_attachment
2026-01-30 12:43:14,FXU9222,email_attachment
2026-01-30 12:44:01,YRT1492,external_upload
2026-01-30 12:47:30,GTS1980,email_attachment
2026-01-30 12:51:43,LZA4757,email_attachment
2026-01-30 12:52:52,ZMY8800,email_attachment
2026-01-30 12:54:54,PFJ2803,email_attachment
2026-01-30 12:57:16,DYQ2940,email_attachment
2026-01-30 12:59:09,QTJ3272,email_attachment
2026-01-30 13:01:19,NQN3339,email_attachment
2026-01-30 13:07:44,KAB4578,email_attachment
2026-01-30 13:09:57,TJX7065,email_attachment
2026-01-30 13:12:24,XLU2700,email_attachment
2026-01-30 13:13:15,PZF1734,email_attachment
2026-01-30 13:17:25,ALS5650,email_attachment
2026-01-30 13:17:51,ZEQ5713,email_attachment
2026-01-30 13:18:12,VPP1509,email_attachment
2026-01-30 13:18:58,KTE8576,email_attachment
2026-01-30 13:23:36,FLJ4544,email_attachment
2026-01-30 13:26:34,JHB0982,email_attachment
2026-01-30 13:29:25,JXW2592,email_attachment
2026-01-30 13:31:48,QMQ7100,external_upload
2026-01-30 13:43:35,UHJ6632,email_attachment
2026-01-30 13:51:40,SHG8557,email_attachment
2026-01-30 13:59:09,VMF3722,email_attachment
2026-01-30 14:00:00,QWE4909,email_attachment
2026-01-30 14:04:02,VWK2440,email_attachment
2026-01-30 14:13:57,NLQ3506,email_attachment
2026-01-30 14:19:11,VNB1827,email_attachment
2026-01-30 14:28:12,MSQ4117,email_attachment
2026-01-30 14:31:03,PSS7319,usb_connect
2026-01-30 14:39:06,MYB1326,email_attachment
2026-01-30 14:43:01,LFM0357,email_attachment
2026-01-30 15:11:35,SQA3601,email_attachment
2026-01-30 16:31:53,REX4712,email_attachment
2026-01-30 16:57:59,EKA2417,email_attachment
2026-01-30 17:33:28,NGY1374,email_attachment
2026-01-30 17:42:04,JDR3160,email_attachment
2026-01-30 17:44:51,AQA7238,email_attachment
2026-01-30 17:59:43,HDQ4000,email_attachment
2026-01-30 19:38:36,FBQ1663,email_attachment
2026-01-31 10:03:23,GFK8181,email_attachment
2026-01-31 13:00:49,HLA2435,email_attachment
2026-01-31 13:05:41,VRF2496,email_attachment
2026-02-01 11:04:20,TDZ7818,email_attachment
2026-02-01 16:54:01,LPM3257,email_attachment
2026-02-02 06:26:53,EYR9807,email_attachment
2026-02-02 07:02:28,JKQ9983,email_attachment
2026-02-02 07:02:55,JVL5883,email_attachment
2026-02-02 07:14:30,RQA6801,email_attachment
2026-02-02 07:51:40,TXG5620,email_attachment
2026-02-02 07:52:16,FPR2130,email_attachment
2026-02-02 08:26:03,TFH1718,email_attachment
2026-02-02 08:26:31,USB2186,email_attachment
2026-02-02 08:41:08,FYW9481,email_attachment
2026-02-02 08:48:32,SRD9645,email_attachment
2026-02-02 08:52:29,VXQ8396,usb_connect
2026-02-02 09:09:18,DSD1676,email_attachment
2026-02-02 09:09:20,LDP4391,email_attachment
2026-02-02 09:14:11,BUX6794,email_attachment
2026-02-02 09:23:18,JQB8686,email_attachment
2026-02-02 09:23:59,CQK5506,email_attachment
2026-02-02 09:27:18,JBQ2200,email_attachment
2026-02-02 09:28:30,PZE6660,email_attachment
2026-02-02 09:36:13,ZWY4442,email_attachment
2026-02-02 09:37:16,JKK8889,email_attachment
2026-02-02 09:50:38,MJD5091,email_attachment
2026-02-02 09:51:46,DQV6521,external_upload
2026-02-02 09:54:43,TCY5836,email_attachment
2026-02-02 09:57:43,DUN8279,external_upload
2026-02-02 10:02:51,RAX0999,email_attachment
2026-02-02 10:02:54,ENE5717,email_attachment
2026-02-02 10:03:28,UWU3881,email_attachment
2026-02-02 10:07:35,ENH2152,external_upload
2026-02-02 10:09:08,RBT7287,email_attachment
2026-02-02 10:09:36,FNB0006,email_attachment
2026-02-02 10:12:20,APW9990,email_attachment
2026-02-02 10:12:51,LAB2540,email_attachment
2026-02-02 10:13:15,BVH4601,email_attachment
2026-02-02 10:16:50,ATR3306,external_upload
2026-02-02 10:20:31,BZR9273,email_attachment
2026-02-02 10:27:45,JXR2006,email_attachment
2026-02-02 10:30:44,DKK2039,email_attachment
2026-02-02 10:33:18,BBH7509,email_attachment
2026-02-02 10:34:00,JAW8019,email_attachment
2026-02-02 10:35:49,ZSX0554,email_attachment
2026-02-02 10:38:13,HXH6707,email_attachment
2026-02-02 10:45:18,PQP1845,email_attachment
2026-02-02 10:57:02,VKU7930,email_attachment
2026-02-02 11:00:13,LBX7990,email_attachment
2026-02-02 11:00:19,GXH8145,email_attachment
2026-02-02 11:01:12,EWF9587,email_attachment
2026-02-02 11:04:49,DBB2553,email_attachment
2026-02-02 11:15:11,GGL2672,email_attachment
2026-02-02 11:20:03,TLX2731,email_attachment
2026-02-02 11:22:46,JDA6078,email_attachment
2026-02-02 11:24:21,BDB1193,email_attachment
2026-02-02 11:26:26,WCS8950,email_attachment
2026-02-02 11:26:35,ZWD2716,external_upload
2026-02-02 11:31:02,WNC6066,email_attachment
2026-02-02 11:31:35,ZHK7052,email_attachment
2026-02-02 11:32:01,CLM1185,email_attachment
2026-02-02 11:34:15,WFH6695,email_attachment
2026-02-02 11:34:52,UPJ2100,email_attachment
2026-02-02 11:35:25,JFR6002,email_attachment
2026-02-02 11:40:07,AUN2227,email_attachment
2026-02-02 11:45:13,RGW3617,email_attachment
2026-02-02 11:47:09,DDZ1774,email_attachment
2026-02-02 11:50:19,MCX2638,email_attachment
2026-02-02 11:53:44,GMA8519,email_attachment
2026-02-02 11:56:51,YRT1492,email_attachment
2026-02-02 11:57:34,QAQ9676,email_attachment
2026-02-02 11:58:36,JRG9460,email_attachment
2026-02-02 11:59:23,HJV4248,email_attachment
2026-02-02 12:01:29,RZU7007,email_attachment
2026-02-02 12:08:21,JGH7582,external_upload
2026-02-02 12:10:25,BRC6957,email_attachment
2026-02-02 12:11:56,ZZE4562,email_attachment
2026-02-02 12:12:03,PFM8725,email_attachment
2026-02-02 12:20:28,JJM7250,email_attachment
2026-02-02 12:23:15,PEH7036,email_attachment
2026-02-02 12:25:09,TVL8943,email_attachment
2026-02-02 12:26:47,WHX4263,email_attachment
2026-02-02 12:27:03,XRY2967,email_attachment
2026-02-02 12:28:48,NWE6943,email_attachment
2026-02-02 12:33:02,MRU1672,email_attachment
2026-02-02 12:34:53,TEZ8512,email_attachment
2026-02-02 12:36:58,PZN2159,email_attachment
2026-02-02 12:40:00,VNK6291,email_attachment
2026-02-02 12:42:00,QTA6267,email_attachment
2026-02-02 12:42:54,WYK8060,email_attachment
2026-02-02 12:51:35,FQD7162,email_attachment
2026-02-02 12:52:33,TMZ3304,external_upload
2026-02-02 13:00:33,SXN1549,email_attachment
2026-02-02 13:01:23,FWE2981,external_upload
2026-02-02 13:04:56,KUH3986,email_attachment
2026-02-02 13:10:16,HGV8736,email_attachment
2026-02-02 13:11:03,TWP7521,email_attachment
2026-02-02 13:11:33,FXH7307,email_attachment
2026-02-02 13:14:10,PXN7264,email_attachment
2026-02-02 13:15:11,YYD5558,email_attachment
2026-02-02 13:23:41,WKB5191,email_attachment
2026-02-02 13:25:47,RZR1761,email_attachment
2026-02-02 13:27:11,KXL4804,email_attachment
2026-02-02 13:28:00,XYD3019,email_attachment
2026-02-02 13:28:38,FYM3175,email_attachment
2026-02-02 13:34:52,CZQ8792,email_attachment
2026-02-02 13:39:53,UXU9375,email_attachment
2026-02-02 13:41:08,VBT7946,external_upload
2026-02-02 13:42:00,FXC0501,email_attachment
2026-02-02 13:48:32,XBH6953,email_attachment
2026-02-02 13:55:15,WZD7435,email_attachment
2026-02-02 14:00:02,DZG4068,email_attachment
2026-02-02 14:03:32,SPK8158,email_attachment
2026-02-02 14:05:52,GJS8114,email_attachment
2026-02-02 14:11:58,KFM9718,email_attachment
2026-02-02 14:19:47,HLE8534,email_attachment
2026-02-02 14:20:47,VEF7773,email_attachment
2026-02-02 14:36:13,ZVN1622,email_attachment
2026-02-02 15:26:15,BSA5255,email_attachment
2026-02-02 15:55:55,PAJ6400,email_attachment
2026-02-02 15:58:19,FSK9241,external_upload
2026-02-02 16:17:26,KCA1959,email_attachment
2026-02-02 16:44:19,NDK9291,email_attachment
2026-02-02 16:46:03,NMY8501,external_upload
2026-02-02 16:59:27,HSH2400,email_attachment
2026-02-02 17:07:04,LFM0357,email_attachment
2026-02-02 17:11:06,WKR1017,email_attachment
2026-02-02 18:41:29,ACG7504,email_attachment
2026-02-02 18:42:25,RPU8492,email_attachment
2026-02-02 19:02:07,AVP8904,email_attachment
2026-02-03 06:20:34,BDD2486,external_upload
2026-02-03 06:48:07,RBA1609,email_attachment
2026-02-03 07:01:45,YSM2801,email_attachment
2026-02-03 07:03:25,FPK2167,email_attachment
2026-02-03 08:18:21,FAV1376,usb_connect
2026-02-03 08:25:55,WHA4844,external_upload
2026-02-03 08:38:30,TJL4519,email_attachment
2026-02-03 08:38:36,NZZ9025,email_attachment
2026-02-03 08:51:15,RTM5796,email_attachment
2026-02-03 08:53:59,TRD4019,email_attachment
2026-02-03 09:05:38,LYP2797,external_upload
2026-02-03 09:09:10,YGD6007,email_attachment
2026-02-03 09:09:48,FYW9481,email_attachment
2026-02-03 09:15:10,BVH4601,external_upload
2026-02-03 09:17:01,WQL8707,external_upload
2026-02-03 09:19:08,RJE7048,email_attachment
2026-02-03 09:23:55,RYG9568,email_attachment
2026-02-03 09:24:07,WLX3952,email_attachment
2026-02-03 09:24:37,SDV4997,email_attachment
2026-02-03 09:24:38,VXD9349,email_attachment
2026-02-03 09:24:53,GNR6761,email_attachment
2026-02-03 09:25:35,XYZ5709,external_upload
2026-02-03 09:31:03,KVF2705,email_attachment
2026-02-03 09:31:53,BJW8481,email_attachment
2026-02-03 09:33:19,WGT5862,email_attachment
2026-02-03 09:33:27,NFQ8693,email_attachment
2026-02-03 09:35:19,QTM2961,email_attachment
2026-02-03 09:36:07,EQA7194,email_attachment
2026-02-03 09:38:01,YGD6007,external_upload
2026-02-03 09:38:47,UXK1209,email_attachment
2026-02-03 09:40:33,FUK6375,email_attachment
2026-02-03 09:40:56,AMQ0877,email_attachment
2026-02-03 09:43:48,FPN0799,email_attachment
2026-02-03 09:45:00,ELX7360,email_attachment
2026-02-03 09:46:40,BRD9424,email_attachment
2026-02-03 09:49:20,RSX0455,email_attachment
2026-02-03 09:50:55,SFV7598,email_attachment
2026-02-03 09:52:28,DRJ4735,email_attachment
2026-02-03 09:52:45,WYK4800,email_attachment
2026-02-03 09:53:01,FQD7162,email_attachment
2026-02-03 09:54:36,SSY7885,email_attachment
2026-02-03 09:57:30,MHC8389,email_attachment
2026-02-03 09:59:35,BZS4586,email_attachment
2026-02-03 10:02:26,XRP2096,email_attachment
2026-02-03 10:02:29,HDF6619,email_attachment
2026-02-03 10:06:25,VNR5092,email_attachment
2026-02-03 10:09:43,ALJ0624,email_attachment
2026-02-03 10:14:54,XYA5835,email_attachment
2026-02-03 10:18:00,ATR3306,email_attachment
2026-02-03 10:19:27,PGM8326,email_attachment
2026-02-03 10:21:00,VNT8293,email_attachment
2026-02-03 10:26:32,UWT0424,email_attachment
2026-02-03 10:28:05,ABK1532,email_attachment
2026-02-03 10:28:10,PRU1120,email_attachment
2026-02-03 10:30:58,YVK4363,email_attachment
2026-02-03 10:31:48,LZM5214,email_attachment
2026-02-03 10:38:02,MJD5091,email_attachment
2026-02-03 10:38:03,FUP1453,email_attachment
2026-02-03 10:38:12,PCT1393,email_attachment
2026-02-03 10:41:05,MQK7676,email_attachment
2026-02-03 10:43:08,BKQ9760,email_attachment
2026-02-03 10:43:21,JML7524,email_attachment
2026-02-03 10:46:28,GKN1863,email_attachment
2026-02-03 10:46:55,VZR3053,email_attachment
2026-02-03 10:47:04,XBW4718,email_attachment
2026-02-03 10:47:15,YYD5558,email_attachment
2026-02-03 10:48:40,DEC1796,email_attachment
2026-02-03 10:50:05,BZK1628,email_attachment
2026-02-03 10:51:17,NUC9178,email_attachment
2026-02-03 10:51:19,UHB1648,email_attachment
2026-02-03 10:56:08,GXH8145,email_attachment
2026-02-03 10:58:09,VEF7773,email_attachment
2026-02-03 10:58:36,CNK7263,email_attachment
2026-02-03 11:05:21,BRC6957,email_attachment
2026-02-03 11:05:51,ACN5603,email_attachment
2026-02-03 11:08:26,CQE8059,email_attachment
2026-02-03 11:15:07,NWD3536,email_attachment
2026-02-03 11:15:25,XWA8738,email_attachment
2026-02-03 11:17:27,HVQ8555,email_attachment
2026-02-03 11:19:33,YWJ4356,email_attachment
2026-02-03 11:22:50,AYA0123,email_attachment
2026-02-03 11:23:48,VLW8532,email_attachment
2026-02-03 11:23:50,JUP3771,email_attachment
2026-02-03 11:24:07,MYY1099,email_attachment
2026-02-03 11:28:28,EXB4687,email_attachment
2026-02-03 11:29:11,MHF4555,email_attachment
2026-02-03 11:30:59,QTM3599,email_attachment
2026-02-03 11:31:03,XJA0182,email_attachment
2026-02-03 11:37:31,PHK3119,email_attachment
2026-02-03 11:39:44,ARW8743,email_attachment
2026-02-03 11:41:05,UKN2629,external_upload
2026-02-03 11:42:18,KUH3986,email_attachment
2026-02-03 11:46:41,JNB7620,email_attachment
2026-02-03 12:00:20,QDT9172,email_attachment
2026-02-03 12:03:55,XHH7751,email_attachment
2026-02-03 12:04:02,ZWD2716,email_attachment
2026-02-03 12:04:23,ZZL0154,email_attachment
2026-02-03 12:05:11,CCC1913,external_upload
2026-02-03 12:06:24,GHW1878,external_upload
2026-02-03 12:07:20,DSE9841,external_upload
2026-02-03 12:10:42,XLL6759,email_attachment
2026-02-03 12:10:48,ZDB4042,email_attachment
2026-02-03 12:11:34,AUH1017,email_attachment
2026-02-03 12:12:32,FWE2981,email_attachment
2026-02-03 12:15:27,HXQ5785,email_attachment
2026-02-03 12:16:04,MLP3442,email_attachment
2026-02-03 12:18:30,RVY6685,email_attachment
2026-02-03 12:20:57,SLX6104,email_attachment
2026-02-03 12:22:42,EVA6243,email_attachment
2026-02-03 12:25:04,PQW6333,email_attachment
2026-02-03 12:31:12,JYN2779,email_attachment
2026-02-03 12:31:40,DSQ0827,email_attachment
2026-02-03 12:32:49,HGV8736,external_upload
2026-02-03 12:35:14,AZG7274,email_attachment
2026-02-03 12:36:37,LDP4391,email_attachment
2026-02-03 12:37:14,EDX9440,email_attachment
2026-02-03 12:37:34,AQD8170,email_attachment
2026-02-03 12:38:30,GMG6846,email_attachment
2026-02-03 12:38:48,BTP4022,email_attachment
2026-02-03 12:52:25,XYY3402,email_attachment
2026-02-03 12:59:58,JTY5915,email_attachment
2026-02-03 13:05:19,BYQ0055,email_attachment
2026-02-03 13:06:20,FMY6666,email_attachment
2026-02-03 13:07:35,AAD3954,email_attachment
2026-02-03 13:08:19,VXH2095,email_attachment
2026-02-03 13:08:36,EWY8648,email_attachment
2026-02-03 13:11:57,GFK8181,email_attachment
2026-02-03 13:14:48,EJF3816,email_attachment
2026-02-03 13:19:35,VFK7595,email_attachment
2026-02-03 13:20:06,HFU3666,email_attachment
2026-02-03 13:22:05,GBA1658,email_attachment
2026-02-03 13:25:16,LUW6194,email_attachment
2026-02-03 13:25:22,GAR8123,email_attachment
2026-02-03 13:26:19,PLD6480,email_attachment
2026-02-03 13:29:35,UUZ0064,email_attachment
2026-02-03 13:35:34,AEY2241,email_attachment
2026-02-03 13:39:54,RPB6169,email_attachment
2026-02-03 14:59:23,EER7836,email_attachment
2026-02-03 15:06:21,QJR8672,email_attachment
2026-02-03 16:18:39,EGE4292,email_attachment
2026-02-03 16:55:30,ESG8664,email_attachment
2026-02-03 16:59:59,PZP4279,email_attachment
2026-02-03 17:15:09,SXZ6117,email_attachment
2026-02-03 17:20:36,AUD9365,email_attachment
2026-02-03 17:48:48,FAP0273,email_attachment
2026-02-03 17:49:02,ZPL4646,email_attachment
2026-02-03 17:49:06,UPD2858,email_attachment
2026-02-03 17:58:43,NGY1374,email_attachment
2026-02-03 18:21:41,KGW8827,email_attachment
2026-02-03 18:47:04,BUG4150,email_attachment
2026-02-03 19:06:06,YPA6465,email_attachment
2026-02-04 07:12:27,MSV4399,email_attachment
2026-02-04 07:16:38,NYU1092,email_attachment
2026-02-04 07:37:19,XSF2295,email_attachment
2026-02-04 08:31:43,HZX9435,email_attachment
2026-02-04 08:51:13,UYN3931,email_attachment
2026-02-04 09:04:11,MRE0291,email_attachment
2026-02-04 09:06:41,ELP0004,usb_connect
2026-02-04 09:11:16,QHP7767,email_attachment
2026-02-04 09:17:49,KQZ1852,email_attachment
2026-02-04 09:26:01,YWJ6443,email_attachment
2026-02-04 09:26:54,VTL6818,email_attachment
2026-02-04 09:27:22,HLJ1034,email_attachment
2026-02-04 09:27:33,QUE4515,email_attachment
2026-02-04 09:27:34,LLJ6063,email_attachment
2026-02-04 09:33:05,EHH0831,email_attachment
2026-02-04 09:33:28,JHY7276,email_attachment
2026-02-04 09:40:43,RXQ5315,email_attachment
2026-02-04 09:41:22,MAN5960,email_attachment
2026-02-04 09:41:24,TZX0052,email_attachment
2026-02-04 09:41:40,NJV8196,email_attachment
2026-02-04 09:44:25,MCD6857,email_attachment
2026-02-04 09:45:45,KRB4673,email_attachment
2026-02-04 09:52:52,RFH9751,email_attachment
2026-02-04 09:53:16,DJF2928,email_attachment
2026-02-04 09:54:39,UWP6800,email_attachment
2026-02-04 09:54:56,VCS1161,email_attachment
2026-02-04 09:55:32,EUM2584,email_attachment
2026-02-04 09:55:54,STE4877,email_attachment
2026-02-04 09:56:47,FET2735,email_attachment
2026-02-04 09:58:51,UXK1209,email_attachment
2026-02-04 09:59:27,HFE3723,email_attachment
2026-02-04 10:02:32,XNY7975,email_attachment
2026-02-04 10:07:13,JWE8116,email_attachment
2026-02-04 10:07:43,CHG9684,external_upload
2026-02-04 10:10:58,DTW2539,email_attachment
2026-02-04 10:12:05,YGW2220,email_attachment
2026-02-04 10:12:17,QJL1246,email_attachment
2026-02-04 10:13:06,FXZ4153,email_attachment
2026-02-04 10:13:29,LVX5290,email_attachment
2026-02-04 10:14:53,FFL5038,email_attachment
2026-02-04 10:16:52,LAP2668,email_attachment
2026-02-04 10:17:41,VHE3897,email_attachment
2026-02-04 10:18:22,NTU7090,email_attachment
2026-02-04 10:19:50,AKK7619,email_attachment
2026-02-04 10:20:59,PWT2372,email_attachment
2026-02-04 10:22:57,FCP7199,email_attachment
2026-02-04 10:23:05,HPM6207,email_attachment
2026-02-04 10:23:17,MSW7113,email_attachment
2026-02-04 10:25:23,XEM8057,email_attachment
2026-02-04 10:25:48,PDE2825,email_attachment
2026-02-04 10:28:54,UXU9375,email_attachment
2026-02-04 10:29:55,WKB5191,email_attachment
2026-02-04 10:33:19,ZJG4527,email_attachment
2026-02-04 10:33:22,TEM1066,email_attachment
2026-02-04 10:34:59,HKT6698,email_attachment
2026-02-04 10:36:24,KVS9522,email_attachment
2026-02-04 10:37:03,GJF6121,email_attachment
2026-02-04 10:37:33,PYR2813,email_attachment
2026-02-04 10:37:48,JHG6258,email_attachment
2026-02-04 10:38:04,NKG7115,email_attachment
2026-02-04 10:39:11,NCR2209,email_attachment
2026-02-04 10:42:30,EYN3867,email_attachment
2026-02-04 10:43:56,RKB7991,usb_connect
2026-02-04 10:44:50,MVX7320,email_attachment
2026-02-04 10:49:28,PSV1353,email_attachment
2026-02-04 10:51:45,KEQ0032,email_attachment
2026-02-04 10:52:32,TFF8582,email_attachment
2026-02-04 10:54:15,ALH7224,email_attachment
2026-02-04 10:54:19,GND9693,email_attachment
2026-02-04 10:57:19,KJF3665,email_attachment
2026-02-04 10:58:14,PCC6098,email_attachment
2026-02-04 11:00:52,ADH6725,email_attachment
2026-02-04 11:05:23,ZFX7717,email_attachment
2026-02-04 11:06:54,TFA6797,email_attachment
2026-02-04 11:08:56,PGN9049,email_attachment
2026-02-04 11:11:00,QAQ9676,email_attachment
2026-02-04 11:20:00,QBQ6174,email_attachment
2026-02-04 11:21:05,KKW9426,email_attachment
2026-02-04 11:22:47,XLL6759,email_attachment
2026-02-04 11:27:21,XAA3696,email_attachment
2026-02-04 11:29:01,LRZ2143,email_attachment
2026-02-04 11:39:02,RNP3279,email_attachment
2026-02-04 11:39:44,EKS3015,email_attachment
2026-02-04 11:44:11,DHH4426,email_attachment
2026-02-04 11:50:37,LKZ9027,email_attachment
2026-02-04 11:50:43,QTQ7721,email_attachment
2026-02-04 11:50:51,VPM9822,email_attachment
2026-02-04 11:53:46,UFV5252,email_attachment
2026-02-04 11:55:25,CVD5263,email_attachment
2026-02-04 11:56:11,JHU2260,email_attachment
2026-02-04 12:00:02,ZUM4588,email_attachment
2026-02-04 12:00:56,MEG7072,email_attachment
2026-02-04 12:02:33,PFZ1171,email_attachment
2026-02-04 12:02:33,LLE7318,email_attachment
2026-02-04 12:02:44,APW9990,email_attachment
2026-02-04 12:05:18,UYF2390,email_attachment
2026-02-04 12:06:18,TKZ3718,email_attachment
2026-02-04 12:06:22,HYK2871,email_attachment
2026-02-04 12:07:42,YSX2928,external_upload
2026-02-04 12:09:28,ZLF7328,email_attachment
2026-02-04 12:09:45,EED0695,email_attachment
2026-02-04 12:09:50,ABE2961,email_attachment
2026-02-04 12:10:45,HAB6562,email_attachment
2026-02-04 12:12:32,RGC1753,email_attachment
2026-02-04 12:14:48,GJE2945,email_attachment
2026-02-04 12:16:46,QMQ7100,usb_connect
2026-02-04 12:22:06,HJQ8937,email_attachment
2026-02-04 12:25:00,UVK1579,email_attachment
2026-02-04 12:26:52,TJL4519,external_upload
2026-02-04 12:28:53,GXH8145,email_attachment
2026-02-04 12:31:11,LKX2108,email_attachment
2026-02-04 12:33:21,HFA2536,email_attachment
2026-02-04 12:34:53,JAZ7167,email_attachment
2026-02-04 12:36:15,SKH1422,email_attachment
2026-02-04 12:40:44,DHG3808,email_attachment
2026-02-04 12:44:22,PWT2372,external_upload
2026-02-04 12:46:16,XYY3402,email_attachment
2026-02-04 12:47:35,PMD5808,email_attachment
2026-02-04 12:51:10,QRG1638,email_attachment
2026-02-04 13:00:24,LZY0366,email_attachment
2026-02-04 13:03:31,YJG3414,email_attachment
2026-02-04 13:08:44,VYB4200,email_attachment
2026-02-04 13:11:19,FTQ9220,email_attachment
2026-02-04 13:16:27,XHZ8584,email_attachment
2026-02-04 13:18:00,JLW9735,email_attachment
2026-02-04 13:23:00,LFR9724,email_attachment
2026-02-04 13:27:16,XRX7622,email_attachment
2026-02-04 13:32:02,FVY5415,email_attachment
2026-02-04 13:37:58,QNB5318,email_attachment
2026-02-04 13:39:25,THU9054,email_attachment
2026-02-04 13:42:33,GDV3443,email_attachment
2026-02-04 13:45:51,HXL1791,email_attachment
2026-02-04 13:55:01,CBK5478,email_attachment
2026-02-04 14:01:19,TDT0042,email_attachment
2026-02-04 14:02:55,RST2294,email_attachment
2026-02-04 14:16:19,QTN7519,email_attachment
2026-02-04 14:29:23,KGW8827,email_attachment
2026-02-04 14:34:32,FGX9186,email_attachment
2026-02-04 15:02:51,VZP1732,email_attachment
2026-02-04 15:47:01,SKH0523,email_attachment
2026-02-04 16:03:04,RZG0245,external_upload
2026-02-04 16:11:40,SXT0742,email_attachment
2026-02-04 16:33:44,HYL3094,external_upload
2026-02-04 17:00:50,RZU1592,email_attachment
2026-02-04 17:35:11,JDR3160,email_attachment
2026-02-04 17:48:32,RZG0245,email_attachment
2026-02-04 18:07:04,TDP1357,external_upload
2026-02-04 18:11:25,TDJ7685,email_attachment
2026-02-04 18:26:04,GSN3813,email_attachment
2026-02-05 06:53:58,QMF5236,email_attachment
2026-02-05 06:56:45,WHA4844,email_attachment
2026-02-05 08:08:29,BBH7509,email_attachment
2026-02-05 08:27:04,ZDB4042,email_attachment
2026-02-05 08:40:49,MLR2624,email_attachment
2026-02-05 08:41:59,SPR1414,email_attachment
2026-02-05 08:54:33,BAS9086,email_attachment
2026-02-05 09:03:35,JDY4897,email_attachment
2026-02-05 09:08:43,HMS8171,email_attachment
2026-02-05 09:18:13,FGU4691,email_attachment
2026-02-05 09:21:16,VUU0128,email_attachment
2026-02-05 09:21:38,HVB3260,external_upload
2026-02-05 09:23:49,YMQ0646,email_attachment
2026-02-05 09:27:23,WAT3736,email_attachment
2026-02-05 09:29:26,KEQ0032,email_attachment
2026-02-05 09:34:47,LRF5084,email_attachment
2026-02-05 09:34:56,SZP9194,email_attachment
2026-02-05 09:38:02,WZF4980,email_attachment
2026-02-05 09:40:52,BJF0383,email_attachment
2026-02-05 09:41:10,WPP7340,email_attachment
2026-02-05 09:44:28,JCZ9974,email_attachment
2026-02-05 09:50:49,FBZ1173,email_attachment
2026-02-05 09:52:36,RLA1209,email_attachment
2026-02-05 09:56:04,PHM0513,email_attachment
2026-02-05 09:58:50,SUG3283,email_attachment
2026-02-05 10:05:38,ZJF2677,email_attachment
2026-02-05 10:16:31,LTK1460,email_attachment
2026-02-05 10:16:36,JGJ5272,email_attachment
2026-02-05 10:18:54,UNN8662,email_attachment
2026-02-05 10:20:08,LZD5274,email_attachment
2026-02-05 10:22:54,GEZ2239,email_attachment
2026-02-05 10:25:17,ZZA4587,email_attachment
2026-02-05 10:25:21,FRD7881,email_attachment
2026-02-05 10:25:39,JUX6921,external_upload
2026-02-05 10:26:30,KVE6797,email_attachment
2026-02-05 10:26:36,XBW4718,email_attachment
2026-02-05 10:26:37,KHQ4432,email_attachment
2026-02-05 10:27:11,ASX1419,email_attachment
2026-02-05 10:27:17,DVD2507,email_attachment
2026-02-05 10:28:50,VEN8982,email_attachment
2026-02-05 10:30:06,VGH6886,usb_connect
2026-02-05 10:30:15,CST4793,email_attachment
2026-02-05 10:33:46,ZMX3445,email_attachment
2026-02-05 10:34:18,WVM6738,email_attachment
2026-02-05 10:34:27,CSB7056,email_attachment
2026-02-05 10:36:33,DPN5279,email_attachment
2026-02-05 10:38:48,FHF0974,email_attachment
2026-02-05 10:41:58,ZKC8052,email_attachment
2026-02-05 10:43:11,HMZ5952,email_attachment
2026-02-05 10:44:04,VPP1509,external_upload
2026-02-05 10:44:30,FHJ7859,email_attachment
2026-02-05 10:47:08,SGG1149,email_attachment
2026-02-05 10:51:28,HAD1624,email_attachment
2026-02-05 10:51:33,WLX3952,email_attachment
2026-02-05 10:53:15,GKY7969,usb_connect
2026-02-05 10:53:59,FCS6144,email_attachment
2026-02-05 10:54:05,LNA6079,email_attachment
2026-02-05 10:55:01,JAS9456,usb_connect
2026-02-05 11:02:14,ZSM1073,email_attachment
2026-02-05 11:03:07,HKB7050,email_attachment
2026-02-05 11:08:05,LCD7746,email_attachment
2026-02-05 11:13:11,DRU4946,email_attachment
2026-02-05 11:14:29,FAB6246,external_upload
2026-02-05 11:21:28,XKJ6099,email_attachment
2026-02-05 11:22:20,HSU2212,email_attachment
2026-02-05 11:23:31,AXY2263,email_attachment
2026-02-05 11:26:57,VPJ9971,external_upload
2026-02-05 11:31:22,GAR8123,email_attachment
2026-02-05 11:36:05,WSK1631,email_attachment
2026-02-05 11:37:35,AXF9093,email_attachment
2026-02-05 11:41:10,JZS9834,email_attachment
2026-02-05 11:41:53,FXZ4153,email_attachment
2026-02-05 11:46:30,AWD1773,email_attachment
2026-02-05 11:47:03,VXK9645,email_attachment
2026-02-05 11:51:07,UZX2476,email_attachment
2026-02-05 11:52:00,DRJ4735,email_attachment
2026-02-05 11:52:24,LER8757,email_attachment
2026-02-05 11:53:33,NJA9445,email_attachment
2026-02-05 11:54:30,RAE4533,email_attachment
2026-02-05 11:57:52,NAV6136,email_attachment
2026-02-05 12:02:38,ALC5255,email_attachment
2026-02-05 12:03:12,YTT3725,email_attachment
2026-02-05 12:07:03,LCB1568,email_attachment
2026-02-05 12:13:05,WNE8020,email_attachment
2026-02-05 12:17:30,PBH2552,email_attachment
2026-02-05 12:26:13,LAG9610,email_attachment
2026-02-05 12:33:00,JNF8252,email_attachment
2026-02-05 12:34:33,LHD4579,external_upload
2026-02-05 12:39:53,GTR6357,email_attachment
2026-02-05 12:42:56,JKQ2520,email_attachment
2026-02-05 12:49:42,SCV7784,email_attachment
2026-02-05 12:56:22,HLZ1544,email_attachment
2026-02-05 13:01:24,ZEV5989,email_attachment
2026-02-05 13:02:58,TMU3491,email_attachment
2026-02-05 13:03:05,WYR6092,email_attachment
2026-02-05 13:05:04,JGK6296,email_attachment
2026-02-05 13:07:13,FYW9481,external_upload
2026-02-05 13:12:29,XCE3705,email_attachment
2026-02-05 13:15:17,MBL1790,email_attachment
2026-02-05 13:18:54,GRQ2954,email_attachment
2026-02-05 13:32:57,SZM2079,email_attachment
2026-02-05 13:33:18,XTB8409,email_attachment
2026-02-05 13:36:36,JDA6078,email_attachment
2026-02-05 13:45:11,JSH7286,email_attachment
2026-02-05 13:47:20,QMR8609,email_attachment
2026-02-05 13:50:44,JCT2106,email_attachment
2026-02-05 14:00:43,UUZ0064,email_attachment
2026-02-05 14:07:18,HLH4250,email_attachment
2026-02-05 14:07:52,ZXP2806,email_attachment
2026-02-05 14:09:00,BCA8693,email_attachment
2026-02-05 14:13:58,ERD6257,email_attachment
2026-02-05 14:54:43,PPM0735,email_attachment
2026-02-05 15:35:30,TSM1883,email_attachment
2026-02-05 15:49:22,QVW8593,email_attachment
2026-02-05 16:28:45,SKH0523,email_attachment
2026-02-05 16:46:53,XVM0970,email_attachment
2026-02-05 17:05:45,UUQ7472,email_attachment
2026-02-05 17:16:06,REX4712,email_attachment
2026-02-05 18:23:06,TLA8499,email_attachment
2026-02-05 18:35:02,RLJ7278,external_upload
2026-02-05 19:26:09,XQB0711,external_upload
2026-02-06 06:08:46,JEE2601,email_attachment
2026-02-06 06:34:40,PGM4497,email_attachment
2026-02-06 06:37:20,UTD2378,email_attachment
2026-02-06 07:27:10,TNM5145,email_attachment
2026-02-06 07:30:11,LSK8578,email_attachment
2026-02-06 07:38:54,QJY3577,email_attachment
2026-02-06 07:45:36,CPJ0831,email_attachment
2026-02-06 07:58:11,EDQ2066,email_attachment
2026-02-06 08:04:03,NCR2209,usb_connect
2026-02-06 08:33:29,WNZ6737,email_attachment
2026-02-06 08:36:43,LGB8139,email_attachment
2026-02-06 08:46:49,TFF8582,email_attachment
2026-02-06 08:56:31,TDW4991,email_attachment
2026-02-06 09:00:33,FWE2981,email_attachment
2026-02-06 09:03:39,LHD4579,external_upload
2026-02-06 09:07:26,XWA8738,email_attachment
2026-02-06 09:15:11,XEY1384,email_attachment
2026-02-06 09:19:09,CVS8644,email_attachment
2026-02-06 09:19:50,HMZ5952,email_attachment
2026-02-06 09:20:02,RGF8001,email_attachment
2026-02-06 09:21:59,PTB4458,email_attachment
2026-02-06 09:22:59,DRQ4774,email_attachment
2026-02-06 09:23:15,KUH9424,email_attachment
2026-02-06 09:24:39,MXQ5110,external_upload
2026-02-06 09:32:20,RAR4641,email_attachment
2026-02-06 09:41:04,FPH2619,email_attachment
2026-02-06 09:42:42,PMJ2575,email_attachment
2026-02-06 09:42:58,UYH3482,email_attachment
2026-02-06 09:43:26,CYX4683,email_attachment
2026-02-06 09:45:19,YSW7344,email_attachment
2026-02-06 09:48:10,JWK4353,email_attachment
2026-02-06 09:48:52,JNP1683,email_attachment
2026-02-06 09:49:39,GBD0220,email_attachment
2026-02-06 09:49:55,PNS5109,email_attachment
2026-02-06 09:51:16,SNY9928,email_attachment
2026-02-06 09:54:23,SZM2079,email_attachment
2026-02-06 09:58:08,DDN7438,email_attachment
2026-02-06 09:59:13,VWG6333,email_attachment
2026-02-06 10:01:08,NCU9337,external_upload
2026-02-06 10:05:53,XRP2947,email_attachment
2026-02-06 10:06:27,XJA7836,email_attachment
2026-02-06 10:07:54,TVL8943,email_attachment
2026-02-06 10:09:25,EPE6804,email_attachment
2026-02-06 10:11:18,GTJ3421,email_attachment
2026-02-06 10:11:31,UYF2390,email_attachment
2026-02-06 10:15:24,PFM2070,email_attachment
2026-02-06 10:15:55,JSV7667,email_attachment
2026-02-06 10:16:57,QFJ3194,external_upload
2026-02-06 10:22:46,TDT0042,email_attachment
2026-02-06 10:26:31,SPA9874,email_attachment
2026-02-06 10:26:49,XSB1345,email_attachment
2026-02-06 10:27:50,AHL0182,email_attachment
2026-02-06 10:28:08,SHE0377,email_attachment
2026-02-06 10:30:57,ECH8609,email_attachment
2026-02-06 10:33:00,AJR6231,email_attachment
2026-02-06 10:34:06,ELP0004,email_attachment
2026-02-06 10:37:06,TFA6797,email_attachment
2026-02-06 10:37:54,XCE3705,external_upload
2026-02-06 10:42:13,TWL1975,email_attachment
2026-02-06 10:43:02,RHN7379,email_attachment
2026-02-06 10:44:01,JLV8586,email_attachment
2026-02-06 10:45:57,DST2687,email_attachment
2026-02-06 10:50:41,QQP2991,external_upload
2026-02-06 10:51:54,KXG6499,external_upload
2026-02-06 10:53:17,EHJ5183,email_attachment
2026-02-06 10:53:38,RSX0455,email_attachment
2026-02-06 10:54:33,CGF8722,email_attachment
2026-02-06 11:07:07,XNQ7534,email_attachment
2026-02-06 11:09:52,APP7090,email_attachment
2026-02-06 11:12:11,FGK0491,usb_connect
2026-02-06 11:17:40,EJM7562,email_attachment
2026-02-06 11:19:33,RJF0501,email_attachment
2026-02-06 11:19:52,ZHB5881,email_attachment
2026-02-06 11:20:41,LZD5274,external_upload
2026-02-06 11:21:19,TKK6517,email_attachment
2026-02-06 11:21:34,FNB0006,email_attachment
2026-02-06 11:22:57,FYG5704,email_attachment
2026-02-06 11:29:57,GCN5908,email_attachment
2026-02-06 11:31:08,LDC5457,email_attachment
2026-02-06 11:34:57,EWT2292,email_attachment
2026-02-06 11:35:39,DAZ1017,email_attachment
2026-02-06 11:37:02,DDZ1774,email_attachment
2026-02-06 11:42:05,XYD3019,email_attachment
2026-02-06 11:44:26,BAS9086,email_attachment
2026-02-06 11:48:39,BPW6998,email_attachment
2026-02-06 11:57:14,ZHC1108,email_attachment
2026-02-06 11:57:20,BNC0564,email_attachment
2026-02-06 11:57:29,HAD1624,email_attachment
2026-02-06 11:57:35,NFE6544,email_attachment
2026-02-06 12:00:11,PEP3911,email_attachment
2026-02-06 12:00:35,EDX0830,email_attachment
2026-02-06 12:04:24,FTQ9220,usb_connect
2026-02-06 12:04:54,YYD5558,email_attachment
2026-02-06 12:08:37,CME8175,email_attachment
2026-02-06 12:09:41,PGT7229,email_attachment
2026-02-06 12:09:45,UAK2793,email_attachment
2026-02-06 12:12:34,FFK3907,email_attachment
2026-02-06 12:17:05,YSE5930,email_attachment
2026-02-06 12:19:10,URE3093,email_attachment
2026-02-06 12:23:47,WKX4894,email_attachment
2026-02-06 12:24:21,MKS7553,email_attachment
2026-02-06 12:24:29,SEA8756,email_attachment
2026-02-06 12:25:02,ALJ0624,email_attachment
2026-02-06 12:29:56,EGE8954,email_attachment
2026-02-06 12:31:22,EGN8911,email_attachment
2026-02-06 12:32:15,MUE9125,email_attachment
2026-02-06 12:33:00,WSH6100,email_attachment
2026-02-06 12:33:37,ALS8032,email_attachment
2026-02-06 12:35:36,NJZ6951,email_attachment
2026-02-06 12:40:00,EKP0000,email_attachment
2026-02-06 12:40:13,PYP8182,email_attachment
2026-02-06 12:43:40,JYN2779,email_attachment
2026-02-06 12:47:33,BLL7712,email_attachment
2026-02-06 12:48:20,JHG6258,email_attachment
2026-02-06 12:49:43,DDL7713,email_attachment
2026-02-06 12:54:34,BJF0383,email_attachment
2026-02-06 12:59:40,TLW1083,email_attachment
2026-02-06 12:59:42,KXE4588,email_attachment
2026-02-06 13:01:32,ARW8743,email_attachment
2026-02-06 13:06:16,JAS9456,email_attachment
2026-02-06 13:06:32,DDB3409,email_attachment
2026-02-06 13:07:12,CHQ2090,email_attachment
2026-02-06 13:07:42,MHN4051,email_attachment
2026-02-06 13:08:08,FAQ1887,external_upload
2026-02-06 13:21:29,YHC8602,email_attachment
2026-02-06 13:22:33,RSX1179,email_attachment
2026-02-06 13:22:34,ZZW5618,email_attachment
2026-02-06 13:33:20,TDZ7818,email_attachment
2026-02-06 13:37:50,EKA8131,email_attachment
2026-02-06 13:47:42,JDQ9865,email_attachment
2026-02-06 13:49:19,CQE8059,email_attachment
2026-02-06 13:50:49,SGQ7195,email_attachment
2026-02-06 13:51:21,QTJ3272,email_attachment
2026-02-06 14:00:26,FCP7199,external_upload
2026-02-06 14:51:39,JNY6012,email_attachment
2026-02-06 15:09:13,QAK7911,email_attachment
2026-02-06 15:35:57,GCC9567,email_attachment
2026-02-06 16:01:50,JBR9641,external_upload
2026-02-06 16:19:06,JED1399,email_attachment
2026-02-06 16:32:40,FRT6341,email_attachment
2026-02-06 16:42:04,FDC3057,email_attachment
2026-02-06 16:50:02,AQS2010,email_attachment
2026-02-06 17:35:15,URV9227,email_attachment
2026-02-06 17:56:24,JCD9617,email_attachment
2026-02-06 18:06:49,VFA6765,email_attachment
2026-02-06 18:21:41,BSA5255,email_attachment
2026-02-06 18:33:55,SKH0523,email_attachment
2026-02-07 08:02:07,PBC9781,email_attachment
2026-02-07 08:50:41,CLU4292,email_attachment
2026-02-07 10:14:54,YQH6723,external_upload
2026-02-07 10:21:24,MBT6537,email_attachment
2026-02-07 11:15:35,LSS4926,email_attachment
2026-02-08 09:04:48,EGE8954,email_attachment
2026-02-08 09:22:37,NZZ9025,email_attachment
2026-02-08 10:19:37,CWB2189,usb_connect
2026-02-08 10:49:26,DUU2402,email_attachment
2026-02-08 10:58:05,LSN9254,email_attachment
2026-02-08 12:33:40,EUV0987,email_attachment
2026-02-09 07:28:39,YEG4420,email_attachment
2026-02-09 07:36:56,FLU6438,email_attachment
2026-02-09 08:48:00,AFK9429,email_attachment
2026-02-09 08:50:56,CPJ0831,email_attachment
2026-02-09 09:00:12,ADE0330,email_attachment
2026-02-09 09:01:36,BBH7509,email_attachment
2026-02-09 09:07:43,VCL2588,email_attachment
2026-02-09 09:07:44,JYN2779,email_attachment
2026-02-09 09:19:06,ZZA4587,email_attachment
2026-02-09 09:22:08,MMV4490,email_attachment
2026-02-09 09:25:08,QJG3172,email_attachment
2026-02-09 09:30:26,YCY9763,email_attachment
2026-02-09 09:30:33,WSN8487,email_attachment
2026-02-09 09:33:46,WQC0866,email_attachment
2026-02-09 09:35:13,UGN5077,email_attachment
2026-02-09 09:38:59,ZPM1121,external_upload
2026-02-09 09:40:09,HKT6698,email_attachment
2026-02-09 09:41:09,LZM5214,external_upload
2026-02-09 09:41:29,ZUV4197,email_attachment
2026-02-09 09:43:57,AWD6308,external_upload
2026-02-09 09:44:34,TFG1591,email_attachment
2026-02-09 09:45:34,PBR8005,email_attachment
2026-02-09 09:48:08,UBK2435,email_attachment
2026-02-09 09:49:47,YJP1704,email_attachment
2026-02-09 09:50:14,HFN9307,email_attachment
2026-02-09 09:52:53,SYZ4998,email_attachment
2026-02-09 09:54:50,YAW5851,email_attachment
2026-02-09 09:56:53,UDW8277,email_attachment
2026-02-09 09:57:08,HMS8171,email_attachment
2026-02-09 10:01:13,TZU4501,email_attachment
2026-02-09 10:06:00,YXE8184,email_attachment
2026-02-09 10:06:08,TVL8943,email_attachment
2026-02-09 10:06:57,BHW7050,email_attachment
2026-02-09 10:08:00,MYY1099,email_attachment
2026-02-09 10:09:20,XDF3286,email_attachment
2026-02-09 10:09:24,FXS1805,email_attachment
2026-02-09 10:12:35,LNK6236,email_attachment
2026-02-09 10:17:13,PBL6806,email_attachment
2026-02-09 10:17:40,YLW8258,email_attachment
2026-02-09 10:19:48,EFT3587,email_attachment
2026-02-09 10:21:18,RXJ5397,email_attachment
2026-02-09 10:24:28,WUN4947,email_attachment
2026-02-09 10:24:36,HCB6961,email_attachment
2026-02-09 10:25:58,SDH1198,email_attachment
2026-02-09 10:26:30,TSB0198,external_upload
2026-02-09 10:27:02,LTK1460,email_attachment
2026-02-09 10:27:28,VFK7595,email_attachment
2026-02-09 10:27:47,XQM4117,email_attachment
2026-02-09 10:28:21,USH7924,email_attachment
2026-02-09 10:29:27,DVA8512,email_attachment
2026-02-09 10:32:12,PQW5115,email_attachment
2026-02-09 10:33:46,MJD5091,email_attachment
2026-02-09 10:37:47,JVW7508,email_attachment
2026-02-09 10:41:59,LAB2540,email_attachment
2026-02-09 10:46:32,PXB5969,email_attachment
2026-02-09 10:47:04,HGG0852,email_attachment
2026-02-09 10:47:08,JQL1140,external_upload
2026-02-09 10:50:02,CNT2141,email_attachment
2026-02-09 10:53:24,WZD7435,email_attachment
2026-02-09 10:55:32,SHU2366,email_attachment
2026-02-09 10:58:25,LES3747,email_attachment
2026-02-09 10:59:09,JGB0064,email_attachment
2026-02-09 10:59:55,WPP7340,external_upload
2026-02-09 11:00:50,BZC7950,email_attachment
2026-02-09 11:02:49,GGZ2556,email_attachment
2026-02-09 11:03:59,VRT7427,email_attachment
2026-02-09 11:05:27,DXS7351,email_attachment
2026-02-09 11:05:55,UKM1933,email_attachment
2026-02-09 11:06:24,ZFL8607,email_attachment
2026-02-09 11:15:02,DDV4022,email_attachment
2026-02-09 11:18:20,PYB7646,email_attachment
2026-02-09 11:18:42,YKZ8920,email_attachment
2026-02-09 11:22:01,VQG5359,email_attachment
2026-02-09 11:23:05,GTR6357,usb_connect
2026-02-09 11:24:56,VXK9645,email_attachment
2026-02-09 11:25:48,MXF0245,email_attachment
2026-02-09 11:29:26,WHU1145,email_attachment
2026-02-09 11:34:43,PWT2372,email_attachment
2026-02-09 11:35:29,TEV0826,email_attachment
2026-02-09 11:37:34,YSA9883,email_attachment
2026-02-09 11:41:11,NTF4227,email_attachment
2026-02-09 11:41:17,NRK0173,email_attachment
2026-02-09 11:44:28,GNL3436,email_attachment
2026-02-09 11:48:06,NNF5986,email_attachment
2026-02-09 11:49:00,BLE1166,email_attachment
2026-02-09 11:49:47,RJE7048,email_attachment
2026-02-09 11:50:44,VUU0128,email_attachment
2026-02-09 11:53:15,EGV7193,email_attachment
2026-02-09 11:54:09,HQN1201,email_attachment
2026-02-09 12:02:39,MAN5960,email_attachment
2026-02-09 12:04:14,FQD7162,email_attachment
2026-02-09 12:06:20,FYV5190,email_attachment
2026-02-09 12:07:47,MPH7693,email_attachment
2026-02-09 12:10:41,BHC0056,email_attachment
2026-02-09 12:12:22,MWQ7682,email_attachment
2026-02-09 12:13:40,ABX8155,email_attachment
2026-02-09 12:16:04,HNT2630,email_attachment
2026-02-09 12:16:36,VTP8919,email_attachment
2026-02-09 12:16:58,RXP3546,email_attachment
2026-02-09 12:25:02,ZRH2565,email_attachment
2026-02-09 12:28:21,FTD0398,usb_connect
2026-02-09 12:29:13,HUD1777,email_attachment
2026-02-09 12:32:30,TQS5889,email_attachment
2026-02-09 12:35:43,PZS1941,email_attachment
2026-02-09 12:36:05,GJE2945,email_attachment
2026-02-09 12:37:18,EKA8131,email_attachment
2026-02-09 12:37:48,AHB3837,email_attachment
2026-02-09 12:40:13,LRZ2143,email_attachment
2026-02-09 12:43:29,AJF5839,email_attachment
2026-02-09 12:44:39,MXS7118,email_attachment
2026-02-09 12:45:00,UUN6760,external_upload
2026-02-09 12:46:06,DZG6303,email_attachment
2026-02-09 12:50:32,RZU7007,external_upload
2026-02-09 12:55:19,PVP1024,email_attachment
2026-02-09 12:56:55,PNM6398,email_attachment
2026-02-09 12:57:18,ACN5603,email_attachment
2026-02-09 12:57:23,FTQ9220,email_attachment
2026-02-09 12:58:19,ADL7522,email_attachment
2026-02-09 13:00:22,LFZ8894,email_attachment
2026-02-09 13:01:48,FLJ4544,email_attachment
2026-02-09 13:04:39,EAY4106,email_attachment
2026-02-09 13:06:23,VVU9833,email_attachment
2026-02-09 13:07:29,HFD4315,email_attachment
2026-02-09 13:08:48,NNN7074,email_attachment
2026-02-09 13:12:14,FGC5618,email_attachment
2026-02-09 13:13:08,YHZ7266,email_attachment
2026-02-09 13:14:02,PVN5761,email_attachment
2026-02-09 13:26:14,KAQ4260,email_attachment
2026-02-09 13:30:19,DUR0271,email_attachment
2026-02-09 13:36:36,MUE9125,email_attachment
2026-02-09 13:37:41,ZVM3947,external_upload
2026-02-09 13:38:41,FYC6985,email_attachment
2026-02-09 13:39:38,AUD9365,email_attachment
2026-02-09 13:47:00,TDZ7818,email_attachment
2026-02-09 13:56:57,KAN7127,email_attachment
2026-02-09 14:02:42,SUP0820,email_attachment
2026-02-09 14:33:59,HFM4572,email_attachment
2026-02-09 15:01:26,FDC3057,email_attachment
2026-02-09 16:02:34,RYS4688,email_attachment
2026-02-09 16:16:53,BQV4296,email_attachment
2026-02-09 16:45:44,UPD2858,email_attachment
2026-02-09 17:35:15,FAP0273,email_attachment
2026-02-09 17:37:56,NCU7789,external_upload
2026-02-09 18:15:09,MLG1806,email_attachment
2026-02-09 18:21:07,CPS9069,email_attachment
2026-02-09 18:25:43,KVV5560,email_attachment
2026-02-10 06:44:12,JVL5883,email_attachment
2026-02-10 07:15:21,KYD3626,email_attachment
2026-02-10 07:25:42,RAR4641,email_attachment
2026-02-10 07:31:52,SYZ4998,email_attachment
2026-02-10 07:38:14,PRU8353,email_attachment
2026-02-10 07:48:18,LWK7649,email_attachment
2026-02-10 08:05:07,KFM9312,email_attachment
2026-02-10 08:11:48,GNR6761,external_upload
2026-02-10 08:24:32,GNL6288,email_attachment
2026-02-10 08:31:31,PDT8522,email_attachment
2026-02-10 08:38:56,QDB3652,email_attachment
2026-02-10 08:47:35,EDB1809,usb_connect
2026-02-10 08:49:02,PQP1845,email_attachment
2026-02-10 08:49:11,TPG1817,email_attachment
2026-02-10 08:59:15,TFM2868,email_attachment
2026-02-10 09:00:08,YGG5201,email_attachment
2026-02-10 09:01:34,HBS3101,email_attachment
2026-02-10 09:01:35,EWP1032,email_attachment
2026-02-10 09:06:23,JWY4263,email_attachment
2026-02-10 09:09:15,WRH5562,email_attachment
2026-02-10 09:15:31,NHC4657,email_attachment
2026-02-10 09:19:05,PZE6595,email_attachment
2026-02-10 09:28:30,MPH7693,email_attachment
2026-02-10 09:29:11,HCV6206,email_attachment
2026-02-10 09:35:45,PRU1120,email_attachment
2026-02-10 09:36:11,JJX7773,email_attachment
2026-02-10 09:42:13,DXE3664,email_attachment
2026-02-10 09:43:03,NDP9334,email_attachment
2026-02-10 09:44:40,DEM6096,email_attachment
2026-02-10 09:46:02,VFK7595,email_attachment
2026-02-10 09:50:04,LAH1595,email_attachment
2026-02-10 09:50:15,ACN5603,email_attachment
2026-02-10 09:51:25,QRG1638,email_attachment
2026-02-10 09:55:52,RDA9676,email_attachment
2026-02-10 09:56:05,MQW8479,email_attachment
2026-02-10 09:58:54,ZNR6493,email_attachment
2026-02-10 10:01:22,BJS0189,email_attachment
2026-02-10 10:03:18,NCX1973,email_attachment
2026-02-10 10:04:53,ZKC8052,email_attachment
2026-02-10 10:07:15,MLQ6298,email_attachment
2026-02-10 10:14:11,PEE1804,email_attachment
2026-02-10 10:20:55,VKE4599,email_attachment
2026-02-10 10:24:54,ACU9294,email_attachment
2026-02-10 10:27:04,HQS6029,email_attachment
2026-02-10 10:28:43,SGQ6755,email_attachment
2026-02-10 10:31:10,RVJ4834,email_attachment
2026-02-10 10:31:17,DBB2553,email_attachment
2026-02-10 10:36:54,CAJ8151,email_attachment
2026-02-10 10:38:30,MSV4399,email_attachment
2026-02-10 10:39:17,LBL5506,email_attachment
2026-02-10 10:39:17,UBK2435,email_attachment
2026-02-10 10:39:29,XRP2096,email_attachment
2026-02-10 10:40:22,XKZ3308,usb_connect
2026-02-10 10:46:59,ZYA4818,email_attachment
2026-02-10 10:47:52,GPV1467,email_attachment
2026-02-10 10:48:08,SXT6195,email_attachment
2026-02-10 10:49:13,GNL3436,external_upload
2026-02-10 10:50:42,ATG5393,email_attachment
2026-02-10 10:51:47,QTM3599,email_attachment
2026-02-10 10:53:05,VZH0138,email_attachment
2026-02-10 10:53:18,WWW6722,email_attachment
2026-02-10 10:53:20,FQZ0453,external_upload
2026-02-10 10:53:33,BJF0383,email_attachment
2026-02-10 10:53:56,ARW8743,email_attachment
2026-02-10 10:56:27,HNZ8008,external_upload
2026-02-10 10:59:00,GTD1289,email_attachment
2026-02-10 10:59:17,DDN7438,email_attachment
2026-02-10 11:01:17,LCT4451,email_attachment
2026-02-10 11:01:25,EDU0037,email_attachment
2026-02-10 11:01:32,DGW0370,email_attachment
2026-02-10 11:01:37,LCT5452,email_attachment
2026-02-10 11:08:03,REB6617,email_attachment
2026-02-10 11:08:07,VKL2143,email_attachment
2026-02-10 11:18:00,WQQ3666,email_attachment
2026-02-10 11:19:31,AXF9093,email_attachment
2026-02-10 11:20:47,GJE2945,email_attachment
2026-02-10 11:24:21,RYA2244,email_attachment
2026-02-10 11:27:20,HUD1777,email_attachment
2026-02-10 11:29:44,AYA0123,email_attachment
2026-02-10 11:31:15,JXW2592,email_attachment
2026-02-10 11:32:41,LWR1242,email_attachment
2026-02-10 11:37:01,RXT9110,email_attachment
2026-02-10 11:37:40,TFA6797,email_attachment
2026-02-10 11:38:26,EAY4106,external_upload
2026-02-10 11:41:58,WVM6738,email_attachment
2026-02-10 11:52:30,CBT5366,email_attachment
2026-02-10 11:59:22,DVD2507,email_attachment
2026-02-10 12:00:48,TZU4501,email_attachment
2026-02-10 12:00:55,HXQ5785,email_attachment
2026-02-10 12:02:35,GND9693,email_attachment
2026-02-10 12:02:36,SYR2719,email_attachment
2026-02-10 12:04:35,BYR0357,email_attachment
2026-02-10 12:06:07,ZYZ3045,email_attachment
2026-02-10 12:11:40,KFM9718,email_attachment
2026-02-10 12:12:24,XVL5101,email_attachment
2026-02-10 12:16:44,HWZ1536,email_attachment
2026-02-10 12:17:34,AHP2632,external_upload
2026-02-10 12:20:03,ZWD7442,email_attachment
2026-02-10 12:20:16,SEP7391,email_attachment
2026-02-10 12:20:29,FAB6246,email_attachment
2026-02-10 12:23:35,XGE6775,email_attachment
2026-02-10 12:23:42,FNB0006,email_attachment
2026-02-10 12:28:15,YRW9640,email_attachment
2026-02-10 12:29:28,KAN7127,email_attachment
2026-02-10 12:30:52,JDY4897,email_attachment
2026-02-10 12:33:44,FGK0491,email_attachment
2026-02-10 12:35:06,YEB9577,email_attachment
2026-02-10 12:35:40,TFV1889,email_attachment
2026-02-10 12:36:39,WHX4263,email_attachment
2026-02-10 12:43:30,GLN5250,email_attachment
2026-02-10 12:51:38,AWP0070,external_upload
2026-02-10 12:52:17,QQJ6766,email_attachment
2026-02-10 12:55:44,CLM1185,email_attachment
2026-02-10 12:58:58,HRZ7452,email_attachment
2026-02-10 13:00:30,FPV8534,email_attachment
2026-02-10 13:01:29,XZE2186,email_attachment
2026-02-10 13:02:15,QPP6179,email_attachment
2026-02-10 13:03:45,YGW2220,email_attachment
2026-02-10 13:05:14,RLN0770,email_attachment
2026-02-10 13:07:12,ZZW5618,email_attachment
2026-02-10 13:09:58,XME0410,email_attachment
2026-02-10 13:10:25,VNK6291,email_attachment
2026-02-10 13:12:36,BSX6865,email_attachment
2026-02-10 13:19:31,YJC5459,email_attachment
2026-02-10 13:27:35,MBL1790,email_attachment
2026-02-10 13:28:58,PHG2290,email_attachment
2026-02-10 13:30:41,KMY8772,email_attachment
2026-02-10 13:37:04,WDQ5874,email_attachment
2026-02-10 13:45:57,VXV7234,email_attachment
2026-02-10 13:46:56,XLU2700,email_attachment
2026-02-10 14:00:51,XUY0616,email_attachment
2026-02-10 14:01:24,KNZ9610,email_attachment
2026-02-10 15:42:11,VUU1814,usb_connect
2026-02-10 15:43:26,RDH0031,email_attachment
2026-02-10 15:55:10,ZAT8680,external_upload
2026-02-10 16:05:19,ZBE2522,email_attachment
2026-02-10 16:05:51,ZKC0776,email_attachment
2026-02-10 16:14:56,VUU1814,email_attachment
2026-02-10 16:27:04,NCR5141,email_attachment
2026-02-10 16:39:10,QWM5245,email_attachment
2026-02-10 17:03:33,FGE5760,email_attachment
2026-02-10 17:48:03,SHK7018,email_attachment
2026-02-10 18:22:01,GYP1903,email_attachment
2026-02-10 19:00:33,ATN8458,email_attachment
2026-02-10 19:08:42,VWU2029,email_attachment
2026-02-11 06:40:23,FLU6438,email_attachment
2026-02-11 06:50:24,LWY2367,external_upload
2026-02-11 07:12:19,FBU1062,email_attachment
2026-02-11 07:44:23,DCS2764,email_attachment
2026-02-11 07:58:30,PBB8975,email_attachment
2026-02-11 08:15:41,WHA4844,email_attachment
2026-02-11 08:37:14,TEZ8512,email_attachment
2026-02-11 08:39:10,QVB2396,email_attachment
2026-02-11 08:56:31,LWY2367,email_attachment
2026-02-11 09:03:13,BZA5306,email_attachment
2026-02-11 09:04:09,EWP1032,email_attachment
2026-02-11 09:13:26,PFM2070,email_attachment
2026-02-11 09:23:34,CBQ4454,email_attachment
2026-02-11 09:28:02,EAY4106,email_attachment
2026-02-11 09:49:18,PBC9781,email_attachment
2026-02-11 09:49:29,LAH1595,email_attachment
2026-02-11 09:50:25,VDX6246,email_attachment
2026-02-11 09:52:35,MBL1790,usb_connect
2026-02-11 09:52:46,ALS8032,email_attachment
2026-02-11 09:55:00,TAG0290,email_attachment
2026-02-11 09:56:58,MPF6269,email_attachment
2026-02-11 09:58:18,HPJ5838,email_attachment
2026-02-11 09:58:25,QJY3577,email_attachment
2026-02-11 09:58:36,WWW6722,email_attachment
2026-02-11 09:59:47,YBY3674,email_attachment
2026-02-11 10:00:13,LDC5457,email_attachment
2026-02-11 10:04:25,QTM3599,email_attachment
2026-02-11 10:05:11,GXL3526,email_attachment
2026-02-11 10:10:43,SGQ7195,email_attachment
2026-02-11 10:11:19,HKB7050,email_attachment
2026-02-11 10:12:27,XCS2082,email_attachment
2026-02-11 10:15:22,HDN8462,email_attachment
2026-02-11 10:15:27,SFV7598,email_attachment
2026-02-11 10:16:31,LZY0366,email_attachment
2026-02-11 10:16:42,KXE5201,email_attachment
2026-02-11 10:19:53,XYA5835,email_attachment
2026-02-11 10:31:54,DUJ3384,email_attachment
2026-02-11 10:36:10,VWC0356,email_attachment
2026-02-11 10:36:26,NSQ4495,email_attachment
2026-02-11 10:36:31,URQ0978,external_upload
2026-02-11 10:40:15,TKR9198,email_attachment
2026-02-11 10:40:52,KFN4851,external_upload
2026-02-11 10:43:09,DRP1861,email_attachment
2026-02-11 10:43:44,CAJ8151,email_attachment
2026-02-11 10:46:39,YYC2668,email_attachment
2026-02-11 10:49:05,LZA4757,email_attachment
2026-02-11 10:51:00,JWK4353,email_attachment
2026-02-11 10:52:28,LXN4389,email_attachment
2026-02-11 10:53:22,FAJ7200,external_upload
2026-02-11 10:54:28,JHG6258,email_attachment
2026-02-11 10:55:40,XQJ3258,email_attachment
2026-02-11 10:58:35,TGH1943,email_attachment
2026-02-11 11:01:37,PFM8725,email_attachment
2026-02-11 11:03:01,BMB4369,email_attachment
2026-02-11 11:05:17,GPW3461,usb_connect
2026-02-11 11:10:14,MSQ4117,email_attachment
2026-02-11 11:14:14,MPH7693,email_attachment
2026-02-11 11:14:31,MSK8626,email_attachment
2026-02-11 11:14:55,NDQ7160,email_attachment
2026-02-11 11:18:21,DUN8279,email_attachment
2026-02-11 11:19:24,RLL0589,email_attachment
2026-02-11 11:23:10,XLD3365,external_upload
2026-02-11 11:23:47,BMC3336,email_attachment
2026-02-11 11:24:54,DAG0153,email_attachment
2026-02-11 11:26:10,XLD3365,email_attachment
2026-02-11 11:31:12,EXP0252,email_attachment
2026-02-11 11:31:34,XJR8615,email_attachment
2026-02-11 11:33:01,BTH2898,email_attachment
2026-02-11 11:38:58,VGP5643,external_upload
2026-02-11 11:39:08,ESZ6803,email_attachment
2026-02-11 11:39:09,QPN5696,email_attachment
2026-02-11 11:44:26,KCF6129,email_attachment
2026-02-11 11:46:26,ZUM4588,email_attachment
2026-02-11 11:47:37,CCC1913,usb_connect
2026-02-11 11:50:49,JXW2592,email_attachment
2026-02-11 11:51:11,WSK1631,email_attachment
2026-02-11 11:54:48,HHT2257,email_attachment
2026-02-11 11:55:11,YXE8611,email_attachment
2026-02-11 11:56:45,EXB4687,external_upload
2026-02-11 11:58:23,LXX1956,email_attachment
2026-02-11 12:02:54,GGZ2556,email_attachment
2026-02-11 12:03:08,KCS1345,email_attachment
2026-02-11 12:03:13,JHE6342,email_attachment
2026-02-11 12:04:34,TDT0042,email_attachment
2026-02-11 12:06:30,PWX3110,email_attachment
2026-02-11 12:07:14,DZC7596,email_attachment
2026-02-11 12:17:27,DXZ1860,email_attachment
2026-02-11 12:17:39,XWY4351,email_attachment
2026-02-11 12:17:46,DKQ6781,email_attachment
2026-02-11 12:22:19,AQH3623,email_attachment
2026-02-11 12:24:35,DNS6392,email_attachment
2026-02-11 12:24:48,UEY0965,email_attachment
2026-02-11 12:27:49,HLA2435,email_attachment
2026-02-11 12:29:11,VGH6886,email_attachment
2026-02-11 12:30:16,EGN8911,email_attachment
2026-02-11 12:37:31,WBQ6532,email_attachment
2026-02-11 12:39:18,XLL6759,email_attachment
2026-02-11 12:39:34,ASH2177,email_attachment
2026-02-11 12:44:29,CCJ4180,email_attachment
2026-02-11 12:45:20,XJB9721,email_attachment
2026-02-11 12:48:41,WQK1133,email_attachment
2026-02-11 12:50:46,MAV1191,email_attachment
2026-02-11 12:52:32,TMZ3304,email_attachment
2026-02-11 12:52:57,TBE1642,email_attachment
2026-02-11 12:54:13,PBD5101,email_attachment
2026-02-11 12:57:48,BGL9169,email_attachment
2026-02-11 13:04:38,CWG5462,email_attachment
2026-02-11 13:06:38,WNC6066,email_attachment
2026-02-11 13:08:13,PVA9116,email_attachment
2026-02-11 13:08:27,HLZ1544,email_attachment
2026-02-11 13:09:43,QTA6267,email_attachment
2026-02-11 13:11:12,PBR8005,email_attachment
2026-02-11 13:15:30,KSS9566,email_attachment
2026-02-11 13:23:57,UML4272,email_attachment
2026-02-11 13:23:59,FPD3066,email_attachment
2026-02-11 13:26:15,RUU4323,email_attachment
2026-02-11 13:31:48,WRB3527,external_upload
2026-02-11 13:32:48,VQM6871,email_attachment
2026-02-11 13:34:54,WSM8984,email_attachment
2026-02-11 13:39:12,YAW5851,email_attachment
2026-02-11 13:41:29,PEE1804,external_upload
2026-02-11 13:54:30,FQR7082,external_upload
2026-02-11 13:56:06,DZT3304,email_attachment
2026-02-11 14:06:07,JDQ9865,email_attachment
2026-02-11 16:05:38,NMY8501,email_attachment
2026-02-11 16:27:36,ZPL4646,usb_connect
2026-02-11 16:30:30,JNH9262,email_attachment
2026-02-11 16:58:41,NCR5141,email_attachment
2026-02-11 17:12:08,CMF1527,email_attachment
2026-02-11 17:36:42,KPQ0052,email_attachment
2026-02-11 17:41:57,MQF2689,email_attachment
2026-02-11 17:45:13,AVP8904,email_attachment
2026-02-11 18:03:35,MLG1806,email_attachment
2026-02-11 18:14:46,EKA2417,email_attachment
2026-02-11 18:59:09,NAF6431,email_attachment
2026-02-12 05:57:00,JAT3224,email_attachment
2026-02-12 07:00:58,KFS8428,email_attachment
2026-02-12 07:18:24,WQL8707,email_attachment
2026-02-12 07:27:18,VHE3897,email_attachment
2026-02-12 07:33:03,RNL9984,usb_connect
2026-02-12 07:52:55,JSR7541,email_attachment
2026-02-12 08:33:09,YJG3414,external_upload
2026-02-12 08:33:43,HPF2563,email_attachment
2026-02-12 08:37:56,KQK8927,email_attachment
2026-02-12 08:53:45,RKP9191,email_attachment
2026-02-12 08:56:42,KWS9285,email_attachment
2026-02-12 09:00:35,LAD8190,email_attachment
2026-02-12 09:02:08,UJW2838,usb_connect
2026-02-12 09:02:50,RVY6685,email_attachment
2026-02-12 09:05:34,EUE6872,external_upload
2026-02-12 09:07:31,ZZR0672,email_attachment
2026-02-12 09:08:30,UKD6455,email_attachment
2026-02-12 09:17:58,HVB3260,email_attachment
2026-02-12 09:20:08,CQR0703,email_attachment
2026-02-12 09:23:13,KHX2969,external_upload
2026-02-12 09:35:00,AFK9429,email_attachment
2026-02-12 09:35:16,LAB2540,email_attachment
2026-02-12 09:36:35,DSQ0827,email_attachment
2026-02-12 09:38:48,KQZ1852,email_attachment
2026-02-12 09:46:19,QRU5619,email_attachment
2026-02-12 09:48:25,TEM1066,email_attachment
2026-02-12 09:54:41,PQW5115,email_attachment
2026-02-12 09:57:21,RYB9111,email_attachment
2026-02-12 09:57:22,HLX3539,email_attachment
2026-02-12 09:59:04,GCX8279,email_attachment
2026-02-12 10:05:58,WDQ5874,email_attachment
2026-02-12 10:08:19,RST2294,email_attachment
2026-02-12 10:12:51,HZY8923,email_attachment
2026-02-12 10:13:43,WGX9994,email_attachment
2026-02-12 10:16:06,JSV7667,email_attachment
2026-02-12 10:19:13,XBH6953,email_attachment
2026-02-12 10:19:41,JQP1045,email_attachment
2026-02-12 10:21:30,BKB9111,email_attachment
2026-02-12 10:29:46,SUG3283,email_attachment
2026-02-12 10:30:45,XKJ4542,email_attachment
2026-02-12 10:31:08,DBB2553,email_attachment
2026-02-12 10:32:22,VMM6896,email_attachment
2026-02-12 10:33:17,RSL7536,email_attachment
2026-02-12 10:36:52,XRP2947,email_attachment
2026-02-12 10:37:59,RGK6603,email_attachment
2026-02-12 10:44:01,BYS3633,usb_connect
2026-02-12 10:46:40,SLJ5128,email_attachment
2026-02-12 10:47:11,MAV1191,email_attachment
2026-02-12 10:48:21,AHU1712,email_attachment
2026-02-12 10:48:26,NTU7090,email_attachment
2026-02-12 10:49:19,VZR3053,email_attachment
2026-02-12 10:50:56,MXQ5110,email_attachment
2026-02-12 10:51:56,DUL4786,email_attachment
2026-02-12 10:53:44,EWE2142,email_attachment
2026-02-12 10:55:49,QWE4909,email_attachment
2026-02-12 11:01:04,HPN5740,external_upload
2026-02-12 11:02:40,QHA2778,email_attachment
2026-02-12 11:05:20,QJL1246,email_attachment
2026-02-12 11:08:03,FLU6438,email_attachment
2026-02-12 11:11:16,RUU4323,email_attachment
2026-02-12 11:14:11,TNT2352,email_attachment
2026-02-12 11:14:34,UUP0066,email_attachment
2026-02-12 11:17:35,UUZ0064,email_attachment
2026-02-12 11:18:18,TEB4639,email_attachment
2026-02-12 11:19:35,CHQ2090,email_attachment
2026-02-12 11:20:11,KRV2364,email_attachment
2026-02-12 11:20:22,DDZ9005,email_attachment
2026-02-12 11:20:37,JNB7620,email_attachment
2026-02-12 11:20:55,KYJ2437,email_attachment
2026-02-12 11:21:23,KTY9334,external_upload
2026-02-12 11:25:49,VXP7389,email_attachment
2026-02-12 11:26:36,BRD9424,email_attachment
2026-02-12 11:26:55,YMQ0646,email_attachment
2026-02-12 11:29:14,WNL8355,email_attachment
2026-02-12 11:30:45,AGK7687,email_attachment
2026-02-12 11:36:16,AKL6350,email_attachment
2026-02-12 11:42:58,KHW3426,external_upload
2026-02-12 11:43:16,XZW8899,email_attachment
2026-02-12 11:43:17,HJL4782,email_attachment
2026-02-12 11:44:44,JMS2741,email_attachment
2026-02-12 11:47:53,CJS2105,email_attachment
2026-02-12 11:49:00,GXH8145,email_attachment
2026-02-12 11:50:02,YJN2204,email_attachment
2026-02-12 11:50:08,YFA5069,email_attachment
2026-02-12 11:50:27,RAV9544,email_attachment
2026-02-12 11:51:45,FGC5618,email_attachment
2026-02-12 11:55:01,AUH1017,email_attachment
2026-02-12 11:56:12,GXL3526,email_attachment
2026-02-12 11:57:38,TWP7521,email_attachment
2026-02-12 12:02:47,WNZ8194,email_attachment
2026-02-12 12:03:22,PJA2498,email_attachment
2026-02-12 12:04:21,VQW4357,email_attachment
2026-02-12 12:05:25,VNR5092,email_attachment
2026-02-12 12:06:25,VBV3674,email_attachment
2026-02-12 12:08:08,AFL5958,email_attachment
2026-02-12 12:08:13,DLF9810,email_attachment
2026-02-12 12:08:14,SDH1198,email_attachment
2026-02-12 12:12:15,TCG6346,email_attachment
2026-02-12 12:22:54,DZL5487,email_attachment
2026-02-12 12:24:21,UDZ3030,external_upload
2026-02-12 12:26:19,PSL2732,email_attachment
2026-02-12 12:26:37,QSY1804,email_attachment
2026-02-12 12:27:11,LYU2291,email_attachment
2026-02-12 12:27:22,AJM2807,email_attachment
2026-02-12 12:28:04,KZM4130,email_attachment
2026-02-12 12:28:32,FRM0180,email_attachment
2026-02-12 12:33:42,HCB6961,email_attachment
2026-02-12 12:36:52,RME1406,email_attachment
2026-02-12 12:37:42,ETF1221,email_attachment
2026-02-12 12:38:43,XYZ5709,email_attachment
2026-02-12 12:39:05,PVP1024,email_attachment
2026-02-12 12:43:01,LGB8139,email_attachment
2026-02-12 12:44:33,MMX3144,email_attachment
2026-02-12 12:44:48,QMM7832,email_attachment
2026-02-12 12:47:47,DSE9841,email_attachment
2026-02-12 12:49:16,XQM4117,email_attachment
2026-02-12 12:49:27,ENE5717,email_attachment
2026-02-12 12:51:43,VZM3725,email_attachment
2026-02-12 12:56:57,YUQ8189,email_attachment
2026-02-12 12:57:11,GAR8123,email_attachment
2026-02-12 12:58:01,FMJ5549,external_upload
2026-02-12 12:58:05,BXW0831,email_attachment
2026-02-12 12:58:16,YPQ3900,email_attachment
2026-02-12 12:59:18,SSY7885,email_attachment
2026-02-12 13:03:09,ZUU9989,external_upload
2026-02-12 13:03:47,JKK8889,email_attachment
2026-02-12 13:05:16,WMF0666,email_attachment
2026-02-12 13:05:22,DRP1861,email_attachment
2026-02-12 13:06:40,CNE5112,email_attachment
2026-02-12 13:10:01,RJE7048,email_attachment
2026-02-12 13:10:28,SSL4131,email_attachment
2026-02-12 13:19:30,QDX0204,email_attachment
2026-02-12 13:19:57,XZY6637,email_attachment
2026-02-12 13:23:49,ZQE5200,email_attachment
2026-02-12 13:34:25,SLX6104,external_upload
2026-02-12 13:35:38,NRG9357,email_attachment
2026-02-12 13:41:22,MHF4555,email_attachment
2026-02-12 13:42:09,CNT2141,email_attachment
2026-02-12 13:49:38,QQP2991,email_attachment
2026-02-12 13:57:27,RUH8404,email_attachment
2026-02-12 13:57:45,QMQ7100,email_attachment
2026-02-12 13:58:02,BSA5255,email_attachment
2026-02-12 14:01:44,BDN6520,email_attachment
2026-02-12 14:01:52,QTJ3272,email_attachment
2026-02-12 14:03:01,JZT4989,email_attachment
2026-02-12 14:08:53,MCX2638,email_attachment
2026-02-12 14:09:51,VZK5081,email_attachment
2026-02-12 14:13:43,ENH2152,email_attachment
2026-02-12 14:22:12,BCA8693,email_attachment
2026-02-12 14:55:59,MJK0021,email_attachment
2026-02-12 15:09:30,UKK9924,email_attachment
2026-02-12 15:48:42,QKH9033,email_attachment
2026-02-12 15:48:58,AVP8904,usb_connect
2026-02-12 15:53:56,DAR0062,email_attachment
2026-02-12 16:20:41,NMY8501,email_attachment
2026-02-12 16:23:49,REX4712,email_attachment
2026-02-12 16:41:39,SYT0435,email_attachment
2026-02-12 16:44:38,CLW3536,email_attachment
2026-02-12 17:32:53,LHZ9770,email_attachment
2026-02-12 17:36:02,NGY1374,email_attachment
2026-02-12 17:49:06,JEZ2409,external_upload
2026-02-12 18:03:40,PZS5578,email_attachment
2026-02-12 18:05:13,QJR8672,email_attachment
2026-02-12 18:16:00,QJE3186,email_attachment
2026-02-12 18:56:56,PZP4279,email_attachment
2026-02-13 06:46:31,RXJ5397,external_upload
2026-02-13 07:30:07,ASJ5787,email_attachment
2026-02-13 08:03:10,RBA1609,email_attachment
2026-02-13 08:42:09,GXH8145,external_upload
2026-02-13 08:44:22,PSZ0395,email_attachment
2026-02-13 08:47:53,CNY0484,email_attachment
2026-02-13 09:11:13,AFU9191,email_attachment
2026-02-13 09:14:08,PBL6806,email_attachment
2026-02-13 09:20:47,RXJ5397,email_attachment
2026-02-13 09:21:53,GUM8655,email_attachment
2026-02-13 09:31:58,RBT7287,email_attachment
2026-02-13 09:33:56,HFA2536,email_attachment
2026-02-13 09:35:37,MHX3186,email_attachment
2026-02-13 09:38:08,MPG6197,email_attachment
2026-02-13 09:39:08,HUX4923,email_attachment
2026-02-13 09:39:38,DUL4786,email_attachment
2026-02-13 09:41:08,ZJF2677,email_attachment
2026-02-13 09:46:41,ZVB8376,external_upload
2026-02-13 09:46:49,AEY2241,email_attachment
2026-02-13 09:48:55,KZG4945,email_attachment
2026-02-13 09:52:46,QEU7845,email_attachment
2026-02-13 09:53:38,XRQ5503,email_attachment
2026-02-13 09:55:07,MMX3144,email_attachment
2026-02-13 09:58:27,NKB9927,email_attachment
2026-02-13 09:59:43,DVP3588,external_upload
2026-02-13 10:01:13,NUM6882,email_attachment
2026-02-13 10:02:54,JQS8684,email_attachment
2026-02-13 10:03:33,JWD6444,email_attachment
2026-02-13 10:04:28,SYZ4998,email_attachment
2026-02-13 10:10:18,ZWY4442,email_attachment
2026-02-13 10:11:47,VGT8508,email_attachment
2026-02-13 10:11:48,SPL6107,email_attachment
2026-02-13 10:12:29,ZHU0615,email_attachment
2026-02-13 10:15:11,YFA5069,email_attachment
2026-02-13 10:23:06,HQY0328,email_attachment
2026-02-13 10:24:17,HXH2947,email_attachment
2026-02-13 10:29:05,SQE3562,usb_connect
2026-02-13 10:35:57,ZMT9493,email_attachment
2026-02-13 10:36:09,WSG6432,email_attachment
2026-02-13 10:36:27,PJC3330,email_attachment
2026-02-13 10:40:40,SWH7097,email_attachment
2026-02-13 10:40:48,XZW8899,email_attachment
2026-02-13 10:45:48,EFS6320,email_attachment
2026-02-13 10:46:57,TNM5145,email_attachment
2026-02-13 10:48:53,HLA5869,email_attachment
2026-02-13 10:48:54,CWG5462,email_attachment
2026-02-13 10:50:12,VHU4170,email_attachment
2026-02-13 10:51:53,PYR2813,email_attachment
2026-02-13 10:51:58,DVD2507,email_attachment
2026-02-13 10:52:38,YWJ6443,email_attachment
2026-02-13 10:53:17,LNF3219,email_attachment
2026-02-13 10:53:32,NJZ6951,email_attachment
2026-02-13 10:56:16,PYB7646,email_attachment
2026-02-13 10:57:25,PBA7729,email_attachment
2026-02-13 10:59:36,PEH7036,email_attachment
2026-02-13 11:00:43,MEG7072,email_attachment
2026-02-13 11:03:26,DMJ7135,email_attachment
2026-02-13 11:04:38,KRQ7567,email_attachment
2026-02-13 11:06:18,XSB1345,email_attachment
2026-02-13 11:08:01,UGU2332,email_attachment
2026-02-13 11:08:35,SCD9494,email_attachment
2026-02-13 11:09:16,BES5832,email_attachment
2026-02-13 11:09:43,VRM4862,email_attachment
2026-02-13 11:17:35,EED0695,email_attachment
2026-02-13 11:18:32,ESW3216,email_attachment
2026-02-13 11:20:08,NCS6343,email_attachment
2026-02-13 11:20:45,FRD7881,email_attachment
2026-02-13 11:21:27,MPF6269,email_attachment
2026-02-13 11:22:11,PRN9467,email_attachment
2026-02-13 11:24:32,PTM5097,email_attachment
2026-02-13 11:24:33,PGZ0051,email_attachment
2026-02-13 11:25:21,ADH6725,email_attachment
2026-02-13 11:32:17,QZQ7908,email_attachment
2026-02-13 11:35:09,DDL7713,email_attachment
2026-02-13 11:37:45,RAV9544,external_upload
2026-02-13 11:38:09,VXH2095,email_attachment
2026-02-13 11:43:39,HQL2235,email_attachment
2026-02-13 11:47:04,KUH9424,email_attachment
2026-02-13 11:48:26,HUF5919,email_attachment
2026-02-13 11:54:13,MUT3554,email_attachment
2026-02-13 11:54:47,MLK3460,external_upload
2026-02-13 11:56:24,HMS8171,email_attachment
2026-02-13 11:56:25,KZS8027,external_upload
2026-02-13 12:03:08,AFT4004,email_attachment
2026-02-13 12:03:24,MPR8653,external_upload
2026-02-13 12:03:48,NWU4142,email_attachment
2026-02-13 12:04:52,XRH2855,email_attachment
2026-02-13 12:09:11,EBC4994,email_attachment
2026-02-13 12:13:09,WYX0098,email_attachment
2026-02-13 12:13:58,VQU7934,external_upload
2026-02-13 12:20:07,UHW1685,email_attachment
2026-02-13 12:20:35,HKB6535,email_attachment
2026-02-13 12:24:04,GTS1980,email_attachment
2026-02-13 12:30:01,CHE2136,email_attachment
2026-02-13 12:45:03,MXS7118,email_attachment
2026-02-13 12:50:18,PED6057,email_attachment
2026-02-13 12:51:48,PVN5761,email_attachment
2026-02-13 12:52:38,BLL7712,email_attachment
2026-02-13 12:55:48,MGY2196,email_attachment
2026-02-13 12:56:41,EGC4448,email_attachment
2026-02-13 13:02:23,SGQ6755,email_attachment
2026-02-13 13:03:44,HFU3666,email_attachment
2026-02-13 13:06:29,VKL2143,email_attachment
2026-02-13 13:06:29,BFF9449,email_attachment
2026-02-13 13:07:17,LJQ0652,email_attachment
2026-02-13 13:09:03,KEQ0032,email_attachment
2026-02-13 13:09:17,LEQ0221,email_attachment
2026-02-13 13:15:14,QBT1738,external_upload
2026-02-13 13:15:22,BQV8037,email_attachment
2026-02-13 13:24:50,UZX2476,email_attachment
2026-02-13 13:27:15,PHK3119,email_attachment
2026-02-13 13:29:26,GAL0464,external_upload
2026-02-13 13:30:46,PEX4943,email_attachment
2026-02-13 13:31:02,KXL4804,email_attachment
2026-02-13 13:32:32,CDW9992,email_attachment
2026-02-13 13:37:59,WHU1145,email_attachment
2026-02-13 13:42:17,CQE8059,email_attachment
2026-02-13 13:42:53,AQD8170,email_attachment
2026-02-13 13:43:28,AGS7505,email_attachment
2026-02-13 13:44:55,MSQ4117,email_attachment
2026-02-13 13:47:30,RVW4318,email_attachment
2026-02-13 13:59:17,XYA5835,external_upload
2026-02-13 14:07:22,TZF4164,email_attachment
2026-02-13 14:09:59,LZD5274,email_attachment
2026-02-13 14:13:43,PLP3673,email_attachment
2026-02-13 14:16:15,HLZ1544,email_attachment
2026-02-13 15:28:17,RHV6827,external_upload
2026-02-13 16:47:16,NSW2398,email_attachment
2026-02-13 17:28:55,AVP8904,email_attachment
2026-02-13 17:54:46,VMF3722,email_attachment
2026-02-13 17:55:15,GPM7681,email_attachment
2026-02-13 17:57:58,UMH6643,email_attachment
2026-02-13 18:43:57,MLG1806,email_attachment
2026-02-14 10:19:56,JHS3839,email_attachment
2026-02-14 10:35:00,JNS0679,email_attachment
2026-02-14 12:31:20,TRG3333,email_attachment
2026-02-14 13:48:59,VGT8508,email_attachment
2026-02-14 13:51:03,MVR5390,email_attachment
2026-02-14 16:56:46,QYP8443,email_attachment
2026-02-15 11:41:29,UMB9505,email_attachment
2026-02-15 14:14:11,KAB4578,email_attachment
2026-02-16 11:03:20,PFZ1171,email_attachment
2026-02-16 12:16:45,VEF7773,email_attachment
2026-02-16 12:46:41,XHZ8584,email_attachment
2026-02-17 06:36:23,XNS3801,email_attachment
2026-02-17 06:53:50,UXD8068,email_attachment
2026-02-17 07:22:31,EYR9807,email_attachment
2026-02-17 07:25:04,MSK8626,email_attachment
2026-02-17 07:31:27,LKB0400,email_attachment
2026-02-17 08:16:42,XRQ5503,email_attachment
2026-02-17 08:39:51,QBC9951,email_attachment
2026-02-17 08:43:20,JNN3239,usb_connect
2026-02-17 08:43:21,YEB9577,email_attachment
2026-02-17 09:03:50,ZJG3303,email_attachment
2026-02-17 09:08:54,JNL8381,email_attachment
2026-02-17 09:09:08,LYU2291,email_attachment
2026-02-17 09:17:16,XKJ4542,email_attachment
2026-02-17 09:17:28,RWT7328,email_attachment
2026-02-17 09:18:43,ZLS6708,email_attachment
2026-02-17 09:22:24,LCT5452,email_attachment
2026-02-17 09:24:16,JEV3007,email_attachment
2026-02-17 09:29:12,NVQ5269,email_attachment
2026-02-17 09:30:27,LMG0501,email_attachment
2026-02-17 09:32:49,HKB7050,email_attachment
2026-02-17 09:33:09,XZY6637,email_attachment
2026-02-17 09:36:16,TCY5836,email_attachment
2026-02-17 09:38:48,XCW2400,email_attachment
2026-02-17 09:39:00,VEF4759,email_attachment
2026-02-17 09:39:08,FQD7162,email_attachment
2026-02-17 09:44:12,JCN9287,email_attachment
2026-02-17 09:49:37,VPJ9971,email_attachment
2026-02-17 09:50:10,NFU7665,email_attachment
2026-02-17 09:50:51,GJF6121,email_attachment
2026-02-17 09:54:50,GDQ4471,email_attachment
2026-02-17 09:55:29,NME3935,email_attachment
2026-02-17 09:58:31,CFM9613,email_attachment
2026-02-17 10:04:49,WNZ8578,email_attachment
2026-02-17 10:20:20,VQU7934,email_attachment
2026-02-17 10:20:22,EBC4994,email_attachment
2026-02-17 10:22:29,LZM5214,external_upload
2026-02-17 10:23:57,ZSD2941,external_upload
2026-02-17 10:28:01,ZEX4754,email_attachment
2026-02-17 10:30:43,RNL4426,email_attachment
2026-02-17 10:35:17,JYU4145,email_attachment
2026-02-17 10:40:12,VNR5092,email_attachment
2026-02-17 10:44:24,RGK6603,email_attachment
2026-02-17 10:44:56,ZHU0615,email_attachment
2026-02-17 10:46:41,PDT8522,email_attachment
2026-02-17 10:46:50,QTN7519,email_attachment
2026-02-17 10:47:06,RNP3279,email_attachment
2026-02-17 10:47:41,ELR1269,email_attachment
2026-02-17 10:48:14,AJN8374,email_attachment
2026-02-17 10:48:37,TER6346,email_attachment
2026-02-17 10:51:28,JVW7508,email_attachment
2026-02-17 10:52:11,FYQ9194,email_attachment
2026-02-17 10:53:06,KJA5482,email_attachment
2026-02-17 10:55:01,NYC3644,email_attachment
2026-02-17 10:57:21,HUF5919,email_attachment
2026-02-17 11:02:58,TCG6346,email_attachment
2026-02-17 11:06:02,XEF7192,email_attachment
2026-02-17 11:06:13,WFU8122,external_upload
2026-02-17 11:12:12,EED0695,email_attachment
2026-02-17 11:12:53,PAZ8627,usb_connect
2026-02-17 11:14:18,PKA7047,email_attachment
2026-02-17 11:18:50,JHW6568,email_attachment
2026-02-17 11:22:41,DUC6242,email_attachment
2026-02-17 11:24:21,NAY5358,email_attachment
2026-02-17 11:26:01,GTR6357,email_attachment
2026-02-17 11:34:03,WSG6432,email_attachment
2026-02-17 11:38:42,NVE7583,email_attachment
2026-02-17 11:38:46,ARF3086,email_attachment
2026-02-17 11:41:22,WUQ4755,email_attachment
2026-02-17 11:41:27,ZUV4197,email_attachment
2026-02-17 11:43:59,EKS3015,email_attachment
2026-02-17 11:44:11,TZF4164,email_attachment
2026-02-17 11:46:49,WRH5562,email_attachment
2026-02-17 11:47:25,ENV8864,email_attachment
2026-02-17 11:48:15,JYN2779,email_attachment
2026-02-17 11:50:02,DVM0465,email_attachment
2026-02-17 11:50:56,PVA9116,email_attachment
2026-02-17 11:56:31,PVN2212,email_attachment
2026-02-17 11:57:50,SWS4507,email_attachment
2026-02-17 11:58:30,VXD9349,email_attachment
2026-02-17 11:59:32,RGF8001,email_attachment
2026-02-17 12:01:37,GWB9650,email_attachment
2026-02-17 12:06:24,LJF1648,email_attachment
2026-02-17 12:06:32,ADL7522,email_attachment
2026-02-17 12:07:59,QZF9573,email_attachment
2026-02-17 12:09:10,XNT0875,email_attachment
2026-02-17 12:16:44,YUQ8188,email_attachment
2026-02-17 12:18:41,RNC6937,email_attachment
2026-02-17 12:23:00,KDJ0200,email_attachment
2026-02-17 12:27:11,AWM5248,email_attachment
2026-02-17 12:28:42,ZSM1073,email_attachment
2026-02-17 12:28:44,TMW0645,email_attachment
2026-02-17 12:30:57,BZS4586,email_attachment
2026-02-17 12:32:22,KBM5303,email_attachment
2026-02-17 12:41:47,NLR0262,email_attachment
2026-02-17 12:42:57,UJM1032,email_attachment
2026-02-17 12:45:36,XCE3705,email_attachment
2026-02-17 12:47:04,NGP1594,email_attachment
2026-02-17 12:49:25,NHS9306,email_attachment
2026-02-17 12:50:21,JNQ3318,email_attachment
2026-02-17 12:51:17,FRV1809,external_upload
2026-02-17 12:51:46,JVN9713,email_attachment
2026-02-17 12:58:54,UQX0155,email_attachment
2026-02-17 12:59:43,UML4272,email_attachment
2026-02-17 13:01:58,SHS7915,email_attachment
2026-02-17 13:05:25,CHZ0215,email_attachment
2026-02-17 13:05:29,SJW7363,email_attachment
2026-02-17 13:10:52,DEA2977,email_attachment
2026-02-17 13:13:25,RLL0589,email_attachment
2026-02-17 13:13:26,CKC4751,email_attachment
2026-02-17 13:14:48,CNE2834,email_attachment
2026-02-17 13:46:39,TYS0561,email_attachment
2026-02-17 13:50:33,NKN8760,email_attachment
2026-02-17 13:53:50,RAT3363,email_attachment
2026-02-17 14:03:54,FTC7060,email_attachment
2026-02-17 14:06:44,WNK3585,email_attachment
2026-02-17 14:39:30,YHD5834,email_attachment
2026-02-17 14:53:22,URV9227,email_attachment
2026-02-17 16:01:11,XQB0711,email_attachment
2026-02-17 16:16:00,DAA6296,email_attachment
2026-02-17 16:20:39,RLJ7278,email_attachment
2026-02-17 16:32:19,PAJ6400,email_attachment
2026-02-17 16:40:23,YEA8551,email_attachment
2026-02-17 16:42:06,CNL4143,email_attachment
2026-02-17 17:35:30,JCD9617,external_upload
2026-02-17 18:17:49,FAP0273,external_upload
2026-02-17 18:57:37,XVK0763,email_attachment
2026-02-18 06:56:06,SGK3997,email_attachment
2026-02-18 07:13:53,DBB2553,email_attachment
2026-02-18 07:55:34,WZF4980,email_attachment
2026-02-18 08:23:58,LSK8578,external_upload
2026-02-18 08:33:18,WWW6722,email_attachment
2026-02-18 08:44:58,HDN8462,email_attachment
2026-02-18 08:46:05,DHT3461,email_attachment
2026-02-18 08:49:53,NXT0050,email_attachment
2026-02-18 08:49:59,TXG5620,email_attachment
2026-02-18 08:59:09,YWJ6443,email_attachment
2026-02-18 08:59:38,BNJ6311,email_attachment
2026-02-18 09:04:25,BKQ9760,email_attachment
2026-02-18 09:05:12,MCM4583,email_attachment
2026-02-18 09:07:00,UUP0066,email_attachment
2026-02-18 09:07:01,RVG2870,email_attachment
2026-02-18 09:07:19,WDF1317,email_attachment
2026-02-18 09:14:27,GMQ7067,email_attachment
2026-02-18 09:15:47,DTW9753,email_attachment
2026-02-18 09:15:58,ENC6545,email_attachment
2026-02-18 09:16:11,AGX2877,email_attachment
2026-02-18 09:17:05,LEY4602,email_attachment
2026-02-18 09:25:34,SBE6209,email_attachment
2026-02-18 09:26:14,RZU7007,email_attachment
2026-02-18 09:26:33,GMQ7067,email_attachment
2026-02-18 09:29:24,GUW5758,email_attachment
2026-02-18 09:33:42,GMA8519,email_attachment
2026-02-18 09:39:16,YDS0481,email_attachment
2026-02-18 09:40:40,GMQ7067,email_attachment
2026-02-18 09:42:46,BPS9189,email_attachment
2026-02-18 09:43:31,GMQ7067,email_attachment
2026-02-18 09:44:41,SZM2079,email_attachment
2026-02-18 09:49:20,RQG6891,email_attachment
2026-02-18 09:52:04,HGD7422,email_attachment
2026-02-18 09:55:07,XKJ6099,email_attachment
2026-02-18 10:00:53,UTB8574,email_attachment
2026-02-18 10:01:43,WWW6722,external_upload
2026-02-18 10:02:34,TEZ8512,email_attachment
2026-02-18 10:06:49,MJL7606,email_attachment
2026-02-18 10:07:02,DPH1348,email_attachment
2026-02-18 10:10:23,GXP2441,email_attachment
2026-02-18 10:12:45,FAM1900,email_attachment
2026-02-18 10:13:14,EWE2142,email_attachment
2026-02-18 10:14:48,JSU5299,email_attachment
2026-02-18 10:15:35,EDT4917,email_attachment
2026-02-18 10:17:51,URW1882,external_upload
2026-02-18 10:19:52,WRQ6754,external_upload
2026-02-18 10:20:03,PRN9467,email_attachment
2026-02-18 10:21:25,EPE6804,email_attachment
2026-02-18 10:21:30,MUT1655,email_attachment
2026-02-18 10:21:33,WCS8950,email_attachment
2026-02-18 10:22:28,WMY3465,email_attachment
2026-02-18 10:24:46,MSK1068,email_attachment
2026-02-18 10:25:15,KLP0024,email_attachment
2026-02-18 10:29:33,KFA0115,email_attachment
2026-02-18 10:33:14,GMQ7067,email_attachment
2026-02-18 10:38:07,EGE2962,email_attachment
2026-02-18 10:39:02,GMQ7067,email_attachment
2026-02-18 10:41:45,GMQ7067,email_attachment
2026-02-18 10:43:22,DZR5647,email_attachment
2026-02-18 10:43:47,MHU5504,email_attachment
2026-02-18 10:44:00,ERD3114,email_attachment
2026-02-18 10:46:42,GMQ7067,email_attachment
2026-02-18 10:49:03,ZSB7055,external_upload
2026-02-18 10:52:18,GMQ7067,email_attachment
2026-02-18 10:52:28,CEL7303,email_attachment
2026-02-18 10:52:28,GMQ7067,email_attachment
2026-02-18 10:54:35,XTB8409,email_attachment
2026-02-18 10:57:16,AQV4072,email_attachment
2026-02-18 10:58:13,WLN4398,external_upload
2026-02-18 10:59:05,NLQ3506,email_attachment
2026-02-18 11:06:09,GMQ7067,email_attachment
2026-02-18 11:06:35,THU9054,email_attachment
2026-02-18 11:07:52,PVN5761,email_attachment
2026-02-18 11:10:09,ZMX3445,email_attachment
2026-02-18 11:11:04,EDU0037,email_attachment
2026-02-18 11:13:18,RXT9110,email_attachment
2026-02-18 11:15:26,EXR0869,email_attachment
2026-02-18 11:16:16,FFK3907,external_upload
2026-02-18 11:17:12,EKT5856,email_attachment
2026-02-18 11:20:13,JNN3239,email_attachment
2026-02-18 11:21:23,UHB1648,email_attachment
2026-02-18 11:21:56,BSX6865,email_attachment
2026-02-18 11:24:46,XZE2186,usb_connect
2026-02-18 11:25:42,GRZ0805,email_attachment
2026-02-18 11:27:21,HBB3944,email_attachment
2026-02-18 11:30:05,VPP1509,email_attachment
2026-02-18 11:32:08,QGB6336,email_attachment
2026-02-18 11:32:54,GMQ7067,email_attachment
2026-02-18 11:36:52,GCD1014,email_attachment
2026-02-18 11:44:19,MJA3558,email_attachment
2026-02-18 11:45:56,WZD7435,email_attachment
2026-02-18 11:47:10,GTF6224,email_attachment
2026-02-18 11:53:41,XJA7836,email_attachment
2026-02-18 11:55:19,XZY6637,email_attachment
2026-02-18 11:55:20,YDD4870,email_attachment
2026-02-18 12:02:06,PZP2817,email_attachment
2026-02-18 12:02:48,GMQ7067,email_attachment
2026-02-18 12:03:21,TWC7231,external_upload
2026-02-18 12:03:34,PWX3110,email_attachment
2026-02-18 12:03:49,ARW8743,email_attachment
2026-02-18 12:06:14,XMP7066,email_attachment
2026-02-18 12:09:35,QUJ2796,email_attachment
2026-02-18 12:11:19,ECH8609,external_upload
2026-02-18 12:11:26,GMQ7067,email_attachment
2026-02-18 12:15:39,DTR0426,email_attachment
2026-02-18 12:22:26,GMQ7067,email_attachment
2026-02-18 12:22:36,KHX2969,email_attachment
2026-02-18 12:23:18,UEY0965,external_upload
2026-02-18 12:23:21,QNP1003,email_attachment
2026-02-18 12:24:54,PJA2498,email_attachment
2026-02-18 12:28:04,XRY2967,email_attachment
2026-02-18 12:29:37,TEE2171,email_attachment
2026-02-18 12:29:48,LQN1265,email_attachment
2026-02-18 12:35:40,GMQ7067,email_attachment
2026-02-18 12:39:44,GCQ7162,email_attachment
2026-02-18 12:42:56,FVL4917,email_attachment
2026-02-18 12:43:42,WNL8355,email_attachment
2026-02-18 12:47:25,BKG0428,email_attachment
2026-02-18 12:49:27,TAG0290,email_attachment
2026-02-18 12:55:04,YFA5069,email_attachment
2026-02-18 12:56:53,BTP8472,email_attachment
2026-02-18 13:01:08,DFV4967,email_attachment
2026-02-18 13:05:22,YMF0181,email_attachment
2026-02-18 13:09:38,UTP4301,email_attachment
2026-02-18 13:10:02,GNL3436,email_attachment
2026-02-18 13:10:58,GMQ7067,email_attachment
2026-02-18 13:13:03,JRM5199,email_attachment
2026-02-18 13:13:37,XJU4690,email_attachment
2026-02-18 13:15:38,GMQ7067,email_attachment
2026-02-18 13:24:45,UCQ6477,email_attachment
2026-02-18 13:26:18,GTD1289,email_attachment
2026-02-18 13:28:05,XUY0616,email_attachment
2026-02-18 13:29:03,GMQ7067,email_attachment
2026-02-18 13:29:48,GMQ7067,email_attachment
2026-02-18 13:34:51,XYA5835,email_attachment
2026-02-18 13:35:33,ACU9806,email_attachment
2026-02-18 13:36:47,QQA3427,external_upload
2026-02-18 13:39:16,MKS7553,email_attachment
2026-02-18 13:41:14,GMQ7067,email_attachment
2026-02-18 13:42:56,RZZ4712,email_attachment
2026-02-18 13:50:23,VYB4200,email_attachment
2026-02-18 13:56:32,TVL8943,email_attachment
2026-02-18 13:58:05,WRQ6754,email_attachment
2026-02-18 13:58:10,FVC2640,email_attachment
2026-02-18 14:08:55,TLZ0839,email_attachment
2026-02-18 14:11:24,JLW9735,email_attachment
2026-02-18 14:19:49,SUQ8029,email_attachment
2026-02-18 15:11:05,RKM6563,email_attachment
2026-02-18 15:12:12,AVA4350,external_upload
2026-02-18 15:34:37,QJR8672,email_attachment
2026-02-18 16:00:33,SXZ6117,email_attachment
2026-02-18 16:03:54,TLA8499,external_upload
2026-02-18 16:43:46,ZVN1622,email_attachment
2026-02-18 17:36:19,TDP1357,email_attachment
2026-02-18 17:41:37,SYT0435,email_attachment
2026-02-18 17:53:04,UUQ7472,email_attachment
2026-02-18 17:55:30,YPA6465,email_attachment
2026-02-18 18:06:54,RVW4189,email_attachment
2026-02-18 18:56:51,BCJ1051,email_attachment
2026-02-19 06:37:51,LWK9207,email_attachment
2026-02-19 07:32:30,FXM5258,email_attachment
2026-02-19 07:58:08,RFH9751,email_attachment
2026-02-19 07:58:42,NUC9178,external_upload
2026-02-19 08:08:43,ZEU3356,email_attachment
2026-02-19 08:19:54,HZY8923,email_attachment
2026-02-19 08:38:01,LQC3932,email_attachment
2026-02-19 08:42:14,LLJ6063,email_attachment
2026-02-19 08:50:02,ZWY3357,email_attachment
2026-02-19 08:54:20,ZXZ4586,email_attachment
2026-02-19 08:57:44,CZV3763,email_attachment
2026-02-19 08:58:34,HZX9435,external_upload
2026-02-19 09:02:19,YWC7675,email_attachment
2026-02-19 09:03:45,ZZH3377,email_attachment
2026-02-19 09:04:03,DRP1861,email_attachment
2026-02-19 09:06:03,GMQ7067,email_attachment
2026-02-19 09:06:11,ZZH3377,email_attachment
2026-02-19 09:07:48,ZZH3377,email_attachment
2026-02-19 09:13:02,GMQ7067,email_attachment
2026-02-19 09:13:24,QSP9232,email_attachment
2026-02-19 09:16:15,JJC4744,email_attachment
2026-02-19 09:20:21,WZQ9342,email_attachment
2026-02-19 09:20:51,BGP2631,email_attachment
2026-02-19 09:23:10,ZZH3377,email_attachment
2026-02-19 09:26:22,GMQ7067,email_attachment
2026-02-19 09:27:41,ZZH3377,email_attachment
2026-02-19 09:28:14,PHG2290,email_attachment
2026-02-19 09:30:09,EWY8648,email_attachment
2026-02-19 09:31:18,GMQ7067,email_attachment
2026-02-19 09:34:01,HKH3896,email_attachment
2026-02-19 09:34:14,YMF0181,email_attachment
2026-02-19 09:34:23,TZU4501,email_attachment
2026-02-19 09:34:28,GMQ7067,email_attachment
2026-02-19 09:35:36,WAH0322,email_attachment
2026-02-19 09:36:28,FVX0860,email_attachment
2026-02-19 09:37:00,NJV8196,email_attachment
2026-02-19 09:37:39,GMQ7067,email_attachment
2026-02-19 09:38:23,GMQ7067,email_attachment
2026-02-19 09:39:32,BGL9169,email_attachment
2026-02-19 09:41:46,XWB0313,email_attachment
2026-02-19 09:43:41,HQS6029,email_attachment
2026-02-19 09:45:43,XHV9567,email_attachment
2026-02-19 09:46:41,YHZ7266,email_attachment
2026-02-19 09:47:40,QRS0130,email_attachment
2026-02-19 09:50:46,XAD7151,email_attachment
2026-02-19 09:54:06,XFR9329,email_attachment
2026-02-19 09:57:57,ACZ8154,email_attachment
2026-02-19 09:58:26,HLZ1544,email_attachment
2026-02-19 09:59:48,ZZH3377,email_attachment
2026-02-19 10:06:22,WTA6371,email_attachment
2026-02-19 10:07:38,QTV5992,email_attachment
2026-02-19 10:09:17,KMJ6011,email_attachment
2026-02-19 10:10:19,JSS6150,email_attachment
2026-02-19 10:10:20,PAJ2937,email_attachment
2026-02-19 10:10:47,LDC5457,email_attachment
2026-02-19 10:12:48,URQ0978,usb_connect
2026-02-19 10:13:34,TAG0290,email_attachment
2026-02-19 10:14:01,FDF0458,email_attachment
2026-02-19 10:16:23,PQW6333,email_attachment
2026-02-19 10:16:50,VRM4862,email_attachment
2026-02-19 10:20:13,PCT1393,email_attachment
2026-02-19 10:20:24,PEV4917,email_attachment
2026-02-19 10:22:53,BTK6682,email_attachment
2026-02-19 10:23:34,GMQ7067,email_attachment
2026-02-19 10:26:17,VWK1858,email_attachment
2026-02-19 10:26:32,BVH4601,email_attachment
2026-02-19 10:29:24,RZU7007,external_upload
2026-02-19 10:29:31,RRD0169,email_attachment
2026-02-19 10:35:50,GMQ7067,email_attachment
2026-02-19 10:38:13,LZY0366,external_upload
2026-02-19 10:38:25,GJE2945,email_attachment
2026-02-19 10:39:14,KAB4578,email_attachment
2026-02-19 10:39:21,QZF9573,email_attachment
2026-02-19 10:42:39,VKV9371,email_attachment
2026-02-19 10:47:15,MFQ3194,email_attachment
2026-02-19 10:47:51,ELY1202,email_attachment
2026-02-19 10:52:02,GMQ7067,email_attachment
2026-02-19 10:54:38,FMC2914,email_attachment
2026-02-19 10:56:51,XFD6884,email_attachment
2026-02-19 10:58:18,GMQ7067,email_attachment
2026-02-19 11:00:19,QUE4515,external_upload
2026-02-19 11:01:41,PTB4458,email_attachment
2026-02-19 11:06:52,AGX2877,email_attachment
2026-02-19 11:08:26,JEV3007,external_upload
2026-02-19 11:11:04,FZE5041,email_attachment
2026-02-19 11:12:22,LKZ9027,email_attachment
2026-02-19 11:13:17,EAE5559,email_attachment
2026-02-19 11:13:21,SHS7915,email_attachment
2026-02-19 11:15:38,AFL5958,email_attachment
2026-02-19 11:15:52,RCT0485,usb_connect
2026-02-19 11:17:44,XHZ8584,usb_connect
2026-02-19 11:22:26,QDR5644,email_attachment
2026-02-19 11:23:17,DHH4426,email_attachment
2026-02-19 11:23:28,JCN9287,email_attachment
2026-02-19 11:26:04,TBE1642,email_attachment
2026-02-19 11:28:13,GMF3145,email_attachment
2026-02-19 11:31:42,LAH1595,email_attachment
2026-02-19 11:33:41,PMV7499,email_attachment
2026-02-19 11:33:49,DTW2539,email_attachment
2026-02-19 11:40:51,GMQ7067,email_attachment
2026-02-19 11:44:48,CED7289,email_attachment
2026-02-19 11:47:36,GXH8145,email_attachment
2026-02-19 11:49:36,AEP7116,email_attachment
2026-02-19 11:50:52,NBE8069,email_attachment
2026-02-19 11:52:07,XKJ6099,email_attachment
2026-02-19 11:52:19,SHS0097,email_attachment
2026-02-19 11:54:38,VBA9177,email_attachment
2026-02-19 11:55:03,TWC7231,email_attachment
2026-02-19 11:55:24,GMQ7067,email_attachment
2026-02-19 11:55:24,GMQ7067,email_attachment
2026-02-19 11:58:22,JWY4263,email_attachment
2026-02-19 12:00:04,KQK8927,external_upload
2026-02-19 12:01:06,RQF4228,email_attachment
2026-02-19 12:02:03,VPP1509,email_attachment
2026-02-19 12:04:10,EWY8648,external_upload
2026-02-19 12:07:57,XVX6602,external_upload
2026-02-19 12:10:37,ZZH3377,email_attachment
2026-02-19 12:11:59,FFU2880,email_attachment
2026-02-19 12:13:39,GMQ7067,email_attachment
2026-02-19 12:14:31,BQG7179,email_attachment
2026-02-19 12:15:34,RNP3279,email_attachment
2026-02-19 12:16:43,GMQ7067,email_attachment
2026-02-19 12:17:24,GMQ7067,email_attachment
2026-02-19 12:18:12,KUH9424,email_attachment
2026-02-19 12:19:09,WNZ8578,email_attachment
2026-02-19 12:20:47,MVR5390,email_attachment
2026-02-19 12:21:35,ZZH3377,email_attachment
2026-02-19 12:22:10,UUK6210,email_attachment
2026-02-19 12:22:51,QVG8689,external_upload
2026-02-19 12:23:43,AXC9012,email_attachment
2026-02-19 12:25:49,GND9693,email_attachment
2026-02-19 12:27:07,ZZH3377,email_attachment
2026-02-19 12:27:48,ZEQ5713,email_attachment
2026-02-19 12:28:19,YAW5851,email_attachment
2026-02-19 12:30:39,EUV0987,email_attachment
2026-02-19 12:32:16,TDT0042,email_attachment
2026-02-19 12:34:36,CNX4632,email_attachment
2026-02-19 12:34:46,MPF6269,email_attachment
2026-02-19 12:37:25,ZZH3377,email_attachment
2026-02-19 12:39:32,ZZH3377,email_attachment
2026-02-19 12:45:49,FYW9481,email_attachment
2026-02-19 12:46:39,EGC4448,email_attachment
2026-02-19 12:49:20,VEF4759,email_attachment
2026-02-19 12:51:08,MGR2928,email_attachment
2026-02-19 12:51:57,UAB1375,email_attachment
2026-02-19 12:53:36,GMQ7067,email_attachment
2026-02-19 12:55:59,GMQ7067,email_attachment
2026-02-19 12:58:29,TLX2731,email_attachment
2026-02-19 13:03:56,UKB0428,email_attachment
2026-02-19 13:08:38,NQF1835,external_upload
2026-02-19 13:09:19,PQW5115,email_attachment
2026-02-19 13:10:45,WBK2271,email_attachment
2026-02-19 13:14:01,PUH7781,email_attachment
2026-02-19 13:16:32,QDX0204,email_attachment
2026-02-19 13:17:16,MDL2782,email_attachment
2026-02-19 13:17:24,PBR8005,email_attachment
2026-02-19 13:19:24,YFK8135,email_attachment
2026-02-19 13:27:38,SWS4507,email_attachment
2026-02-19 13:29:22,TPG1817,email_attachment
2026-02-19 13:33:35,BDB1193,email_attachment
2026-02-19 13:34:12,GMQ7067,email_attachment
2026-02-19 13:36:03,FAJ7200,email_attachment
2026-02-19 13:36:56,GMQ7067,email_attachment
2026-02-19 13:38:46,DVA8512,email_attachment
2026-02-19 13:44:35,BZK1628,email_attachment
2026-02-19 13:48:19,UZH3465,email_attachment
2026-02-19 13:49:02,TZA8532,email_attachment
2026-02-19 14:17:39,XJU4690,email_attachment
2026-02-19 15:17:58,ZKC0776,email_attachment
2026-02-19 15:41:05,GXS8307,email_attachment
2026-02-19 15:47:39,AWX0001,email_attachment
2026-02-19 15:58:42,VFA6765,email_attachment
2026-02-19 16:17:32,GYF6442,email_attachment
2026-02-19 16:25:50,FRT6341,external_upload
2026-02-19 16:47:03,SXT0742,email_attachment
2026-02-19 17:27:43,ZAT8680,email_attachment
2026-02-19 17:37:51,QJQ6157,email_attachment
2026-02-19 17:38:07,FDC3057,email_attachment
2026-02-19 18:02:42,JSQ3890,email_attachment
2026-02-19 18:11:34,UPD2858,email_attachment
2026-02-19 18:20:59,QVW8593,email_attachment
2026-02-19 18:44:07,YYV5359,email_attachment
2026-02-19 19:15:31,EZS7293,email_attachment
2026-02-20 07:04:16,XSF2295,email_attachment
2026-02-20 07:12:14,XMZ1293,email_attachment
2026-02-20 07:24:46,TZA7171,email_attachment
2026-02-20 07:25:48,PRU1120,email_attachment
2026-02-20 08:32:48,HUW0385,email_attachment
2026-02-20 08:38:46,QJL1246,email_attachment
2026-02-20 08:48:11,EJE4902,email_attachment
2026-02-20 08:53:35,DKQ6781,email_attachment
2026-02-20 08:53:36,JNL8381,email_attachment
2026-02-20 08:55:54,GMQ7067,email_attachment
2026-02-20 09:00:35,PYB7646,email_attachment
2026-02-20 09:00:56,PZC7671,email_attachment
2026-02-20 09:06:54,SWH7097,email_attachment
2026-02-20 09:08:11,GMQ7067,email_attachment
2026-02-20 09:15:59,XYM2687,usb_connect
2026-02-20 09:17:40,ZZH3377,email_attachment
2026-02-20 09:18:00,GGK8360,external_upload
2026-02-20 09:18:18,ETF1221,email_attachment
2026-02-20 09:21:37,LXX1956,email_attachment
2026-02-20 09:23:05,JLQ4852,email_attachment
2026-02-20 09:25:05,BCL5970,email_attachment
2026-02-20 09:26:57,KRS4164,email_attachment
2026-02-20 09:27:59,FMY6666,email_attachment
2026-02-20 09:28:17,AMT3951,email_attachment
2026-02-20 09:29:15,GMQ7067,email_attachment
2026-02-20 09:29:43,VYZ7165,email_attachment
2026-02-20 09:34:27,WPS5152,email_attachment
2026-02-20 09:36:19,GMQ7067,email_attachment
2026-02-20 09:37:11,GMQ7067,email_attachment
2026-02-20 09:37:29,LAB2540,external_upload
2026-02-20 09:38:44,YYC2668,usb_connect
2026-02-20 09:42:52,GMQ7067,email_attachment
2026-02-20 09:44:42,WYG9423,email_attachment
2026-02-20 09:46:06,HSQ8158,email_attachment
2026-02-20 09:47:16,ZZH3377,email_attachment
2026-02-20 10:01:56,GMQ7067,email_attachment
2026-02-20 10:04:28,GMQ7067,email_attachment
2026-02-20 10:05:42,VPM8632,email_attachment
2026-02-20 10:07:38,DRQ4774,email_attachment
2026-02-20 10:08:37,JVL5883,email_attachment
2026-02-20 10:09:30,RAT3363,email_attachment
2026-02-20 10:11:09,DZR5647,email_attachment
2026-02-20 10:12:05,FPH2619,email_attachment
2026-02-20 10:13:03,HLJ1034,email_attachment
2026-02-20 10:15:41,LYU2291,email_attachment
2026-02-20 10:15:59,WKX4894,email_attachment
2026-02-20 10:16:10,BHN1070,email_attachment
2026-02-20 10:20:23,GMQ7067,email_attachment
2026-02-20 10:22:16,CZQ8792,email_attachment
2026-02-20 10:22:53,ZZH3377,email_attachment
2026-02-20 10:25:40,TCG1206,email_attachment
2026-02-20 10:26:30,MQW8479,email_attachment
2026-02-20 10:28:29,ZZH3377,email_attachment
2026-02-20 10:28:37,EEE0834,email_attachment
2026-02-20 10:29:24,SZG1462,email_attachment
2026-02-20 10:36:32,TVL8943,email_attachment
2026-02-20 10:36:45,JSS6150,email_attachment
2026-02-20 10:37:57,CVD5263,email_attachment
2026-02-20 10:42:03,NCG9169,email_attachment
2026-02-20 10:44:14,GMQ7067,email_attachment
2026-02-20 10:44:37,GMQ7067,email_attachment
2026-02-20 10:45:20,DUN8279,email_attachment
2026-02-20 10:45:49,ZZH3377,email_attachment
2026-02-20 10:47:32,UWC4350,email_attachment
2026-02-20 10:53:27,GMQ7067,email_attachment
2026-02-20 10:54:55,GMQ7067,email_attachment
2026-02-20 10:56:17,HNJ6294,email_attachment
2026-02-20 10:57:37,NGN9252,email_attachment
2026-02-20 11:02:25,VHU4170,email_attachment
2026-02-20 11:02:27,BBH7509,external_upload
2026-02-20 11:04:42,JPJ1683,email_attachment
2026-02-20 11:06:13,YXE8611,email_attachment
2026-02-20 11:07:57,MWQ7682,email_attachment
2026-02-20 11:08:51,RHB3473,external_upload
2026-02-20 11:09:45,JVX0462,email_attachment
2026-02-20 11:11:17,UWB6084,email_attachment
2026-02-20 11:12:06,RMZ9198,email_attachment
2026-02-20 11:13:32,MUX6778,usb_connect
2026-02-20 11:14:53,KSJ5231,email_attachment
2026-02-20 11:15:05,REB6617,external_upload
2026-02-20 11:15:45,SLJ5128,email_attachment
2026-02-20 11:21:51,KMC7017,email_attachment
2026-02-20 11:22:29,LZD5274,email_attachment
2026-02-20 11:24:52,WVM6738,email_attachment
2026-02-20 11:27:22,RTM5796,email_attachment
2026-02-20 11:38:59,VJS9473,email_attachment
2026-02-20 11:42:22,NMG2401,email_attachment
2026-02-20 11:42:51,CBT5366,email_attachment
2026-02-20 11:44:05,ATG5393,email_attachment
2026-02-20 11:47:26,BJW8481,email_attachment
2026-02-20 11:48:49,TKR9198,email_attachment
2026-02-20 11:49:52,DGW0370,email_attachment
2026-02-20 11:50:05,GMQ7067,email_attachment
2026-02-20 11:50:14,GMQ7067,email_attachment
2026-02-20 11:50:15,GMQ7067,email_attachment
2026-02-20 11:50:22,WNZ6737,email_attachment
2026-02-20 11:53:57,GMQ7067,email_attachment
2026-02-20 11:55:09,RXQ5315,email_attachment
2026-02-20 11:55:13,RLL0589,email_attachment
2026-02-20 11:56:09,JUU9722,email_attachment
2026-02-20 11:57:47,PVN5761,email_attachment
2026-02-20 11:59:53,WBK2271,email_attachment
2026-02-20 12:04:45,NQA4798,email_attachment
2026-02-20 12:05:46,ZZH3377,email_attachment
2026-02-20 12:08:05,QSP9232,email_attachment
2026-02-20 12:10:05,XDY0096,email_attachment
2026-02-20 12:12:34,ALJ0624,email_attachment
2026-02-20 12:19:18,KVG5688,email_attachment
2026-02-20 12:21:28,ZZH3377,email_attachment
2026-02-20 12:24:19,BTP8472,external_upload
2026-02-20 12:24:32,TRG3333,email_attachment
2026-02-20 12:28:46,GMQ7067,email_attachment
2026-02-20 12:30:24,JVA7931,email_attachment
2026-02-20 12:31:48,GJK7367,email_attachment
2026-02-20 12:33:40,ZZH3377,email_attachment
2026-02-20 12:33:41,XKJ6099,email_attachment
2026-02-20 12:34:11,VYT8978,email_attachment
2026-02-20 12:35:06,NHK5243,email_attachment
2026-02-20 12:39:31,ZZH3377,email_attachment
2026-02-20 12:40:43,KLZ7303,email_attachment
2026-02-20 12:41:06,NPU2327,email_attachment
2026-02-20 12:43:22,PFM8725,email_attachment
2026-02-20 12:47:56,ULN5586,email_attachment
2026-02-20 12:47:59,XEF7192,email_attachment
2026-02-20 12:48:20,RSQ5606,email_attachment
2026-02-20 12:50:09,XYM2687,email_attachment
2026-02-20 12:50:47,EGE8954,email_attachment
2026-02-20 13:00:18,RSD1634,email_attachment
2026-02-20 13:00:51,JWU4729,email_attachment
2026-02-20 13:02:01,SVV6625,email_attachment
2026-02-20 13:06:22,UAK2793,email_attachment
2026-02-20 13:08:35,DZS5070,email_attachment
2026-02-20 13:09:10,RMA9672,email_attachment
2026-02-20 13:11:23,GMQ7067,email_attachment
2026-02-20 13:12:06,GCD1014,email_attachment
2026-02-20 13:12:38,GQH7330,email_attachment
2026-02-20 13:15:09,MCX2638,email_attachment
2026-02-20 13:19:18,ZZH3377,email_attachment
2026-02-20 13:19:50,NUT6859,email_attachment
2026-02-20 13:20:22,PMV7499,email_attachment
2026-02-20 13:20:26,CHG2521,email_attachment
2026-02-20 13:21:00,WRQ6754,email_attachment
2026-02-20 13:21:50,UKN0534,email_attachment
2026-02-20 13:30:11,EBC4994,email_attachment
2026-02-20 13:33:20,GMQ7067,email_attachment
2026-02-20 13:33:33,ZZH3377,email_attachment
2026-02-20 13:41:05,MHX0037,external_upload
2026-02-20 13:47:10,MXS7118,email_attachment
2026-02-20 13:47:31,VNB1827,email_attachment
2026-02-20 13:49:57,VWK2440,email_attachment
2026-02-20 13:50:46,ZZH3377,email_attachment
2026-02-20 13:51:35,VMP1735,email_attachment
2026-02-20 14:11:38,CSB7056,external_upload
2026-02-20 15:13:22,GYP1903,email_attachment
2026-02-20 15:21:22,UPD2858,email_attachment
2026-02-20 16:09:51,XQB0711,email_attachment
2026-02-20 16:56:43,JNH9262,email_attachment
2026-02-20 17:06:27,GYF6442,external_upload
2026-02-20 17:27:34,MVK9589,email_attachment
2026-02-20 17:34:01,FGE5760,email_attachment
2026-02-20 18:13:06,HNP8722,email_attachment
2026-02-20 18:19:39,JEZ2409,email_attachment
2026-02-20 18:25:15,TLA8499,email_attachment
2026-02-21 09:00:48,ZZH3377,email_attachment
2026-02-21 09:04:44,GMQ7067,email_attachment
2026-02-21 09:23:11,GMQ7067,email_attachment
2026-02-21 09:29:04,GMQ7067,email_attachment
2026-02-21 09:35:10,ZZH3377,email_attachment
2026-02-21 09:51:16,GMQ7067,email_attachment
2026-02-21 09:55:42,SDV4997,email_attachment
2026-02-21 10:02:41,ZZH3377,email_attachment
2026-02-21 10:16:39,VXH2095,email_attachment
2026-02-21 10:18:43,GMQ7067,email_attachment
2026-02-21 10:33:03,WNK3585,email_attachment
2026-02-21 10:36:35,GMQ7067,email_attachment
2026-02-21 10:48:27,GMQ7067,email_attachment
2026-02-21 10:52:17,GMQ7067,email_attachment
2026-02-21 10:54:07,ZZH3377,email_attachment
2026-02-21 10:55:51,UKM1933,external_upload
2026-02-21 11:04:15,GMQ7067,email_attachment
2026-02-21 11:07:15,GMQ7067,email_attachment
2026-02-21 11:34:05,ZZH3377,email_attachment
2026-02-21 11:50:02,GMQ7067,email_attachment
2026-02-21 11:52:13,ZZH3377,email_attachment
2026-02-21 11:53:33,ZZH3377,email_attachment
2026-02-21 11:57:29,GMQ7067,email_attachment
2026-02-21 12:15:58,ZZH3377,email_attachment
2026-02-21 12:33:06,GMQ7067,email_attachment
2026-02-21 12:36:45,GMQ7067,email_attachment
2026-02-21 12:38:35,GMQ7067,email_attachment
2026-02-21 12:45:33,GMQ7067,email_attachment
2026-02-21 12:53:46,GMQ7067,email_attachment
2026-02-21 13:04:31,GMQ7067,email_attachment
2026-02-21 13:05:09,ZZH3377,email_attachment
2026-02-21 13:52:07,ZZH3377,email_attachment
2026-02-22 08:56:52,GMQ7067,email_attachment
2026-02-22 09:02:55,GMQ7067,email_attachment
2026-02-22 09:07:22,GMQ7067,email_attachment
2026-02-22 09:11:12,GMQ7067,email_attachment
2026-02-22 09:13:42,GMQ7067,email_attachment
2026-02-22 09:35:24,ZKA7775,external_upload
2026-02-22 09:49:28,GMQ7067,email_attachment
2026-02-22 10:15:24,ZZH3377,email_attachment
2026-02-22 10:19:32,ZZH3377,email_attachment
2026-02-22 10:25:13,ZZH3377,email_attachment
2026-02-22 10:26:09,GMQ7067,email_attachment
2026-02-22 10:39:49,GMQ7067,email_attachment
2026-02-22 10:54:51,ZZH3377,email_attachment
2026-02-22 10:59:05,GMQ7067,email_attachment
2026-02-22 11:36:32,GMQ7067,email_attachment
2026-02-22 11:38:52,ZZH3377,email_attachment
2026-02-22 12:02:26,ZZH3377,email_attachment
2026-02-22 12:07:17,GMQ7067,email_attachment
2026-02-22 12:12:23,HLG5262,email_attachment
2026-02-22 12:28:22,GMQ7067,email_attachment
2026-02-22 12:28:50,ZZH3377,email_attachment
2026-02-22 12:43:41,ZZH3377,email_attachment
2026-02-22 13:16:14,GMQ7067,email_attachment
2026-02-22 13:20:29,GMQ7067,email_attachment
2026-02-22 13:22:38,GMQ7067,email_attachment
2026-02-22 13:28:09,GMQ7067,email_attachment
2026-02-22 13:45:20,GMQ7067,email_attachment
2026-02-22 13:50:55,ZZH3377,email_attachment
2026-02-22 14:18:53,XDH2481,email_attachment
2026-02-22 14:25:18,ZZH3377,email_attachment
2026-02-23 06:22:14,BDD2486,email_attachment
2026-02-23 06:36:14,ZWY3357,email_attachment
2026-02-23 06:48:44,TBB1123,email_attachment
2026-02-23 07:13:17,WDF1317,email_attachment
2026-02-23 07:51:58,NCR2209,usb_connect
2026-02-23 08:27:45,DXZ1860,email_attachment
2026-02-23 08:38:35,WLX3952,email_attachment
2026-02-23 08:39:47,LCT5452,external_upload
2026-02-23 08:53:18,PBA7729,email_attachment
2026-02-23 09:02:18,AFK9429,email_attachment
2026-02-23 09:02:31,XXA2565,email_attachment
2026-02-23 09:11:08,YYD5558,external_upload
2026-02-23 09:15:02,VMF5653,email_attachment
2026-02-23 09:15:37,ZZR0672,email_attachment
2026-02-23 09:20:04,BMC3336,email_attachment
2026-02-23 09:22:21,AQH3623,email_attachment
2026-02-23 09:26:08,EYR9807,email_attachment
2026-02-23 09:26:45,CNT6452,email_attachment
2026-02-23 09:33:45,JVW7508,external_upload
2026-02-23 09:34:18,APN9200,email_attachment
2026-02-23 09:36:08,DVB7034,email_attachment
2026-02-23 09:37:19,WSP7770,email_attachment
2026-02-23 09:38:15,PZE6660,email_attachment
2026-02-23 09:39:38,NWJ3278,email_attachment
2026-02-23 09:41:43,XJA7836,email_attachment
2026-02-23 09:45:16,NRG1360,email_attachment
2026-02-23 09:45:41,CBQ4454,email_attachment
2026-02-23 09:47:08,TMF5870,email_attachment
2026-02-23 09:47:27,NME3935,email_attachment
2026-02-23 09:48:26,KTE8576,email_attachment
2026-02-23 09:48:36,TRT5910,email_attachment
2026-02-23 09:49:13,XRP2096,email_attachment
2026-02-23 09:52:09,NBE8069,email_attachment
2026-02-23 09:53:37,FBU1062,email_attachment
2026-02-23 09:54:35,ELX7360,email_attachment
2026-02-23 09:56:34,EQJ3213,email_attachment
2026-02-23 09:57:54,FAP2507,email_attachment
2026-02-23 09:58:33,EPR5162,email_attachment
2026-02-23 10:00:18,VZR3053,email_attachment
2026-02-23 10:01:08,CQY5588,email_attachment
2026-02-23 10:01:09,SUF2908,external_upload
2026-02-23 10:01:17,GCQ7162,email_attachment
2026-02-23 10:01:19,JYJ0485,email_attachment
2026-02-23 10:06:00,FCS6144,email_attachment
2026-02-23 10:06:28,MSV4399,email_attachment
2026-02-23 10:06:40,RVY6685,email_attachment
2026-02-23 10:15:27,PUD8038,email_attachment
2026-02-23 10:18:33,HFE3723,email_attachment
2026-02-23 10:18:53,CSB7056,email_attachment
2026-02-23 10:18:54,SRN5527,email_attachment
2026-02-23 10:19:55,VWK2421,email_attachment
2026-02-23 10:20:34,EHJ5183,email_attachment
2026-02-23 10:22:00,JNF8252,email_attachment
2026-02-23 10:27:37,VVL2346,email_attachment
2026-02-23 10:31:35,KAQ4260,external_upload
2026-02-23 10:32:49,SPR1414,email_attachment
2026-02-23 10:37:26,KZM4130,email_attachment
2026-02-23 10:40:31,UXD8068,email_attachment
2026-02-23 10:43:31,GGK8360,email_attachment
2026-02-23 10:46:05,AGK7687,email_attachment
2026-02-23 10:48:34,WRH3845,email_attachment
2026-02-23 10:49:31,VBX6372,email_attachment
2026-02-23 10:51:42,GEL8176,email_attachment
2026-02-23 10:52:51,WDL1835,email_attachment
2026-02-23 10:58:38,PEB4761,email_attachment
2026-02-23 11:03:10,MTX6608,email_attachment
2026-02-23 11:03:25,QUF3361,email_attachment
2026-02-23 11:04:57,RDZ6044,email_attachment
2026-02-23 11:05:44,TEZ5652,email_attachment
2026-02-23 11:09:25,EDM9899,usb_connect
2026-02-23 11:11:28,GXX9756,email_attachment
2026-02-23 11:11:46,FGX9186,email_attachment
2026-02-23 11:11:53,NEW0315,email_attachment
2026-02-23 11:19:46,AXC9012,external_upload
2026-02-23 11:25:22,XKJ6099,external_upload
2026-02-23 11:36:41,JSF4057,email_attachment
2026-02-23 11:38:06,YVK4363,email_attachment
2026-02-23 11:45:49,BBB2473,email_attachment
2026-02-23 11:48:21,PHD2134,email_attachment
2026-02-23 11:48:23,KBH1637,email_attachment
2026-02-23 11:48:45,WZM1211,email_attachment
2026-02-23 11:50:44,HQK3324,email_attachment
2026-02-23 11:52:57,UCZ1694,email_attachment
2026-02-23 11:54:30,YHC0501,email_attachment
2026-02-23 12:01:21,URQ0978,email_attachment
2026-02-23 12:01:30,EUG9459,email_attachment
2026-02-23 12:04:51,RQF4228,email_attachment
2026-02-23 12:08:05,ZZL0154,email_attachment
2026-02-23 12:14:21,MQW8479,email_attachment
2026-02-23 12:15:35,NQA4798,email_attachment
2026-02-23 12:22:59,GTK1590,email_attachment
2026-02-23 12:24:27,MRU1672,email_attachment
2026-02-23 12:27:05,FRV1809,email_attachment
2026-02-23 12:32:35,SBE6209,email_attachment
2026-02-23 12:35:15,GPW3461,email_attachment
2026-02-23 12:42:03,LMG0501,email_attachment
2026-02-23 12:43:45,SSY7885,email_attachment
2026-02-23 12:43:53,XEM8057,email_attachment
2026-02-23 12:44:06,PCP4778,email_attachment
2026-02-23 12:44:30,VLW8532,external_upload
2026-02-23 12:47:19,RXT9110,email_attachment
2026-02-23 12:48:11,MSQ4117,email_attachment
2026-02-23 12:51:45,XFS4277,email_attachment
2026-02-23 12:52:14,NNN1422,email_attachment
2026-02-23 12:53:23,YAW5851,email_attachment
2026-02-23 12:54:05,PJN1183,email_attachment
2026-02-23 12:55:30,MMX3144,email_attachment
2026-02-23 13:00:54,USY9492,external_upload
2026-02-23 13:01:34,UWV2909,email_attachment
2026-02-23 13:03:42,LDP4391,email_attachment
2026-02-23 13:14:24,TLX2731,email_attachment
2026-02-23 13:14:26,KRQ7567,email_attachment
2026-02-23 13:21:42,XYY3402,email_attachment
2026-02-23 13:22:34,SZU0525,email_attachment
2026-02-23 13:24:51,DUR0271,email_attachment
2026-02-23 13:25:18,GNJ4718,email_attachment
2026-02-23 13:32:41,CUA1783,email_attachment
2026-02-23 13:33:06,SXL0642,email_attachment
2026-02-23 13:34:28,NVR3124,email_attachment
2026-02-23 13:48:16,SGF3557,email_attachment
2026-02-23 14:23:22,DUC6242,email_attachment
2026-02-23 14:29:00,PRL8162,email_attachment
2026-02-23 15:06:14,BSA5255,email_attachment
2026-02-23 15:23:33,HUX0645,email_attachment
2026-02-23 15:51:52,GPM7681,email_attachment
2026-02-23 15:58:23,GCC9567,email_attachment
2026-02-23 16:38:40,NGY1374,email_attachment
2026-02-23 17:00:24,RLL7595,email_attachment
2026-02-23 17:01:02,KPY3791,email_attachment
2026-02-23 17:25:18,XSM9395,email_attachment
2026-02-23 17:30:24,MFJ0514,email_attachment
2026-02-23 18:03:04,NBP4754,email_attachment
2026-02-23 18:27:17,XQB0711,email_attachment
2026-02-23 18:28:36,RPU8492,email_attachment
2026-02-24 06:55:18,THR6236,email_attachment
2026-02-24 07:31:27,RBA1609,email_attachment
2026-02-24 07:45:12,GNR6761,email_attachment
2026-02-24 08:31:18,LNK6236,email_attachment
2026-02-24 08:36:46,VYZ7165,email_attachment
2026-02-24 08:57:09,VCS1161,email_attachment
2026-02-24 09:03:34,EAH0256,email_attachment
2026-02-24 09:06:37,SZG1462,email_attachment
2026-02-24 09:11:27,DRP1861,email_attachment
2026-02-24 09:14:40,WPL1436,email_attachment
2026-02-24 09:16:08,ZDB4042,external_upload
2026-02-24 09:18:42,WWD8147,email_attachment
2026-02-24 09:19:00,PXB5969,email_attachment
2026-02-24 09:19:33,RAE4533,email_attachment
2026-02-24 09:20:26,ALH8441,email_attachment
2026-02-24 09:22:21,PUH7781,email_attachment
2026-02-24 09:25:15,HZX9435,email_attachment
2026-02-24 09:32:39,RVG2870,email_attachment
2026-02-24 09:34:09,VJA7085,usb_connect
2026-02-24 09:35:46,QGN4889,email_attachment
2026-02-24 09:38:49,PDT8522,email_attachment
2026-02-24 09:40:56,PSZ0395,email_attachment
2026-02-24 09:41:28,TAS0828,email_attachment
2026-02-24 09:43:23,EDT4917,email_attachment
2026-02-24 09:48:51,NUK6400,email_attachment
2026-02-24 09:49:25,MSW7113,email_attachment
2026-02-24 09:50:40,BDZ4358,email_attachment
2026-02-24 09:52:09,FXW8392,email_attachment
2026-02-24 09:53:30,KYD1776,email_attachment
2026-02-24 09:57:22,GJF6121,email_attachment
2026-02-24 09:59:03,GKY7969,email_attachment
2026-02-24 10:01:26,EWE2142,email_attachment
2026-02-24 10:06:17,PUD8038,external_upload
2026-02-24 10:06:18,EDY8122,email_attachment
2026-02-24 10:06:43,ZGH0956,email_attachment
2026-02-24 10:08:46,APN9200,email_attachment
2026-02-24 10:08:50,TFA6797,email_attachment
2026-02-24 10:09:01,DGW0370,email_attachment
2026-02-24 10:12:42,HMS8171,email_attachment
2026-02-24 10:12:45,BJJ9883,email_attachment
2026-02-24 10:13:03,KVQ4352,email_attachment
2026-02-24 10:15:27,ADH6725,email_attachment
2026-02-24 10:17:27,RTM5796,email_attachment
2026-02-24 10:19:22,DSD1676,email_attachment
2026-02-24 10:25:27,AWP0070,email_attachment
2026-02-24 10:26:20,YPQ3900,email_attachment
2026-02-24 10:27:10,BUH4617,external_upload
2026-02-24 10:30:03,UUH8521,email_attachment
2026-02-24 10:34:29,ZKC8052,email_attachment
2026-02-24 10:36:39,SLJ5128,email_attachment
2026-02-24 10:36:40,UJH4817,external_upload
2026-02-24 10:41:56,DRU4946,email_attachment
2026-02-24 10:45:12,UJU1283,email_attachment
2026-02-24 10:45:36,JCT2106,email_attachment
2026-02-24 10:46:04,FDF0458,external_upload
2026-02-24 10:46:37,LSK8578,email_attachment
2026-02-24 10:46:39,EZT3212,email_attachment
2026-02-24 10:52:45,QTJ3272,email_attachment
2026-02-24 10:53:37,JSH7286,email_attachment
2026-02-24 10:54:05,SPL6107,email_attachment
2026-02-24 10:55:10,FHC5582,email_attachment
2026-02-24 10:56:24,TEZ5652,email_attachment
2026-02-24 10:59:06,BTP8472,external_upload
2026-02-24 10:59:21,FYA1434,email_attachment
2026-02-24 11:01:15,ZHK7052,email_attachment
2026-02-24 11:02:19,KVS9522,email_attachment
2026-02-24 11:12:24,AXF9093,email_attachment
2026-02-24 11:16:05,CQE8059,email_attachment
2026-02-24 11:17:14,SLU6811,email_attachment
2026-02-24 11:22:40,DDD2744,email_attachment
2026-02-24 11:24:24,NVE7583,email_attachment
2026-02-24 11:24:30,VJQ4915,email_attachment
2026-02-24 11:25:11,NFG5180,email_attachment
2026-02-24 11:25:20,ZLF7328,email_attachment
2026-02-24 11:26:05,AFH4934,email_attachment
2026-02-24 11:29:01,JWE8116,email_attachment
2026-02-24 11:35:41,JFR6002,email_attachment
2026-02-24 11:35:50,NZT5565,email_attachment
2026-02-24 11:38:33,WAH0322,email_attachment
2026-02-24 11:39:15,UNN4361,email_attachment
2026-02-24 11:41:56,MKS7553,email_attachment
2026-02-24 11:45:37,KLN6982,email_attachment
2026-02-24 11:47:44,VXK9645,email_attachment
2026-02-24 12:01:25,JKK8889,email_attachment
2026-02-24 12:02:08,EAY4106,external_upload
2026-02-24 12:02:27,WNE8020,email_attachment
2026-02-24 12:08:13,QTA6267,email_attachment
2026-02-24 12:09:43,PMD5808,email_attachment
2026-02-24 12:11:52,NDQ7160,email_attachment
2026-02-24 12:11:56,CUA1783,email_attachment
2026-02-24 12:13:47,CUR2946,email_attachment
2026-02-24 12:16:14,MKC9629,usb_connect
2026-02-24 12:17:16,EXP0252,email_attachment
2026-02-24 12:20:00,GZE8262,email_attachment
2026-02-24 12:22:18,GJK7367,email_attachment
2026-02-24 12:28:05,ATR3306,email_attachment
2026-02-24 12:28:38,TDT0042,email_attachment
2026-02-24 12:32:28,ACU9806,email_attachment
2026-02-24 12:35:29,DEM6967,email_attachment
2026-02-24 12:37:19,UEY0965,email_attachment
2026-02-24 12:37:22,XYA5835,email_attachment
2026-02-24 12:38:40,ZDB4042,email_attachment
2026-02-24 12:39:45,JWR6908,email_attachment
2026-02-24 12:44:45,UKD6455,email_attachment
2026-02-24 12:48:27,XYT8632,email_attachment
2026-02-24 12:48:45,NAV6136,email_attachment
2026-02-24 12:49:26,NTK2859,email_attachment
2026-02-24 12:52:55,VRA4171,email_attachment
2026-02-24 12:59:30,FYX5955,email_attachment
2026-02-24 13:00:56,XTF5743,email_attachment
2026-02-24 13:01:38,QMQ7100,email_attachment
2026-02-24 13:10:07,CBT5366,email_attachment
2026-02-24 13:15:52,JCZ9974,email_attachment
2026-02-24 13:17:40,ZYZ3045,email_attachment
2026-02-24 13:18:16,WNC6066,email_attachment
2026-02-24 13:30:16,YJF6358,email_attachment
2026-02-24 13:30:59,SHG8557,email_attachment
2026-02-24 13:31:39,RMA9672,email_attachment
2026-02-24 13:31:54,LWR1242,email_attachment
2026-02-24 13:32:20,VZR3053,email_attachment
2026-02-24 13:44:07,STE4877,email_attachment
2026-02-24 13:46:12,TLD8832,email_attachment
2026-02-24 13:47:15,AXC9012,email_attachment
2026-02-24 13:51:16,PAZ8627,email_attachment
2026-02-24 13:52:02,XJA0182,email_attachment
2026-02-24 13:53:15,SDV4997,email_attachment
2026-02-24 13:58:23,YDU0477,email_attachment
2026-02-24 14:02:36,RRJ2491,email_attachment
2026-02-24 14:24:25,NTA8758,email_attachment
2026-02-24 14:28:20,VLE2985,email_attachment
2026-02-24 14:50:20,RLL7595,email_attachment
2026-02-24 15:18:54,FVY5415,email_attachment
2026-02-24 15:26:20,LHN0841,email_attachment
2026-02-24 15:31:47,SHK7018,email_attachment
2026-02-24 15:32:32,REX4712,email_attachment
2026-02-24 16:39:16,GPM7681,email_attachment
2026-02-24 16:47:16,XSM9395,email_attachment
2026-02-24 17:45:47,NBP4754,email_attachment
2026-02-25 07:02:41,FPK2167,email_attachment
2026-02-25 07:37:04,LKB0400,email_attachment
2026-02-25 08:43:58,HNM5714,email_attachment
2026-02-25 08:55:18,MLC0444,email_attachment
2026-02-25 08:56:47,CBJ1209,email_attachment
2026-02-25 09:04:26,DZG9817,email_attachment
2026-02-25 09:10:14,EUG9459,email_attachment
2026-02-25 09:14:54,NRP9066,email_attachment
2026-02-25 09:19:37,KWA2081,email_attachment
2026-02-25 09:20:11,CUA1783,email_attachment
2026-02-25 09:28:05,EPE6804,email_attachment
2026-02-25 09:30:01,RAE4533,email_attachment
2026-02-25 09:39:31,TRW0306,email_attachment
2026-02-25 09:44:22,AGA7372,email_attachment
2026-02-25 09:45:11,GKW1903,email_attachment
2026-02-25 09:45:56,ZGH0956,email_attachment
2026-02-25 09:46:16,XHC8462,email_attachment
2026-02-25 09:48:37,KRH8286,email_attachment
2026-02-25 09:50:37,JWE8116,usb_connect
2026-02-25 09:50:53,XBN4913,email_attachment
2026-02-25 09:52:35,NHS9306,external_upload
2026-02-25 09:56:16,ERD3114,email_attachment
2026-02-25 09:56:53,GJS8114,email_attachment
2026-02-25 10:02:53,BDZ4358,email_attachment
2026-02-25 10:06:41,BGL9169,email_attachment
2026-02-25 10:08:31,AEY2241,email_attachment
2026-02-25 10:08:41,VPM8632,email_attachment
2026-02-25 10:09:41,DDH6028,email_attachment
2026-02-25 10:09:46,MSB2345,email_attachment
2026-02-25 10:12:42,CLG5170,external_upload
2026-02-25 10:13:26,BDD2486,email_attachment
2026-02-25 10:14:32,GTR6357,email_attachment
2026-02-25 10:16:18,CUQ6424,email_attachment
2026-02-25 10:20:30,QGK7077,usb_connect
2026-02-25 10:22:52,ZVM3947,email_attachment
2026-02-25 10:23:20,VFK7595,email_attachment
2026-02-25 10:24:09,ZLJ5960,email_attachment
2026-02-25 10:25:31,FWZ2671,email_attachment
2026-02-25 10:25:40,BMB4369,email_attachment
2026-02-25 10:28:24,MWN8039,email_attachment
2026-02-25 10:30:02,LNA6079,email_attachment
2026-02-25 10:32:58,JML7524,email_attachment
2026-02-25 10:35:44,TGT0988,email_attachment
2026-02-25 10:37:29,HQS6029,email_attachment
2026-02-25 10:38:43,KXE5201,email_attachment
2026-02-25 10:44:49,SZM2079,email_attachment
2026-02-25 10:46:11,TFF8582,email_attachment
2026-02-25 10:52:26,TEZ8512,email_attachment
2026-02-25 10:53:02,KCS1345,email_attachment
2026-02-25 10:58:55,TXG5620,email_attachment
2026-02-25 11:00:00,YDU0477,email_attachment
2026-02-25 11:00:17,FTC7060,email_attachment
2026-02-25 11:05:00,DHT9626,email_attachment
2026-02-25 11:06:35,WZD7435,external_upload
2026-02-25 11:13:23,GTJ3421,email_attachment
2026-02-25 11:15:08,JHY7276,email_attachment
2026-02-25 11:15:25,WSG6432,email_attachment
2026-02-25 11:15:27,RJF0501,email_attachment
2026-02-25 11:25:53,XAD7151,email_attachment
2026-02-25 11:29:54,ETF1221,email_attachment
2026-02-25 11:34:18,NGP1594,email_attachment
2026-02-25 11:35:55,DUJ3384,email_attachment
2026-02-25 11:48:32,CQN9864,email_attachment
2026-02-25 11:48:38,CBQ4454,email_attachment
2026-02-25 11:49:24,ASH2177,email_attachment
2026-02-25 11:50:13,LVS6177,email_attachment
2026-02-25 11:50:17,WBU4426,email_attachment
2026-02-25 11:55:31,JCZ9974,email_attachment
2026-02-25 11:57:44,RUU4323,email_attachment
2026-02-25 12:01:58,WYA6618,email_attachment
2026-02-25 12:04:56,KBH1637,email_attachment
2026-02-25 12:07:11,HDS8884,email_attachment
2026-02-25 12:09:23,YJC5459,email_attachment
2026-02-25 12:12:28,BZK1628,email_attachment
2026-02-25 12:14:01,KNL2118,email_attachment
2026-02-25 12:16:21,JWE8116,email_attachment
2026-02-25 12:16:53,PFG1051,email_attachment
2026-02-25 12:17:20,YSJ8697,email_attachment
2026-02-25 12:19:36,QER6959,email_attachment
2026-02-25 12:21:46,XYY3402,email_attachment
2026-02-25 12:23:24,XVX6602,email_attachment
2026-02-25 12:24:28,SSL4131,email_attachment
2026-02-25 12:24:48,LXG5367,email_attachment
2026-02-25 12:25:40,SLW4036,email_attachment
2026-02-25 12:27:02,BCL5970,email_attachment
2026-02-25 12:27:34,VBA9177,email_attachment
2026-02-25 12:33:29,VHZ9119,email_attachment
2026-02-25 12:41:51,WUN4947,email_attachment
2026-02-25 12:50:20,HNJ6294,email_attachment
2026-02-25 12:52:54,WQH4606,email_attachment
2026-02-25 12:53:29,APF7818,email_attachment
2026-02-25 12:53:57,DSD1676,email_attachment
2026-02-25 12:54:16,EHC8047,email_attachment
2026-02-25 12:56:52,ZDB2083,email_attachment
2026-02-25 12:59:42,ENH2152,email_attachment
2026-02-25 13:02:41,KLZ7303,email_attachment
2026-02-25 13:11:59,RHK5954,email_attachment
2026-02-25 13:15:32,GLN5250,email_attachment
2026-02-25 13:20:06,QER4766,email_attachment
2026-02-25 13:20:40,XWY4351,email_attachment
2026-02-25 13:22:15,YHC0501,email_attachment
2026-02-25 13:23:40,AGD8568,email_attachment
2026-02-25 13:25:05,SXL0642,email_attachment
2026-02-25 13:27:57,PWL2596,email_attachment
2026-02-25 13:34:05,NRG9357,email_attachment
2026-02-25 13:34:10,QGK7077,email_attachment
2026-02-25 13:57:32,VGT8508,email_attachment
2026-02-25 14:15:35,NVR3124,email_attachment
2026-02-25 14:42:09,BXQ0249,email_attachment
2026-02-25 14:46:47,GUE6869,external_upload
2026-02-25 15:07:43,CPS9069,email_attachment
2026-02-25 16:03:36,ERS0269,email_attachment
2026-02-25 18:38:45,RVW4189,email_attachment
2026-02-26 05:49:16,GCA3290,email_attachment
2026-02-26 06:13:32,PUD8038,email_attachment
2026-02-26 06:44:56,JEE2601,email_attachment
2026-02-26 07:57:12,KRB4673,email_attachment
2026-02-26 08:04:19,UWB6084,email_attachment
2026-02-26 08:07:45,EDQ2066,email_attachment
2026-02-26 08:45:11,MAN1556,email_attachment
2026-02-26 08:53:13,BGM2933,external_upload
2026-02-26 08:55:51,RNQ2109,email_attachment
2026-02-26 08:57:42,JKK8889,email_attachment
2026-02-26 09:09:19,MRE0291,email_attachment
2026-02-26 09:16:33,GXX9756,email_attachment
2026-02-26 09:22:17,CNY0484,email_attachment
2026-02-26 09:22:56,AZN7804,email_attachment
2026-02-26 09:24:27,SCD9494,email_attachment
2026-02-26 09:24:42,PEX4943,email_attachment
2026-02-26 09:25:08,CRP1610,email_attachment
2026-02-26 09:37:14,UTB8574,email_attachment
2026-02-26 09:39:41,TGV1198,email_attachment
2026-02-26 09:44:56,PFV1079,email_attachment
2026-02-26 09:46:11,DKN8106,email_attachment
2026-02-26 09:50:15,AFL5958,email_attachment
2026-02-26 09:50:58,WMZ5470,email_attachment
2026-02-26 09:58:37,SHS0097,email_attachment
2026-02-26 09:58:39,BYQ0055,email_attachment
2026-02-26 09:59:34,MEG7072,usb_connect
2026-02-26 10:00:15,USY9492,email_attachment
2026-02-26 10:02:27,TDT2911,email_attachment
2026-02-26 10:02:39,JGH7582,email_attachment
2026-02-26 10:04:26,LNA6079,email_attachment
2026-02-26 10:05:55,GNA5070,email_attachment
2026-02-26 10:13:15,JKQ2520,usb_connect
2026-02-26 10:13:20,ZQE5200,email_attachment
2026-02-26 10:19:17,RSX1179,usb_connect
2026-02-26 10:21:17,JRS7748,email_attachment
2026-02-26 10:22:12,DDV4022,email_attachment
2026-02-26 10:23:09,UJM1032,email_attachment
2026-02-26 10:25:54,AWR3646,email_attachment
2026-02-26 10:31:33,CPQ2082,email_attachment
2026-02-26 10:32:45,NZT5565,email_attachment
2026-02-26 10:33:39,KTY9334,email_attachment
2026-02-26 10:34:41,XBN4913,email_attachment
2026-02-26 10:41:36,MAL8528,email_attachment
2026-02-26 10:43:16,VZK5081,external_upload
2026-02-26 10:43:47,LGE7701,email_attachment
2026-02-26 10:51:00,CQE8059,email_attachment
2026-02-26 10:55:24,MLP3442,email_attachment
2026-02-26 10:56:48,TUG1929,email_attachment
2026-02-26 10:57:40,VGH6886,email_attachment
2026-02-26 10:58:20,MLP3442,external_upload
2026-02-26 11:01:01,FMJ5549,email_attachment
2026-02-26 11:01:29,KVG5688,email_attachment
2026-02-26 11:05:25,XVL5101,email_attachment
2026-02-26 11:06:06,PXN7264,email_attachment
2026-02-26 11:08:29,JYN2779,email_attachment
2026-02-26 11:13:15,XHX3127,email_attachment
2026-02-26 11:15:02,PGN9049,email_attachment
2026-02-26 11:26:00,UCN8228,email_attachment
2026-02-26 11:26:39,BWK1175,email_attachment
2026-02-26 11:29:26,RNP3279,external_upload
2026-02-26 11:33:15,BCL5970,email_attachment
2026-02-26 11:34:55,DUN8279,email_attachment
2026-02-26 11:35:32,XWA8738,email_attachment
2026-02-26 11:37:44,ECH8609,email_attachment
2026-02-26 11:43:55,GNJ4718,email_attachment
2026-02-26 11:48:15,LDC5457,email_attachment
2026-02-26 11:48:28,PVP1024,email_attachment
2026-02-26 11:53:05,JLN5393,email_attachment
2026-02-26 11:54:06,JTY5915,email_attachment
2026-02-26 11:54:20,TDW4991,email_attachment
2026-02-26 11:55:21,VXB2603,email_attachment
2026-02-26 12:00:12,RMU7060,email_attachment
2026-02-26 12:03:13,CFV6297,email_attachment
2026-02-26 12:06:26,VVR8997,email_attachment
2026-02-26 12:07:52,CNT6452,email_attachment
2026-02-26 12:07:54,GPW3461,email_attachment
2026-02-26 12:09:11,DZT3304,email_attachment
2026-02-26 12:09:19,ZFT8686,email_attachment
2026-02-26 12:19:57,KQK8927,email_attachment
2026-02-26 12:22:07,WYR6092,email_attachment
2026-02-26 12:24:44,MHX0037,email_attachment
2026-02-26 12:25:21,RPB6169,email_attachment
2026-02-26 12:28:49,JSV7667,email_attachment
2026-02-26 12:31:10,HQK3324,email_attachment
2026-02-26 12:31:57,SPK8158,email_attachment
2026-02-26 12:32:24,REY5228,email_attachment
2026-02-26 12:35:57,AYA0123,email_attachment
2026-02-26 12:38:12,QBT1738,email_attachment
2026-02-26 12:41:05,EBY6721,external_upload
2026-02-26 12:42:35,DRU4946,email_attachment
2026-02-26 12:51:07,XEF7192,email_attachment
2026-02-26 12:53:11,BTP8472,email_attachment
2026-02-26 12:55:12,PFM2070,external_upload
2026-02-26 12:56:22,KMY8772,email_attachment
2026-02-26 13:00:07,YWL9659,email_attachment
2026-02-26 13:03:06,NFE6544,email_attachment
2026-02-26 13:03:51,WLP6666,email_attachment
2026-02-26 13:07:10,FTT6242,email_attachment
2026-02-26 13:07:29,SFX9426,email_attachment
2026-02-26 13:09:52,NWE6943,email_attachment
2026-02-26 13:14:11,HTF8013,email_attachment
2026-02-26 13:17:22,REB6617,email_attachment
2026-02-26 13:18:14,WXM4397,email_attachment
2026-02-26 13:18:58,RWR4951,external_upload
2026-02-26 13:21:01,DDL7713,email_attachment
2026-02-26 13:26:32,XJR8615,email_attachment
2026-02-26 13:28:57,RZR1761,email_attachment
2026-02-26 13:37:53,VQH6167,email_attachment
2026-02-26 13:38:02,EWC1412,email_attachment
2026-02-26 13:40:03,DVB7286,external_upload
2026-02-26 13:40:25,QWE4909,email_attachment
2026-02-26 13:43:16,EXP0252,email_attachment
2026-02-26 13:48:45,DSR3222,email_attachment
2026-02-26 13:59:24,PQP1240,email_attachment
2026-02-26 14:01:03,UJY8631,external_upload
2026-02-26 14:08:43,ERS0269,email_attachment
2026-02-26 14:10:37,TVL8943,email_attachment
2026-02-26 14:33:59,WSM8984,email_attachment
2026-02-26 14:39:31,HFM4572,email_attachment
2026-02-26 15:07:48,JEZ2409,email_attachment
2026-02-26 15:28:35,TZZ2486,email_attachment
2026-02-26 17:02:59,GMK7177,email_attachment
2026-02-26 18:07:17,UMH6643,external_upload
2026-02-26 18:12:42,BUG4150,email_attachment
2026-02-27 06:42:58,RNS1506,email_attachment
2026-02-27 07:11:51,KGP8974,email_attachment
2026-02-27 07:12:07,MBF0954,email_attachment
2026-02-27 07:18:30,WDF1317,email_attachment
2026-02-27 07:37:13,TZA7171,email_attachment
2026-02-27 08:04:13,TSH1437,email_attachment
2026-02-27 08:26:29,YJG3414,email_attachment
2026-02-27 08:27:06,TNM5145,email_attachment
2026-02-27 08:32:35,HBP7240,email_attachment
2026-02-27 08:38:55,DZG9817,email_attachment
2026-02-27 08:45:44,MBR7933,email_attachment
2026-02-27 08:50:10,XMQ4841,external_upload
2026-02-27 09:07:04,LJQ0652,email_attachment
2026-02-27 09:08:48,JQS8684,email_attachment
2026-02-27 09:12:51,WZQ9342,email_attachment
2026-02-27 09:19:41,JHS3839,email_attachment
2026-02-27 09:28:38,GXL3526,email_attachment
2026-02-27 09:32:09,ZWY3357,external_upload
2026-02-27 09:32:17,ZUU9989,email_attachment
2026-02-27 09:33:28,GDC9972,email_attachment
2026-02-27 09:33:51,TEV0826,email_attachment
2026-02-27 09:38:18,ZRH2565,email_attachment
2026-02-27 09:39:15,XAA3696,email_attachment
2026-02-27 09:40:41,MAL8528,email_attachment
2026-02-27 09:47:14,PFM2070,email_attachment
2026-02-27 09:47:15,LEY4602,email_attachment
2026-02-27 09:53:58,LHA6122,email_attachment
2026-02-27 09:54:52,UQX0155,email_attachment
2026-02-27 09:58:20,AHW0731,email_attachment
2026-02-27 09:58:44,KRQ7567,email_attachment
2026-02-27 10:00:19,ZPC9799,email_attachment
2026-02-27 10:01:50,WZQ9342,email_attachment
2026-02-27 10:08:51,KRH8286,email_attachment
2026-02-27 10:09:19,CXD4649,email_attachment
2026-02-27 10:10:41,RWS1724,email_attachment
2026-02-27 10:17:41,EVC7489,email_attachment
2026-02-27 10:23:55,LWK9207,email_attachment
2026-02-27 10:25:01,WZQ9342,email_attachment
2026-02-27 10:31:16,HNM5714,email_attachment
2026-02-27 10:34:46,ZFA0404,email_attachment
2026-02-27 10:35:31,LRJ7325,email_attachment
2026-02-27 10:37:51,ZYE5732,email_attachment
2026-02-27 10:42:23,FHC5582,email_attachment
2026-02-27 10:42:42,UHY5838,email_attachment
2026-02-27 10:44:26,JGJ5272,email_attachment
2026-02-27 10:46:02,CRP1610,email_attachment
2026-02-27 10:47:43,QVG8689,email_attachment
2026-02-27 10:49:10,NLQ3506,email_attachment
2026-02-27 10:52:36,UAB1375,email_attachment
2026-02-27 10:54:37,ACU9294,email_attachment
2026-02-27 10:58:44,VRM4862,email_attachment
2026-02-27 10:59:11,SZK8704,email_attachment
2026-02-27 10:59:22,XAA1174,email_attachment
2026-02-27 11:06:44,NUY8872,email_attachment
2026-02-27 11:07:06,WZQ9342,email_attachment
2026-02-27 11:08:20,KTE8576,email_attachment
2026-02-27 11:08:38,KXG6499,email_attachment
2026-02-27 11:08:44,SQV6235,email_attachment
2026-02-27 11:11:19,TZF4164,email_attachment
2026-02-27 11:14:55,HNJ6294,email_attachment
2026-02-27 11:15:11,SRD1581,email_attachment
2026-02-27 11:19:19,GZE8262,email_attachment
2026-02-27 11:20:33,DYJ4158,email_attachment
2026-02-27 11:20:38,WZQ9342,email_attachment
2026-02-27 11:23:19,WZQ9342,email_attachment
2026-02-27 11:25:07,RRD0169,email_attachment
2026-02-27 11:25:12,RME1406,email_attachment
2026-02-27 11:26:25,WZQ9342,email_attachment
2026-02-27 11:29:07,CCS8327,email_attachment
2026-02-27 11:29:26,FKD3736,email_attachment
2026-02-27 11:31:21,JYU4145,email_attachment
2026-02-27 11:35:19,WZQ9342,email_attachment
2026-02-27 11:36:45,KUB8455,email_attachment
2026-02-27 11:37:20,HNV3692,email_attachment
2026-02-27 11:48:49,WZQ9342,email_attachment
2026-02-27 11:49:37,NGP1594,external_upload
2026-02-27 11:50:28,PKG2686,email_attachment
2026-02-27 11:52:53,GPW3461,email_attachment
2026-02-27 11:53:41,FYP3672,email_attachment
2026-02-27 11:54:33,EED0695,email_attachment
2026-02-27 11:55:35,EWF9587,email_attachment
2026-02-27 12:02:11,CNX4632,email_attachment
2026-02-27 12:02:57,WZQ9342,email_attachment
2026-02-27 12:03:02,FYW5995,email_attachment
2026-02-27 12:04:16,FYW9481,email_attachment
2026-02-27 12:04:42,VBA9177,email_attachment
2026-02-27 12:10:58,EFE0724,email_attachment
2026-02-27 12:13:01,KZM4130,email_attachment
2026-02-27 12:17:45,QCJ4335,email_attachment
2026-02-27 12:23:12,UYN3931,email_attachment
2026-02-27 12:24:51,GML1669,email_attachment
2026-02-27 12:26:06,WSH6100,email_attachment
2026-02-27 12:27:07,BYW2880,email_attachment
2026-02-27 12:28:05,ELX7360,email_attachment
2026-02-27 12:29:22,BQC9005,email_attachment
2026-02-27 12:29:38,XYT8632,email_attachment
2026-02-27 12:31:08,EWE2142,email_attachment
2026-02-27 12:31:15,LZM5214,external_upload
2026-02-27 12:33:56,WZQ9342,email_attachment
2026-02-27 12:34:56,QNL2706,email_attachment
2026-02-27 12:37:54,AEH6551,email_attachment
2026-02-27 12:38:45,ALH7224,email_attachment
2026-02-27 12:41:18,TZU4501,email_attachment
2026-02-27 12:42:08,WZQ9342,email_attachment
2026-02-27 12:42:55,DNZ5078,email_attachment
2026-02-27 12:44:10,VXP7389,email_attachment
2026-02-27 12:46:27,VVL2346,email_attachment
2026-02-27 12:46:43,WTA6371,email_attachment
2026-02-27 12:48:43,MJA3558,email_attachment
2026-02-27 12:50:39,BZS4586,external_upload
2026-02-27 12:50:51,BWK1175,email_attachment
2026-02-27 12:51:15,HAD1624,email_attachment
2026-02-27 13:03:00,YCY0882,email_attachment
2026-02-27 13:10:08,WZQ9342,email_attachment
2026-02-27 13:11:34,RNP3279,email_attachment
2026-02-27 13:12:02,LDC5457,email_attachment
2026-02-27 13:12:08,AQJ5799,email_attachment
2026-02-27 13:12:48,SPM1999,email_attachment
2026-02-27 13:13:57,DDN7438,email_attachment
2026-02-27 13:14:48,PXE9068,email_attachment
2026-02-27 13:15:05,WZM1211,email_attachment
2026-02-27 13:15:35,NCS6343,email_attachment
2026-02-27 13:16:10,WZQ9342,email_attachment
2026-02-27 13:16:32,QDS1979,email_attachment
2026-02-27 13:19:45,MDE9058,email_attachment
2026-02-27 13:23:04,KFM9718,external_upload
2026-02-27 13:25:06,UNZ9660,email_attachment
2026-02-27 13:29:09,MHA1657,email_attachment
2026-02-27 13:30:29,EKP0000,email_attachment
2026-02-27 13:37:23,WZQ9342,email_attachment
2026-02-27 13:37:51,UBP6054,email_attachment
2026-02-27 13:42:11,UDW8277,email_attachment
2026-02-27 13:54:08,YRT1492,email_attachment
2026-02-27 14:54:05,SHK7018,email_attachment
2026-02-27 15:06:42,LRF4337,email_attachment
2026-02-27 16:21:36,VMF3722,email_attachment
2026-02-27 16:30:29,XQB0711,email_attachment
2026-02-27 16:45:29,EER7836,external_upload
2026-02-27 16:57:38,MJK0021,email_attachment
2026-02-27 17:02:39,BCJ1051,email_attachment
2026-02-27 17:17:22,YHD5834,email_attachment
2026-02-27 18:08:28,HSH2400,email_attachment
2026-02-28 08:18:19,WUQ1004,email_attachment
2026-02-28 09:03:57,WZQ9342,email_attachment
2026-02-28 09:10:02,WZQ9342,email_attachment
2026-02-28 09:38:30,WZQ9342,email_attachment
2026-02-28 09:45:27,WZQ9342,email_attachment
2026-02-28 09:48:03,WZQ9342,email_attachment
2026-02-28 10:23:14,WZQ9342,email_attachment
2026-02-28 10:37:29,WZQ9342,email_attachment
2026-02-28 10:38:02,TES3512,email_attachment
2026-02-28 10:39:23,LKL1757,email_attachment
2026-02-28 10:58:40,WZQ9342,email_attachment
2026-02-28 11:00:31,WZQ9342,email_attachment
2026-02-28 11:15:27,JKQ2520,email_attachment
2026-02-28 11:19:55,BES5832,external_upload
2026-02-28 11:30:37,ECH8609,email_attachment
2026-02-28 11:52:44,ULK7678,usb_connect
2026-02-28 12:17:02,WZQ9342,email_attachment
2026-02-28 12:36:15,KRH8286,email_attachment
2026-02-28 12:41:15,WZQ9342,email_attachment
2026-02-28 12:52:16,WZQ9342,email_attachment
2026-02-28 13:07:13,WZQ9342,email_attachment
2026-02-28 13:12:29,WZQ9342,email_attachment
2026-02-28 13:52:12,WZQ9342,email_attachment
2026-02-28 18:11:19,SYH1622,email_attachment
2026-03-01 09:16:14,WZQ9342,email_attachment
2026-03-01 09:34:58,WZQ9342,email_attachment
2026-03-01 09:37:24,WZQ9342,email_attachment
2026-03-01 09:57:53,WZQ9342,email_attachment
2026-03-01 10:07:15,MMD8298,email_attachment
2026-03-01 10:15:53,WZQ9342,email_attachment
2026-03-01 10:31:56,WZQ9342,email_attachment
2026-03-01 10:33:17,WZQ9342,email_attachment
2026-03-01 10:41:04,WZQ9342,email_attachment
2026-03-01 11:00:23,WZQ9342,email_attachment
2026-03-01 11:01:29,WZQ9342,email_attachment
2026-03-01 11:13:03,SHE0377,email_attachment
2026-03-01 11:30:26,JDA6078,email_attachment
2026-03-01 11:38:46,WZQ9342,email_attachment
2026-03-01 11:40:07,WZQ9342,email_attachment
2026-03-01 12:03:34,PRH8587,email_attachment
2026-03-01 12:15:17,BZW2422,email_attachment
2026-03-01 12:58:04,WZQ9342,email_attachment
2026-03-01 13:22:06,YHZ7266,email_attachment
2026-03-01 13:44:51,WZQ9342,email_attachment
2026-03-01 13:57:57,WZQ9342,email_attachment
2026-03-01 14:03:33,WZQ9342,email_attachment
2026-03-02 07:52:50,PUD8038,email_attachment
2026-03-02 07:55:37,FXS1805,email_attachment
2026-03-02 08:05:57,LAB2540,email_attachment
2026-03-02 08:23:36,PBB8975,email_attachment
2026-03-02 08:34:46,TEZ8512,email_attachment
2026-03-02 08:41:00,SYZ4998,email_attachment
2026-03-02 08:45:22,PXB5969,email_attachment
2026-03-02 08:52:39,TBE1642,email_attachment
2026-03-02 09:02:21,YPQ3900,email_attachment
2026-03-02 09:04:34,WZQ9342,email_attachment
2026-03-02 09:05:18,WZQ9342,email_attachment
2026-03-02 09:05:47,WZQ9342,email_attachment
2026-03-02 09:05:55,WZQ9342,email_attachment
2026-03-02 09:15:14,TEZ5652,email_attachment
2026-03-02 09:17:58,UKE7449,email_attachment
2026-03-02 09:27:19,YYG6468,email_attachment
2026-03-02 09:29:09,BAS9086,email_attachment
2026-03-02 09:29:19,HWT1384,email_attachment
2026-03-02 09:31:06,JFW7402,email_attachment
2026-03-02 09:32:02,MAC3040,email_attachment
2026-03-02 09:32:50,HFU3666,email_attachment
2026-03-02 09:36:19,WZQ9342,email_attachment
2026-03-02 09:39:28,AFF2174,email_attachment
2026-03-02 09:40:21,CFV6297,email_attachment
2026-03-02 09:41:35,WKX4894,email_attachment
2026-03-02 09:44:44,CHE2136,email_attachment
2026-03-02 09:45:04,VXJ5240,email_attachment
2026-03-02 09:47:23,FVT5025,email_attachment
2026-03-02 09:49:26,DHT9626,external_upload
2026-03-02 09:52:13,AJR6231,email_attachment
2026-03-02 09:52:34,WZQ9342,email_attachment
2026-03-02 09:54:18,TDM1734,email_attachment
2026-03-02 09:55:39,WZQ9342,email_attachment
2026-03-02 09:56:53,WZQ9342,email_attachment
2026-03-02 09:57:06,XZE2186,email_attachment
2026-03-02 10:02:53,KZE3724,email_attachment
2026-03-02 10:03:34,RGF8001,email_attachment
2026-03-02 10:05:24,PMJ2575,email_attachment
2026-03-02 10:06:20,UDC1036,email_attachment
2026-03-02 10:07:00,XMV6673,email_attachment
2026-03-02 10:09:28,HQL2235,email_attachment
2026-03-02 10:12:23,WZQ9342,email_attachment
2026-03-02 10:15:40,WDF1317,email_attachment
2026-03-02 10:19:11,WPC3142,email_attachment
2026-03-02 10:21:14,WZQ9342,email_attachment
2026-03-02 10:22:02,GJJ8559,email_attachment
2026-03-02 10:27:17,HSU2212,email_attachment
2026-03-02 10:30:20,FBU1062,email_attachment
2026-03-02 10:33:01,GNL6288,email_attachment
2026-03-02 10:40:54,PSV3856,email_attachment
2026-03-02 10:42:37,TGT0988,email_attachment
2026-03-02 10:45:02,CNE5112,external_upload
2026-03-02 10:45:50,WZQ9342,email_attachment
2026-03-02 10:47:35,HMS8171,email_attachment
2026-03-02 10:48:22,QRS0130,email_attachment
2026-03-02 10:51:09,UTB8574,usb_connect
2026-03-02 10:52:19,KVF2705,email_attachment
2026-03-02 10:53:20,RZH8934,email_attachment
2026-03-02 10:54:37,ZLS6708,email_attachment
2026-03-02 10:57:07,WUQ4755,email_attachment
2026-03-02 10:57:11,JNV6999,email_attachment
2026-03-02 11:03:10,FYP3672,email_attachment
2026-03-02 11:05:47,ZLJ5960,email_attachment
2026-03-02 11:05:54,ZWY3357,email_attachment
2026-03-02 11:07:54,XEF7192,email_attachment
2026-03-02 11:10:26,XVD6009,email_attachment
2026-03-02 11:11:32,CCJ4180,email_attachment
2026-03-02 11:11:59,PFZ1171,email_attachment
2026-03-02 11:12:51,AAT6431,email_attachment
2026-03-02 11:18:26,KLZ7303,email_attachment
2026-03-02 11:18:58,HJL4782,email_attachment
2026-03-02 11:24:25,RWT7328,email_attachment
2026-03-02 11:25:38,SMG3942,email_attachment
2026-03-02 11:25:48,DZR5647,email_attachment
2026-03-02 11:27:09,SDH1198,email_attachment
2026-03-02 11:28:58,AEE1704,email_attachment
2026-03-02 11:31:49,PPN1181,email_attachment
2026-03-02 11:33:31,XYA5835,email_attachment
2026-03-02 11:37:16,MCX2638,email_attachment
2026-03-02 11:39:36,KVS9522,email_attachment
2026-03-02 11:42:24,VGH6886,email_attachment
2026-03-02 11:44:27,WZQ9342,email_attachment
2026-03-02 11:45:55,XHV9567,email_attachment
2026-03-02 11:48:02,WZQ9342,email_attachment
2026-03-02 11:48:47,RSX0455,email_attachment
2026-03-02 11:49:26,PHD2134,external_upload
2026-03-02 11:50:50,CDM9834,email_attachment
2026-03-02 11:52:02,BXW0831,email_attachment
2026-03-02 11:52:12,UNN4361,email_attachment
2026-03-02 11:52:25,CWG0826,email_attachment
2026-03-02 12:03:47,PZN2159,email_attachment
2026-03-02 12:06:52,GNL3436,email_attachment
2026-03-02 12:08:17,DRP1861,email_attachment
2026-03-02 12:14:02,ZMY6132,external_upload
2026-03-02 12:18:04,DXE2593,email_attachment
2026-03-02 12:18:57,SYR2719,email_attachment
2026-03-02 12:20:37,FUK9154,external_upload
2026-03-02 12:24:22,JQF3808,email_attachment
2026-03-02 12:24:36,HLH7567,email_attachment
2026-03-02 12:31:20,WZQ9342,email_attachment
2026-03-02 12:34:54,HLX3539,email_attachment
2026-03-02 12:35:06,JHS3839,external_upload
2026-03-02 12:36:58,WZQ9342,email_attachment
2026-03-02 12:38:45,PCP4778,email_attachment
2026-03-02 12:47:12,WZQ9342,email_attachment
2026-03-02 12:54:11,VVR8997,email_attachment
2026-03-02 13:00:49,QER4766,email_attachment
2026-03-02 13:01:51,RVJ4834,email_attachment
2026-03-02 13:02:36,WZQ9342,email_attachment
2026-03-02 13:04:54,JYN2779,email_attachment
2026-03-02 13:05:03,SSY7885,email_attachment
2026-03-02 13:07:33,NQD2465,email_attachment
2026-03-02 13:10:37,MPG6197,email_attachment
2026-03-02 13:13:15,MJL7606,external_upload
2026-03-02 13:17:18,FNB0006,email_attachment
2026-03-02 13:21:05,RAE4533,email_attachment
2026-03-02 13:23:58,SXN1549,email_attachment
2026-03-02 13:37:51,KYJ2437,email_attachment
2026-03-02 13:41:59,GCQ3102,email_attachment
2026-03-02 13:46:42,PGT7229,email_attachment
2026-03-02 13:49:11,KYD1776,email_attachment
2026-03-02 13:53:55,MLP4344,email_attachment
2026-03-02 14:00:42,REB6617,email_attachment
2026-03-02 14:07:08,RBT7287,email_attachment
2026-03-02 14:18:58,TZH9641,email_attachment
2026-03-02 14:29:57,BXU0879,email_attachment
2026-03-02 14:41:41,KGW8827,email_attachment
2026-03-02 15:15:43,JWF7936,email_attachment
2026-03-02 15:46:30,UWN1593,usb_connect
2026-03-02 17:22:38,LLZ7844,email_attachment
2026-03-02 17:53:16,PHE1554,email_attachment
2026-03-02 18:21:39,CEG0096,email_attachment
2026-03-02 18:46:44,GSN3813,external_upload
2026-03-02 18:54:21,FGE5760,email_attachment
2026-03-02 19:17:38,SXZ6117,email_attachment
2026-03-03 06:33:38,XSF2295,email_attachment
2026-03-03 06:42:17,TBB1123,usb_connect
2026-03-03 07:28:05,THA0831,email_attachment
2026-03-03 07:33:30,KXL3085,email_attachment
2026-03-03 07:43:18,ACU9294,external_upload
2026-03-03 07:51:18,TJL7396,email_attachment
2026-03-03 07:59:01,NCR2209,email_attachment
2026-03-03 08:14:02,CLG5170,email_attachment
2026-03-03 08:18:09,KDX8366,email_attachment
2026-03-03 08:26:49,QMF5236,external_upload
2026-03-03 08:34:11,CQY5588,email_attachment
2026-03-03 08:48:04,FGK1238,email_attachment
2026-03-03 08:50:48,FPH2619,email_attachment
2026-03-03 08:57:10,MAC3040,email_attachment
2026-03-03 08:58:11,DAS6696,email_attachment
2026-03-03 08:58:28,EWP1032,external_upload
2026-03-03 09:01:11,DBB2553,email_attachment
2026-03-03 09:16:58,ESW3216,email_attachment
2026-03-03 09:20:06,VHU4170,email_attachment
2026-03-03 09:20:32,WYK8060,email_attachment
2026-03-03 09:23:58,RNL4426,email_attachment
2026-03-03 09:26:10,PQW5115,email_attachment
2026-03-03 09:31:33,BRD9424,email_attachment
2026-03-03 09:32:46,WCZ3825,email_attachment
2026-03-03 09:34:35,NQV6990,email_attachment
2026-03-03 09:35:07,NQF1835,email_attachment
2026-03-03 09:35:28,DKK2039,external_upload
2026-03-03 09:37:27,KPF0729,email_attachment
2026-03-03 09:40:58,PHM0513,email_attachment
2026-03-03 09:45:15,CWG5462,email_attachment
2026-03-03 09:46:42,SPL6107,email_attachment
2026-03-03 09:48:42,WSN8487,email_attachment
2026-03-03 09:52:14,DAR0388,email_attachment
2026-03-03 09:53:17,VQW4357,email_attachment
2026-03-03 10:01:02,DKN8106,external_upload
2026-03-03 10:01:24,YYD5558,email_attachment
2026-03-03 10:02:07,UYN3931,email_attachment
2026-03-03 10:04:38,EFE0724,email_attachment
2026-03-03 10:09:49,UXU9375,email_attachment
2026-03-03 10:14:07,KKY5139,email_attachment
2026-03-03 10:16:56,SLC9182,email_attachment
2026-03-03 10:19:36,STE4877,email_attachment
2026-03-03 10:21:31,JNN7072,email_attachment
2026-03-03 10:23:22,VYB4200,email_attachment
2026-03-03 10:23:58,HKH3896,email_attachment
2026-03-03 10:24:45,TBZ5694,email_attachment
2026-03-03 10:24:52,MPG6197,email_attachment
2026-03-03 10:27:04,WNL8355,email_attachment
2026-03-03 10:27:37,FYX5955,email_attachment
2026-03-03 10:28:04,FRM0180,email_attachment
2026-03-03 10:28:19,ACU9806,email_attachment
2026-03-03 10:31:27,ZYZ3045,email_attachment
2026-03-03 10:31:28,GBN2847,email_attachment
2026-03-03 10:32:20,CEL7303,email_attachment
2026-03-03 10:34:54,KFM9312,email_attachment
2026-03-03 10:35:07,FHC5582,email_attachment
2026-03-03 10:36:07,PPN1181,email_attachment
2026-03-03 10:38:53,JCT2106,email_attachment
2026-03-03 10:42:03,PFM8725,email_attachment
2026-03-03 10:42:11,KYJ2437,email_attachment
2026-03-03 10:43:57,CDM9834,email_attachment
2026-03-03 10:45:27,AMQ0877,email_attachment
2026-03-03 10:46:24,HUD1777,email_attachment
2026-03-03 10:48:03,KVG5688,email_attachment
2026-03-03 10:49:14,XHC8462,usb_connect
2026-03-03 10:55:22,WVD6813,email_attachment
2026-03-03 10:57:48,ZHK7052,email_attachment
2026-03-03 11:07:03,CQW5666,email_attachment
2026-03-03 11:08:49,QGX1659,email_attachment
2026-03-03 11:14:01,PPH2089,email_attachment
2026-03-03 11:14:15,JAC2356,email_attachment
2026-03-03 11:15:20,PVA9116,email_attachment
2026-03-03 11:16:55,CPF7783,email_attachment
2026-03-03 11:19:17,QQP2991,email_attachment
2026-03-03 11:23:49,HMU0162,email_attachment
2026-03-03 11:24:46,VXH2095,email_attachment
2026-03-03 11:25:12,AWR3646,email_attachment
2026-03-03 11:31:07,TLX2731,email_attachment
2026-03-03 11:40:12,HLJ1034,email_attachment
2026-03-03 11:41:12,RHN7379,email_attachment
2026-03-03 11:41:49,GCD1014,email_attachment
2026-03-03 11:43:13,MMM0073,email_attachment
2026-03-03 11:50:15,EGC4448,email_attachment
2026-03-03 11:53:55,YJN2204,email_attachment
2026-03-03 11:54:26,EAY4106,email_attachment
2026-03-03 11:57:44,GAR8123,email_attachment
2026-03-03 12:02:27,NKZ6411,external_upload
2026-03-03 12:13:39,NYY0809,external_upload
2026-03-03 12:16:49,WHU1145,email_attachment
2026-03-03 12:18:43,QTM2961,email_attachment
2026-03-03 12:21:16,ZDX6609,email_attachment
2026-03-03 12:22:06,MAH8506,email_attachment
2026-03-03 12:22:47,EVA6243,email_attachment
2026-03-03 12:25:04,NQA4798,email_attachment
2026-03-03 12:25:34,ZPS7623,email_attachment
2026-03-03 12:27:26,DVP3588,email_attachment
2026-03-03 12:32:44,FKD3736,email_attachment
2026-03-03 12:33:05,PLD6480,email_attachment
2026-03-03 12:37:12,BDB1193,email_attachment
2026-03-03 12:43:20,GGZ2556,email_attachment
2026-03-03 12:49:10,FYQ9194,external_upload
2026-03-03 12:50:05,GJS8114,email_attachment
2026-03-03 12:50:25,KXE4588,external_upload
2026-03-03 12:51:42,SUP0820,email_attachment
2026-03-03 12:56:42,HXL1791,email_attachment
2026-03-03 12:57:30,JWR6908,email_attachment
2026-03-03 12:57:44,WVC7612,email_attachment
2026-03-03 12:57:54,VMP2757,email_attachment
2026-03-03 13:00:34,LBU3936,email_attachment
2026-03-03 13:07:53,WFZ8385,email_attachment
2026-03-03 13:09:41,VXK9645,email_attachment
2026-03-03 13:11:11,SHR2210,email_attachment
2026-03-03 13:11:51,BZA5306,email_attachment
2026-03-03 13:16:35,VVL2346,email_attachment
2026-03-03 13:17:40,XAD7151,email_attachment
2026-03-03 13:17:51,FET2735,email_attachment
2026-03-03 13:20:50,RSC5904,email_attachment
2026-03-03 13:23:46,CED7289,email_attachment
2026-03-03 13:28:23,DEC1796,email_attachment
2026-03-03 13:29:40,GLN5250,email_attachment
2026-03-03 13:32:22,MJM7888,email_attachment
2026-03-03 13:33:40,PUJ9838,email_attachment
2026-03-03 13:34:31,GPW3461,email_attachment
2026-03-03 13:36:09,VKV9371,email_attachment
2026-03-03 13:36:38,AKL6350,email_attachment
2026-03-03 13:48:31,RST2294,email_attachment
2026-03-03 13:53:34,MSQ4117,email_attachment
2026-03-03 13:54:16,FVY5415,email_attachment
2026-03-03 13:55:04,LCD7746,email_attachment
2026-03-03 13:56:00,VYM2689,email_attachment
2026-03-03 13:57:10,SPJ4788,email_attachment
2026-03-03 14:02:23,FUP1453,email_attachment
2026-03-03 14:07:28,UUZ0064,external_upload
2026-03-03 14:44:15,FAN1417,email_attachment
2026-03-03 14:59:38,VZP1732,usb_connect
2026-03-03 15:01:06,AQS2010,email_attachment
2026-03-03 15:25:19,BXQ0249,email_attachment
2026-03-03 15:47:44,EGE4292,email_attachment
2026-03-03 15:50:08,LWR8329,email_attachment
2026-03-03 16:22:56,KXD0078,email_attachment
2026-03-03 16:45:02,HFM4572,email_attachment
2026-03-03 17:56:42,ZZV3753,email_attachment
2026-03-04 06:14:11,JVL5883,email_attachment
2026-03-04 06:37:05,CYD2166,email_attachment
2026-03-04 06:52:25,CLG5170,email_attachment
2026-03-04 06:57:06,CZV3763,email_attachment
2026-03-04 07:27:39,PTV3708,email_attachment
2026-03-04 07:30:40,NYE4816,email_attachment
2026-03-04 07:38:02,KGP8974,email_attachment
2026-03-04 07:40:37,KDY7383,email_attachment
2026-03-04 08:30:48,JHS3839,email_attachment
2026-03-04 08:39:44,PJA2498,email_attachment
2026-03-04 08:40:59,NYU1092,email_attachment
2026-03-04 08:44:33,QGQ9398,external_upload
2026-03-04 08:53:40,LSK8578,email_attachment
2026-03-04 09:01:31,YSD3389,external_upload
2026-03-04 09:05:45,TEV0826,email_attachment
2026-03-04 09:08:41,QPJ2223,email_attachment
2026-03-04 09:09:54,RVL1733,email_attachment
2026-03-04 09:17:03,LKB0400,email_attachment
2026-03-04 09:17:48,SVP4915,email_attachment
2026-03-04 09:21:21,MTX6608,email_attachment
2026-03-04 09:22:34,LBZ7347,email_attachment
2026-03-04 09:24:17,JWR6908,email_attachment
2026-03-04 09:26:47,KYK2416,email_attachment
2026-03-04 09:33:29,GGK8360,external_upload
2026-03-04 09:34:20,MJM5790,email_attachment
2026-03-04 09:35:47,YSE5930,email_attachment
2026-03-04 09:38:26,HFU3666,email_attachment
2026-03-04 09:40:22,VMF5653,email_attachment
2026-03-04 09:40:45,FYQ9194,email_attachment
2026-03-04 09:53:53,GTD1289,email_attachment
2026-03-04 09:55:16,QBD5497,email_attachment
2026-03-04 09:56:01,WPG6278,email_attachment
2026-03-04 09:57:29,FRM0180,external_upload
2026-03-04 09:59:30,UJW2838,email_attachment
2026-03-04 10:03:07,SBZ8625,email_attachment
2026-03-04 10:08:49,VPM8632,email_attachment
2026-03-04 10:09:39,XVA6947,email_attachment
2026-03-04 10:12:44,CQE8059,email_attachment
2026-03-04 10:16:54,EXA3734,email_attachment
2026-03-04 10:20:45,WSP7770,email_attachment
2026-03-04 10:27:19,NUY8872,external_upload
2026-03-04 10:35:47,NRK0173,email_attachment
2026-03-04 10:36:42,PDG5421,email_attachment
2026-03-04 10:38:08,FYX5955,external_upload
2026-03-04 10:40:36,JNL8381,email_attachment
2026-03-04 10:42:15,PUH7781,email_attachment
2026-03-04 10:44:55,VEN8982,email_attachment
2026-03-04 10:45:43,VZR3053,email_attachment
2026-03-04 10:47:10,RWL2205,external_upload
2026-03-04 10:48:00,RDR1473,email_attachment
2026-03-04 10:48:42,UZH3465,email_attachment
2026-03-04 10:48:50,YEL9905,email_attachment
2026-03-04 10:49:47,PVW1705,email_attachment
2026-03-04 10:50:57,KTE8576,email_attachment
2026-03-04 10:51:18,VGP5643,email_attachment
2026-03-04 10:53:19,PHD2134,email_attachment
2026-03-04 10:55:54,JLQ4852,external_upload
2026-03-04 10:56:33,FYA1434,email_attachment
2026-03-04 10:58:32,WLN4398,email_attachment
2026-03-04 11:00:56,MKC9629,email_attachment
2026-03-04 11:02:15,LML9355,email_attachment
2026-03-04 11:02:31,LNF8692,email_attachment
2026-03-04 11:03:49,AET4214,email_attachment
2026-03-04 11:06:15,TQL9765,email_attachment
2026-03-04 11:07:34,CPF7783,email_attachment
2026-03-04 11:11:36,HRZ7452,email_attachment
2026-03-04 11:12:50,WYG9423,email_attachment
2026-03-04 11:13:07,ZWD7442,email_attachment
2026-03-04 11:20:58,FYU3751,external_upload
2026-03-04 11:21:59,UNF6010,email_attachment
2026-03-04 11:22:15,HAW4590,email_attachment
2026-03-04 11:24:38,XMY1520,email_attachment
2026-03-04 11:38:37,BCL5970,email_attachment
2026-03-04 11:41:42,SLC9182,email_attachment
2026-03-04 11:44:56,NHK5243,external_upload
2026-03-04 11:45:02,QZZ7745,email_attachment
2026-03-04 11:45:19,JKQ2520,email_attachment
2026-03-04 11:46:10,SDV4997,email_attachment
2026-03-04 12:03:05,UZX2476,email_attachment
2026-03-04 12:03:34,WAT3736,usb_connect
2026-03-04 12:03:43,GRZ7341,email_attachment
2026-03-04 12:03:57,XAA3696,email_attachment
2026-03-04 12:11:07,LBX7990,email_attachment
2026-03-04 12:18:44,NWU4142,email_attachment
2026-03-04 12:19:26,JTY5915,email_attachment
2026-03-04 12:22:10,BZW2422,email_attachment
2026-03-04 12:24:01,QGN4889,email_attachment
2026-03-04 12:25:45,TDT0042,email_attachment
2026-03-04 12:27:14,VYM2689,email_attachment
2026-03-04 12:28:10,XHX3127,email_attachment
2026-03-04 12:28:41,HWZ1536,email_attachment
2026-03-04 12:30:51,TKR9198,email_attachment
2026-03-04 12:31:15,JLW9735,email_attachment
2026-03-04 12:32:08,UDC1036,email_attachment
2026-03-04 12:32:46,EWT2292,email_attachment
2026-03-04 12:32:46,KAN7127,email_attachment
2026-03-04 12:33:08,WZU7591,email_attachment
2026-03-04 12:39:26,ZRH2565,external_upload
2026-03-04 12:39:44,QHP7767,email_attachment
2026-03-04 12:43:41,MLP3442,email_attachment
2026-03-04 12:49:55,APP7090,email_attachment
2026-03-04 12:50:04,YJP1704,email_attachment
2026-03-04 12:53:06,ALJ0624,email_attachment
2026-03-04 12:54:58,ELY1202,email_attachment
2026-03-04 12:56:26,NCF3260,email_attachment
2026-03-04 12:56:39,GDQ4471,email_attachment
2026-03-04 12:58:12,ZZW5618,email_attachment
2026-03-04 12:58:58,ZKZ0318,email_attachment
2026-03-04 13:00:45,LXX1956,email_attachment
2026-03-04 13:04:13,BJJ9883,email_attachment
2026-03-04 13:08:05,FAQ1887,email_attachment
2026-03-04 13:09:48,FVA0221,email_attachment
2026-03-04 13:10:45,CUR2946,email_attachment
2026-03-04 13:11:26,RCT0485,email_attachment
2026-03-04 13:16:29,NAP8909,email_attachment
2026-03-04 13:17:17,XRX7622,email_attachment
2026-03-04 13:19:14,JZV6139,email_attachment
2026-03-04 13:20:34,MUE9125,email_attachment
2026-03-04 13:21:34,TGT0988,email_attachment
2026-03-04 13:23:03,ZHC1108,email_attachment
2026-03-04 13:23:17,VUH9541,email_attachment
2026-03-04 13:25:21,RJE7048,email_attachment
2026-03-04 13:25:23,SVV6625,email_attachment
2026-03-04 13:30:23,XTB8409,external_upload
2026-03-04 13:37:48,LRJ0183,email_attachment
2026-03-04 13:38:48,YSE5930,external_upload
2026-03-04 13:52:43,JMS2741,email_attachment
2026-03-04 13:55:31,CVD5263,email_attachment
2026-03-04 14:05:03,WYA6618,email_attachment
2026-03-04 14:07:07,ZSN0830,email_attachment
2026-03-04 14:10:04,GYE0667,email_attachment
2026-03-04 14:23:57,DGL2730,email_attachment
2026-03-04 15:05:20,EZH0707,external_upload
2026-03-04 15:14:56,BQV4296,email_attachment
2026-03-04 15:38:20,VUU1814,email_attachment
2026-03-04 15:53:21,RZU1592,email_attachment
2026-03-04 16:15:16,KPQ0052,email_attachment
2026-03-04 17:16:46,VWP2492,email_attachment
2026-03-04 17:22:41,CNL4143,email_attachment
2026-03-04 17:40:38,FGE5760,email_attachment
2026-03-04 17:59:16,AUD9365,email_attachment
2026-03-04 18:22:08,SHK7018,email_attachment
2026-03-05 06:08:49,FKJ0479,email_attachment
2026-03-05 06:24:59,JKQ9983,email_attachment
2026-03-05 07:21:20,ZLQ1264,email_attachment
2026-03-05 07:27:41,USB2186,external_upload
2026-03-05 07:50:53,FPK2167,email_attachment
2026-03-05 08:19:11,LCU3989,email_attachment
2026-03-05 08:21:45,ESB5979,email_attachment
2026-03-05 08:38:42,DEM6096,email_attachment
2026-03-05 08:39:25,NHC4657,email_attachment
2026-03-05 08:42:54,NUM6882,email_attachment
2026-03-05 08:44:46,FVG4733,email_attachment
2026-03-05 08:48:31,JSS6150,email_attachment
2026-03-05 08:58:17,XNY7975,email_attachment
2026-03-05 09:00:05,CQR0703,email_attachment
2026-03-05 09:00:52,BNP5840,email_attachment
2026-03-05 09:00:58,LBX7990,email_attachment
2026-03-05 09:04:13,DKN8106,email_attachment
2026-03-05 09:06:48,XDY0096,email_attachment
2026-03-05 09:07:51,QTM2961,email_attachment
2026-03-05 09:12:25,DZS5070,email_attachment
2026-03-05 09:14:23,SNY9928,email_attachment
2026-03-05 09:26:19,FVX0860,email_attachment
2026-03-05 09:26:21,DVD2507,email_attachment
2026-03-05 09:26:52,AHU1712,email_attachment
2026-03-05 09:28:19,XWA8738,email_attachment
2026-03-05 09:33:48,GMA8519,email_attachment
2026-03-05 09:34:03,TNQ7412,email_attachment
2026-03-05 09:35:59,JVW7508,email_attachment
2026-03-05 09:40:34,QCU6852,email_attachment
2026-03-05 09:44:09,YJJ7053,email_attachment
2026-03-05 09:44:29,XCE3705,email_attachment
2026-03-05 09:45:17,EBY6721,email_attachment
2026-03-05 10:01:28,RSQ5606,email_attachment
2026-03-05 10:06:27,MQW8479,email_attachment
2026-03-05 10:10:38,ADL7522,email_attachment
2026-03-05 10:14:33,BDZ4358,email_attachment
2026-03-05 10:16:12,JNN7072,email_attachment
2026-03-05 10:18:51,RCW3682,external_upload
2026-03-05 10:19:15,YTW4996,email_attachment
2026-03-05 10:28:44,XRY2967,email_attachment
2026-03-05 10:34:55,SRD9645,email_attachment
2026-03-05 10:39:39,WZU7591,email_attachment
2026-03-05 10:42:26,NXT0050,email_attachment
2026-03-05 10:42:36,CGF9960,email_attachment
2026-03-05 10:50:11,CVD5263,email_attachment
2026-03-05 10:54:36,GHQ3847,email_attachment
2026-03-05 10:58:50,XTF5743,usb_connect
2026-03-05 11:01:49,BXJ9998,email_attachment
2026-03-05 11:03:46,MEP0762,email_attachment
2026-03-05 11:04:35,WVD6813,email_attachment
2026-03-05 11:05:43,DUR0271,email_attachment
2026-03-05 11:06:59,LXZ8609,email_attachment
2026-03-05 11:08:05,DHG3808,email_attachment
2026-03-05 11:11:15,WFK1303,external_upload
2026-03-05 11:17:42,ZMX3445,email_attachment
2026-03-05 11:17:47,MGR2928,email_attachment
2026-03-05 11:18:35,DUC6242,email_attachment
2026-03-05 11:18:56,WZJ4162,email_attachment
2026-03-05 11:19:30,DXE2593,external_upload
2026-03-05 11:23:44,TAG0290,email_attachment
2026-03-05 11:26:32,HJV4248,email_attachment
2026-03-05 11:28:02,FXH7307,email_attachment
2026-03-05 11:38:02,ZZW5618,email_attachment
2026-03-05 11:42:27,KHW3426,email_attachment
2026-03-05 11:48:01,HLA5869,external_upload
2026-03-05 11:52:42,NAV6136,external_upload
2026-03-05 11:53:25,WGH9186,email_attachment
2026-03-05 11:54:02,RAT3363,email_attachment
2026-03-05 11:58:33,WSM8984,email_attachment
2026-03-05 12:00:34,XJU4690,external_upload
2026-03-05 12:03:42,NWU4142,email_attachment
2026-03-05 12:08:07,LVJ1007,email_attachment
2026-03-05 12:09:05,JEV3007,email_attachment
2026-03-05 12:09:49,DKK2039,email_attachment
2026-03-05 12:13:25,NES9078,email_attachment
2026-03-05 12:20:43,RTM5796,external_upload
2026-03-05 12:20:56,DRQ4774,email_attachment
2026-03-05 12:23:32,LFR9724,email_attachment
2026-03-05 12:26:10,XHC8462,email_attachment
2026-03-05 12:33:50,LRJ7325,email_attachment
2026-03-05 12:38:20,CJS2105,email_attachment
2026-03-05 12:38:47,MQW8479,external_upload
2026-03-05 12:40:37,CBK5478,email_attachment
2026-03-05 12:41:14,TQX9577,email_attachment
2026-03-05 12:42:10,PBR8005,external_upload
2026-03-05 12:45:08,DZG4068,email_attachment
2026-03-05 12:45:55,EFT3587,email_attachment
2026-03-05 12:47:07,XZK3155,email_attachment
2026-03-05 12:51:11,WRH5562,external_upload
2026-03-05 12:54:42,EFE0724,email_attachment
2026-03-05 12:55:27,JMM1620,usb_connect
2026-03-05 12:59:22,WKX4894,email_attachment
2026-03-05 13:00:08,GDJ5184,email_attachment
2026-03-05 13:00:10,DPN5279,email_attachment
2026-03-05 13:03:58,ELX7360,email_attachment
2026-03-05 13:07:31,GPW3461,email_attachment
2026-03-05 13:23:01,BMB4369,email_attachment
2026-03-05 13:24:29,FRW3182,email_attachment
2026-03-05 13:25:02,WFJ4177,email_attachment
2026-03-05 13:30:38,JGK6296,email_attachment
2026-03-05 13:33:57,THU9054,email_attachment
2026-03-05 13:34:45,BCA8693,email_attachment
2026-03-05 13:53:07,QAQ9676,email_attachment
2026-03-05 13:57:25,QGK7077,email_attachment
2026-03-05 14:03:26,QER4766,email_attachment
2026-03-05 14:06:59,EBC4994,email_attachment
2026-03-05 14:19:57,YHD5834,email_attachment
2026-03-05 14:27:56,HYU2698,email_attachment
2026-03-05 14:37:19,UUQ7472,email_attachment
2026-03-05 14:49:14,PSS7319,email_attachment
2026-03-05 15:26:14,TDJ7685,email_attachment
2026-03-05 15:38:57,XQB0711,email_attachment
2026-03-05 15:42:09,XVM0970,email_attachment
2026-03-05 15:45:36,NQN2890,email_attachment
2026-03-05 16:29:18,CLW3536,email_attachment
2026-03-05 16:48:31,FAN1417,email_attachment
2026-03-05 16:55:04,PNX1881,email_attachment
2026-03-05 17:23:56,EZH0707,external_upload
2026-03-05 17:38:37,THK0416,email_attachment
2026-03-05 19:26:31,VZP1732,email_attachment
2026-03-06 06:42:15,PYE1356,email_attachment
2026-03-06 06:49:37,FKJ0479,external_upload
2026-03-06 06:58:21,UUU7336,email_attachment
2026-03-06 07:44:37,TJL6481,usb_connect
2026-03-06 08:15:24,HVB3260,email_attachment
2026-03-06 08:36:41,TBB1123,usb_connect
2026-03-06 08:40:54,TNQ7412,email_attachment
2026-03-06 08:58:20,RBA1609,email_attachment
2026-03-06 09:03:00,QGN4889,email_attachment
2026-03-06 09:07:36,UKB0428,email_attachment
2026-03-06 09:12:05,WUN4947,email_attachment
2026-03-06 09:15:31,HFU3666,usb_connect
2026-03-06 09:21:23,NZS3709,email_attachment
2026-03-06 09:23:54,XWB0313,email_attachment
2026-03-06 09:26:37,PKG2686,email_attachment
2026-03-06 09:31:10,JKC0234,email_attachment
2026-03-06 09:33:40,JMS2741,email_attachment
2026-03-06 09:37:25,NFE6544,email_attachment
2026-03-06 09:41:04,EGN8911,email_attachment
2026-03-06 09:43:07,UZE6671,email_attachment
2026-03-06 09:43:12,JVL5883,email_attachment
2026-03-06 09:44:15,DYQ2940,email_attachment
2026-03-06 09:46:05,TXQ6972,external_upload
2026-03-06 09:49:44,PED6057,email_attachment
2026-03-06 09:54:31,YPQ3900,email_attachment
2026-03-06 09:56:25,XPG0614,email_attachment
2026-03-06 09:57:56,UUK6210,external_upload
2026-03-06 09:58:24,PEX4943,usb_connect
2026-03-06 10:00:45,NJV8196,external_upload
2026-03-06 10:01:24,VRA4171,email_attachment
2026-03-06 10:05:55,GZE8262,email_attachment
2026-03-06 10:06:27,HMM0573,email_attachment
2026-03-06 10:14:24,AMG2238,email_attachment
2026-03-06 10:20:59,TLX2731,email_attachment
2026-03-06 10:23:23,EEE0834,email_attachment
2026-03-06 10:24:04,PYR2813,email_attachment
2026-03-06 10:24:53,XCS2082,email_attachment
2026-03-06 10:26:27,PVA9116,email_attachment
2026-03-06 10:32:24,JAS9456,email_attachment
2026-03-06 10:36:11,KSM1848,external_upload
2026-03-06 10:37:30,PSL2732,email_attachment
2026-03-06 10:39:57,LKY2027,email_attachment
2026-03-06 10:40:12,RXJ5397,email_attachment
2026-03-06 10:41:01,JQP1045,email_attachment
2026-03-06 10:42:32,XNQ7534,email_attachment
2026-03-06 10:45:56,KDK7913,external_upload
2026-03-06 10:46:24,DDZ9005,email_attachment
2026-03-06 10:54:34,SGQ6755,external_upload
2026-03-06 10:57:06,MSJ4788,email_attachment
2026-03-06 10:57:54,ZFP4052,email_attachment
2026-03-06 11:00:32,JCZ9974,email_attachment
2026-03-06 11:02:48,XXK4064,email_attachment
2026-03-06 11:04:41,XAA1174,email_attachment
2026-03-06 11:05:00,UUX8159,email_attachment
2026-03-06 11:12:32,SVG0207,email_attachment
2026-03-06 11:15:18,YSA9883,email_attachment
2026-03-06 11:16:33,XQJ3258,email_attachment
2026-03-06 11:23:52,EJM7562,email_attachment
2026-03-06 11:38:34,FRD5529,email_attachment
2026-03-06 11:39:55,TCY5836,email_attachment
2026-03-06 11:43:27,LUW6194,email_attachment
2026-03-06 11:44:31,MHA1657,email_attachment
2026-03-06 11:46:40,EJW8504,email_attachment
2026-03-06 11:55:20,PWL2596,email_attachment
2026-03-06 11:57:50,BUX6794,email_attachment
2026-03-06 12:00:02,UUH8521,email_attachment
2026-03-06 12:00:47,AYF3784,email_attachment
2026-03-06 12:01:54,FVC2640,email_attachment
2026-03-06 12:02:54,SEA8756,email_attachment
2026-03-06 12:06:50,MXP4447,email_attachment
2026-03-06 12:07:13,AFL5958,email_attachment
2026-03-06 12:08:59,CFK9105,email_attachment
2026-03-06 12:11:58,JFW7402,email_attachment
2026-03-06 12:12:47,TQL9765,email_attachment
2026-03-06 12:13:14,DNS6392,email_attachment
2026-03-06 12:14:08,QUW9085,email_attachment
2026-03-06 12:15:28,SYR2719,email_attachment
2026-03-06 12:17:13,DJM4868,email_attachment
2026-03-06 12:17:29,BYR0357,email_attachment
2026-03-06 12:18:18,QDR5644,email_attachment
2026-03-06 12:19:45,ZKU3851,email_attachment
2026-03-06 12:20:25,CLM1185,email_attachment
2026-03-06 12:27:19,DKK2039,email_attachment
2026-03-06 12:29:48,PXE9068,email_attachment
2026-03-06 12:33:59,AJF5839,email_attachment
2026-03-06 12:40:26,BZA5306,email_attachment
2026-03-06 12:45:54,WPG6278,external_upload
2026-03-06 12:46:59,RSD1634,email_attachment
2026-03-06 12:48:22,TEZ5652,email_attachment
2026-03-06 12:53:04,FKD9447,email_attachment
2026-03-06 12:59:25,VHZ9119,email_attachment
2026-03-06 13:04:18,ZJG4527,email_attachment
2026-03-06 13:07:06,ZEX4754,email_attachment
2026-03-06 13:07:52,PCP4778,email_attachment
2026-03-06 13:08:21,URQ8735,email_attachment
2026-03-06 13:17:56,ENG6450,email_attachment
2026-03-06 13:32:11,ZMT9493,email_attachment
2026-03-06 13:37:20,SXT6195,email_attachment
2026-03-06 13:40:21,XLU2700,email_attachment
2026-03-06 13:42:31,RBT7287,email_attachment
2026-03-06 13:46:18,ZKC0776,external_upload
2026-03-06 13:57:45,LML9355,email_attachment
2026-03-06 13:58:08,DTC1360,email_attachment
2026-03-06 14:01:33,BXJ9998,email_attachment
2026-03-06 14:07:44,XZW8899,email_attachment
2026-03-06 14:53:55,EGE4292,email_attachment
2026-03-06 14:57:18,KPB4149,email_attachment
2026-03-06 15:42:59,JBR9641,email_attachment
2026-03-06 17:04:15,BZV5058,email_attachment
2026-03-06 17:33:42,PSS7319,email_attachment
2026-03-07 09:39:05,TAG0290,email_attachment
2026-03-07 10:22:37,WSK1631,email_attachment
2026-03-07 10:58:05,EWF9587,email_attachment
2026-03-07 11:21:51,LWY2367,email_attachment
2026-03-07 12:13:33,RLA1209,email_attachment
2026-03-07 12:22:08,WLT1936,email_attachment
2026-03-08 06:52:56,WUQ1004,email_attachment
2026-03-08 08:55:07,MFB4161,email_attachment
2026-03-08 10:16:16,MFB4161,email_attachment
2026-03-08 10:19:02,MFB4161,email_attachment
2026-03-08 10:24:59,MFB4161,email_attachment
2026-03-08 11:04:33,MFB4161,email_attachment
2026-03-08 11:16:50,SMF2572,email_attachment
2026-03-08 12:16:30,FRD7881,email_attachment
2026-03-08 13:07:53,MFB4161,email_attachment
2026-03-08 16:37:15,AWX0001,email_attachment
2026-03-09 06:20:27,CLG5170,email_attachment
2026-03-09 06:45:41,TJL6481,email_attachment
2026-03-09 07:26:57,WFC6275,email_attachment
2026-03-09 07:38:39,PYE1356,email_attachment
2026-03-09 07:52:59,PBB8975,email_attachment
2026-03-09 07:57:04,NER9488,email_attachment
2026-03-09 08:42:25,LFZ8894,email_attachment
2026-03-09 08:56:37,MFB4161,email_attachment
2026-03-09 09:14:50,MSL0168,email_attachment
2026-03-09 09:14:55,LXN8835,email_attachment
2026-03-09 09:16:51,RNL4426,email_attachment
2026-03-09 09:21:16,AQJ5799,email_attachment
2026-03-09 09:25:25,VBA9177,email_attachment
2026-03-09 09:25:57,AHL0182,email_attachment
2026-03-09 09:32:25,HQY0328,email_attachment
2026-03-09 09:32:37,SGQ6755,email_attachment
2026-03-09 09:33:21,PSL2732,email_attachment
2026-03-09 09:35:23,JQP1045,email_attachment
2026-03-09 09:35:27,MFB4161,email_attachment
2026-03-09 09:37:46,BKT2605,email_attachment
2026-03-09 09:39:38,HNM5714,email_attachment
2026-03-09 09:42:07,NCD0177,email_attachment
2026-03-09 09:45:50,SPC4371,email_attachment
2026-03-09 09:47:27,DRV9684,email_attachment
2026-03-09 09:48:03,PMT8929,external_upload
2026-03-09 09:53:57,SWS4507,email_attachment
2026-03-09 09:57:24,PUJ9838,email_attachment
2026-03-09 09:58:30,EUM2584,email_attachment
2026-03-09 09:58:53,EDB1809,email_attachment
2026-03-09 10:02:16,MSQ4117,email_attachment
2026-03-09 10:02:24,FAM1900,email_attachment
2026-03-09 10:03:27,KZL0169,email_attachment
2026-03-09 10:04:58,NCF3260,email_attachment
2026-03-09 10:07:48,NYU1092,email_attachment
2026-03-09 10:09:14,CNX4632,email_attachment
2026-03-09 10:20:56,CQY5588,email_attachment
2026-03-09 10:21:15,ZEQ5713,email_attachment
2026-03-09 10:22:40,XMZ1293,external_upload
2026-03-09 10:23:30,VKT8106,email_attachment
2026-03-09 10:27:44,XEY1384,usb_connect
2026-03-09 10:27:49,ZEX4754,email_attachment
2026-03-09 10:27:59,UWT0424,email_attachment
2026-03-09 10:28:49,WVD6813,email_attachment
2026-03-09 10:37:17,MFB4161,email_attachment
2026-03-09 10:40:34,EKS3015,email_attachment
2026-03-09 10:41:09,WMQ7096,email_attachment
2026-03-09 10:42:02,MFB4161,email_attachment
2026-03-09 10:43:28,DNS6392,email_attachment
2026-03-09 10:44:36,MKC9629,usb_connect
2026-03-09 10:48:16,ABX8155,email_attachment
2026-03-09 10:52:45,QWE4909,external_upload
2026-03-09 10:52:55,GGZ2556,email_attachment
2026-03-09 10:56:18,XVA6947,email_attachment
2026-03-09 10:57:18,GTS1980,email_attachment
2026-03-09 11:03:47,FMC2914,email_attachment
2026-03-09 11:05:18,JCN9287,email_attachment
2026-03-09 11:08:52,NUM6882,email_attachment
2026-03-09 11:18:54,NHA3655,email_attachment
2026-03-09 11:20:45,WGH7459,email_attachment
2026-03-09 11:21:35,SLW4036,usb_connect
2026-03-09 11:22:09,VDX6246,external_upload
2026-03-09 11:24:29,EJM7562,email_attachment
2026-03-09 11:25:22,WLP6666,usb_connect
2026-03-09 11:31:23,AJF5839,email_attachment
2026-03-09 11:36:20,FVC2640,email_attachment
2026-03-09 11:39:10,DLZ6510,email_attachment
2026-03-09 11:41:27,NQF1835,email_attachment
2026-03-09 11:45:10,ZVM3947,email_attachment
2026-03-09 11:47:21,XZZ4821,email_attachment
2026-03-09 11:47:27,HLH7567,email_attachment
2026-03-09 11:49:50,MFB4161,email_attachment
2026-03-09 11:52:10,EFT3587,email_attachment
2026-03-09 11:54:29,QWV1502,email_attachment
2026-03-09 11:56:24,SHR2210,email_attachment
2026-03-09 11:56:27,MFB4161,email_attachment
2026-03-09 12:02:12,MFB4161,email_attachment
2026-03-09 12:04:53,RTA4105,email_attachment
2026-03-09 12:05:18,LBX7990,email_attachment
2026-03-09 12:11:49,KEQ0032,email_attachment
2026-03-09 12:16:16,ZXZ5897,email_attachment
2026-03-09 12:19:26,NTF4227,email_attachment
2026-03-09 12:22:14,HJV4248,email_attachment
2026-03-09 12:23:55,DTY9614,email_attachment
2026-03-09 12:25:04,KUH9424,email_attachment
2026-03-09 12:31:08,FFU2880,email_attachment
2026-03-09 12:32:01,LCB1568,email_attachment
2026-03-09 12:34:16,JFW4707,email_attachment
2026-03-09 12:35:30,DDN7438,email_attachment
2026-03-09 12:44:14,TRG3333,email_attachment
2026-03-09 12:46:26,FUK6375,email_attachment
2026-03-09 12:52:27,BZC7950,email_attachment
2026-03-09 12:56:26,MNL3521,email_attachment
2026-03-09 12:58:11,WSQ7704,email_attachment
2026-03-09 12:58:38,DPG4644,email_attachment
2026-03-09 13:10:22,DDZ9005,email_attachment
2026-03-09 13:10:59,QTV5992,email_attachment
2026-03-09 13:16:42,RAT3363,email_attachment
2026-03-09 13:17:17,CDW9992,email_attachment
2026-03-09 13:27:52,AUN2227,email_attachment
2026-03-09 13:28:01,GDQ4471,email_attachment
2026-03-09 13:35:31,XZY6637,email_attachment
2026-03-09 13:40:22,FVG6519,email_attachment
2026-03-09 13:40:51,JGS3000,email_attachment
2026-03-09 13:53:07,LCT4451,email_attachment
2026-03-09 14:09:00,MXS7118,email_attachment
2026-03-09 14:13:53,HHD9083,email_attachment
2026-03-09 14:17:36,MQE0556,email_attachment
2026-03-09 14:23:43,MFJ0514,email_attachment
2026-03-09 14:27:54,SZF0602,email_attachment
2026-03-09 14:53:42,CNL4143,email_attachment
2026-03-09 15:10:43,FKH0396,email_attachment
2026-03-09 15:11:00,LHN0841,email_attachment
2026-03-09 15:34:44,HYL3094,email_attachment
2026-03-09 16:06:46,BEM7786,email_attachment
2026-03-09 16:07:30,TZZ2486,email_attachment
2026-03-09 16:19:36,MYB1326,email_attachment
2026-03-09 16:56:49,NQZ4801,email_attachment
2026-03-09 17:47:15,VUU1814,email_attachment
2026-03-09 17:56:19,JSQ3890,external_upload
2026-03-09 18:50:40,EZH0707,email_attachment
2026-03-10 06:47:00,CHB9042,email_attachment
2026-03-10 07:10:55,KPJ6277,email_attachment
2026-03-10 07:34:10,QJG3172,email_attachment
2026-03-10 07:34:45,VZH0138,email_attachment
2026-03-10 07:35:17,FYT5150,email_attachment
2026-03-10 07:41:15,GUH6255,email_attachment
2026-03-10 07:57:32,KMQ0179,external_upload
2026-03-10 08:22:42,TJL6481,email_attachment
2026-03-10 08:58:46,PBN7758,email_attachment
2026-03-10 09:06:49,TUH6119,email_attachment
2026-03-10 09:11:37,MFB4161,email_attachment
2026-03-10 09:24:42,LXN4389,email_attachment
2026-03-10 09:25:18,SVP4915,email_attachment
2026-03-10 09:25:56,KLP0024,email_attachment
2026-03-10 09:27:10,MVX7320,email_attachment
2026-03-10 09:31:14,TDL5657,email_attachment
2026-03-10 09:32:57,ZPV1141,email_attachment
2026-03-10 09:34:12,DCS2764,email_attachment
2026-03-10 09:34:48,AAA0409,email_attachment
2026-03-10 09:37:38,ZUV4197,email_attachment
2026-03-10 09:40:56,FAP2507,email_attachment
2026-03-10 09:43:30,SFX9426,email_attachment
2026-03-10 09:44:51,NRK0173,email_attachment
2026-03-10 09:47:03,MFB4161,email_attachment
2026-03-10 09:49:02,QMM7832,email_attachment
2026-03-10 09:52:27,DAZ1017,email_attachment
2026-03-10 09:53:44,PCP4778,email_attachment
2026-03-10 09:54:41,PPN1181,email_attachment
2026-03-10 09:55:39,APP7090,email_attachment
2026-03-10 09:55:42,MFB4161,email_attachment
2026-03-10 09:55:54,DUC6242,email_attachment
2026-03-10 09:58:07,PXB5969,usb_connect
2026-03-10 09:58:12,XLK1677,email_attachment
2026-03-10 10:00:21,USB2186,external_upload
2026-03-10 10:00:47,KHQ4432,external_upload
2026-03-10 10:02:47,EBR6957,email_attachment
2026-03-10 10:03:59,BES5832,email_attachment
2026-03-10 10:04:16,ENQ5809,email_attachment
2026-03-10 10:04:47,AJR6231,external_upload
2026-03-10 10:05:04,VTP8919,external_upload
2026-03-10 10:05:50,HNT2630,email_attachment
2026-03-10 10:05:51,KPF0729,email_attachment
2026-03-10 10:06:01,VPJ9971,email_attachment
2026-03-10 10:08:00,NTU7090,email_attachment
2026-03-10 10:08:25,AZG7274,external_upload
2026-03-10 10:09:21,CUK8266,email_attachment
2026-03-10 10:19:40,YYC2668,email_attachment
2026-03-10 10:22:10,WLX3952,email_attachment
2026-03-10 10:24:38,FRW3182,email_attachment
2026-03-10 10:27:13,MLK3460,email_attachment
2026-03-10 10:30:14,YXP0912,external_upload
2026-03-10 10:35:11,TBZ5694,email_attachment
2026-03-10 10:41:46,DTW2539,email_attachment
2026-03-10 10:41:53,YSX2928,external_upload
2026-03-10 10:42:49,MWN8039,external_upload
2026-03-10 10:45:11,QDX0204,external_upload
2026-03-10 10:50:09,NKZ6411,external_upload
2026-03-10 10:50:16,JAS9456,email_attachment
2026-03-10 10:50:28,GCD1014,email_attachment
2026-03-10 10:52:00,FGU4691,email_attachment
2026-03-10 10:54:32,WEP3010,email_attachment
2026-03-10 10:54:57,MLP4344,email_attachment
2026-03-10 10:59:18,AHU1712,email_attachment
2026-03-10 11:01:07,AMG2238,email_attachment
2026-03-10 11:07:51,ZYS0684,email_attachment
2026-03-10 11:08:13,YEL9905,email_attachment
2026-03-10 11:10:49,WYA6618,email_attachment
2026-03-10 11:11:58,BPS9189,email_attachment
2026-03-10 11:15:08,LDP4391,email_attachment
2026-03-10 11:17:01,QWV1502,email_attachment
2026-03-10 11:17:41,KSJ5231,email_attachment
2026-03-10 11:26:52,WPL1436,email_attachment
2026-03-10 11:29:13,UMZ2829,email_attachment
2026-03-10 11:34:11,WSG6432,email_attachment
2026-03-10 11:34:11,MTX6608,email_attachment
2026-03-10 11:37:47,MFB4161,email_attachment
2026-03-10 11:40:54,CHG2521,email_attachment
2026-03-10 11:41:18,WSH6100,email_attachment
2026-03-10 11:42:30,KSM1848,email_attachment
2026-03-10 11:45:00,BGL9169,email_attachment
2026-03-10 11:45:10,ALH8441,email_attachment
2026-03-10 11:47:45,NCU9337,external_upload
2026-03-10 11:47:48,BCA1450,email_attachment
2026-03-10 11:48:40,HRA1811,email_attachment
2026-03-10 11:48:49,MCE2511,email_attachment
2026-03-10 11:49:26,PSQ4717,email_attachment
2026-03-10 12:02:35,BDN6520,email_attachment
2026-03-10 12:03:43,EDU0037,email_attachment
2026-03-10 12:13:04,FGK1238,external_upload
2026-03-10 12:14:37,YTT3725,external_upload
2026-03-10 12:16:12,MFB4161,email_attachment
2026-03-10 12:20:29,SEA8756,email_attachment
2026-03-10 12:20:47,JUP3771,email_attachment
2026-03-10 12:20:57,XRY2967,email_attachment
2026-03-10 12:22:12,ZSD2941,external_upload
2026-03-10 12:22:35,SGQ6755,email_attachment
2026-03-10 12:28:42,VQZ9758,external_upload
2026-03-10 12:30:00,HQD9108,email_attachment
2026-03-10 12:30:28,HTF8013,email_attachment
2026-03-10 12:31:06,LJF1648,email_attachment
2026-03-10 12:32:15,FWS7950,email_attachment
2026-03-10 12:33:39,EDT4917,email_attachment
2026-03-10 12:37:22,SNN2223,email_attachment
2026-03-10 12:37:45,BSW8923,email_attachment
2026-03-10 12:47:29,MFB4161,email_attachment
2026-03-10 12:48:24,ERD6257,email_attachment
2026-03-10 12:48:50,NES9078,usb_connect
2026-03-10 12:48:55,PQV1878,email_attachment
2026-03-10 12:52:15,LCU3989,email_attachment
2026-03-10 12:57:38,UBP6054,email_attachment
2026-03-10 12:58:23,VGH6886,email_attachment
2026-03-10 13:02:16,DQV6521,email_attachment
2026-03-10 13:02:28,GMF3145,email_attachment
2026-03-10 13:02:40,MDE9058,email_attachment
2026-03-10 13:05:00,MFB4161,email_attachment
2026-03-10 13:07:05,DDN7438,email_attachment
2026-03-10 13:14:11,WWW6722,email_attachment
2026-03-10 13:18:33,YCY0882,email_attachment
2026-03-10 13:21:45,YZD2818,email_attachment
2026-03-10 13:22:11,QEU7845,email_attachment
2026-03-10 13:22:35,QLT1421,email_attachment
2026-03-10 13:24:12,WHU1145,email_attachment
2026-03-10 13:28:14,VQM6871,external_upload
2026-03-10 13:35:36,KSS9566,email_attachment
2026-03-10 13:50:37,GTK1590,email_attachment
2026-03-10 13:55:10,LMF2492,email_attachment
2026-03-10 13:57:54,CXD4649,email_attachment
2026-03-10 14:04:43,BKB9111,email_attachment
2026-03-10 14:10:42,FNE3605,email_attachment
2026-03-10 14:16:55,VFA6765,email_attachment
2026-03-10 14:19:15,YGW2220,email_attachment
2026-03-10 14:23:35,JLW9735,email_attachment
2026-03-10 14:33:57,AAD3954,external_upload
2026-03-10 14:34:01,RLJ7278,email_attachment
2026-03-10 14:55:08,CLW3536,email_attachment
2026-03-10 15:32:49,ESG8664,email_attachment
2026-03-10 16:06:48,AVA4350,email_attachment
2026-03-10 16:14:16,UPD2858,email_attachment
2026-03-10 16:43:37,TDJ7685,email_attachment
2026-03-10 17:03:03,PPM0735,email_attachment
2026-03-10 17:50:45,BYG9198,external_upload
2026-03-10 18:53:44,ZPL4646,email_attachment
2026-03-11 06:42:02,XKJ4542,email_attachment
2026-03-11 06:44:10,URW1882,external_upload
2026-03-11 07:25:47,YEG4420,email_attachment
2026-03-11 07:38:31,USB2186,email_attachment
2026-03-11 07:56:08,BBH7509,email_attachment
2026-03-11 08:03:10,CDJ5646,email_attachment
2026-03-11 08:17:20,MSQ8629,email_attachment
2026-03-11 08:25:59,XFK4688,usb_connect
2026-03-11 08:34:41,FXM5258,email_attachment
2026-03-11 08:36:36,HZX9435,email_attachment
2026-03-11 08:45:46,TJL7396,email_attachment
2026-03-11 08:53:37,ALS8032,email_attachment
2026-03-11 08:54:29,JWK4353,email_attachment
2026-03-11 08:57:02,EMZ5921,email_attachment
2026-03-11 09:02:33,MFB4161,email_attachment
2026-03-11 09:11:38,MFB4161,email_attachment
2026-03-11 09:14:30,SNN2223,email_attachment
2026-03-11 09:17:40,KQF9279,email_attachment
2026-03-11 09:19:19,NQD2465,email_attachment
2026-03-11 09:28:30,WMZ5470,email_attachment
2026-03-11 09:28:49,KLP0024,email_attachment
2026-03-11 09:37:56,WSN8487,email_attachment
2026-03-11 09:39:56,SXT6195,email_attachment
2026-03-11 09:42:16,MFB4161,email_attachment
2026-03-11 09:44:40,AXY2263,email_attachment
2026-03-11 09:47:20,ZAN7200,email_attachment
2026-03-11 09:48:14,TES3512,email_attachment
2026-03-11 09:50:52,MFB4161,email_attachment
2026-03-11 09:53:01,CPJ0831,email_attachment
2026-03-11 09:54:04,SSL4131,external_upload
2026-03-11 09:57:55,JCN9287,email_attachment
2026-03-11 09:58:08,AFL5958,email_attachment
2026-03-11 10:04:15,GDV3443,external_upload
2026-03-11 10:05:48,WYA6618,email_attachment
2026-03-11 10:06:45,ADV1511,email_attachment
2026-03-11 10:14:56,LZT1886,email_attachment
2026-03-11 10:14:58,EAE5559,email_attachment
2026-03-11 10:16:07,JUU7757,email_attachment
2026-03-11 10:16:24,JUX6921,email_attachment
2026-03-11 10:20:41,EDW0551,email_attachment
2026-03-11 10:21:52,TLD8832,external_upload
2026-03-11 10:23:38,MCD6857,email_attachment
2026-03-11 10:25:29,TUH6119,email_attachment
2026-03-11 10:26:23,VMM6896,email_attachment
2026-03-11 10:30:54,DEC1796,email_attachment
2026-03-11 10:31:45,LRJ7325,email_attachment
2026-03-11 10:34:23,SPL6107,email_attachment
2026-03-11 10:36:51,HTM0498,email_attachment
2026-03-11 10:37:40,WHU1145,email_attachment
2026-03-11 10:38:26,DPG4644,email_attachment
2026-03-11 10:44:29,QCU6852,email_attachment
2026-03-11 10:47:27,PAZ8627,email_attachment
2026-03-11 10:48:02,WWW6722,email_attachment
2026-03-11 10:54:45,XWA8738,email_attachment
2026-03-11 11:05:56,WKX4894,email_attachment
2026-03-11 11:10:01,VQK5549,email_attachment
2026-03-11 11:12:57,YUQ8189,external_upload
2026-03-11 11:14:26,MFB4161,email_attachment
2026-03-11 11:17:26,PSV1353,email_attachment
2026-03-11 11:18:54,HLJ1034,email_attachment
2026-03-11 11:19:42,QDT9172,email_attachment
2026-03-11 11:26:40,XYA5835,email_attachment
2026-03-11 11:26:57,MKS7553,email_attachment
2026-03-11 11:29:37,DHT9626,email_attachment
2026-03-11 11:29:44,DYJ4158,email_attachment
2026-03-11 11:33:00,QMR8609,email_attachment
2026-03-11 11:33:48,BPD2991,email_attachment
2026-03-11 11:39:25,FHJ7859,email_attachment
2026-03-11 11:40:40,VNT8293,email_attachment
2026-03-11 11:41:16,DBL8711,email_attachment
2026-03-11 11:43:38,MCM4583,email_attachment
2026-03-11 11:43:43,JKK8889,email_attachment
2026-03-11 11:46:15,BDZ4358,email_attachment
2026-03-11 11:46:55,VQH6167,email_attachment
2026-03-11 11:48:10,DVM0465,email_attachment
2026-03-11 11:48:39,XFD6884,email_attachment
2026-03-11 11:50:10,GTD1289,email_attachment
2026-03-11 11:50:18,BBB2473,email_attachment
2026-03-11 11:53:39,MFB4161,email_attachment
2026-03-11 12:03:42,YWL9659,email_attachment
2026-03-11 12:06:09,VYM2689,email_attachment
2026-03-11 12:07:52,TPW6281,email_attachment
2026-03-11 12:09:02,RLL0589,usb_connect
2026-03-11 12:11:46,ALC5255,email_attachment
2026-03-11 12:12:47,HKB7050,email_attachment
2026-03-11 12:15:03,UFV5252,email_attachment
2026-03-11 12:15:51,SYG1392,email_attachment
2026-03-11 12:16:41,CPV6745,email_attachment
2026-03-11 12:17:59,CUA1783,email_attachment
2026-03-11 12:19:44,NZT5565,email_attachment
2026-03-11 12:28:49,QPA7343,email_attachment
2026-03-11 12:32:27,HAB6562,usb_connect
2026-03-11 12:39:17,FHC5582,email_attachment
2026-03-11 12:39:24,MMV4490,email_attachment
2026-03-11 12:41:34,WQQ3666,email_attachment
2026-03-11 12:46:41,VXV7234,email_attachment
2026-03-11 12:48:47,VKE4599,email_attachment
2026-03-11 13:00:00,XPA8625,external_upload
2026-03-11 13:00:29,FKD3736,email_attachment
2026-03-11 13:01:50,BQV8037,email_attachment
2026-03-11 13:04:22,RCD1239,email_attachment
2026-03-11 13:13:46,PCP4778,email_attachment
2026-03-11 13:17:24,WZD7435,email_attachment
2026-03-11 13:18:24,LQT4211,email_attachment
2026-03-11 13:21:55,MFB4161,email_attachment
2026-03-11 13:24:51,KZS8027,email_attachment
2026-03-11 13:28:20,GUW5758,email_attachment
2026-03-11 13:29:23,FVR9858,email_attachment
2026-03-11 13:41:06,BLE1166,email_attachment
2026-03-11 13:46:25,JLV8586,email_attachment
2026-03-11 14:12:43,EMY0546,email_attachment
2026-03-11 14:21:54,CNL4143,email_attachment
2026-03-11 15:18:36,SXZ6117,email_attachment
2026-03-11 15:28:01,PHE1554,email_attachment
2026-03-11 15:49:10,KGW8827,email_attachment
2026-03-11 16:00:21,NGY1374,email_attachment
2026-03-11 16:43:31,MFJ0514,email_attachment
2026-03-11 16:50:26,UMH6643,email_attachment
2026-03-11 17:32:35,FDC3057,email_attachment
2026-03-11 17:50:09,HFM4572,email_attachment
2026-03-11 17:56:25,BQV4296,email_attachment
2026-03-11 18:36:19,BEM7786,email_attachment
2026-03-11 18:38:48,FGE5760,email_attachment
2026-03-12 06:06:37,RBA1609,email_attachment
2026-03-12 06:41:59,SWH7097,email_attachment
2026-03-12 07:03:48,JVL5883,email_attachment
2026-03-12 07:42:00,GNR6761,email_attachment
2026-03-12 07:50:19,CZV3763,email_attachment
2026-03-12 08:24:16,CME8175,external_upload
2026-03-12 08:36:23,QJY3577,email_attachment
2026-03-12 08:39:17,NYU1092,email_attachment
2026-03-12 08:44:22,JAT3224,email_attachment
2026-03-12 08:45:22,QAG3461,email_attachment
2026-03-12 08:45:54,YWJ6443,email_attachment
2026-03-12 08:51:53,EYU6957,email_attachment
2026-03-12 08:52:21,WQH4606,email_attachment
2026-03-12 08:52:51,GXX9756,external_upload
2026-03-12 08:56:11,XPM0847,email_attachment
2026-03-12 08:58:35,USB2186,email_attachment
2026-03-12 08:58:50,AER2755,email_attachment
2026-03-12 08:59:46,MFB4161,email_attachment
2026-03-12 09:05:24,FUC3570,email_attachment
2026-03-12 09:11:11,JJM7250,email_attachment
2026-03-12 09:12:18,WGT5862,email_attachment
2026-03-12 09:13:44,MTX6608,email_attachment
2026-03-12 09:14:18,HDT4060,email_attachment
2026-03-12 09:14:19,AFM6655,email_attachment
2026-03-12 09:19:34,QCU6852,email_attachment
2026-03-12 09:22:23,GTZ0192,email_attachment
2026-03-12 09:23:50,XSB1345,email_attachment
2026-03-12 09:26:04,CFM9613,email_attachment
2026-03-12 09:31:47,FZE5041,email_attachment
2026-03-12 09:34:59,FYG5704,email_attachment
2026-03-12 09:35:30,XDY0096,email_attachment
2026-03-12 09:37:49,TBZ5694,email_attachment
2026-03-12 09:39:18,AZN7804,email_attachment
2026-03-12 09:42:12,WRH3845,email_attachment
2026-03-12 09:51:20,BCL5970,email_attachment
2026-03-12 09:52:29,CZV3763,external_upload
2026-03-12 09:54:29,BCK0017,email_attachment
2026-03-12 09:55:53,GTJ3421,email_attachment
2026-03-12 10:00:08,DRU4946,email_attachment
2026-03-12 10:01:01,YFK8135,email_attachment
2026-03-12 10:03:45,NUM6882,email_attachment
2026-03-12 10:03:50,YGW2220,email_attachment
2026-03-12 10:04:13,KLW7912,external_upload
2026-03-12 10:05:18,UQJ8329,email_attachment
2026-03-12 10:08:07,XHC8462,email_attachment
2026-03-12 10:08:40,JFW4707,email_attachment
2026-03-12 10:12:56,PRU8353,email_attachment
2026-03-12 10:13:10,PNE9210,email_attachment
2026-03-12 10:13:38,RQX2265,external_upload
2026-03-12 10:13:55,WLP3029,usb_connect
2026-03-12 10:15:00,WLT1936,email_attachment
2026-03-12 10:16:43,HLX3539,email_attachment
2026-03-12 10:17:36,AWE2423,email_attachment
2026-03-12 10:22:30,VCL2588,usb_connect
2026-03-12 10:23:47,WFZ8385,usb_connect
2026-03-12 10:25:27,KXG6499,email_attachment
2026-03-12 10:25:36,HUF5919,email_attachment
2026-03-12 10:25:59,GRQ2954,external_upload
2026-03-12 10:28:36,HUW0385,email_attachment
2026-03-12 10:29:03,UWU3881,email_attachment
2026-03-12 10:30:53,PKG2686,email_attachment
2026-03-12 10:34:22,QRE1538,email_attachment
2026-03-12 10:34:26,TCV9683,email_attachment
2026-03-12 10:41:51,SPL6107,email_attachment
2026-03-12 10:42:27,QDX0204,email_attachment
2026-03-12 10:44:09,PDT8522,email_attachment
2026-03-12 10:45:11,TES3512,email_attachment
2026-03-12 10:47:49,NAS8626,email_attachment
2026-03-12 10:48:41,LNA6079,email_attachment
2026-03-12 10:50:38,WFH6695,email_attachment
2026-03-12 10:51:04,LXX1956,email_attachment
2026-03-12 10:51:18,LEQ0221,email_attachment
2026-03-12 10:52:01,FAP2507,email_attachment
2026-03-12 10:53:56,WLC0943,email_attachment
2026-03-12 11:03:50,JNS0679,email_attachment
2026-03-12 11:04:31,FYW5995,email_attachment
2026-03-12 11:04:36,FRD7881,external_upload
2026-03-12 11:05:58,MFB4161,email_attachment
2026-03-12 11:10:16,RAN1908,email_attachment
2026-03-12 11:13:05,WVM6738,email_attachment
2026-03-12 11:13:40,AKK7619,email_attachment
2026-03-12 11:19:23,PJC3330,email_attachment
2026-03-12 11:24:07,LKL1757,email_attachment
2026-03-12 11:25:35,BKG0428,email_attachment
2026-03-12 11:30:06,UMF6912,email_attachment
2026-03-12 11:30:57,MUE9125,external_upload
2026-03-12 11:40:58,RFN8997,email_attachment
2026-03-12 11:44:10,DUR0271,email_attachment
2026-03-12 11:49:46,MFB4161,email_attachment
2026-03-12 11:54:04,WBQ6532,email_attachment
2026-03-12 11:55:32,QRU5619,email_attachment
2026-03-12 11:55:38,GWB9650,email_attachment
2026-03-12 11:56:44,NWD3536,external_upload
2026-03-12 11:57:57,DZR5647,email_attachment
2026-03-12 11:59:48,CHG9684,email_attachment
2026-03-12 12:02:41,EXR0869,email_attachment
2026-03-12 12:08:10,FKD3736,email_attachment
2026-03-12 12:08:58,KBH1637,email_attachment
2026-03-12 12:09:10,DEM6967,email_attachment
2026-03-12 12:13:12,VCZ1344,email_attachment
2026-03-12 12:15:36,MFB4161,email_attachment
2026-03-12 12:16:42,SBZ8625,email_attachment
2026-03-12 12:18:31,KVE6797,email_attachment
2026-03-12 12:20:13,DCJ2497,email_attachment
2026-03-12 12:22:08,VBX6372,email_attachment
2026-03-12 12:23:36,KAN7127,email_attachment
2026-03-12 12:23:56,EFJ1543,email_attachment
2026-03-12 12:24:37,NGP1594,email_attachment
2026-03-12 12:33:58,KQF9279,email_attachment
2026-03-12 12:36:13,YSE5930,email_attachment
2026-03-12 12:39:54,QKF3756,email_attachment
2026-03-12 12:39:56,JMM1620,email_attachment
2026-03-12 12:42:40,JRD4682,email_attachment
2026-03-12 12:43:45,PTM5097,email_attachment
2026-03-12 12:47:49,HEP6887,email_attachment
2026-03-12 12:48:21,LMG0501,email_attachment
2026-03-12 12:54:56,WYK8060,email_attachment
2026-03-12 12:58:13,QQP2991,email_attachment
2026-03-12 13:00:55,MFB4161,email_attachment
2026-03-12 13:02:00,WNL8355,email_attachment
2026-03-12 13:05:36,MMX3144,email_attachment
2026-03-12 13:06:42,MFB4161,email_attachment
2026-03-12 13:06:58,PTJ4935,email_attachment
2026-03-12 13:08:51,KZM4130,email_attachment
2026-03-12 13:14:47,XQW0837,email_attachment
2026-03-12 13:20:04,PGN9049,email_attachment
2026-03-12 13:30:29,WHX4263,email_attachment
2026-03-12 13:35:58,SCV7784,email_attachment
2026-03-12 13:37:44,XVD6009,email_attachment
2026-03-12 13:38:42,MJM7888,email_attachment
2026-03-12 13:39:05,TRW0306,email_attachment
2026-03-12 13:39:08,QER4766,email_attachment
2026-03-12 13:41:58,HQK3324,email_attachment
2026-03-12 13:44:35,XLD3365,email_attachment
2026-03-12 13:45:16,YYV5359,email_attachment
2026-03-12 13:46:22,JLW9735,email_attachment
2026-03-12 13:46:25,WMY3465,email_attachment
2026-03-12 14:31:06,GUE6869,email_attachment
2026-03-12 14:38:11,KHX2969,usb_connect
2026-03-12 14:41:07,BSA5255,email_attachment
2026-03-12 14:58:09,ZVN1622,email_attachment
2026-03-12 14:59:48,ZHY2106,email_attachment
2026-03-12 16:00:35,WPW1401,email_attachment
2026-03-12 16:21:32,TZZ2486,email_attachment
2026-03-12 16:50:32,HNP8722,external_upload
2026-03-12 17:42:09,KHV5264,email_attachment
2026-03-12 17:50:29,BZV5058,email_attachment
2026-03-12 18:01:00,LRF4337,email_attachment
2026-03-12 18:01:59,YDR6958,email_attachment
2026-03-12 18:46:03,KVV5560,email_attachment
2026-03-13 07:04:00,BBH7509,email_attachment
2026-03-13 07:10:54,WLZ3212,external_upload
2026-03-13 07:16:08,PUD8038,email_attachment
2026-03-13 07:26:11,XXK4064,email_attachment
2026-03-13 07:28:52,DVW7466,email_attachment
2026-03-13 07:41:08,CLG5170,email_attachment
2026-03-13 07:50:22,FAV1376,email_attachment
2026-03-13 07:57:55,JFK1870,email_attachment
2026-03-13 08:33:02,EAY4106,email_attachment
2026-03-13 09:03:56,BWK1175,email_attachment
2026-03-13 09:08:34,YYG6468,email_attachment
2026-03-13 09:09:31,UYH3482,email_attachment
2026-03-13 09:10:18,PJM7982,email_attachment
2026-03-13 09:12:05,QEU7845,email_attachment
2026-03-13 09:14:30,ZWE5825,email_attachment
2026-03-13 09:21:07,UYH3482,email_attachment
2026-03-13 09:23:34,KHF6510,email_attachment
2026-03-13 09:26:08,LRJ7325,email_attachment
2026-03-13 09:28:02,WQQ3666,email_attachment
2026-03-13 09:28:46,LDP4391,email_attachment
2026-03-13 09:29:13,UXD8068,email_attachment
2026-03-13 09:29:42,PYE1356,email_attachment
2026-03-13 09:33:06,HBB3944,email_attachment
2026-03-13 09:33:08,LER8757,email_attachment
2026-03-13 09:36:05,LKB0400,email_attachment
2026-03-13 09:37:42,ANG9867,email_attachment
2026-03-13 09:39:33,TCY5836,email_attachment
2026-03-13 09:40:48,YDX6053,external_upload
2026-03-13 09:51:36,VHZ9119,email_attachment
2026-03-13 09:52:59,UVK1579,email_attachment
2026-03-13 09:55:48,CHZ0215,email_attachment
2026-03-13 10:02:28,DRU4946,external_upload
2026-03-13 10:03:12,AGS7505,email_attachment
2026-03-13 10:07:10,DZL5487,email_attachment
2026-03-13 10:08:28,KXE5201,email_attachment
2026-03-13 10:09:31,HTL3528,external_upload
2026-03-13 10:09:59,BAS9086,email_attachment
2026-03-13 10:10:16,AHB3837,email_attachment
2026-03-13 10:12:38,JUZ1834,email_attachment
2026-03-13 10:13:43,WZM1211,email_attachment
2026-03-13 10:15:16,TFH1718,email_attachment
2026-03-13 10:19:50,RBE2056,email_attachment
2026-03-13 10:20:39,VQH6167,usb_connect
2026-03-13 10:27:22,HWT1384,email_attachment
2026-03-13 10:28:18,QTM2961,email_attachment
2026-03-13 10:29:10,UYF2390,email_attachment
2026-03-13 10:29:32,UYH3482,email_attachment
2026-03-13 10:36:13,UYH3482,email_attachment
2026-03-13 10:39:25,GCA6821,email_attachment
2026-03-13 10:43:22,GXL3526,email_attachment
2026-03-13 10:44:03,FYP3672,email_attachment
2026-03-13 10:44:07,UYH3482,email_attachment
2026-03-13 10:49:16,XZZ4821,email_attachment
2026-03-13 10:50:51,NCS6343,email_attachment
2026-03-13 10:54:18,GWB9650,external_upload
2026-03-13 10:59:40,XFR9329,email_attachment
2026-03-13 11:01:20,AAA0409,email_attachment
2026-03-13 11:07:43,RRJ2491,email_attachment
2026-03-13 11:08:57,TFG1591,email_attachment
2026-03-13 11:09:00,LTK1460,email_attachment
2026-03-13 11:09:50,WYA6618,email_attachment
2026-03-13 11:10:07,FXU9222,email_attachment
2026-03-13 11:15:16,FVH0365,email_attachment
2026-03-13 11:16:35,WFJ4177,email_attachment
2026-03-13 11:25:05,ZRH2565,email_attachment
2026-03-13 11:30:12,CVS8644,email_attachment
2026-03-13 11:32:12,RHN7379,email_attachment
2026-03-13 11:37:30,KZE3724,email_attachment
2026-03-13 11:41:55,QHP7767,email_attachment
2026-03-13 11:44:01,VYM2689,email_attachment
2026-03-13 11:45:14,HLE8534,email_attachment
2026-03-13 11:51:35,HTL3528,email_attachment
2026-03-13 12:02:29,DUL4786,email_attachment
2026-03-13 12:07:03,QNP1003,email_attachment
2026-03-13 12:09:48,YSX2928,email_attachment
2026-03-13 12:10:52,NES9078,email_attachment
2026-03-13 12:12:41,RJF0501,email_attachment
2026-03-13 12:12:45,UZX2476,email_attachment
2026-03-13 12:13:53,TQG3186,email_attachment
2026-03-13 12:14:20,CUK8266,email_attachment
2026-03-13 12:15:56,LYW6509,email_attachment
2026-03-13 12:18:04,KZS8027,email_attachment
2026-03-13 12:23:00,WZQ9342,external_upload
2026-03-13 12:23:50,UVE9288,email_attachment
2026-03-13 12:24:32,TGH1943,email_attachment
2026-03-13 12:27:05,NZS3709,email_attachment
2026-03-13 12:29:09,WNZ6737,email_attachment
2026-03-13 12:29:18,NCF3260,email_attachment
2026-03-13 12:33:10,CVP7987,email_attachment
2026-03-13 12:37:19,DDZ1774,email_attachment
2026-03-13 12:39:02,UYH3482,email_attachment
2026-03-13 12:41:51,JTY5915,email_attachment
2026-03-13 12:44:23,PLD6480,email_attachment
2026-03-13 12:50:38,MCX2638,email_attachment
2026-03-13 12:52:11,PBH2552,email_attachment
2026-03-13 12:52:19,FXU6508,email_attachment
2026-03-13 12:52:52,AGD8568,email_attachment
2026-03-13 12:55:51,ZNA9483,email_attachment
2026-03-13 12:58:13,WSK1631,email_attachment
2026-03-13 13:03:28,BQG7179,email_attachment
2026-03-13 13:09:07,DVH0547,email_attachment
2026-03-13 13:16:12,XDF3286,email_attachment
2026-03-13 13:17:15,LNA6079,email_attachment
2026-03-13 13:18:36,VXK9645,email_attachment
2026-03-13 13:22:42,EWY8648,email_attachment
2026-03-13 13:24:02,YLA7200,email_attachment
2026-03-13 13:28:15,QPP6179,email_attachment
2026-03-13 13:28:43,MSW7113,email_attachment
2026-03-13 13:29:16,ERD6257,email_attachment
2026-03-13 13:29:40,AWD1773,email_attachment
2026-03-13 13:31:45,LHA6122,external_upload
2026-03-13 13:36:21,VRM4862,email_attachment
2026-03-13 13:39:23,HCV6206,email_attachment
2026-03-13 13:42:23,DUC6242,email_attachment
2026-03-13 13:43:33,BTU7896,email_attachment
2026-03-13 13:59:04,MMS7742,email_attachment
2026-03-13 14:09:06,WDF1281,email_attachment
2026-03-13 14:11:35,RZR1761,email_attachment
2026-03-13 14:40:23,AHZ1657,email_attachment
2026-03-13 15:52:05,QYP8443,email_attachment
2026-03-13 16:07:54,YZD2818,email_attachment
2026-03-13 16:07:58,BQV4296,email_attachment
2026-03-13 16:33:59,LPT7739,email_attachment
2026-03-13 16:45:40,ZBE2522,email_attachment
2026-03-13 17:10:43,XBY3937,email_attachment
2026-03-13 17:14:57,UMD2487,email_attachment
2026-03-13 17:28:32,RLJ7278,email_attachment
2026-03-13 18:45:52,UKK9924,email_attachment
2026-03-14 09:24:43,HDF6619,external_upload
2026-03-14 09:45:16,UYH3482,email_attachment
2026-03-14 10:13:56,GEZ2239,email_attachment
2026-03-14 11:07:15,UYH3482,email_attachment
2026-03-14 11:51:24,UYH3482,email_attachment
2026-03-14 12:19:18,UYH3482,email_attachment
2026-03-14 13:03:49,UYH3482,email_attachment
2026-03-15 08:25:59,UYH3482,email_attachment
2026-03-15 08:58:40,SPL6107,external_upload
2026-03-15 09:54:22,UYH3482,email_attachment
2026-03-15 10:08:47,UYH3482,email_attachment
2026-03-15 10:53:02,JVW7508,email_attachment
2026-03-15 11:02:54,ZPB1790,external_upload
2026-03-15 11:15:42,UYH3482,email_attachment
2026-03-15 11:18:09,UYH3482,email_attachment
2026-03-15 11:31:54,UYH3482,email_attachment
2026-03-15 11:54:18,LRF5084,email_attachment
2026-03-15 17:05:43,KHX2969,external_upload
2026-03-16 06:40:32,PMJ2575,email_attachment
2026-03-16 06:51:20,XSF2295,email_attachment
2026-03-16 07:13:15,LWY2367,email_attachment
2026-03-16 07:18:20,PXF1684,email_attachment
2026-03-16 07:25:26,CGR6865,email_attachment
2026-03-16 07:41:36,TJL7396,email_attachment
2026-03-16 07:45:05,YGU2995,email_attachment
2026-03-16 08:25:58,HBP7240,email_attachment
2026-03-16 09:06:58,JEE2601,email_attachment
2026-03-16 09:14:53,LNX5432,email_attachment
2026-03-16 09:19:33,YJG3414,email_attachment
2026-03-16 09:22:11,TAS0828,email_attachment
2026-03-16 09:27:41,EMZ5921,email_attachment
2026-03-16 09:30:59,DJF2928,email_attachment
2026-03-16 09:41:41,ZSP3745,external_upload
2026-03-16 09:43:42,RLV4764,email_attachment
2026-03-16 09:44:17,BZR9273,email_attachment
2026-03-16 09:44:51,UWC4350,email_attachment
2026-03-16 09:49:12,FFU2880,email_attachment
2026-03-16 09:55:37,USH7924,email_attachment
2026-03-16 09:56:26,DUL4786,email_attachment
2026-03-16 09:57:24,QRU5619,email_attachment
2026-03-16 09:59:45,YHC8602,email_attachment
2026-03-16 10:05:00,DVE4400,email_attachment
2026-03-16 10:05:23,TJP4948,email_attachment
2026-03-16 10:05:44,NFL7939,email_attachment
2026-03-16 10:12:20,NFE6544,email_attachment
2026-03-16 10:13:59,DTY9614,email_attachment
2026-03-16 10:14:59,WBH1128,email_attachment
2026-03-16 10:17:11,KHX2969,email_attachment
2026-03-16 10:24:49,JDA6078,email_attachment
2026-03-16 10:24:50,DQL0828,email_attachment
2026-03-16 10:27:47,BQV8037,email_attachment
2026-03-16 10:31:29,VAV3377,email_attachment
2026-03-16 10:33:31,YKZ8920,email_attachment
2026-03-16 10:37:01,JLN5393,email_attachment
2026-03-16 10:37:17,ABQ3289,email_attachment
2026-03-16 10:45:59,BKG3081,email_attachment
2026-03-16 10:52:11,ATG5393,email_attachment
2026-03-16 10:52:41,BDN6520,email_attachment
2026-03-16 10:57:46,HMU0162,email_attachment
2026-03-16 10:57:47,ADH6725,email_attachment
2026-03-16 11:01:03,KND1968,external_upload
2026-03-16 11:01:14,XYY9723,email_attachment
2026-03-16 11:01:45,FYV5190,email_attachment
2026-03-16 11:03:31,ZUM4588,email_attachment
2026-03-16 11:04:02,NCU9337,email_attachment
2026-03-16 11:05:23,LZM5214,external_upload
2026-03-16 11:05:52,DRP1861,email_attachment
2026-03-16 11:06:48,BTK6682,email_attachment
2026-03-16 11:13:21,VFK7595,email_attachment
2026-03-16 11:14:38,MLP3442,email_attachment
2026-03-16 11:15:35,JGB0064,email_attachment
2026-03-16 11:16:24,AMH0036,external_upload
2026-03-16 11:22:39,ALH7224,email_attachment
2026-03-16 11:24:05,QBC9951,email_attachment
2026-03-16 11:24:46,PKG2686,email_attachment
2026-03-16 11:27:41,JMM1620,email_attachment
2026-03-16 11:31:12,PDE2825,email_attachment
2026-03-16 11:32:58,GCQ3102,email_attachment
2026-03-16 11:35:57,DLN5803,external_upload
2026-03-16 11:37:47,DVM0465,email_attachment
2026-03-16 11:39:19,XHA3580,email_attachment
2026-03-16 11:45:55,LVX5290,email_attachment
2026-03-16 11:51:58,VRM4862,email_attachment
2026-03-16 11:52:32,JZS9834,email_attachment
2026-03-16 11:52:45,MGY2196,email_attachment
2026-03-16 11:56:32,AWP0070,email_attachment
2026-03-16 11:56:47,ZDX6609,email_attachment
2026-03-16 11:57:32,XYY3402,email_attachment
2026-03-16 11:59:38,CAJ8151,email_attachment
2026-03-16 12:07:38,VNT8293,email_attachment
2026-03-16 12:13:34,FHR9973,email_attachment
2026-03-16 12:14:49,RTM5796,email_attachment
2026-03-16 12:18:24,VDX6246,email_attachment
2026-03-16 12:18:44,UBK2435,email_attachment
2026-03-16 12:21:42,LML9355,email_attachment
2026-03-16 12:22:17,LWX4132,email_attachment
2026-03-16 12:24:48,CGF8722,email_attachment
2026-03-16 12:26:51,SAN4105,email_attachment
2026-03-16 12:27:31,XYT8632,email_attachment
2026-03-16 12:28:50,TNQ7412,email_attachment
2026-03-16 12:29:19,PBA7729,email_attachment
2026-03-16 12:31:40,RQV1932,email_attachment
2026-03-16 12:36:00,WYG9423,email_attachment
2026-03-16 12:39:41,MKS7553,email_attachment
2026-03-16 12:39:42,HPF2563,email_attachment
2026-03-16 12:42:06,HGV8736,email_attachment
2026-03-16 12:44:32,WAZ0807,external_upload
2026-03-16 12:51:06,PNT1274,email_attachment
2026-03-16 12:57:07,SNY9928,email_attachment
2026-03-16 12:59:25,VBV3674,email_attachment
2026-03-16 13:00:33,ZDB2083,email_attachment
2026-03-16 13:02:35,WPP7340,email_attachment
2026-03-16 13:06:16,XKZ3308,email_attachment
2026-03-16 13:07:53,LBL5506,email_attachment
2026-03-16 13:09:10,URY3648,email_attachment
2026-03-16 13:12:36,AQD8170,email_attachment
2026-03-16 13:24:33,LKL1757,email_attachment
2026-03-16 13:29:08,MEP0762,email_attachment
2026-03-16 13:30:11,ELR1269,email_attachment
2026-03-16 13:32:28,NAY5358,email_attachment
2026-03-16 13:35:15,VQZ9758,email_attachment
2026-03-16 13:36:17,WDQ5874,external_upload
2026-03-16 13:37:21,JUP3771,email_attachment
2026-03-16 13:38:56,LZD5274,email_attachment
2026-03-16 13:39:55,JHG6258,email_attachment
2026-03-16 13:40:17,FGX9186,email_attachment
2026-03-16 13:41:38,JKC0234,email_attachment
2026-03-16 13:43:13,JFZ5861,email_attachment
2026-03-16 13:49:35,AMG0435,email_attachment
2026-03-16 13:51:10,JED1399,email_attachment
2026-03-16 13:54:29,RGW3617,email_attachment
2026-03-16 14:02:35,ATS4072,email_attachment
2026-03-16 14:30:42,AVP8904,email_attachment
2026-03-16 14:35:12,JWF7936,email_attachment
2026-03-16 15:36:16,GSN3813,email_attachment
2026-03-16 15:54:24,ZRX7182,email_attachment
2026-03-16 16:16:51,SZF0602,email_attachment
2026-03-16 16:47:33,YDR6958,email_attachment
2026-03-16 17:29:26,ESG8664,email_attachment
2026-03-16 17:40:44,ERS0269,external_upload
2026-03-16 18:20:15,KVV5560,email_attachment
2026-03-17 06:42:22,FXM5258,email_attachment
2026-03-17 07:09:03,KLA1121,email_attachment
2026-03-17 07:21:51,WRH3845,email_attachment
2026-03-17 07:22:36,CGR6865,email_attachment
2026-03-17 07:25:53,TWT6397,email_attachment
2026-03-17 07:44:07,FSG4772,email_attachment
2026-03-17 08:22:20,CPJ0831,external_upload
2026-03-17 08:33:55,LZT1886,email_attachment
2026-03-17 08:34:52,PRU1120,email_attachment
2026-03-17 08:36:52,SNY9928,email_attachment
2026-03-17 08:36:58,PJC3330,email_attachment
2026-03-17 08:48:40,DNM0765,email_attachment
2026-03-17 08:59:25,EYU6957,email_attachment
2026-03-17 09:08:44,PHM0513,email_attachment
2026-03-17 09:09:11,HBS3101,email_attachment
2026-03-17 09:09:26,EBY6721,email_attachment
2026-03-17 09:11:57,UMF6912,email_attachment
2026-03-17 09:12:33,LSK8578,email_attachment
2026-03-17 09:18:20,TAS0828,email_attachment
2026-03-17 09:22:25,LBX7990,external_upload
2026-03-17 09:22:44,ATR3306,email_attachment
2026-03-17 09:24:21,UXD8068,email_attachment
2026-03-17 09:25:08,DHT3461,email_attachment
2026-03-17 09:35:52,EQJ3213,email_attachment
2026-03-17 09:40:06,HZA0727,external_upload
2026-03-17 09:42:50,AKL6350,email_attachment
2026-03-17 09:45:13,DXZ1860,email_attachment
2026-03-17 09:50:47,FYW9481,email_attachment
2026-03-17 09:53:37,MRU1672,email_attachment
2026-03-17 10:01:07,FKD9447,email_attachment
2026-03-17 10:06:50,GLN5250,email_attachment
2026-03-17 10:08:42,DYE9273,email_attachment
2026-03-17 10:11:40,KHD6248,email_attachment
2026-03-17 10:11:54,RAN1908,email_attachment
2026-03-17 10:13:02,BLL7712,external_upload
2026-03-17 10:15:10,QBD5497,email_attachment
2026-03-17 10:18:41,ANG9867,email_attachment
2026-03-17 10:19:34,SWS4507,email_attachment
2026-03-17 10:21:15,HKT6698,usb_connect
2026-03-17 10:25:44,CHG9684,email_attachment
2026-03-17 10:31:07,YDD4870,email_attachment
2026-03-17 10:32:37,XYZ5709,email_attachment
2026-03-17 10:33:58,AER2755,email_attachment
2026-03-17 10:38:25,YML8814,email_attachment
2026-03-17 10:38:58,ALH8441,email_attachment
2026-03-17 10:39:27,ELY1202,email_attachment
2026-03-17 10:39:52,PMJ2575,email_attachment
2026-03-17 10:52:38,JTY5915,email_attachment
2026-03-17 10:53:21,WLC0943,email_attachment
2026-03-17 10:54:45,PTK0032,email_attachment
2026-03-17 10:55:58,MAN1556,email_attachment
2026-03-17 11:07:36,VTP8919,email_attachment
2026-03-17 11:11:55,KQF9279,email_attachment
2026-03-17 11:13:54,KFA0115,email_attachment
2026-03-17 11:15:51,FAB6246,email_attachment
2026-03-17 11:17:55,GCQ7162,email_attachment
2026-03-17 11:18:36,DST2687,email_attachment
2026-03-17 11:20:24,GHQ3847,email_attachment
2026-03-17 11:29:06,SLQ3295,email_attachment
2026-03-17 11:32:11,MCM4583,external_upload
2026-03-17 11:33:16,AVL7593,email_attachment
2026-03-17 11:33:40,ALJ0624,email_attachment
2026-03-17 11:35:47,WUQ4755,email_attachment
2026-03-17 11:37:34,EEL8338,email_attachment
2026-03-17 11:40:08,SDA4591,email_attachment
2026-03-17 11:40:28,CHG2521,email_attachment
2026-03-17 11:42:58,GKY7969,email_attachment
2026-03-17 11:45:47,CBT5366,email_attachment
2026-03-17 11:48:10,RUZ2026,email_attachment
2026-03-17 11:48:30,VGP5643,email_attachment
2026-03-17 11:53:06,DAR0388,email_attachment
2026-03-17 12:01:47,TSB0198,external_upload
2026-03-17 12:05:54,UWU3881,email_attachment
2026-03-17 12:06:04,AUH1017,email_attachment
2026-03-17 12:07:40,LRJ0183,email_attachment
2026-03-17 12:11:36,SLX6104,email_attachment
2026-03-17 12:14:01,CGF9960,external_upload
2026-03-17 12:14:21,KCF6129,email_attachment
2026-03-17 12:17:07,NKG7115,email_attachment
2026-03-17 12:17:15,PEX4943,email_attachment
2026-03-17 12:17:48,URQ0978,email_attachment
2026-03-17 12:18:44,SHE0377,email_attachment
2026-03-17 12:19:04,DCJ2497,external_upload
2026-03-17 12:20:03,ZYA4818,email_attachment
2026-03-17 12:20:11,FYQ9194,email_attachment
2026-03-17 12:23:33,MEP0762,email_attachment
2026-03-17 12:27:06,SJN3046,email_attachment
2026-03-17 12:29:59,CCJ4180,email_attachment
2026-03-17 12:40:54,CXD4649,email_attachment
2026-03-17 12:45:08,RMR1374,email_attachment
2026-03-17 12:48:09,PAZ8627,email_attachment
2026-03-17 12:48:57,RXQ7992,email_attachment
2026-03-17 12:50:22,HMU0162,email_attachment
2026-03-17 12:53:26,UQX0155,email_attachment
2026-03-17 12:58:08,RBC5531,email_attachment
2026-03-17 13:07:36,DDL7713,email_attachment
2026-03-17 13:10:33,HLE8534,email_attachment
2026-03-17 13:15:45,SPJ4788,email_attachment
2026-03-17 13:16:28,YEV3418,email_attachment
2026-03-17 13:16:54,LFR9724,email_attachment
2026-03-17 13:24:13,QTA6267,email_attachment
2026-03-17 13:24:53,SZK8704,email_attachment
2026-03-17 13:26:05,DKK2039,email_attachment
2026-03-17 13:44:12,STE4877,email_attachment
2026-03-17 13:58:41,GCD7223,email_attachment
2026-03-17 14:01:10,ZSP3745,email_attachment
2026-03-17 14:08:56,BHH6500,external_upload
2026-03-17 14:10:05,PXE9068,email_attachment
2026-03-17 14:25:56,EER7836,external_upload
2026-03-17 14:30:18,AUD9365,email_attachment
2026-03-17 14:49:22,PPM0735,email_attachment
2026-03-17 15:40:50,HDQ4000,usb_connect
2026-03-17 15:43:36,TLA8499,email_attachment
2026-03-17 16:00:07,AUS4314,email_attachment
2026-03-17 16:08:11,FKH0396,email_attachment
2026-03-17 16:46:12,VVG9350,email_attachment
2026-03-17 17:28:19,HNP8722,email_attachment
2026-03-17 17:41:31,BHH6500,email_attachment
2026-03-18 06:16:59,NDP9334,email_attachment
2026-03-18 06:29:54,QGQ9398,usb_connect
2026-03-18 06:59:58,NDP9334,email_attachment
2026-03-18 07:00:02,NDP9334,email_attachment
2026-03-18 07:03:40,NDP9334,email_attachment
2026-03-18 07:06:17,MBF0954,email_attachment
2026-03-18 07:07:50,CDJ5646,external_upload
2026-03-18 07:28:31,CDJ5646,email_attachment
2026-03-18 07:40:44,ZEU3356,email_attachment
2026-03-18 07:53:36,NDP9334,email_attachment
2026-03-18 08:00:55,NDP9334,email_attachment
2026-03-18 08:05:08,TNM5145,email_attachment
2026-03-18 08:09:17,NDP9334,email_attachment
2026-03-18 08:11:17,HQG1404,email_attachment
2026-03-18 08:21:01,NDP9334,email_attachment
2026-03-18 08:33:20,NDP9334,email_attachment
2026-03-18 08:55:37,NGJ9474,email_attachment
2026-03-18 09:07:25,ACZ8154,email_attachment
2026-03-18 09:22:34,RFH9751,email_attachment
2026-03-18 09:26:13,ZEV5989,email_attachment
2026-03-18 09:26:38,NDP9334,email_attachment
2026-03-18 09:27:23,YEG4420,email_attachment
2026-03-18 09:27:37,FGQ3884,email_attachment
2026-03-18 09:33:12,FVH0365,email_attachment
2026-03-18 09:33:49,QRS0130,email_attachment
2026-03-18 09:38:16,DHT3461,email_attachment
2026-03-18 09:42:21,NDP9334,email_attachment
2026-03-18 09:44:37,EUM2584,email_attachment
2026-03-18 09:48:41,ACW5886,email_attachment
2026-03-18 09:49:38,NDP9334,email_attachment
2026-03-18 09:53:11,WPS5152,email_attachment
2026-03-18 09:58:25,NDP9334,email_attachment
2026-03-18 10:00:16,WZF4980,email_attachment
2026-03-18 10:02:46,VHZ9119,email_attachment
2026-03-18 10:04:04,VRA4171,email_attachment
2026-03-18 10:06:15,UWV2909,email_attachment
2026-03-18 10:06:26,ZDB2083,email_attachment
2026-03-18 10:07:13,HSQ8158,email_attachment
2026-03-18 10:08:54,CLU4292,external_upload
2026-03-18 10:12:36,VRF2496,email_attachment
2026-03-18 10:17:21,FUK9154,email_attachment
2026-03-18 10:17:56,NDP9334,email_attachment
2026-03-18 10:18:58,QDG0193,email_attachment
2026-03-18 10:19:22,ZXP2806,external_upload
2026-03-18 10:23:44,XZW8899,email_attachment
2026-03-18 10:23:53,WCS8950,external_upload
2026-03-18 10:25:26,XHC8462,email_attachment
2026-03-18 10:30:35,SRD1581,email_attachment
2026-03-18 10:31:24,YGU2995,email_attachment
2026-03-18 10:31:56,ATG5393,email_attachment
2026-03-18 10:32:20,LJQ0652,email_attachment
2026-03-18 10:33:24,NDP9334,email_attachment
2026-03-18 10:36:08,ESW3216,email_attachment
2026-03-18 10:40:02,QZZ7745,email_attachment
2026-03-18 10:40:06,BDJ2914,email_attachment
2026-03-18 10:41:19,VGV9685,email_attachment
2026-03-18 10:47:30,YUQ8189,email_attachment
2026-03-18 10:47:33,CTX8615,email_attachment
2026-03-18 10:51:31,PLH4504,external_upload
2026-03-18 10:53:39,RVL1733,email_attachment
2026-03-18 10:54:46,RYG9568,usb_connect
2026-03-18 10:55:25,GCD1014,email_attachment
2026-03-18 10:55:55,EJK9290,email_attachment
2026-03-18 10:57:10,PLX1977,email_attachment
2026-03-18 10:59:39,TQX9577,external_upload
2026-03-18 11:02:23,MJA3558,email_attachment
2026-03-18 11:03:17,QGX1659,email_attachment
2026-03-18 11:05:48,TDD5958,email_attachment
2026-03-18 11:06:03,EEL8338,email_attachment
2026-03-18 11:11:51,MPN9504,email_attachment
2026-03-18 11:14:43,CZQ8792,email_attachment
2026-03-18 11:17:09,JML4492,external_upload
2026-03-18 11:24:30,PJA2498,email_attachment
2026-03-18 11:27:11,XCE3705,email_attachment
2026-03-18 11:28:59,ASX1419,email_attachment
2026-03-18 11:30:19,PSV1353,external_upload
2026-03-18 11:32:14,TWP7521,email_attachment
2026-03-18 11:39:16,DAZ1017,email_attachment
2026-03-18 11:44:23,JWR6908,email_attachment
2026-03-18 11:52:43,GRM4321,email_attachment
2026-03-18 11:56:29,QLD5822,email_attachment
2026-03-18 12:03:06,XJR8615,email_attachment
2026-03-18 12:04:46,DZT3304,email_attachment
2026-03-18 12:06:18,WBQ6532,email_attachment
2026-03-18 12:14:25,JAZ7167,email_attachment
2026-03-18 12:16:43,VDX6246,email_attachment
2026-03-18 12:18:12,SUQ0985,email_attachment
2026-03-18 12:20:29,NCS6343,email_attachment
2026-03-18 12:21:48,VNR5092,email_attachment
2026-03-18 12:23:39,BXW0831,email_attachment
2026-03-18 12:26:09,DUL4786,email_attachment
2026-03-18 12:28:26,XHA3580,email_attachment
2026-03-18 12:29:19,UBP6054,email_attachment
2026-03-18 12:31:29,QCX9814,email_attachment
2026-03-18 12:31:56,NNQ2778,email_attachment
2026-03-18 12:34:11,SRD9645,email_attachment
2026-03-18 12:38:39,SLJ5128,email_attachment
2026-03-18 12:41:02,WYQ0257,email_attachment
2026-03-18 12:41:34,CXT3659,email_attachment
2026-03-18 12:41:58,SEP7391,email_attachment
2026-03-18 12:45:24,LNK6236,email_attachment
2026-03-18 12:45:44,WBU4426,email_attachment
2026-03-18 12:52:47,AKV0526,email_attachment
2026-03-18 12:53:13,LFR9724,email_attachment
2026-03-18 12:54:20,TGH1943,email_attachment
2026-03-18 12:57:56,RUU4323,email_attachment
2026-03-18 13:00:51,YBY3674,email_attachment
2026-03-18 13:01:04,XUY0616,email_attachment
2026-03-18 13:01:43,ENV8864,email_attachment
2026-03-18 13:05:52,KLP0024,email_attachment
2026-03-18 13:08:37,LQN7970,email_attachment
2026-03-18 13:09:57,RLN0770,email_attachment
2026-03-18 13:12:11,KRS4164,email_attachment
2026-03-18 13:16:45,PVA9116,email_attachment
2026-03-18 13:19:31,VCZ1344,email_attachment
2026-03-18 13:21:46,AEE1704,email_attachment
2026-03-18 13:21:47,UHH4524,email_attachment
2026-03-18 13:22:38,TZF4164,email_attachment
2026-03-18 13:26:07,HJL4782,email_attachment
2026-03-18 13:26:51,RXP3546,email_attachment
2026-03-18 13:33:56,XUG1117,email_attachment
2026-03-18 13:34:53,UMW0726,email_attachment
2026-03-18 13:41:16,RST2294,email_attachment
2026-03-18 13:42:21,GTJ3421,email_attachment
2026-03-18 13:42:38,DVM0465,email_attachment
2026-03-18 13:45:40,PJN1183,email_attachment
2026-03-18 13:51:33,LPT7739,email_attachment
2026-03-18 13:51:41,DJF2928,email_attachment
2026-03-18 13:57:20,BLW7802,email_attachment
2026-03-18 14:21:10,SPM1999,email_attachment
2026-03-18 14:21:15,NBP4754,email_attachment
2026-03-18 15:34:06,VWK2440,email_attachment
2026-03-18 17:12:35,PZP4279,email_attachment
2026-03-18 17:24:42,VTF6090,email_attachment
2026-03-18 17:40:57,QCJ6394,email_attachment
2026-03-18 17:55:47,GCD7223,email_attachment
2026-03-19 06:22:18,NDP9334,email_attachment
2026-03-19 06:25:21,NDP9334,email_attachment
2026-03-19 06:55:55,NDP9334,email_attachment
2026-03-19 06:57:00,NDP9334,email_attachment
2026-03-19 07:02:07,LAB2540,email_attachment
2026-03-19 07:02:55,NDP9334,email_attachment
2026-03-19 07:06:52,DQZ4406,external_upload
2026-03-19 08:15:14,NDP9334,email_attachment
2026-03-19 08:16:46,NDP9334,email_attachment
2026-03-19 08:23:24,NDP9334,email_attachment
2026-03-19 08:24:57,NDP9334,email_attachment
2026-03-19 08:30:08,NDP9334,email_attachment
2026-03-19 08:38:28,NDP9334,email_attachment
2026-03-19 08:41:00,BDD2486,external_upload
2026-03-19 08:42:13,NDP9334,email_attachment
2026-03-19 08:43:00,FYT5150,external_upload
2026-03-19 08:43:49,LZT1886,email_attachment
2026-03-19 08:49:24,QVB2396,email_attachment
2026-03-19 08:51:17,RNQ2109,email_attachment
2026-03-19 08:58:32,NDP9334,email_attachment
2026-03-19 09:00:09,CBJ1209,email_attachment
2026-03-19 09:01:40,YEV3418,email_attachment
2026-03-19 09:02:47,QMF5236,email_attachment
2026-03-19 09:14:40,ESB5979,email_attachment
2026-03-19 09:18:20,WAT3736,email_attachment
2026-03-19 09:19:43,ZYZ3045,email_attachment
2026-03-19 09:22:14,NDP9334,email_attachment
2026-03-19 09:23:10,GDQ4471,external_upload
2026-03-19 09:23:17,KUH3986,email_attachment
2026-03-19 09:24:23,NDP9334,email_attachment
2026-03-19 09:28:00,TES3512,email_attachment
2026-03-19 09:29:01,NDP9334,email_attachment
2026-03-19 09:29:58,TAS0828,email_attachment
2026-03-19 09:30:09,LXW6900,email_attachment
2026-03-19 09:32:36,GCX8279,email_attachment
2026-03-19 09:33:26,DFM1886,email_attachment
2026-03-19 09:39:40,AXY2263,email_attachment
2026-03-19 09:42:16,PBN7758,email_attachment
2026-03-19 09:42:36,CHE2136,external_upload
2026-03-19 09:44:32,CFM9613,email_attachment
2026-03-19 09:46:07,WMZ5470,email_attachment
2026-03-19 09:48:35,TFG1591,email_attachment
2026-03-19 09:51:25,WFH6695,email_attachment
2026-03-19 09:51:52,AET4214,email_attachment
2026-03-19 09:55:37,KAN7127,email_attachment
2026-03-19 09:59:11,NDP9334,email_attachment
2026-03-19 10:01:22,CNT2141,usb_connect
2026-03-19 10:03:19,GMU4984,email_attachment
2026-03-19 10:10:21,ZMU4248,email_attachment
2026-03-19 10:12:32,BYQ0055,email_attachment
2026-03-19 10:13:44,NDP9334,email_attachment
2026-03-19 10:14:49,KHW3426,email_attachment
2026-03-19 10:17:28,LKY2027,email_attachment
2026-03-19 10:19:54,LES3747,email_attachment
2026-03-19 10:20:41,WSH6100,email_attachment
2026-03-19 10:22:57,ABK1532,email_attachment
2026-03-19 10:25:18,LFD8878,email_attachment
2026-03-19 10:26:33,DZS5070,email_attachment
2026-03-19 10:27:50,JAT3224,email_attachment
2026-03-19 10:28:03,VZM3725,external_upload
2026-03-19 10:29:18,TJL6481,email_attachment
2026-03-19 10:33:31,NDP9334,email_attachment
2026-03-19 10:34:07,KXG6499,email_attachment
2026-03-19 10:36:24,WNE8020,email_attachment
2026-03-19 10:41:49,RTA4105,email_attachment
2026-03-19 10:43:39,NDP9334,email_attachment
2026-03-19 10:45:57,NDP9334,email_attachment
2026-03-19 10:47:48,FXU9222,email_attachment
2026-03-19 10:52:04,QGN4889,email_attachment
2026-03-19 10:55:06,UNF6010,usb_connect
2026-03-19 10:55:33,NCS6343,external_upload
2026-03-19 10:57:19,NHK5243,email_attachment
2026-03-19 10:58:33,XBH6953,email_attachment
2026-03-19 10:59:09,TSB0198,usb_connect
2026-03-19 11:00:10,NDP9334,email_attachment
2026-03-19 11:00:12,MFQ3194,email_attachment
2026-03-19 11:02:36,CNT2141,email_attachment
2026-03-19 11:02:53,WGX9994,email_attachment
2026-03-19 11:15:58,YAD0299,email_attachment
2026-03-19 11:16:48,SUQ8029,email_attachment
2026-03-19 11:20:01,JCZ9974,email_attachment
2026-03-19 11:22:04,PXN7264,email_attachment
2026-03-19 11:25:22,GJJ8559,email_attachment
2026-03-19 11:26:42,LWX4132,email_attachment
2026-03-19 11:27:46,TEB4639,email_attachment
2026-03-19 11:29:28,JTY5915,email_attachment
2026-03-19 11:34:12,MAV1191,external_upload
2026-03-19 11:38:13,WGH7459,email_attachment
2026-03-19 11:41:44,BHC0056,email_attachment
2026-03-19 11:42:52,ZEC7331,usb_connect
2026-03-19 11:47:37,JMM1620,external_upload
2026-03-19 11:55:18,DJF0573,email_attachment
2026-03-19 11:55:23,BZF9291,email_attachment
2026-03-19 11:56:02,ZLS6708,external_upload
2026-03-19 11:58:30,ZEC7331,email_attachment
2026-03-19 12:00:11,ZNR6493,email_attachment
2026-03-19 12:00:18,MQW8479,email_attachment
2026-03-19 12:01:20,QRG1638,email_attachment
2026-03-19 12:05:04,XQJ3258,email_attachment
2026-03-19 12:05:58,EDY8122,email_attachment
2026-03-19 12:08:30,PBD5101,email_attachment
2026-03-19 12:11:02,WDF1281,email_attachment
2026-03-19 12:12:01,UUK6210,usb_connect
2026-03-19 12:17:18,KUB8455,email_attachment
2026-03-19 12:20:43,UJM1032,email_attachment
2026-03-19 12:21:59,AHP2632,email_attachment
2026-03-19 12:22:42,JWD6444,email_attachment
2026-03-19 12:23:23,LJF1648,email_attachment
2026-03-19 12:25:08,EVE9861,email_attachment
2026-03-19 12:26:25,KNZ9610,email_attachment
2026-03-19 12:26:57,RLA1209,email_attachment
2026-03-19 12:28:09,TRW0306,email_attachment
2026-03-19 12:30:45,LLE7318,email_attachment
2026-03-19 12:31:26,PBH2552,external_upload
2026-03-19 12:32:37,MXQ5110,email_attachment
2026-03-19 12:38:16,QCU6852,email_attachment
2026-03-19 12:41:38,SUF2908,email_attachment
2026-03-19 12:43:28,RZM7542,email_attachment
2026-03-19 12:46:22,TGV1198,email_attachment
2026-03-19 12:49:59,JGB0064,email_attachment
2026-03-19 12:58:38,YLW8258,email_attachment
2026-03-19 13:03:14,JUY7235,email_attachment
2026-03-19 13:08:14,HRA4252,email_attachment
2026-03-19 13:13:48,RVG2870,email_attachment
2026-03-19 13:23:57,TJE8399,external_upload
2026-03-19 13:25:14,BJF0383,email_attachment
2026-03-19 13:33:41,NWU4142,email_attachment
2026-03-19 13:36:53,VJA7085,email_attachment
2026-03-19 13:39:26,XCW2400,email_attachment
2026-03-19 13:46:32,QMQ7100,email_attachment
2026-03-19 13:50:05,XMV6673,external_upload
2026-03-19 13:51:03,CPQ2082,email_attachment
2026-03-19 13:54:43,WZE9326,usb_connect
2026-03-19 14:05:07,PHD2134,email_attachment
2026-03-19 14:11:36,ZKC0776,email_attachment
2026-03-19 14:13:26,UNZ9660,email_attachment
2026-03-19 14:44:57,BSA5255,email_attachment
2026-03-19 15:11:44,NCR5141,email_attachment
2026-03-19 15:33:42,JNY6012,email_attachment
2026-03-19 16:28:41,KVV5560,external_upload
2026-03-19 16:33:22,NCU7789,email_attachment
2026-03-19 16:35:47,HNP8722,email_attachment
2026-03-19 16:49:59,FBQ1663,email_attachment
2026-03-19 17:09:43,CNL4143,email_attachment
2026-03-19 18:04:19,YPA6465,email_attachment
2026-03-19 18:39:01,TSM1883,email_attachment
2026-03-19 19:32:02,ZBE2522,email_attachment
2026-03-20 05:55:52,NDP9334,email_attachment
2026-03-20 06:06:16,NDP9334,email_attachment
2026-03-20 06:10:05,NDP9334,email_attachment
2026-03-20 06:46:12,NDP9334,email_attachment
2026-03-20 06:55:12,NDP9334,email_attachment
2026-03-20 06:56:30,GUH6255,email_attachment
2026-03-20 07:17:18,NDP9334,email_attachment
2026-03-20 07:24:15,WFC6275,email_attachment
2026-03-20 07:44:29,NYC3644,external_upload
2026-03-20 07:57:03,NDP9334,email_attachment
2026-03-20 07:57:24,NDP9334,email_attachment
2026-03-20 08:03:35,NDP9334,email_attachment
2026-03-20 08:07:17,NDP9334,email_attachment
2026-03-20 08:09:28,NDP9334,email_attachment
2026-03-20 08:11:20,NDP9334,email_attachment
2026-03-20 08:16:35,CDJ5646,email_attachment
2026-03-20 08:22:38,UUN8790,email_attachment
2026-03-20 08:30:50,FQD7162,email_attachment
2026-03-20 08:42:04,NDP9334,email_attachment
2026-03-20 08:42:06,NDP9334,email_attachment
2026-03-20 08:45:07,NDP9334,email_attachment
2026-03-20 08:46:07,RTA4105,email_attachment
2026-03-20 08:49:52,CST4793,email_attachment
2026-03-20 08:53:09,NDP9334,email_attachment
2026-03-20 08:58:45,QCJ4335,email_attachment
2026-03-20 09:02:59,NDP9334,email_attachment
2026-03-20 09:06:03,GXX6793,email_attachment
2026-03-20 09:08:02,UHY5838,email_attachment
2026-03-20 09:08:48,PBN7758,external_upload
2026-03-20 09:09:08,RMR1374,external_upload
2026-03-20 09:23:56,ZPM1121,email_attachment
2026-03-20 09:24:45,NDP9334,email_attachment
2026-03-20 09:26:04,CAJ8151,email_attachment
2026-03-20 09:39:53,VBA9177,email_attachment
2026-03-20 09:41:30,NDP9334,email_attachment
2026-03-20 09:43:02,EVA6243,email_attachment
2026-03-20 09:43:34,PGM8326,email_attachment
2026-03-20 09:44:06,NDP9334,email_attachment
2026-03-20 09:47:07,RDA9676,external_upload
2026-03-20 09:50:02,BJY5505,email_attachment
2026-03-20 09:52:24,EXR0869,email_attachment
2026-03-20 09:56:34,UJY8631,email_attachment
2026-03-20 10:00:35,NDP9334,email_attachment
2026-03-20 10:10:33,EDQ2066,email_attachment
2026-03-20 10:11:14,SSY7885,email_attachment
2026-03-20 10:13:36,XVL5101,email_attachment
2026-03-20 10:20:09,BTK6682,email_attachment
2026-03-20 10:23:31,XHV9567,usb_connect
2026-03-20 10:25:16,SVK8051,external_upload
2026-03-20 10:27:41,LWX4132,email_attachment
2026-03-20 10:28:48,MHN7634,email_attachment
2026-03-20 10:37:35,KYK2416,email_attachment
2026-03-20 10:39:08,XRA6244,email_attachment
2026-03-20 10:40:18,AEH6551,email_attachment
2026-03-20 10:41:08,LRF5084,email_attachment
2026-03-20 10:41:25,SLQ3295,email_attachment
2026-03-20 10:44:24,FAQ1887,email_attachment
2026-03-20 10:46:05,JPH6556,email_attachment
2026-03-20 10:48:19,WDL1835,email_attachment
2026-03-20 10:48:56,ZNR6493,email_attachment
2026-03-20 10:50:33,MBL1790,email_attachment
2026-03-20 10:51:01,YEG4420,email_attachment
2026-03-20 10:51:54,MMX3144,email_attachment
2026-03-20 10:52:44,AKL6350,email_attachment
2026-03-20 10:57:30,PVW1705,email_attachment
2026-03-20 10:57:56,GCX8279,email_attachment
2026-03-20 10:58:03,DKK2039,email_attachment
2026-03-20 11:01:52,DAR0388,email_attachment
2026-03-20 11:02:08,PRY5497,email_attachment
2026-03-20 11:05:04,DUR0271,email_attachment
2026-03-20 11:08:56,QDN2660,external_upload
2026-03-20 11:09:11,FUK9154,email_attachment
2026-03-20 11:09:38,BZC7950,email_attachment
2026-03-20 11:11:21,XZY6637,email_attachment
2026-03-20 11:21:53,FXZ4153,email_attachment
2026-03-20 11:22:20,AWM5248,external_upload
2026-03-20 11:27:31,NGN9252,external_upload
2026-03-20 11:27:47,AMG2238,email_attachment
2026-03-20 11:37:02,RLA1209,email_attachment
2026-03-20 11:38:59,LSN9254,email_attachment
2026-03-20 11:40:45,WEB9338,email_attachment
2026-03-20 11:47:16,XYY9723,email_attachment
2026-03-20 11:54:16,BJF0383,email_attachment
2026-03-20 11:56:14,YRW9640,email_attachment
2026-03-20 11:58:16,QPJ2223,email_attachment
2026-03-20 11:58:19,EAY4106,email_attachment
2026-03-20 12:00:02,HGV8736,email_attachment
2026-03-20 12:00:54,SFV7598,email_attachment
2026-03-20 12:03:20,BXJ9998,email_attachment
2026-03-20 12:08:21,WQK1133,email_attachment
2026-03-20 12:08:54,JNN7072,email_attachment
2026-03-20 12:09:50,TVC5587,email_attachment
2026-03-20 12:18:04,MPN9504,email_attachment
2026-03-20 12:18:41,VRT7427,email_attachment
2026-03-20 12:19:18,TSB0198,email_attachment
2026-03-20 12:21:16,DST2687,email_attachment
2026-03-20 12:26:56,RWR4951,email_attachment
2026-03-20 12:31:52,JRD4682,external_upload
2026-03-20 12:35:30,UZF0135,email_attachment
2026-03-20 12:40:14,VEF4759,email_attachment
2026-03-20 12:41:58,KDK7913,email_attachment
2026-03-20 12:49:07,UZX2476,email_attachment
2026-03-20 12:49:48,WVD6813,email_attachment
2026-03-20 12:51:01,QAG3461,email_attachment
2026-03-20 12:51:45,JDQ9865,external_upload
2026-03-20 12:57:24,MLP4344,email_attachment
2026-03-20 12:57:27,TGT0988,email_attachment
2026-03-20 13:03:10,FDF0458,email_attachment
2026-03-20 13:06:24,VWK2421,email_attachment
2026-03-20 13:23:53,FWZ2671,email_attachment
2026-03-20 13:24:00,NVR3124,email_attachment
2026-03-20 13:29:19,XUG1117,email_attachment
2026-03-20 13:35:08,WPL1436,email_attachment
2026-03-20 13:35:49,FVL4917,email_attachment
2026-03-20 13:38:46,JYJ0485,email_attachment
2026-03-20 13:42:07,VKU7930,external_upload
2026-03-20 13:45:20,VQG5359,email_attachment
2026-03-20 13:49:31,XHZ8584,email_attachment
2026-03-20 13:51:57,HNZ8008,email_attachment
2026-03-20 13:53:27,JHB0982,external_upload
2026-03-20 13:58:39,YHC0501,email_attachment
2026-03-20 14:00:49,UZX2476,external_upload
2026-03-20 14:03:50,GQH7330,email_attachment
2026-03-20 14:14:24,URV9227,email_attachment
2026-03-20 14:15:09,XWE1000,email_attachment
2026-03-20 14:15:44,EER7836,email_attachment
2026-03-20 14:39:10,EGE4292,external_upload
2026-03-20 14:39:47,VMM6896,email_attachment
2026-03-20 14:41:49,FNE3605,email_attachment
2026-03-20 15:10:00,FDC3057,email_attachment
2026-03-20 15:12:17,FRT6341,email_attachment
2026-03-20 15:17:11,QWM5245,email_attachment
2026-03-20 15:56:59,SDK3028,email_attachment
2026-03-20 16:00:24,QKH9033,email_attachment
2026-03-20 17:06:27,RLJ7278,email_attachment
2026-03-20 17:16:23,CMF1527,email_attachment
2026-03-20 17:16:28,WZE9326,external_upload
2026-03-20 17:21:24,BXQ0249,email_attachment
2026-03-20 17:38:49,HFM4572,email_attachment
2026-03-20 17:48:29,QJQ6157,email_attachment
2026-03-20 18:39:57,ZZV3753,email_attachment
2026-03-21 06:22:12,NDP9334,email_attachment
2026-03-21 06:31:09,NDP9334,email_attachment
2026-03-21 06:42:30,NDP9334,email_attachment
2026-03-21 07:05:16,NDP9334,email_attachment
2026-03-21 07:21:15,NDP9334,email_attachment
2026-03-21 07:26:53,NDP9334,email_attachment
2026-03-21 07:31:46,NDP9334,email_attachment
2026-03-21 07:32:39,NDP9334,email_attachment
2026-03-21 07:45:22,NDP9334,email_attachment
2026-03-21 08:07:17,NDP9334,email_attachment
2026-03-21 08:27:36,NDP9334,email_attachment
2026-03-21 08:29:36,NDP9334,email_attachment
2026-03-21 08:47:49,NDP9334,email_attachment
2026-03-21 08:50:42,NDP9334,email_attachment
2026-03-21 08:51:31,NDP9334,email_attachment
2026-03-21 08:59:01,NDP9334,email_attachment
2026-03-21 09:01:15,NDP9334,email_attachment
2026-03-21 09:30:17,NDP9334,email_attachment
2026-03-21 09:54:39,CHZ0215,external_upload
2026-03-21 10:02:05,NDP9334,email_attachment
2026-03-21 10:06:41,NDP9334,email_attachment
2026-03-21 10:16:33,NDP9334,email_attachment
2026-03-21 10:25:35,YWJ4356,email_attachment
2026-03-21 10:37:01,NDP9334,email_attachment
2026-03-21 10:47:32,NDP9334,email_attachment
2026-03-21 10:54:01,NDP9334,email_attachment
2026-03-21 11:01:54,JYU4145,email_attachment
2026-03-21 12:11:19,DBZ5792,email_attachment
2026-03-21 12:33:27,AGD8568,email_attachment
2026-03-21 12:44:26,FQZ0453,email_attachment
2026-03-21 13:19:05,ZXZ4586,usb_connect
2026-03-22 06:41:01,FAP2507,email_attachment
2026-03-22 09:28:53,ASX1419,email_attachment
2026-03-22 09:38:46,QHA2778,email_attachment
2026-03-22 10:33:59,YSE5930,external_upload
2026-03-22 10:43:08,FUK6375,email_attachment
2026-03-22 13:21:46,CWG0826,email_attachment
2026-03-22 13:44:45,YGW2220,email_attachment
2026-03-22 15:06:44,ZXZ4586,usb_connect
2026-03-23 06:52:12,NYC3644,email_attachment
2026-03-23 06:59:57,PRQ3344,email_attachment
2026-03-23 07:36:45,MSV4399,email_attachment
2026-03-23 08:14:47,XRQ5503,email_attachment
2026-03-23 08:42:52,ACU9294,email_attachment
2026-03-23 08:52:21,LJQ0652,email_attachment
2026-03-23 08:52:36,ENQ5809,email_attachment
2026-03-23 08:53:38,DVP3588,email_attachment
2026-03-23 09:16:14,MPF6269,email_attachment
2026-03-23 09:19:21,TJE8399,email_attachment
2026-03-23 09:37:33,YHQ6287,external_upload
2026-03-23 09:37:48,ZFA0404,usb_connect
2026-03-23 09:37:53,ZSX0554,email_attachment
2026-03-23 09:37:58,JRD4682,email_attachment
2026-03-23 09:39:46,NER9488,email_attachment
2026-03-23 09:40:54,MJM7888,email_attachment
2026-03-23 09:43:31,TDD5958,external_upload
2026-03-23 09:43:56,QPN4528,email_attachment
2026-03-23 09:44:27,PXB5969,email_attachment
2026-03-23 09:47:41,HRA1811,external_upload
2026-03-23 09:51:38,TGV1198,email_attachment
2026-03-23 09:54:03,TFM2868,email_attachment
2026-03-23 09:58:46,AHU1712,email_attachment
2026-03-23 09:59:04,BCA1450,email_attachment
2026-03-23 10:03:55,DDZ1774,email_attachment
2026-03-23 10:09:53,KZM4130,email_attachment
2026-03-23 10:10:29,BBY7672,email_attachment
2026-03-23 10:13:53,GTD1289,email_attachment
2026-03-23 10:16:02,DEC1796,email_attachment
2026-03-23 10:20:40,DKY8909,email_attachment
2026-03-23 10:22:20,VYY0720,email_attachment
2026-03-23 10:23:57,TDL5657,email_attachment
2026-03-23 10:25:45,LSK8578,email_attachment
2026-03-23 10:26:38,TES3512,external_upload
2026-03-23 10:31:45,CQN9864,email_attachment
2026-03-23 10:32:47,MFH3970,external_upload
2026-03-23 10:33:32,AYA0123,email_attachment
2026-03-23 10:34:58,JJC4744,email_attachment
2026-03-23 10:47:46,JKC0234,email_attachment
2026-03-23 10:49:27,NMA8068,email_attachment
2026-03-23 10:49:44,WMF0666,email_attachment
2026-03-23 10:53:54,VKU7930,email_attachment
2026-03-23 10:55:28,SGK3997,email_attachment
2026-03-23 11:06:54,GCE4615,email_attachment
2026-03-23 11:08:00,NRA8457,email_attachment
2026-03-23 11:09:27,SMJ5423,email_attachment
2026-03-23 11:09:54,ZYZ3045,usb_connect
2026-03-23 11:13:55,RMR1374,email_attachment
2026-03-23 11:18:37,AFH4934,email_attachment
2026-03-23 11:20:10,CNX4632,email_attachment
2026-03-23 11:22:56,VFK7595,external_upload
2026-03-23 11:23:32,ZZA4587,external_upload
2026-03-23 11:40:41,LTN9063,email_attachment
2026-03-23 11:42:17,JAZ7167,usb_connect
2026-03-23 11:44:19,LGE7701,email_attachment
2026-03-23 11:49:08,GKJ3785,email_attachment
2026-03-23 11:51:14,ECY9951,email_attachment
2026-03-23 11:59:08,BUX6794,email_attachment
2026-03-23 12:00:09,HQL2235,usb_connect
2026-03-23 12:00:53,XZE2186,email_attachment
2026-03-23 12:01:02,UHY5838,email_attachment
2026-03-23 12:03:06,EDU0037,email_attachment
2026-03-23 12:03:07,NHC4657,email_attachment
2026-03-23 12:08:27,UCN8228,email_attachment
2026-03-23 12:10:06,QDR5644,email_attachment
2026-03-23 12:13:37,KJA5482,email_attachment
2026-03-23 12:22:51,HHT2257,usb_connect
2026-03-23 12:24:37,CQN3399,email_attachment
2026-03-23 12:35:06,ZZM0775,email_attachment
2026-03-23 12:37:26,WSM8984,email_attachment
2026-03-23 12:38:57,NNF1030,email_attachment
2026-03-23 12:39:41,KKW9426,email_attachment
2026-03-23 12:41:18,JJM7250,email_attachment
2026-03-23 12:41:34,GEP1888,email_attachment
2026-03-23 12:46:24,JRG9460,email_attachment
2026-03-23 12:48:19,EXB4687,email_attachment
2026-03-23 12:52:32,AMG2238,email_attachment
2026-03-23 12:58:09,NPU2327,email_attachment
2026-03-23 13:00:15,NPJ6022,email_attachment
2026-03-23 13:02:02,UQU4319,external_upload
2026-03-23 13:02:05,YXP0912,email_attachment
2026-03-23 13:04:34,XMY1520,email_attachment
2026-03-23 13:07:22,UEY0965,email_attachment
2026-03-23 13:08:35,HCB6961,email_attachment
2026-03-23 13:12:50,WYR6092,email_attachment
2026-03-23 13:21:00,BSX6865,email_attachment
2026-03-23 13:22:32,FGK0491,email_attachment
2026-03-23 13:22:40,MSQ4117,email_attachment
2026-03-23 13:25:25,SYG1392,external_upload
2026-03-23 13:30:53,ZPM1121,email_attachment
2026-03-23 13:36:51,THU9054,email_attachment
2026-03-23 13:42:33,NRG9357,email_attachment
2026-03-23 13:48:00,PZF1734,email_attachment
2026-03-23 14:05:16,AWD1773,email_attachment
2026-03-23 14:11:45,DUC6242,email_attachment
2026-03-23 14:15:54,XUY0616,email_attachment
2026-03-23 14:48:19,FAN1417,external_upload
2026-03-23 15:36:40,FGE5760,email_attachment
2026-03-23 15:39:27,MQF2689,email_attachment
2026-03-23 16:03:49,TSM1883,email_attachment
2026-03-23 17:31:22,CLW3536,email_attachment
2026-03-23 18:11:58,GCC9567,email_attachment
2026-03-24 06:56:39,WQD6977,email_attachment
2026-03-24 07:10:47,TBB1123,email_attachment
2026-03-24 08:49:12,AFF2174,email_attachment
2026-03-24 09:00:44,VWK1858,email_attachment
2026-03-24 09:06:22,MLR2624,email_attachment
2026-03-24 09:13:54,CQK5506,email_attachment
2026-03-24 09:15:33,LGB8139,email_attachment
2026-03-24 09:20:36,JBQ2200,email_attachment
2026-03-24 09:20:43,XFR9329,email_attachment
2026-03-24 09:28:36,YHQ6287,email_attachment
2026-03-24 09:30:09,LQT4211,email_attachment
2026-03-24 09:34:05,FAM1900,email_attachment
2026-03-24 09:34:52,YRT1492,email_attachment
2026-03-24 09:37:20,HEP4992,email_attachment
2026-03-24 09:38:23,PLX1977,email_attachment
2026-03-24 09:39:04,GCN5908,email_attachment
2026-03-24 09:39:42,BQG7179,external_upload
2026-03-24 09:44:31,XRA6244,email_attachment
2026-03-24 09:55:17,YJN2204,email_attachment
2026-03-24 09:57:38,RGC1753,email_attachment
2026-03-24 10:01:32,BYR0357,email_attachment
2026-03-24 10:01:36,LMK4501,email_attachment
2026-03-24 10:01:37,SUQ0985,external_upload
2026-03-24 10:03:47,ECY9951,email_attachment
2026-03-24 10:04:43,MLP3442,email_attachment
2026-03-24 10:04:51,REY5228,email_attachment
2026-03-24 10:08:31,PEE1804,email_attachment
2026-03-24 10:09:07,DXS7351,external_upload
2026-03-24 10:10:23,MBL1790,email_attachment
2026-03-24 10:14:13,NRA8457,email_attachment
2026-03-24 10:14:17,XME0410,email_attachment
2026-03-24 10:14:52,LRF5084,email_attachment
2026-03-24 10:19:05,JSV7667,email_attachment
2026-03-24 10:19:14,ZVB8376,email_attachment
2026-03-24 10:23:13,NJW2195,external_upload
2026-03-24 10:24:50,KBH1111,email_attachment
2026-03-24 10:25:28,LQN7970,email_attachment
2026-03-24 10:30:00,RME1406,email_attachment
2026-03-24 10:31:26,VQK5549,email_attachment
2026-03-24 10:31:40,ZWD2716,email_attachment
2026-03-24 10:33:11,WNE8020,email_attachment
2026-03-24 10:35:09,PVW1705,external_upload
2026-03-24 10:37:02,EDX0830,email_attachment
2026-03-24 10:40:58,GPU2972,email_attachment
2026-03-24 10:47:21,ZZM0775,email_attachment
2026-03-24 10:48:02,AKV0526,email_attachment
2026-03-24 10:51:36,QPN4528,email_attachment
2026-03-24 10:52:45,NCX1973,email_attachment
2026-03-24 10:53:27,AEH6551,email_attachment
2026-03-24 10:54:55,DKY8909,email_attachment
2026-03-24 10:55:05,XNQ2936,external_upload
2026-03-24 10:55:30,DZG9817,email_attachment
2026-03-24 10:55:54,GGL2672,email_attachment
2026-03-24 10:59:30,UQX0155,email_attachment
2026-03-24 10:59:35,UWV2909,email_attachment
2026-03-24 11:03:16,NAY5358,external_upload
2026-03-24 11:03:22,SRD9645,email_attachment
2026-03-24 11:03:36,FCS6144,email_attachment
2026-03-24 11:07:17,CXT3659,email_attachment
2026-03-24 11:08:22,MPG6197,email_attachment
2026-03-24 11:12:16,WBH1128,external_upload
2026-03-24 11:16:55,DVD2507,email_attachment
2026-03-24 11:17:55,FYM3175,email_attachment
2026-03-24 11:21:58,FVC2640,email_attachment
2026-03-24 11:22:37,KYD3626,email_attachment
2026-03-24 11:23:39,KXG6499,external_upload
2026-03-24 11:25:50,ZZE4562,email_attachment
2026-03-24 11:27:02,VXB2603,email_attachment
2026-03-24 11:27:55,GXB2823,email_attachment
2026-03-24 11:30:24,AKL6350,email_attachment
2026-03-24 11:30:36,TJE8399,email_attachment
2026-03-24 11:31:52,LJF1648,email_attachment
2026-03-24 11:38:25,MAH8506,email_attachment
2026-03-24 11:39:42,LES3747,email_attachment
2026-03-24 11:39:46,RAE4533,email_attachment
2026-03-24 11:40:29,WYA6618,email_attachment
2026-03-24 11:41:49,PTK0032,email_attachment
2026-03-24 11:41:53,DRJ4735,email_attachment
2026-03-24 11:42:55,HNM5714,email_attachment
2026-03-24 11:46:04,XCS2082,email_attachment
2026-03-24 11:49:03,FFK3907,email_attachment
2026-03-24 11:56:01,RRD0169,email_attachment
2026-03-24 12:00:52,HKT6698,email_attachment
2026-03-24 12:02:56,QGD3913,email_attachment
2026-03-24 12:02:57,JSH7286,external_upload
2026-03-24 12:11:36,SDH1198,email_attachment
2026-03-24 12:12:48,FZE5041,email_attachment
2026-03-24 12:18:19,EDB1809,email_attachment
2026-03-24 12:19:15,QQJ6766,email_attachment
2026-03-24 12:22:04,MJD5091,email_attachment
2026-03-24 12:22:20,EWT2292,email_attachment
2026-03-24 12:28:50,JNQ3318,email_attachment
2026-03-24 12:29:32,HUF5919,email_attachment
2026-03-24 12:35:25,KZU0595,external_upload
2026-03-24 12:35:44,UYN3931,email_attachment
2026-03-24 12:39:01,BGM2933,external_upload
2026-03-24 12:39:05,GDV3443,email_attachment
2026-03-24 12:39:26,JLN5393,email_attachment
2026-03-24 12:48:01,LBL5506,email_attachment
2026-03-24 12:51:17,HRT1077,email_attachment
2026-03-24 12:55:11,DEC1796,email_attachment
2026-03-24 12:56:14,JAW8019,email_attachment
2026-03-24 12:56:35,NEW0315,email_attachment
2026-03-24 12:59:35,ABQ3289,email_attachment
2026-03-24 13:02:55,DZL5487,email_attachment
2026-03-24 13:18:53,ZEC7331,email_attachment
2026-03-24 13:23:54,HEK2183,email_attachment
2026-03-24 13:33:15,SCV7784,email_attachment
2026-03-24 13:34:12,ABX8155,email_attachment
2026-03-24 13:42:42,KJA5482,email_attachment
2026-03-24 13:46:27,LUS6673,email_attachment
2026-03-24 14:04:27,MAP1021,email_attachment
2026-03-24 14:10:34,MUT3554,email_attachment
2026-03-24 14:13:35,TYS0561,email_attachment
2026-03-24 14:41:19,DPG4644,email_attachment
2026-03-24 16:01:01,CPS9069,email_attachment
2026-03-24 16:08:12,YDR6958,external_upload
2026-03-24 16:23:36,NAF6431,email_attachment
2026-03-24 16:23:51,QKH9033,email_attachment
2026-03-24 16:37:17,TLA8499,email_attachment
2026-03-24 16:43:32,ZXZ4586,external_upload
2026-03-24 17:04:54,KGW8827,email_attachment
2026-03-24 18:07:07,AVP8904,email_attachment
2026-03-24 18:17:34,MLG1806,email_attachment
2026-03-25 07:04:40,XBD0169,email_attachment
2026-03-25 07:11:35,TNM5145,email_attachment
2026-03-25 07:12:22,XQJ9768,email_attachment
2026-03-25 07:19:37,YYG6468,email_attachment
2026-03-25 07:24:37,ZJV1416,email_attachment
2026-03-25 07:29:26,KHF6510,email_attachment
2026-03-25 07:57:47,EHJ5183,email_attachment
2026-03-25 08:10:07,GKW1903,email_attachment
2026-03-25 08:12:38,HZY8923,email_attachment
2026-03-25 08:17:39,GKB5174,email_attachment
2026-03-25 08:28:06,ZPS7623,email_attachment
2026-03-25 08:37:10,TWL1975,email_attachment
2026-03-25 08:38:18,MPF6269,email_attachment
2026-03-25 08:42:17,XEZ3392,email_attachment
2026-03-25 08:56:32,SRD1581,email_attachment
2026-03-25 09:03:23,AMT3951,email_attachment
2026-03-25 09:13:03,AWE2423,email_attachment
2026-03-25 09:15:13,MPH7693,email_attachment
2026-03-25 09:18:44,KHW3426,email_attachment
2026-03-25 09:27:02,NNF5986,email_attachment
2026-03-25 09:27:12,TZX0052,email_attachment
2026-03-25 09:27:52,TEM1066,email_attachment
2026-03-25 09:29:06,FSG4772,email_attachment
2026-03-25 09:36:59,XYM2687,email_attachment
2026-03-25 09:40:43,MAC3040,email_attachment
2026-03-25 09:43:46,FLU6438,email_attachment
2026-03-25 09:44:03,UFV5252,external_upload
2026-03-25 09:44:18,AWP0070,email_attachment
2026-03-25 09:44:36,NJW2195,email_attachment
2026-03-25 09:45:24,NAS8626,email_attachment
2026-03-25 09:45:25,ASX1419,email_attachment
2026-03-25 09:49:00,PCC6098,email_attachment
2026-03-25 09:49:43,MKD7818,email_attachment
2026-03-25 09:50:53,USB2186,email_attachment
2026-03-25 09:52:26,BNC0564,usb_connect
2026-03-25 09:52:38,JJX7773,email_attachment
2026-03-25 09:52:41,TFG1591,email_attachment
2026-03-25 09:57:40,LQN1265,email_attachment
2026-03-25 10:00:03,SNN2223,email_attachment
2026-03-25 10:04:48,ZYS0684,email_attachment
2026-03-25 10:05:27,DKK2039,email_attachment
2026-03-25 10:09:45,KCS1345,email_attachment
2026-03-25 10:10:21,MPP4576,email_attachment
2026-03-25 10:13:04,YEL9905,email_attachment
2026-03-25 10:14:01,QER4766,email_attachment
2026-03-25 10:15:43,UJU1283,email_attachment
2026-03-25 10:17:51,AGA7372,external_upload
2026-03-25 10:20:45,MLC0444,email_attachment
2026-03-25 10:20:59,FXU9222,email_attachment
2026-03-25 10:23:32,EXR7447,email_attachment
2026-03-25 10:25:27,LTN9063,email_attachment
2026-03-25 10:28:00,MAN1556,email_attachment
2026-03-25 10:28:25,WLX3952,email_attachment
2026-03-25 10:31:46,ADL7522,email_attachment
2026-03-25 10:32:08,PEE1804,email_attachment
2026-03-25 10:33:23,YDX6053,email_attachment
2026-03-25 10:36:57,WGX9994,external_upload
2026-03-25 10:37:05,YYC2668,usb_connect
2026-03-25 10:39:37,URY3648,email_attachment
2026-03-25 10:40:20,TEB4639,email_attachment
2026-03-25 10:41:15,CAJ8151,email_attachment
2026-03-25 10:50:21,WDF1281,email_attachment
2026-03-25 10:51:19,PYE7970,email_attachment
2026-03-25 10:51:32,UCZ1694,email_attachment
2026-03-25 10:52:01,FTQ9220,email_attachment
2026-03-25 11:00:20,RQG6891,external_upload
2026-03-25 11:04:15,JMY7303,email_attachment
2026-03-25 11:04:33,MKV2715,email_attachment
2026-03-25 11:06:51,EED0695,email_attachment
2026-03-25 11:11:57,RCW3682,email_attachment
2026-03-25 11:12:27,KMQ0179,email_attachment
2026-03-25 11:13:02,XTB8409,email_attachment
2026-03-25 11:13:37,EXR7447,external_upload
2026-03-25 11:13:52,HRT1077,email_attachment
2026-03-25 11:23:33,MEP0762,email_attachment
2026-03-25 11:23:36,JWD6444,email_attachment
2026-03-25 11:25:06,LZM5214,usb_connect
2026-03-25 11:26:49,VWK1858,email_attachment
2026-03-25 11:28:00,DMJ7135,email_attachment
2026-03-25 11:42:10,URS5582,email_attachment
2026-03-25 11:44:43,UNZ9660,email_attachment
2026-03-25 11:58:52,XLD3365,email_attachment
2026-03-25 12:00:54,SSY7885,email_attachment
2026-03-25 12:04:07,DUC6242,email_attachment
2026-03-25 12:05:26,UKD6455,email_attachment
2026-03-25 12:07:08,UVK1579,email_attachment
2026-03-25 12:08:48,JMY7303,external_upload
2026-03-25 12:19:16,UHG0793,email_attachment
2026-03-25 12:20:57,YQH6723,email_attachment
2026-03-25 12:22:23,GEL8176,email_attachment
2026-03-25 12:28:03,NFQ8693,email_attachment
2026-03-25 12:30:31,JKQ2520,email_attachment
2026-03-25 12:31:39,KWS9285,email_attachment
2026-03-25 12:41:21,JZE7158,email_attachment
2026-03-25 12:44:41,SJN3046,email_attachment
2026-03-25 12:45:13,KAQ4260,email_attachment
2026-03-25 12:47:21,VXP7389,external_upload
2026-03-25 12:47:39,KHX2969,email_attachment
2026-03-25 12:47:41,SNY9928,email_attachment
2026-03-25 12:48:26,QLB1108,external_upload
2026-03-25 12:50:15,FBZ1173,email_attachment
2026-03-25 12:57:51,DAS6696,email_attachment
2026-03-25 12:57:52,AHW0731,email_attachment
2026-03-25 13:00:46,NJZ6951,external_upload
2026-03-25 13:02:24,RXT9110,email_attachment
2026-03-25 13:03:45,PBH2552,external_upload
2026-03-25 13:14:17,TNT2352,email_attachment
2026-03-25 13:15:54,KYJ2437,email_attachment
2026-03-25 13:27:54,ESZ6803,email_attachment
2026-03-25 13:29:01,BTK6682,email_attachment
2026-03-25 13:30:48,QPN5696,email_attachment
2026-03-25 13:38:28,HUF5919,email_attachment
2026-03-25 13:39:26,VWK2440,email_attachment
2026-03-25 13:42:45,BTH2898,email_attachment
2026-03-25 13:43:13,FHC5582,email_attachment
2026-03-25 13:44:18,WYX0098,email_attachment
2026-03-25 13:48:04,BZS4586,email_attachment
2026-03-25 13:55:20,HNV3692,email_attachment
2026-03-25 13:55:27,NJZ6951,email_attachment
2026-03-25 13:59:50,QJR8672,email_attachment
2026-03-25 14:24:48,ZKC0776,email_attachment
2026-03-25 14:37:13,XDH2481,email_attachment
2026-03-25 15:09:47,UFL2774,email_attachment
2026-03-25 15:21:45,GXS8307,email_attachment
2026-03-25 15:56:08,HHT2257,external_upload
2026-03-25 16:49:48,NGY1374,usb_connect
2026-03-25 17:17:32,YPA6465,email_attachment
2026-03-25 18:22:40,TDP1357,email_attachment
2026-03-25 18:38:16,NMY8501,email_attachment
2026-03-25 18:51:04,PUQ5557,external_upload
2026-03-25 19:00:41,HNP8722,email_attachment
2026-03-25 19:02:48,WPW1401,email_attachment
2026-03-26 07:30:35,QMF5236,email_attachment
2026-03-26 07:37:47,UWT0424,email_attachment
2026-03-26 07:41:18,LEY4602,email_attachment
2026-03-26 07:43:21,XMZ1293,email_attachment
2026-03-26 07:46:35,ERD3114,email_attachment
2026-03-26 07:46:45,ZWE5825,email_attachment
2026-03-26 07:52:13,WSP7770,email_attachment
2026-03-26 08:32:07,FVH0365,email_attachment
2026-03-26 08:33:12,LAB2540,email_attachment
2026-03-26 08:35:02,CLU4292,email_attachment
2026-03-26 08:35:41,EPR5162,email_attachment
2026-03-26 08:39:10,DCJ2497,email_attachment
2026-03-26 08:44:10,FXW8392,email_attachment
2026-03-26 08:48:36,SYZ4998,email_attachment
2026-03-26 08:51:19,FGQ3884,email_attachment
2026-03-26 09:05:41,BDZ4358,email_attachment
2026-03-26 09:08:47,VDC9790,email_attachment
2026-03-26 09:12:50,MSK1068,email_attachment
2026-03-26 09:17:15,MLP3442,email_attachment
2026-03-26 09:23:07,XHA3580,email_attachment
2026-03-26 09:25:07,XLK1677,email_attachment
2026-03-26 09:27:24,UNF6010,email_attachment
2026-03-26 09:31:36,BNC0564,email_attachment
2026-03-26 09:34:58,YTT3725,email_attachment
2026-03-26 09:37:27,MPF6269,email_attachment
2026-03-26 09:41:06,UUX8159,email_attachment
2026-03-26 09:44:21,NJA9445,email_attachment
2026-03-26 09:46:16,JLV8586,email_attachment
2026-03-26 09:49:01,ZSX0554,email_attachment
2026-03-26 09:49:30,HVB3260,external_upload
2026-03-26 09:57:19,RDR1473,email_attachment
2026-03-26 10:00:21,JHE6342,email_attachment
2026-03-26 10:04:28,PCT1393,email_attachment
2026-03-26 10:05:06,QPP6179,email_attachment
2026-03-26 10:06:09,SLC9182,email_attachment
2026-03-26 10:06:31,JCT2106,email_attachment
2026-03-26 10:09:16,SPA9874,email_attachment
2026-03-26 10:13:30,LQR5886,email_attachment
2026-03-26 10:13:42,YKL7625,email_attachment
2026-03-26 10:15:14,WFC6275,external_upload
2026-03-26 10:15:34,AJM2807,email_attachment
2026-03-26 10:17:03,CXD4649,email_attachment
2026-03-26 10:20:17,GCA3290,email_attachment
2026-03-26 10:22:27,XHZ8584,email_attachment
2026-03-26 10:23:03,TZH9641,email_attachment
2026-03-26 10:24:47,CQN9864,email_attachment
2026-03-26 10:24:54,QUX8484,external_upload
2026-03-26 10:27:06,XGE6775,email_attachment
2026-03-26 10:28:20,MDE9058,email_attachment
2026-03-26 10:30:45,PPN0097,email_attachment
2026-03-26 10:32:51,JHW6568,email_attachment
2026-03-26 10:38:39,WWW6722,email_attachment
2026-03-26 10:40:16,CUA1783,email_attachment
2026-03-26 10:42:56,EFS6320,email_attachment
2026-03-26 10:43:37,LRJ0183,email_attachment
2026-03-26 10:48:15,VMF5653,email_attachment
2026-03-26 10:49:49,VPM9822,email_attachment
2026-03-26 10:54:16,NLQ3506,email_attachment
2026-03-26 10:55:28,PYE7970,email_attachment
2026-03-26 10:56:35,GEP1888,email_attachment
2026-03-26 10:58:58,JHY7276,email_attachment
2026-03-26 11:02:34,MMV4490,email_attachment
2026-03-26 11:09:44,UJM1032,email_attachment
2026-03-26 11:11:50,PDE2825,email_attachment
2026-03-26 11:16:21,VUH9541,email_attachment
2026-03-26 11:17:12,VYY0720,usb_connect
2026-03-26 11:18:06,LNF8692,email_attachment
2026-03-26 11:20:50,FRW3182,email_attachment
2026-03-26 11:23:33,BTU7896,email_attachment
2026-03-26 11:23:34,TPG1817,email_attachment
2026-03-26 11:28:07,RVW4318,email_attachment
2026-03-26 11:29:03,WNC6066,email_attachment
2026-03-26 11:34:09,XMY1520,email_attachment
2026-03-26 11:36:06,CXT3659,email_attachment
2026-03-26 11:39:13,CXU6356,email_attachment
2026-03-26 11:45:17,SGQ6755,external_upload
2026-03-26 11:45:47,RBC5531,email_attachment
2026-03-26 11:46:25,HXQ5785,email_attachment
2026-03-26 11:53:28,FPD3066,email_attachment
2026-03-26 11:55:22,MFQ3194,email_attachment
2026-03-26 11:55:31,AEH6551,external_upload
2026-03-26 11:55:52,QTN7519,email_attachment
2026-03-26 12:00:29,WJJ3459,email_attachment
2026-03-26 12:01:41,FAQ1887,email_attachment
2026-03-26 12:09:09,KUH9424,email_attachment
2026-03-26 12:09:59,UZX2476,email_attachment
2026-03-26 12:12:04,HEP6887,external_upload
2026-03-26 12:20:12,QMQ7100,email_attachment
2026-03-26 12:21:22,PZE6595,email_attachment
2026-03-26 12:22:36,GRZ7341,external_upload
2026-03-26 12:28:10,ACU9806,email_attachment
2026-03-26 12:29:41,MRB9312,email_attachment
2026-03-26 12:32:17,CQK5506,email_attachment
2026-03-26 12:33:15,NQN3339,email_attachment
2026-03-26 12:33:34,HGV8736,email_attachment
2026-03-26 12:36:07,WSN8487,email_attachment
2026-03-26 12:40:07,RVY6685,email_attachment
2026-03-26 12:43:23,BYW2880,email_attachment
2026-03-26 12:44:46,GTF6224,email_attachment
2026-03-26 12:46:03,NSQ4495,email_attachment
2026-03-26 12:46:24,PZS1941,email_attachment
2026-03-26 12:48:34,BLE1166,email_attachment
2026-03-26 12:49:29,JCZ9974,email_attachment
2026-03-26 12:49:44,PKG2686,external_upload
2026-03-26 12:54:30,WWD8147,external_upload
2026-03-26 12:56:42,PLX1977,email_attachment
2026-03-26 12:58:09,XLL6759,email_attachment
2026-03-26 12:58:15,AKK7619,email_attachment
2026-03-26 12:59:28,XRA6244,email_attachment
2026-03-26 13:02:17,JPJ1683,email_attachment
2026-03-26 13:12:33,ALC5255,email_attachment
2026-03-26 13:26:20,PEE1804,email_attachment
2026-03-26 13:32:34,VQK5549,email_attachment
2026-03-26 13:34:09,SUQ0985,email_attachment
2026-03-26 13:35:23,KCF6129,email_attachment
2026-03-26 13:37:35,XFR9329,email_attachment
2026-03-26 13:39:06,JLN5393,email_attachment
2026-03-26 13:40:01,FCP7199,email_attachment
2026-03-26 13:42:07,MSQ4117,email_attachment
2026-03-26 14:00:10,MKS7553,email_attachment
2026-03-26 14:23:06,RPB6169,email_attachment
2026-03-26 15:43:10,THH6830,email_attachment
2026-03-26 15:59:06,HSH2400,email_attachment
2026-03-26 16:08:00,MQE0556,email_attachment
2026-03-26 16:24:48,ESG8664,email_attachment
2026-03-26 16:36:30,EKA2417,email_attachment
2026-03-26 17:02:54,NAF6431,email_attachment
2026-03-26 18:15:22,GPG7115,email_attachment
2026-03-27 06:44:52,DVW7466,email_attachment
2026-03-27 07:01:38,XXK4064,email_attachment
2026-03-27 07:06:28,TWT6397,email_attachment
2026-03-27 07:16:56,NCR2209,email_attachment
2026-03-27 07:35:03,QGQ9398,usb_connect
2026-03-27 08:03:41,NYE4816,email_attachment
2026-03-27 08:04:52,TUH6119,email_attachment
2026-03-27 08:05:41,DKP7995,email_attachment
2026-03-27 08:10:41,XNS3801,email_attachment
2026-03-27 08:21:09,GDC9972,email_attachment
2026-03-27 08:41:04,YJK5622,email_attachment
2026-03-27 08:43:06,WLX3952,email_attachment
2026-03-27 08:47:09,KFM9312,email_attachment
2026-03-27 09:05:54,KMQ0179,email_attachment
2026-03-27 09:09:22,BJY5505,email_attachment
2026-03-27 09:13:14,HQN1201,email_attachment
2026-03-27 09:23:47,LBZ7347,email_attachment
2026-03-27 09:24:04,BZA5306,email_attachment
2026-03-27 09:24:11,GUZ0270,external_upload
2026-03-27 09:28:08,BWK1175,email_attachment
2026-03-27 09:29:48,SPC4371,email_attachment
2026-03-27 09:32:47,LWK7649,email_attachment
2026-03-27 09:33:11,VNK6291,email_attachment
2026-03-27 09:36:12,XTM0397,email_attachment
2026-03-27 09:37:06,ZEV5989,email_attachment
2026-03-27 09:37:20,YJK5622,email_attachment
2026-03-27 09:39:03,MGR2928,email_attachment
2026-03-27 09:40:03,YJK5622,email_attachment
2026-03-27 09:45:22,WQQ3666,external_upload
2026-03-27 09:47:01,EDJ2298,email_attachment
2026-03-27 09:48:06,XAD7151,email_attachment
2026-03-27 09:49:23,ZDB2083,email_attachment
2026-03-27 09:57:12,RWS1724,email_attachment
2026-03-27 09:57:29,PRN9467,email_attachment
2026-03-27 09:57:40,FPR2130,email_attachment
2026-03-27 09:58:12,YDD4870,email_attachment
2026-03-27 09:59:46,KWA2081,email_attachment
2026-03-27 09:59:57,VBX6372,email_attachment
2026-03-27 10:00:17,YJK5622,email_attachment
2026-03-27 10:00:29,AKV0526,email_attachment
2026-03-27 10:00:31,NVQ5269,email_attachment
2026-03-27 10:06:36,LXZ8609,email_attachment
2026-03-27 10:08:08,BLL7712,email_attachment
2026-03-27 10:14:45,DRP1861,email_attachment
2026-03-27 10:17:37,ZHK7052,email_attachment
2026-03-27 10:21:30,DYQ2940,email_attachment
2026-03-27 10:21:42,DUU2402,email_attachment
2026-03-27 10:23:34,EXB4687,email_attachment
2026-03-27 10:23:45,MVX7320,email_attachment
2026-03-27 10:23:49,WQK1133,email_attachment
2026-03-27 10:25:19,MJD5091,email_attachment
2026-03-27 10:36:55,VVL2346,email_attachment
2026-03-27 10:38:47,NTR2952,email_attachment
2026-03-27 10:38:55,KND1968,email_attachment
2026-03-27 10:40:06,DKK2039,email_attachment
2026-03-27 10:41:00,VVL2346,email_attachment
2026-03-27 10:42:47,ATS4072,email_attachment
2026-03-27 10:43:01,BKQ9760,email_attachment
2026-03-27 10:43:45,LWK7649,external_upload
2026-03-27 10:45:15,AYV5603,email_attachment
2026-03-27 10:48:49,PMJ2575,email_attachment
2026-03-27 10:49:00,REY5228,email_attachment
2026-03-27 10:51:24,XWY4351,email_attachment
2026-03-27 10:52:51,TVQ3558,email_attachment
2026-03-27 10:53:58,PSV1353,email_attachment
2026-03-27 10:59:58,MYY1099,email_attachment
2026-03-27 11:00:15,HZX9435,email_attachment
2026-03-27 11:01:16,SZM2079,email_attachment
2026-03-27 11:01:28,GCH8602,email_attachment
2026-03-27 11:03:18,VVL2346,email_attachment
2026-03-27 11:04:03,FRD7881,email_attachment
2026-03-27 11:06:05,MCM4583,email_attachment
2026-03-27 11:06:15,BKQ9760,external_upload
2026-03-27 11:07:26,DUL4786,usb_connect
2026-03-27 11:08:27,VVL2346,email_attachment
2026-03-27 11:08:59,GRM4321,email_attachment
2026-03-27 11:09:44,VVL2346,email_attachment
2026-03-27 11:10:39,PRH8587,external_upload
2026-03-27 11:11:20,RGK6603,external_upload
2026-03-27 11:11:38,XFS4277,email_attachment
2026-03-27 11:13:33,GGZ2556,email_attachment
2026-03-27 11:16:22,PTK0032,email_attachment
2026-03-27 11:18:45,VVL2346,email_attachment
2026-03-27 11:22:04,EQA7194,email_attachment
2026-03-27 11:26:46,PMV7499,email_attachment
2026-03-27 11:27:26,KFA0115,email_attachment
2026-03-27 11:27:30,USG4601,email_attachment
2026-03-27 11:32:13,ALH8441,external_upload
2026-03-27 11:32:39,WFJ4177,email_attachment
2026-03-27 11:38:37,GAL0464,email_attachment
2026-03-27 11:39:35,UZX2476,email_attachment
2026-03-27 11:43:32,ZDX6609,email_attachment
2026-03-27 11:46:54,KYD1776,email_attachment
2026-03-27 11:48:24,EKA8131,email_attachment
2026-03-27 11:51:14,LHD4579,external_upload
2026-03-27 11:56:17,CYF6152,email_attachment
2026-03-27 11:57:24,YEL9905,email_attachment
2026-03-27 11:59:38,GBN2847,email_attachment
2026-03-27 12:03:38,FTQ9220,usb_connect
2026-03-27 12:07:49,TXQ6972,external_upload
2026-03-27 12:08:54,WDQ5874,email_attachment
2026-03-27 12:15:22,RQE5788,email_attachment
2026-03-27 12:15:31,ARF3086,email_attachment
2026-03-27 12:15:46,NKN8760,email_attachment
2026-03-27 12:16:23,KLN6982,email_attachment
2026-03-27 12:21:09,VVL2346,email_attachment
2026-03-27 12:24:26,QGB6336,email_attachment
2026-03-27 12:27:14,VFK7595,email_attachment
2026-03-27 12:31:51,TFF8582,email_attachment
2026-03-27 12:34:01,PZP2817,email_attachment
2026-03-27 12:34:54,LQL0537,email_attachment
2026-03-27 12:36:10,JJM7250,email_attachment
2026-03-27 12:37:08,QPT3554,email_attachment
2026-03-27 12:38:22,NHK5243,email_attachment
2026-03-27 12:39:31,WMY3465,email_attachment
2026-03-27 12:39:48,SGQ6755,email_attachment
2026-03-27 12:42:03,PXB7300,email_attachment
2026-03-27 12:45:16,HNJ6294,email_attachment
2026-03-27 12:46:01,GHQ3847,email_attachment
2026-03-27 12:49:33,JQB4720,email_attachment
2026-03-27 12:50:08,JZV6139,email_attachment
2026-03-27 12:52:59,EJM7562,email_attachment
2026-03-27 12:56:04,YEV3418,email_attachment
2026-03-27 12:56:34,YJN2204,email_attachment
2026-03-27 12:57:28,PTB4458,email_attachment
2026-03-27 12:58:59,YJK5622,email_attachment
2026-03-27 13:00:48,EFJ1543,email_attachment
2026-03-27 13:04:23,KZS8027,email_attachment
2026-03-27 13:05:51,DRJ4735,email_attachment
2026-03-27 13:07:44,ZYZ3045,email_attachment
2026-03-27 13:08:03,VXK9645,email_attachment
2026-03-27 13:13:57,AKK7619,email_attachment
2026-03-27 13:19:17,FHJ7859,email_attachment
2026-03-27 13:26:05,RSX0455,email_attachment
2026-03-27 13:28:17,VRF2496,email_attachment
2026-03-27 13:28:32,DVP3588,email_attachment
2026-03-27 13:28:42,VNT8293,email_attachment
2026-03-27 13:33:51,NUY8872,email_attachment
2026-03-27 13:36:10,XMV6673,email_attachment
2026-03-27 13:39:39,GJK7367,email_attachment
2026-03-27 13:51:11,CNE2834,email_attachment
2026-03-27 13:52:43,FQZ0453,email_attachment
2026-03-27 13:53:39,USH7924,email_attachment
2026-03-27 13:55:16,JVX0462,email_attachment
2026-03-27 13:58:27,VMP2757,email_attachment
2026-03-27 14:01:50,PNP5201,email_attachment
2026-03-27 14:03:14,VVL2346,email_attachment
2026-03-27 14:07:19,TVL8943,email_attachment
2026-03-27 14:14:08,VVL2346,email_attachment
2026-03-27 14:42:03,VVL2346,email_attachment
2026-03-27 15:26:59,UKK9924,email_attachment
2026-03-27 15:31:53,BEM7786,email_attachment
2026-03-27 16:27:11,YYV5359,email_attachment
2026-03-27 16:43:59,HYL3094,email_attachment
2026-03-27 16:48:44,YPA6465,email_attachment
2026-03-27 17:17:51,FNE3605,email_attachment
2026-03-27 17:20:35,KHV5264,email_attachment
2026-03-27 17:27:46,ZAT8680,email_attachment
2026-03-27 17:47:41,FSK9241,email_attachment
2026-03-27 17:58:13,VWU2029,email_attachment
2026-03-27 18:16:12,CPS9069,email_attachment
2026-03-27 18:24:21,VVG9350,email_attachment
2026-03-27 18:27:44,BXQ0249,email_attachment
2026-03-28 07:13:54,BBH7509,email_attachment
2026-03-28 07:59:16,LCT5452,email_attachment
2026-03-28 08:20:44,LCT5452,email_attachment
2026-03-28 08:22:53,LCT5452,email_attachment
2026-03-28 08:54:04,LCT5452,email_attachment
2026-03-28 09:32:37,LCT5452,email_attachment
2026-03-28 09:38:58,LCT5452,email_attachment
2026-03-28 09:40:08,YJK5622,email_attachment
2026-03-28 09:48:56,FPN0799,external_upload
2026-03-28 09:51:58,YJK5622,email_attachment
2026-03-28 09:58:23,LCT5452,email_attachment
2026-03-28 10:26:40,GFT4344,email_attachment
2026-03-28 10:30:31,VVL2346,email_attachment
2026-03-28 10:39:07,MHH6200,email_attachment
2026-03-28 10:47:35,VVL2346,email_attachment
2026-03-28 10:48:02,GJF6121,email_attachment
2026-03-28 10:52:20,VVL2346,email_attachment
2026-03-28 10:57:22,YWJ4356,email_attachment
2026-03-28 10:58:05,HSU2212,email_attachment
2026-03-28 11:04:07,LCT5452,email_attachment
2026-03-28 11:11:47,VVL2346,email_attachment
2026-03-28 11:22:11,LCT5452,email_attachment
2026-03-28 11:31:16,LCT5452,email_attachment
2026-03-28 11:49:03,LCT5452,email_attachment
2026-03-28 12:03:14,YJK5622,email_attachment
2026-03-28 12:05:16,VVL2346,email_attachment
2026-03-28 12:06:50,LCT5452,email_attachment
2026-03-28 12:07:30,YJK5622,email_attachment
2026-03-28 12:11:55,VVL2346,email_attachment
2026-03-28 12:21:49,LCT5452,email_attachment
2026-03-28 12:34:53,BKG3081,usb_connect
2026-03-28 13:13:09,YJK5622,email_attachment
2026-03-28 13:17:05,VVL2346,email_attachment
2026-03-28 13:22:10,NZS3709,email_attachment
2026-03-28 13:38:11,VVL2346,email_attachment
2026-03-28 13:40:39,VVL2346,email_attachment
2026-03-28 13:40:49,VVL2346,email_attachment
2026-03-28 13:50:46,VVL2346,email_attachment
2026-03-28 14:13:26,YJK5622,email_attachment
2026-03-29 07:53:39,LCT5452,email_attachment
2026-03-29 07:54:14,LCT5452,email_attachment
2026-03-29 08:01:36,HJJ8961,email_attachment
2026-03-29 08:14:00,LCT5452,email_attachment
2026-03-29 08:41:21,LCT5452,email_attachment
2026-03-29 08:50:52,YJK5622,email_attachment
2026-03-29 08:51:25,LCT5452,email_attachment
2026-03-29 08:57:34,LCT5452,email_attachment
2026-03-29 09:12:53,KQZ1852,email_attachment
2026-03-29 09:32:44,YJK5622,email_attachment
2026-03-29 09:33:05,VVL2346,email_attachment
2026-03-29 09:52:50,LCT5452,email_attachment
2026-03-29 09:57:00,YJK5622,email_attachment
2026-03-29 09:59:32,VVL2346,email_attachment
2026-03-29 10:04:46,YJK5622,email_attachment
2026-03-29 10:45:08,VVL2346,email_attachment
2026-03-29 11:22:30,VVL2346,email_attachment
2026-03-29 11:23:46,VVL2346,email_attachment
2026-03-29 11:28:57,LCT5452,email_attachment
2026-03-29 11:48:48,VVL2346,email_attachment
2026-03-29 12:05:17,LCT5452,email_attachment
2026-03-29 12:18:15,VHZ9119,email_attachment
2026-03-29 12:21:32,YJK5622,email_attachment
2026-03-29 12:39:05,VVL2346,email_attachment
2026-03-29 12:46:52,BKG3081,usb_connect
2026-03-29 13:05:51,YJK5622,email_attachment
2026-03-29 13:16:20,VVL2346,email_attachment
2026-03-29 13:18:07,VVL2346,email_attachment
2026-03-29 15:34:50,BKG3081,external_upload
2026-03-29 17:59:04,TDJ7685,email_attachment
2026-03-30 06:39:32,JNL8381,email_attachment
2026-03-30 06:46:41,NYE4816,email_attachment
2026-03-30 06:49:19,YSM2801,email_attachment
2026-03-30 07:17:24,VCS1161,email_attachment
2026-03-30 07:20:06,GUH6255,email_attachment
2026-03-30 07:54:43,ZWY3357,email_attachment
2026-03-30 08:07:45,JFK1870,email_attachment
2026-03-30 08:11:20,KVF2705,email_attachment
2026-03-30 08:24:52,LCT5452,email_attachment
2026-03-30 08:25:13,TRD4019,email_attachment
2026-03-30 08:40:32,EXR0869,email_attachment
2026-03-30 08:53:25,TBB1123,email_attachment
2026-03-30 09:00:13,TFG1591,email_attachment
2026-03-30 09:02:00,EHC8047,email_attachment
2026-03-30 09:04:10,CME8175,email_attachment
2026-03-30 09:07:16,AFH4934,email_attachment
2026-03-30 09:11:03,FXZ4153,email_attachment
2026-03-30 09:11:31,SQU9903,email_attachment
2026-03-30 09:11:52,LCT5452,email_attachment
2026-03-30 09:12:07,CQN9864,email_attachment
2026-03-30 09:13:19,HMM0573,email_attachment
2026-03-30 09:14:17,FYG5704,email_attachment
2026-03-30 09:17:44,LCT5452,email_attachment
2026-03-30 09:20:14,EXR0869,email_attachment
2026-03-30 09:28:15,GQH7330,email_attachment
2026-03-30 09:31:15,TZU4501,email_attachment
2026-03-30 09:32:34,PCH7421,email_attachment
2026-03-30 09:36:31,EED0695,email_attachment
2026-03-30 09:39:14,JLQ4852,email_attachment
2026-03-30 09:40:03,LCT5452,email_attachment
2026-03-30 09:40:13,EXR0869,email_attachment
2026-03-30 09:41:36,PEV4917,email_attachment
2026-03-30 09:41:50,UTD2378,email_attachment
2026-03-30 09:43:17,JNV0867,email_attachment
2026-03-30 09:50:12,VVL2346,email_attachment
2026-03-30 09:50:33,BQW0871,email_attachment
2026-03-30 09:52:12,VVL2346,email_attachment
2026-03-30 09:52:12,BEQ4335,email_attachment
2026-03-30 09:54:09,TJL7396,email_attachment
2026-03-30 09:57:06,CUK8266,email_attachment
2026-03-30 09:58:42,FLU6438,email_attachment
2026-03-30 10:01:46,ARF3086,email_attachment
2026-03-30 10:02:41,TAS0828,email_attachment
2026-03-30 10:03:52,VVL2346,email_attachment
2026-03-30 10:04:12,EWF9587,email_attachment
2026-03-30 10:04:40,LCT5452,email_attachment
2026-03-30 10:05:46,HQY0328,email_attachment
2026-03-30 10:08:32,RQF4228,email_attachment
2026-03-30 10:09:59,DGW0370,email_attachment
2026-03-30 10:13:21,ESZ6803,email_attachment
2026-03-30 10:13:30,KLW7912,email_attachment
2026-03-30 10:17:05,VVL2346,email_attachment
2026-03-30 10:18:30,TWC7231,email_attachment
2026-03-30 10:18:33,TFM2868,email_attachment
2026-03-30 10:18:43,MDW8277,email_attachment
2026-03-30 10:19:09,EXR0869,email_attachment
2026-03-30 10:22:03,AUH1017,email_attachment
2026-03-30 10:23:07,WZD7435,email_attachment
2026-03-30 10:29:04,YGD6007,email_attachment
2026-03-30 10:37:14,DVE4400,email_attachment
2026-03-30 10:37:38,VVL2346,email_attachment
2026-03-30 10:40:08,LCT5452,email_attachment
2026-03-30 10:43:42,XCS2082,email_attachment
2026-03-30 10:45:14,EXR0869,email_attachment
2026-03-30 10:49:56,MSQ8629,email_attachment
2026-03-30 10:54:24,SEP7391,email_attachment
2026-03-30 10:58:23,LCT5452,email_attachment
2026-03-30 10:59:48,EXR0869,email_attachment
2026-03-30 11:02:50,XMQ4841,email_attachment
2026-03-30 11:04:13,XXK4064,email_attachment
2026-03-30 11:05:15,VVL2346,email_attachment
2026-03-30 11:06:23,QMQ7100,usb_connect
2026-03-30 11:07:50,EXR0869,email_attachment
2026-03-30 11:08:02,VVL2346,external_upload
2026-03-30 11:08:12,XYY9723,email_attachment
2026-03-30 11:09:13,EXR0869,email_attachment
2026-03-30 11:09:19,VVL2346,email_attachment
2026-03-30 11:09:40,NKZ6411,email_attachment
2026-03-30 11:12:52,MQC6265,email_attachment
2026-03-30 11:13:29,EXR0869,email_attachment
2026-03-30 11:13:53,VVL2346,email_attachment
2026-03-30 11:14:21,EXR0869,email_attachment
2026-03-30 11:16:58,PZE6660,email_attachment
2026-03-30 11:18:07,SYR2719,email_attachment
2026-03-30 11:18:25,LXZ8609,email_attachment
2026-03-30 11:18:30,ZWD7442,usb_connect
2026-03-30 11:20:53,BPS9189,email_attachment
2026-03-30 11:21:15,LCT5452,email_attachment
2026-03-30 11:23:12,NGP1594,email_attachment
2026-03-30 11:23:46,LCT5452,email_attachment
2026-03-30 11:23:50,EXR0869,email_attachment
2026-03-30 11:32:58,YXE8184,email_attachment
2026-03-30 11:35:24,EXR0869,email_attachment
2026-03-30 11:37:18,SCD9494,email_attachment
2026-03-30 11:41:46,DLF9810,email_attachment
2026-03-30 11:44:55,EXR0869,email_attachment
2026-03-30 11:45:27,URA4638,email_attachment
2026-03-30 11:46:44,QMM7832,email_attachment
2026-03-30 11:47:17,EXR0869,email_attachment
2026-03-30 11:55:25,ATS4072,email_attachment
2026-03-30 11:55:32,VVL2346,email_attachment
2026-03-30 11:55:50,LCT5452,email_attachment
2026-03-30 11:57:40,TDW4991,email_attachment
2026-03-30 11:57:57,VVL2346,email_attachment
2026-03-30 11:58:31,EXR0869,email_attachment
2026-03-30 12:03:22,CNE2834,email_attachment
2026-03-30 12:03:41,VVL2346,email_attachment
2026-03-30 12:10:41,BQV8037,email_attachment
2026-03-30 12:13:08,LCT5452,email_attachment
2026-03-30 12:15:22,RQX2265,email_attachment
2026-03-30 12:16:59,EXR0869,email_attachment
2026-03-30 12:18:03,MBT6537,usb_connect
2026-03-30 12:18:53,NDQ7160,email_attachment
2026-03-30 12:20:13,UMH4248,email_attachment
2026-03-30 12:24:46,QLT1421,email_attachment
2026-03-30 12:28:22,XUY0616,email_attachment
2026-03-30 12:29:00,VVL2346,email_attachment
2026-03-30 12:29:15,XVG6611,email_attachment
2026-03-30 12:30:02,MXQ5110,email_attachment
2026-03-30 12:30:46,CBK5478,email_attachment
2026-03-30 12:31:36,MCC9628,email_attachment
2026-03-30 12:32:02,LQT4211,email_attachment
2026-03-30 12:33:07,AEY2241,email_attachment
2026-03-30 12:37:53,NBE8069,email_attachment
2026-03-30 12:38:22,RZM7542,email_attachment
2026-03-30 12:44:06,EXR0869,email_attachment
2026-03-30 12:44:51,EXR0869,email_attachment
2026-03-30 12:46:41,EXR0869,email_attachment
2026-03-30 12:46:49,YTW4996,email_attachment
2026-03-30 12:50:49,DZL5487,email_attachment
2026-03-30 12:57:01,EHZ0093,email_attachment
2026-03-30 12:59:36,LCT5452,email_attachment
2026-03-30 13:00:16,RHN7379,email_attachment
2026-03-30 13:01:43,FAJ7200,email_attachment
2026-03-30 13:01:52,MLP3442,email_attachment
2026-03-30 13:02:48,BUX6794,email_attachment
2026-03-30 13:06:05,JSH7286,external_upload
2026-03-30 13:08:07,WTA6371,email_attachment
2026-03-30 13:10:04,HFU3666,email_attachment
2026-03-30 13:11:14,CHE2136,email_attachment
2026-03-30 13:17:08,UWY3981,email_attachment
2026-03-30 13:17:30,KHQ4432,email_attachment
2026-03-30 13:17:37,GRZ7341,email_attachment
2026-03-30 13:18:30,EXR0869,email_attachment
2026-03-30 13:26:45,EXR0869,email_attachment
2026-03-30 13:29:46,WLN4398,email_attachment
2026-03-30 13:30:28,GZG5689,email_attachment
2026-03-30 13:40:36,VVL2346,email_attachment
2026-03-30 13:41:45,XYY3402,external_upload
2026-03-30 13:45:09,UZF0135,email_attachment
2026-03-30 13:55:22,UAK2793,email_attachment
2026-03-30 13:58:49,GCC9567,email_attachment
2026-03-30 14:05:19,AXC9012,email_attachment
2026-03-30 14:08:05,HLZ1544,email_attachment
2026-03-30 14:11:22,NLQ3506,email_attachment
2026-03-30 14:31:38,AKG3234,email_attachment
2026-03-30 15:03:45,RZG0245,email_attachment
2026-03-30 15:24:40,ZVN1622,email_attachment
2026-03-30 15:48:26,JYE4158,email_attachment
2026-03-30 15:48:35,WRB3527,usb_connect
2026-03-30 16:43:46,BXQ0249,email_attachment
2026-03-30 17:01:41,KPY3791,email_attachment
2026-03-30 17:39:03,AVA4350,email_attachment
2026-03-30 17:44:03,SDK3028,email_attachment
2026-03-30 17:47:40,GPM7681,email_attachment
2026-03-30 18:19:46,HNP8722,email_attachment
2026-03-31 07:02:17,FPR2130,email_attachment
2026-03-31 07:49:33,FAV1376,email_attachment
2026-03-31 08:02:28,WGT5862,email_attachment
2026-03-31 08:18:38,LCT5452,email_attachment
2026-03-31 08:29:28,SGK3997,email_attachment
2026-03-31 08:31:54,LCT5452,email_attachment
2026-03-31 08:36:03,CFK9105,email_attachment
2026-03-31 08:37:25,PBN7758,email_attachment
2026-03-31 08:37:57,GGA9880,email_attachment
2026-03-31 08:46:41,LWK7649,email_attachment
2026-03-31 08:56:26,QVB2396,email_attachment
2026-03-31 09:01:11,EXR0869,email_attachment
2026-03-31 09:07:38,KND1968,email_attachment
2026-03-31 09:21:42,PLX1977,email_attachment
2026-03-31 09:28:56,DEM6096,email_attachment
2026-03-31 09:29:02,LCT5452,email_attachment
2026-03-31 09:34:42,WAH0322,email_attachment
2026-03-31 09:35:38,LMG0501,email_attachment
2026-03-31 09:37:00,BES5832,email_attachment
2026-03-31 09:37:40,VMF5653,email_attachment
2026-03-31 09:38:05,DAL8893,email_attachment
2026-03-31 09:39:56,XEC2112,email_attachment
2026-03-31 09:43:28,HKB6535,email_attachment
2026-03-31 09:46:56,EXR0869,email_attachment
2026-03-31 09:52:22,CNE2834,email_attachment
2026-03-31 09:54:54,VVL2346,email_attachment
2026-03-31 09:58:57,DZG6303,email_attachment
2026-03-31 09:59:34,XYA5835,email_attachment
2026-03-31 10:01:02,KRS4164,email_attachment
2026-03-31 10:01:53,QKF3756,email_attachment
2026-03-31 10:03:05,EXR0869,email_attachment
2026-03-31 10:03:46,LCT5452,email_attachment
2026-03-31 10:04:49,WNZ6737,external_upload
2026-03-31 10:05:31,LCT5452,email_attachment
2026-03-31 10:07:31,ZMY6132,email_attachment
2026-03-31 10:08:30,KFS8428,email_attachment
2026-03-31 10:08:52,TKR9198,email_attachment
2026-03-31 10:09:26,DHT3461,email_attachment
2026-03-31 10:10:18,WRB3527,email_attachment
2026-03-31 10:12:02,EXR0869,email_attachment
2026-03-31 10:12:20,NVR3124,email_attachment
2026-03-31 10:14:04,WVD6813,email_attachment
2026-03-31 10:14:51,HTF8013,email_attachment
2026-03-31 10:14:55,AFL5958,email_attachment
2026-03-31 10:15:26,ZEU3356,email_attachment
2026-03-31 10:15:52,LFD8878,email_attachment
2026-03-31 10:23:25,EXR0869,email_attachment
2026-03-31 10:26:13,VVL2346,email_attachment
2026-03-31 10:27:44,EXR0869,email_attachment
2026-03-31 10:30:17,ESW3216,email_attachment
2026-03-31 10:30:46,HPN5740,email_attachment
2026-03-31 10:31:34,LCT5452,email_attachment
2026-03-31 10:31:37,XLU2700,email_attachment
2026-03-31 10:34:31,EXR0869,email_attachment
2026-03-31 10:37:07,FAJ7200,email_attachment
2026-03-31 10:38:03,NKZ6411,email_attachment
2026-03-31 10:39:38,BGP2631,email_attachment
2026-03-31 10:39:38,AEH6551,email_attachment
2026-03-31 10:43:07,FMC2914,email_attachment
2026-03-31 10:43:15,FFU2880,external_upload
2026-03-31 10:44:24,DYJ4158,email_attachment
2026-03-31 10:45:23,EXR0869,email_attachment
2026-03-31 10:50:31,LCT5452,email_attachment
2026-03-31 10:52:57,XLD3365,email_attachment
2026-03-31 10:56:01,AMG2238,email_attachment
2026-03-31 10:56:33,CWG5462,email_attachment
2026-03-31 10:58:03,HTL3528,email_attachment
2026-03-31 10:59:59,LCT5452,email_attachment
2026-03-31 11:01:44,WRH5562,email_attachment
2026-03-31 11:05:04,EXR0869,email_attachment
2026-03-31 11:06:28,DDL7713,external_upload
2026-03-31 11:07:10,HAB6562,external_upload
2026-03-31 11:07:12,DRP1861,email_attachment
2026-03-31 11:09:52,CDW9992,email_attachment
2026-03-31 11:13:08,FQD7162,email_attachment
2026-03-31 11:17:30,EXR0869,email_attachment
2026-03-31 11:18:38,CSB7056,email_attachment
2026-03-31 11:18:40,PNS6712,external_upload
2026-03-31 11:19:07,EXR0869,email_attachment
2026-03-31 11:19:51,LXZ8609,email_attachment
2026-03-31 11:20:47,NAY5358,email_attachment
2026-03-31 11:21:27,LCT5452,email_attachment
2026-03-31 11:25:17,EPC6113,email_attachment
2026-03-31 11:33:59,WKX4894,email_attachment
2026-03-31 11:41:31,BYH4413,email_attachment
2026-03-31 11:43:00,NJA9445,email_attachment
2026-03-31 11:44:02,EXR0869,email_attachment
2026-03-31 11:48:05,PBM4108,email_attachment
2026-03-31 11:48:43,VVL2346,email_attachment
2026-03-31 11:49:00,SVP4915,external_upload
2026-03-31 11:50:16,JZE7158,external_upload
2026-03-31 11:52:03,YWL9659,email_attachment
2026-03-31 11:53:21,LCT5452,email_attachment
2026-03-31 11:55:43,TJP4948,email_attachment
2026-03-31 11:56:27,DRV9684,email_attachment
2026-03-31 11:57:07,KNZ9610,email_attachment
2026-03-31 11:57:45,NFU7665,email_attachment
2026-03-31 11:58:32,GUZ0270,email_attachment
2026-03-31 11:59:58,JAC2356,email_attachment
2026-03-31 12:00:22,ZPM1121,email_attachment
2026-03-31 12:00:52,LCT5452,email_attachment
2026-03-31 12:04:58,EYU6957,email_attachment
2026-03-31 12:05:55,QPP6179,email_attachment
2026-03-31 12:06:48,TLD8832,email_attachment
2026-03-31 12:06:55,EXR0869,email_attachment
2026-03-31 12:08:17,DDM6212,external_upload
2026-03-31 12:09:40,MRE0291,email_attachment
2026-03-31 12:09:45,BEQ4335,email_attachment
2026-03-31 12:12:03,EXR0869,email_attachment
2026-03-31 12:16:44,BSW8923,email_attachment
2026-03-31 12:18:36,LCT5452,email_attachment
2026-03-31 12:19:26,URY3648,email_attachment
2026-03-31 12:22:16,VVL2346,email_attachment
2026-03-31 12:23:13,SPM1999,email_attachment
2026-03-31 12:24:02,TZU4501,email_attachment
2026-03-31 12:27:44,MKD7818,email_attachment
2026-03-31 12:33:05,LCT5452,email_attachment
2026-03-31 12:33:15,VVL2346,email_attachment
2026-03-31 12:34:04,ELY1202,email_attachment
2026-03-31 12:37:41,ADK8646,email_attachment
2026-03-31 12:38:54,NNN7074,email_attachment
2026-03-31 12:41:41,ZMY8800,email_attachment
2026-03-31 12:41:44,UCZ4677,external_upload
2026-03-31 12:43:55,VYM2689,email_attachment
2026-03-31 12:44:41,PCP4778,email_attachment
2026-03-31 12:46:04,APP7090,email_attachment
2026-03-31 12:46:19,AWD6308,email_attachment
2026-03-31 12:49:13,EXR0869,email_attachment
2026-03-31 12:51:56,SLC9182,email_attachment
2026-03-31 12:52:10,EXR0869,email_attachment
2026-03-31 12:57:43,MBT6537,email_attachment
2026-03-31 12:57:54,XRX7622,email_attachment
2026-03-31 12:59:44,RSL7536,email_attachment
2026-03-31 13:02:12,RRD0169,email_attachment
2026-03-31 13:02:48,QLD5822,email_attachment
2026-03-31 13:04:53,UMH4248,email_attachment
2026-03-31 13:05:29,BDJ0886,email_attachment
2026-03-31 13:06:42,EXR0869,email_attachment
2026-03-31 13:06:48,EXR0869,email_attachment
2026-03-31 13:11:21,GBN2847,email_attachment
2026-03-31 13:12:48,ACN5603,email_attachment
2026-03-31 13:14:06,VVL2346,email_attachment
2026-03-31 13:15:24,EXR0869,email_attachment
2026-03-31 13:15:47,EXR0869,email_attachment
2026-03-31 13:16:35,JDA6078,email_attachment
2026-03-31 13:17:35,PVN2212,email_attachment
2026-03-31 13:19:22,PVA9116,email_attachment
2026-03-31 13:20:47,GEL8176,email_attachment
2026-03-31 13:23:49,EXR0869,email_attachment
2026-03-31 13:25:23,LQL0537,email_attachment
2026-03-31 13:25:48,BGD9256,email_attachment
2026-03-31 13:30:39,BMB4369,email_attachment
2026-03-31 13:31:16,FXU6508,email_attachment
2026-03-31 13:34:07,VVL2346,email_attachment
2026-03-31 13:39:44,HNV3692,external_upload
2026-03-31 13:40:01,EXR0869,email_attachment
2026-03-31 13:47:34,VVL2346,email_attachment
2026-03-31 13:55:21,EXR0869,email_attachment
2026-03-31 13:58:43,RGK6603,email_attachment
2026-03-31 14:10:13,TZH9641,email_attachment
2026-03-31 14:11:25,AHZ1657,email_attachment
2026-03-31 14:23:16,LZY0366,email_attachment
2026-03-31 14:36:04,VVL2346,email_attachment
2026-03-31 14:45:45,KFM9718,email_attachment
2026-03-31 14:53:22,UKK9924,email_attachment
2026-03-31 15:56:37,DAR0062,external_upload
2026-03-31 16:16:55,UUQ7472,email_attachment
2026-03-31 16:18:37,WRB3527,usb_connect
2026-03-31 16:46:55,QVW8593,email_attachment
2026-03-31 17:26:19,KPY3791,email_attachment
2026-03-31 17:27:51,ZBE2522,email_attachment
2026-03-31 17:31:16,WRB3527,external_upload
2026-03-31 18:14:04,BXU0879,external_upload
2026-03-31 18:38:40,SEX3930,email_attachment
2026-03-31 19:08:35,KXD0078,email_attachment
2026-03-31 19:13:27,UMH6643,email_attachment
2026-04-01 06:39:06,MSV4399,email_attachment
2026-04-01 06:43:46,GKB5174,email_attachment
2026-04-01 07:30:41,QPN4528,email_attachment
2026-04-01 07:51:06,SRN5527,email_attachment
2026-04-01 08:35:39,PHM0513,email_attachment
2026-04-01 08:52:06,EXR0869,email_attachment
2026-04-01 08:56:27,HJV4248,email_attachment
2026-04-01 09:02:01,EXR0869,email_attachment
2026-04-01 09:02:22,EPE6804,email_attachment
2026-04-01 09:02:44,LWX4132,email_attachment
2026-04-01 09:08:05,JZS9834,email_attachment
2026-04-01 09:08:28,XEP1569,email_attachment
2026-04-01 09:17:04,BNJ6311,email_attachment
2026-04-01 09:23:05,EXR0869,email_attachment
2026-04-01 09:24:42,FXW8392,email_attachment
2026-04-01 09:27:02,LCT5452,email_attachment
2026-04-01 09:27:27,LCT5452,email_attachment
2026-04-01 09:28:18,YDX6053,email_attachment
2026-04-01 09:30:26,RQF4228,email_attachment
2026-04-01 09:32:24,HWT1384,email_attachment
2026-04-01 09:33:06,QDG0193,email_attachment
2026-04-01 09:33:37,UUP0066,email_attachment
2026-04-01 09:35:41,JGH7582,email_attachment
2026-04-01 09:38:43,ZZL0154,email_attachment
2026-04-01 09:40:14,RAR4641,email_attachment
2026-04-01 09:40:42,NCX1973,email_attachment
2026-04-01 09:42:21,AAE7371,email_attachment
2026-04-01 09:48:06,EXR0869,email_attachment
2026-04-01 09:48:23,XUY0616,email_attachment
2026-04-01 09:52:34,LKL1757,external_upload
2026-04-01 09:53:01,LVX5290,email_attachment
2026-04-01 09:54:06,AAA0409,email_attachment
2026-04-01 09:55:29,GEL8176,email_attachment
2026-04-01 09:56:41,JZE7158,email_attachment
2026-04-01 09:57:47,KJF3665,email_attachment
2026-04-01 09:59:15,XXK4064,email_attachment
2026-04-01 09:59:49,UWH4462,email_attachment
2026-04-01 10:01:55,AJN8374,email_attachment
2026-04-01 10:03:02,UCQ6477,email_attachment
2026-04-01 10:07:03,HDT4060,email_attachment
2026-04-01 10:09:58,KNZ9610,email_attachment
2026-04-01 10:12:49,VPP1509,email_attachment
2026-04-01 10:13:45,TPW6281,email_attachment
2026-04-01 10:18:08,FHC5582,external_upload
2026-04-01 10:19:38,BZR9273,email_attachment
2026-04-01 10:19:54,AXC9012,email_attachment
2026-04-01 10:19:56,XQJ3258,email_attachment
2026-04-01 10:21:32,NQD2465,email_attachment
2026-04-01 10:23:50,UTP4301,email_attachment
2026-04-01 10:24:33,JWU4729,email_attachment
2026-04-01 10:25:19,TDW4991,email_attachment
2026-04-01 10:25:58,CNE2834,email_attachment
2026-04-01 10:29:54,FMJ5549,email_attachment
2026-04-01 10:31:44,UWB6084,email_attachment
2026-04-01 10:34:21,EXR0869,email_attachment
2026-04-01 10:36:52,KLP0024,email_attachment
2026-04-01 10:40:12,REB6617,email_attachment
2026-04-01 10:41:36,VLW8532,email_attachment
2026-04-01 10:42:36,EXR0869,email_attachment
2026-04-01 10:46:10,LCT5452,email_attachment
2026-04-01 10:50:26,LHA6122,email_attachment
2026-04-01 10:51:19,EXR0869,email_attachment
2026-04-01 10:52:40,PYR2813,usb_connect
2026-04-01 10:54:51,CST4793,email_attachment
2026-04-01 11:00:06,AHW0731,email_attachment
2026-04-01 11:01:12,DUU2402,email_attachment
2026-04-01 11:05:01,JUU7757,email_attachment
2026-04-01 11:05:10,EXR0869,email_attachment
2026-04-01 11:06:58,NWE6943,external_upload
2026-04-01 11:09:03,WWD8147,email_attachment
2026-04-01 11:09:19,YUQ8189,email_attachment
2026-04-01 11:10:53,ZXZ5897,email_attachment
2026-04-01 11:15:11,ZKA7775,email_attachment
2026-04-01 11:15:48,SUP0820,email_attachment
2026-04-01 11:20:57,XYZ5709,email_attachment
2026-04-01 11:21:14,PMD5808,external_upload
2026-04-01 11:21:42,GCQ3102,email_attachment
2026-04-01 11:31:04,EXR0869,email_attachment
2026-04-01 11:38:27,HNJ6294,email_attachment
2026-04-01 11:41:32,EXR0869,email_attachment
2026-04-01 11:44:59,LCT5452,email_attachment
2026-04-01 11:47:43,KJA5482,email_attachment
2026-04-01 11:49:02,ZPM1121,external_upload
2026-04-01 11:54:18,LSN9254,email_attachment
2026-04-01 11:55:04,PYP8182,email_attachment
2026-04-01 11:58:31,AAT6431,email_attachment
2026-04-01 11:58:33,EXR0869,email_attachment
2026-04-01 11:58:46,RNC6937,email_attachment
2026-04-01 12:00:26,UBK2435,email_attachment
2026-04-01 12:01:32,MHN7634,email_attachment
2026-04-01 12:03:50,BZS4586,email_attachment
2026-04-01 12:11:49,PRH8587,email_attachment
2026-04-01 12:12:25,VYB4200,email_attachment
2026-04-01 12:13:44,UFV5252,email_attachment
2026-04-01 12:20:47,NKB9927,email_attachment
2026-04-01 12:22:17,LCT5452,email_attachment
2026-04-01 12:22:29,FPD3066,email_attachment
2026-04-01 12:22:55,TLW1083,external_upload
2026-04-01 12:23:04,DZC7596,email_attachment
2026-04-01 12:23:16,GDV3443,email_attachment
2026-04-01 12:23:22,LCT5452,email_attachment
2026-04-01 12:24:10,SHU2366,email_attachment
2026-04-01 12:25:16,BLL7712,external_upload
2026-04-01 12:26:46,UCW7537,email_attachment
2026-04-01 12:27:34,RCT0485,email_attachment
2026-04-01 12:27:35,FYW9481,email_attachment
2026-04-01 12:27:49,RXP3546,email_attachment
2026-04-01 12:28:58,EXR0869,email_attachment
2026-04-01 12:29:44,VZK5081,email_attachment
2026-04-01 12:29:45,EWC1412,email_attachment
2026-04-01 12:33:53,QLB1108,email_attachment
2026-04-01 12:34:06,YYD5558,email_attachment
2026-04-01 12:36:33,VYC8658,email_attachment
2026-04-01 12:38:29,WYW4325,email_attachment
2026-04-01 12:38:59,QSY1804,external_upload
2026-04-01 12:39:30,LCT5452,email_attachment
2026-04-01 12:40:47,EXR0869,email_attachment
2026-04-01 12:44:36,DVE4400,email_attachment
2026-04-01 12:45:11,VDX6246,email_attachment
2026-04-01 12:47:01,RSX1179,external_upload
2026-04-01 12:47:05,CTX8615,email_attachment
2026-04-01 12:48:15,MMV4490,email_attachment
2026-04-01 12:48:24,FUK6375,email_attachment
2026-04-01 12:50:12,MKV2715,external_upload
2026-04-01 12:50:46,RMA9672,email_attachment
2026-04-01 12:54:10,SGG1149,email_attachment
2026-04-01 12:54:23,DHG3808,email_attachment
2026-04-01 12:56:07,HJL4782,email_attachment
2026-04-01 12:56:51,TAG0290,email_attachment
2026-04-01 12:57:55,SEA8756,email_attachment
2026-04-01 12:58:37,ENG6450,email_attachment
2026-04-01 12:59:16,UMB9505,external_upload
2026-04-01 13:00:05,LCT5452,email_attachment
2026-04-01 13:00:46,WZD7435,email_attachment
2026-04-01 13:03:25,EXR0869,email_attachment
2026-04-01 13:03:57,LCT5452,email_attachment
2026-04-01 13:04:25,XKJ6099,email_attachment
2026-04-01 13:05:27,CXT3659,email_attachment
2026-04-01 13:06:34,EXR0869,email_attachment
2026-04-01 13:11:59,EXR0869,email_attachment
2026-04-01 13:14:34,EXR0869,email_attachment
2026-04-01 13:14:57,EXR0869,email_attachment
2026-04-01 13:16:21,WNL8355,email_attachment
2026-04-01 13:20:04,TLW1083,email_attachment
2026-04-01 13:22:10,FPS7859,email_attachment
2026-04-01 13:26:26,HPN5740,email_attachment
2026-04-01 13:27:39,JSV7667,email_attachment
2026-04-01 13:32:13,ZGH0956,external_upload
2026-04-01 13:41:38,EXR0869,email_attachment
2026-04-01 13:42:36,EXR0869,email_attachment
2026-04-01 13:43:40,EXR0869,email_attachment
2026-04-01 13:48:41,VXP7389,email_attachment
2026-04-01 13:49:11,BTK6682,email_attachment
2026-04-01 13:56:02,YTJ0104,email_attachment
2026-04-01 14:02:47,DVM0465,email_attachment
2026-04-01 14:19:41,HSU2212,email_attachment
2026-04-01 14:30:19,YDR6958,email_attachment
2026-04-01 14:52:30,YEA8551,email_attachment
2026-04-01 15:01:34,AVA4350,email_attachment
2026-04-01 15:20:18,UHE0352,email_attachment
2026-04-01 15:41:26,MQF2689,email_attachment
2026-04-01 16:10:22,VTF6090,email_attachment
2026-04-01 16:32:16,RLL7595,email_attachment
2026-04-01 16:43:32,SHK7018,email_attachment
2026-04-01 17:07:44,MQE0556,email_attachment
2026-04-01 17:12:16,JBR9641,email_attachment
2026-04-01 17:15:40,LWR8329,email_attachment
2026-04-01 17:23:19,TDJ7685,email_attachment
2026-04-01 18:49:06,ACG7504,email_attachment
2026-04-02 06:47:50,QJY3577,email_attachment
2026-04-02 06:53:59,UJU1283,email_attachment
2026-04-02 07:13:45,NLG8390,external_upload
2026-04-02 07:22:48,ZPV1141,email_attachment
2026-04-02 07:42:33,UWC4350,email_attachment
2026-04-02 08:11:56,KSJ5231,external_upload
2026-04-02 08:16:41,EUM2584,email_attachment
2026-04-02 08:20:30,GUH6255,email_attachment
2026-04-02 08:26:43,WUQ1004,email_attachment
2026-04-02 08:28:54,EXR0869,email_attachment
2026-04-02 08:33:11,EXR0869,email_attachment
2026-04-02 08:45:19,EXR0869,email_attachment
2026-04-02 08:49:34,EHC8047,email_attachment
2026-04-02 08:49:45,NCR2209,email_attachment
2026-04-02 08:53:16,BUX6794,email_attachment
2026-04-02 08:54:59,BDD2486,email_attachment
2026-04-02 09:04:18,SVP4915,email_attachment
2026-04-02 09:04:48,AXF9093,email_attachment
2026-04-02 09:09:09,EXR0869,email_attachment
2026-04-02 09:16:00,EXR0869,email_attachment
2026-04-02 09:19:01,BDZ4358,email_attachment
2026-04-02 09:19:31,EXR0869,email_attachment
2026-04-02 09:20:46,JQP1045,email_attachment
2026-04-02 09:21:00,YFC6168,email_attachment
2026-04-02 09:22:05,BKT2605,external_upload
2026-04-02 09:22:55,LCE0048,email_attachment
2026-04-02 09:23:41,DEC1796,email_attachment
2026-04-02 09:24:07,BNJ6311,email_attachment
2026-04-02 09:30:07,KHF6510,email_attachment
2026-04-02 09:30:55,MWL3483,email_attachment
2026-04-02 09:33:16,XSS6374,email_attachment
2026-04-02 09:36:32,GCA6821,email_attachment
2026-04-02 09:37:31,UUN6760,external_upload
2026-04-02 09:45:00,MHA1657,email_attachment
2026-04-02 09:53:01,KKY5139,email_attachment
2026-04-02 09:58:10,ZYE5732,external_upload
2026-04-02 09:58:36,DEC1796,email_attachment
2026-04-02 09:59:15,ZHU0615,external_upload
2026-04-02 10:00:54,HFU3666,email_attachment
2026-04-02 10:01:41,AFK9429,email_attachment
2026-04-02 10:05:46,BLE1166,email_attachment
2026-04-02 10:05:58,TBB1123,email_attachment
2026-04-02 10:08:11,XHA3580,email_attachment
2026-04-02 10:11:36,FQZ0453,email_attachment
2026-04-02 10:12:45,HLA5869,email_attachment
2026-04-02 10:16:35,QDS1979,email_attachment
2026-04-02 10:16:42,SHE0377,email_attachment
2026-04-02 10:16:56,HKT6698,email_attachment
2026-04-02 10:18:31,LLJ6063,email_attachment
2026-04-02 10:22:11,JDQ9865,email_attachment
2026-04-02 10:22:23,MDW8277,email_attachment
2026-04-02 10:22:48,TFH1718,email_attachment
2026-04-02 10:23:20,KNZ9610,email_attachment
2026-04-02 10:23:38,XKJ4542,email_attachment
2026-04-02 10:24:03,YJC5459,usb_connect
2026-04-02 10:25:59,ADK8646,email_attachment
2026-04-02 10:36:18,NLG8390,email_attachment
2026-04-02 10:38:04,TZA7171,email_attachment
2026-04-02 10:38:08,CQR0703,email_attachment
2026-04-02 10:41:00,PTK0032,usb_connect
2026-04-02 10:43:26,EXR0869,email_attachment
2026-04-02 10:45:27,UCQ6477,email_attachment
2026-04-02 10:46:30,EBR6957,email_attachment
2026-04-02 10:51:15,ENC6545,email_attachment
2026-04-02 10:53:25,EXR0869,email_attachment
2026-04-02 10:54:49,GAR8123,email_attachment
2026-04-02 10:55:36,EXR0869,email_attachment
2026-04-02 10:56:25,DTW9753,email_attachment
2026-04-02 10:56:26,CXD4649,email_attachment
2026-04-02 11:00:29,NDL3725,email_attachment
2026-04-02 11:00:48,SQE3562,email_attachment
2026-04-02 11:04:16,NAY5358,email_attachment
2026-04-02 11:05:51,EPE6804,email_attachment
2026-04-02 11:11:31,RAE4533,email_attachment
2026-04-02 11:12:13,FGK0491,email_attachment
2026-04-02 11:12:32,ESW3216,email_attachment
2026-04-02 11:13:56,SMJ5423,external_upload
2026-04-02 11:17:37,DEA2977,email_attachment
2026-04-02 11:17:49,NTF4227,email_attachment
2026-04-02 11:20:22,EXR0869,email_attachment
2026-04-02 11:21:31,EXR0869,email_attachment
2026-04-02 11:21:40,YSW7344,email_attachment
2026-04-02 11:23:58,YGU2995,email_attachment
2026-04-02 11:33:44,AUH1017,email_attachment
2026-04-02 11:34:03,DEC1796,email_attachment
2026-04-02 11:34:54,PEE1804,email_attachment
2026-04-02 11:36:26,PFV1079,email_attachment
2026-04-02 11:37:36,DEC1796,email_attachment
2026-04-02 11:44:30,QLB1108,external_upload
2026-04-02 11:55:58,EXR0869,email_attachment
2026-04-02 11:56:52,AMQ0877,email_attachment
2026-04-02 11:57:39,JLW9735,email_attachment
2026-04-02 12:07:05,DLF9810,email_attachment
2026-04-02 12:08:20,QZQ7908,email_attachment
2026-04-02 12:11:56,HKH3896,email_attachment
2026-04-02 12:12:20,PSZ0395,email_attachment
2026-04-02 12:17:15,EXR0869,email_attachment
2026-04-02 12:17:16,EXR0869,email_attachment
2026-04-02 12:17:36,WNC6066,email_attachment
2026-04-02 12:19:00,EVC7489,email_attachment
2026-04-02 12:23:26,LRJ7325,external_upload
2026-04-02 12:23:27,QRG1638,email_attachment
2026-04-02 12:23:44,MKC9629,email_attachment
2026-04-02 12:25:07,EXP0252,email_attachment
2026-04-02 12:26:26,DEC1796,email_attachment
2026-04-02 12:27:14,PEH7036,email_attachment
2026-04-02 12:28:19,MAN1556,email_attachment
2026-04-02 12:30:45,EGV7193,email_attachment
2026-04-02 12:30:56,GNA5070,external_upload
2026-04-02 12:31:06,DEC1796,email_attachment
2026-04-02 12:31:46,DEC1796,email_attachment
2026-04-02 12:31:48,EXR0869,email_attachment
2026-04-02 12:32:05,EXR0869,email_attachment
2026-04-02 12:34:54,CJS2105,email_attachment
2026-04-02 12:35:47,DEC1796,email_attachment
2026-04-02 12:36:47,KBZ0887,email_attachment
2026-04-02 12:37:40,WDF1281,email_attachment
2026-04-02 12:42:40,DEC1796,email_attachment
2026-04-02 12:44:40,QPT3554,email_attachment
2026-04-02 12:45:42,CCC1913,email_attachment
2026-04-02 12:47:29,EXR0869,email_attachment
2026-04-02 12:49:11,AEP7116,email_attachment
2026-04-02 12:52:35,QTJ3272,email_attachment
2026-04-02 12:52:49,EXR0869,email_attachment
2026-04-02 12:54:27,RME1406,email_attachment
2026-04-02 12:55:12,WXD2117,email_attachment
2026-04-02 13:00:11,LCB1568,email_attachment
2026-04-02 13:00:27,ZJV8865,email_attachment
2026-04-02 13:02:35,DEC1796,email_attachment
2026-04-02 13:07:57,HKA8269,email_attachment
2026-04-02 13:09:44,EXR0869,email_attachment
2026-04-02 13:09:57,LNF3219,external_upload
2026-04-02 13:09:59,QBQ6174,email_attachment
2026-04-02 13:11:18,EXR0869,email_attachment
2026-04-02 13:11:53,EXR0869,email_attachment
2026-04-02 13:13:35,EXR0869,email_attachment
2026-04-02 13:17:04,AHB3837,email_attachment
2026-04-02 13:17:52,NCX1973,email_attachment
2026-04-02 13:17:58,ETF1221,email_attachment
2026-04-02 13:19:24,NXT0050,email_attachment
2026-04-02 13:23:04,WYW4325,external_upload
2026-04-02 13:26:17,KFM9718,external_upload
2026-04-02 13:32:13,DEC1796,email_attachment
2026-04-02 13:35:51,TAD4989,email_attachment
2026-04-02 13:36:13,DEC1796,email_attachment
2026-04-02 13:36:28,RDZ6044,email_attachment
2026-04-02 13:42:41,YJJ7053,email_attachment
2026-04-02 13:47:15,LNF3219,email_attachment
2026-04-02 13:50:54,GKJ3785,email_attachment
2026-04-02 13:53:06,SVV6625,email_attachment
2026-04-02 13:55:04,UDC1036,email_attachment
2026-04-02 14:03:10,DEC1796,email_attachment
2026-04-02 14:05:04,NVR3124,email_attachment
2026-04-02 14:07:56,GCC9567,email_attachment
2026-04-02 14:10:41,TSJ9915,email_attachment
2026-04-02 14:28:58,AUD9365,email_attachment
2026-04-02 14:34:47,VNB1827,email_attachment
2026-04-02 14:36:32,VXB2603,email_attachment
2026-04-02 15:17:38,UKK9924,email_attachment
2026-04-02 15:25:31,SSG9024,email_attachment
2026-04-02 15:58:26,VWK2440,email_attachment
2026-04-02 16:13:16,KXD0078,email_attachment
2026-04-02 16:34:46,JNY6012,email_attachment
2026-04-02 16:54:41,THK0416,email_attachment
2026-04-02 17:32:04,UFL2774,external_upload
2026-04-02 17:36:40,QWM5245,external_upload
2026-04-02 18:07:48,XQB0711,email_attachment
2026-04-02 18:35:47,KHV5264,email_attachment
2026-04-02 18:50:27,ESG8664,external_upload
2026-04-03 09:28:50,CQW5666,email_attachment
2026-04-03 09:34:20,DEC1796,email_attachment
2026-04-03 10:03:00,DEC1796,email_attachment
2026-04-03 10:17:20,XBN4913,email_attachment
2026-04-03 10:53:51,CQW5666,email_attachment
2026-04-03 10:59:09,DEC1796,email_attachment
2026-04-03 11:13:20,DEC1796,email_attachment
2026-04-03 11:16:32,DEC1796,email_attachment
2026-04-03 11:19:52,CQW5666,email_attachment
2026-04-03 11:34:04,DEC1796,email_attachment
2026-04-03 12:08:42,WQC0866,email_attachment
2026-04-03 12:12:41,DEC1796,email_attachment
2026-04-03 12:17:14,CQW5666,email_attachment
2026-04-03 12:21:24,DEC1796,email_attachment
2026-04-03 12:42:50,DEC1796,email_attachment
2026-04-03 12:45:05,DEC1796,email_attachment
2026-04-03 12:55:49,DEC1796,email_attachment
2026-04-03 13:10:51,CQW5666,email_attachment
2026-04-03 13:27:59,DEC1796,email_attachment
2026-04-03 13:47:58,DEC1796,email_attachment
2026-04-04 08:42:35,CQW5666,email_attachment
2026-04-04 09:06:55,CQW5666,email_attachment
2026-04-04 09:06:56,DEC1796,email_attachment
2026-04-04 09:26:19,RXT9110,email_attachment
2026-04-04 09:28:12,SYZ4998,email_attachment
2026-04-04 10:25:42,DEC1796,email_attachment
2026-04-04 10:29:02,WGX9994,email_attachment
2026-04-04 10:31:41,CQW5666,email_attachment
2026-04-04 10:36:46,DEC1796,email_attachment
2026-04-04 10:43:49,DEC1796,email_attachment
2026-04-04 10:45:57,DEC1796,email_attachment
2026-04-04 11:26:20,PVA9116,email_attachment
2026-04-04 11:26:55,DEC1796,email_attachment
2026-04-04 11:33:24,AYA0123,email_attachment
2026-04-04 11:35:18,DEC1796,email_attachment
2026-04-04 11:43:19,GXH8145,email_attachment
2026-04-04 11:52:16,CQW5666,email_attachment
2026-04-04 11:53:25,CQW5666,email_attachment
2026-04-04 12:07:14,DEC1796,email_attachment
2026-04-04 12:27:33,DEC1796,email_attachment
2026-04-04 12:37:27,MPR8653,usb_connect
2026-04-04 13:02:43,DEC1796,email_attachment
2026-04-04 13:05:45,DEC1796,email_attachment
2026-04-04 13:27:09,DEC1796,email_attachment
2026-04-05 09:10:16,CQW5666,email_attachment
2026-04-05 09:26:26,DEC1796,email_attachment
2026-04-05 10:01:47,DEC1796,email_attachment
2026-04-05 10:07:19,DEC1796,email_attachment
2026-04-05 10:22:12,RLL0589,email_attachment
2026-04-05 10:29:42,DEC1796,email_attachment
2026-04-05 10:58:27,JRD4682,email_attachment
2026-04-05 11:12:41,DEC1796,email_attachment
2026-04-05 11:25:18,CQW5666,email_attachment
2026-04-05 11:30:45,DEC1796,email_attachment
2026-04-05 11:44:37,CQW5666,email_attachment
2026-04-05 11:50:28,CQW5666,email_attachment
2026-04-05 11:55:59,CQW5666,email_attachment
2026-04-05 11:58:04,DEC1796,email_attachment
2026-04-05 12:06:26,DEC1796,email_attachment
2026-04-05 12:16:42,DEC1796,email_attachment
2026-04-05 12:26:49,DEC1796,email_attachment
2026-04-05 13:15:19,CQW5666,email_attachment
2026-04-05 14:10:52,DEC1796,email_attachment
2026-04-05 14:16:18,VVL2346,external_upload
2026-04-05 14:20:06,MPR8653,usb_connect
2026-04-05 14:22:38,DEC1796,email_attachment
2026-04-06 06:42:24,JKQ9983,email_attachment
2026-04-06 06:55:56,JVL5883,email_attachment
2026-04-06 07:18:49,UUP0066,email_attachment
2026-04-06 07:23:47,UKE7449,email_attachment
2026-04-06 07:37:50,XMZ1293,email_attachment
2026-04-06 08:15:33,AFK9429,usb_connect
2026-04-06 08:52:26,TEZ8512,email_attachment
2026-04-06 09:02:16,DDD2744,email_attachment
2026-04-06 09:03:42,WNE8020,email_attachment
2026-04-06 09:05:33,YGG5201,email_attachment
2026-04-06 09:06:21,LBX7990,email_attachment
2026-04-06 09:06:24,ZJD0585,email_attachment
2026-04-06 09:06:42,ZFA0404,email_attachment
2026-04-06 09:12:10,WAT3736,email_attachment
2026-04-06 09:14:27,WUN4947,email_attachment
2026-04-06 09:14:36,KTE8576,email_attachment
2026-04-06 09:14:48,WSP7770,external_upload
2026-04-06 09:16:33,PBB3896,email_attachment
2026-04-06 09:17:31,UUH8521,email_attachment
2026-04-06 09:27:03,LDP4391,email_attachment
2026-04-06 09:27:29,GAR8123,email_attachment
2026-04-06 09:28:40,LVS6177,email_attachment
2026-04-06 09:33:05,LLE7318,email_attachment
2026-04-06 09:33:08,JWK4353,email_attachment
2026-04-06 09:39:49,YAW5851,email_attachment
2026-04-06 09:41:32,FFL5038,email_attachment
2026-04-06 09:48:54,EJW8504,email_attachment
2026-04-06 09:49:22,LCD0888,email_attachment
2026-04-06 09:53:38,EHN6896,email_attachment
2026-04-06 09:56:26,XBD0169,email_attachment
2026-04-06 09:57:25,GPU2972,email_attachment
2026-04-06 09:57:31,HVB3260,email_attachment
2026-04-06 10:02:57,HPF2563,email_attachment
2026-04-06 10:05:31,WSQ7704,email_attachment
2026-04-06 10:10:29,NCD0177,email_attachment
2026-04-06 10:10:54,JNN3239,email_attachment
2026-04-06 10:11:50,LCB1568,email_attachment
2026-04-06 10:12:06,ZZW5618,email_attachment
2026-04-06 10:15:47,RSX1179,usb_connect
2026-04-06 10:16:47,MSL0168,email_attachment
2026-04-06 10:17:29,CQW5666,email_attachment
2026-04-06 10:17:53,YSD3389,email_attachment
2026-04-06 10:18:26,JQF3808,email_attachment
2026-04-06 10:21:47,MLC0444,email_attachment
2026-04-06 10:21:51,YJJ7053,email_attachment
2026-04-06 10:24:35,JVN9713,email_attachment
2026-04-06 10:24:35,CQW5666,email_attachment
2026-04-06 10:24:43,XRH2855,email_attachment
2026-04-06 10:25:51,JHE6342,email_attachment
2026-04-06 10:28:00,VXK9645,email_attachment
2026-04-06 10:31:12,QBQ6174,email_attachment
2026-04-06 10:35:52,WMF0666,email_attachment
2026-04-06 10:36:14,ZYZ3045,email_attachment
2026-04-06 10:37:09,PTJ4935,email_attachment
2026-04-06 10:38:19,UGU2332,email_attachment
2026-04-06 10:40:28,VEF7773,email_attachment
2026-04-06 10:42:31,PNE9210,email_attachment
2026-04-06 10:43:29,YJZ1653,email_attachment
2026-04-06 10:45:24,WFH6695,usb_connect
2026-04-06 10:46:23,YGD6007,email_attachment
2026-04-06 10:49:38,FAP2507,email_attachment
2026-04-06 10:53:33,FGU4691,external_upload
2026-04-06 10:55:01,WVD6813,email_attachment
2026-04-06 10:55:15,DDN7438,email_attachment
2026-04-06 10:55:38,DHH4426,email_attachment
2026-04-06 11:04:44,JML7524,email_attachment
2026-04-06 11:10:11,NCX1973,usb_connect
2026-04-06 11:12:09,FGU4691,email_attachment
2026-04-06 11:13:52,MVX7320,email_attachment
2026-04-06 11:14:46,WXP4500,external_upload
2026-04-06 11:15:47,PVA9116,email_attachment
2026-04-06 11:19:59,AFF2174,email_attachment
2026-04-06 11:20:04,KAQ4260,email_attachment
2026-04-06 11:22:22,JBQ2200,email_attachment
2026-04-06 11:23:37,HQL2235,email_attachment
2026-04-06 11:23:39,RSC5904,email_attachment
2026-04-06 11:23:43,NBE8069,email_attachment
2026-04-06 11:24:13,WTK1910,email_attachment
2026-04-06 11:27:59,EFJ1543,email_attachment
2026-04-06 11:30:29,DZG4068,external_upload
2026-04-06 11:30:41,SGQ7195,email_attachment
2026-04-06 11:31:13,GCH8602,email_attachment
2026-04-06 11:36:18,LZD5274,external_upload
2026-04-06 11:37:37,WGH7459,email_attachment
2026-04-06 11:37:57,ERN1693,email_attachment
2026-04-06 11:43:56,TDW4991,external_upload
2026-04-06 11:47:17,TBE1642,email_attachment
2026-04-06 11:49:54,BKS0875,external_upload
2026-04-06 11:56:03,CQW5666,email_attachment
2026-04-06 11:59:15,GXB2823,email_attachment
2026-04-06 12:04:38,GDJ5184,email_attachment
2026-04-06 12:07:38,VRT7427,email_attachment
2026-04-06 12:08:19,PQV1878,email_attachment
2026-04-06 12:11:11,TNQ7412,email_attachment
2026-04-06 12:12:15,AHL0182,email_attachment
2026-04-06 12:12:28,PPE6652,email_attachment
2026-04-06 12:12:28,KVS9522,email_attachment
2026-04-06 12:13:39,YJC5459,email_attachment
2026-04-06 12:18:41,UTB8574,email_attachment
2026-04-06 12:19:30,HVS3166,email_attachment
2026-04-06 12:20:25,YSJ8697,email_attachment
2026-04-06 12:22:59,GCQ3102,email_attachment
2026-04-06 12:23:11,PBM4108,email_attachment
2026-04-06 12:24:46,PBH2552,email_attachment
2026-04-06 12:25:06,RBN4080,email_attachment
2026-04-06 12:30:28,AXC9012,email_attachment
2026-04-06 12:32:13,NFE6544,email_attachment
2026-04-06 12:37:45,XUG1117,email_attachment
2026-04-06 12:38:02,EKS3015,email_attachment
2026-04-06 12:42:39,DRP1861,email_attachment
2026-04-06 12:48:12,CQW5666,email_attachment
2026-04-06 12:49:25,BLW7802,email_attachment
2026-04-06 12:51:53,UCN8228,email_attachment
2026-04-06 12:53:18,VGV9685,email_attachment
2026-04-06 12:54:46,VNR5092,email_attachment
2026-04-06 13:01:09,VKL2143,email_attachment
2026-04-06 13:01:54,JNV0867,email_attachment
2026-04-06 13:02:52,HSG3626,email_attachment
2026-04-06 13:03:10,KLN6982,external_upload
2026-04-06 13:04:11,CQW5666,email_attachment
2026-04-06 13:05:07,FVR9858,email_attachment
2026-04-06 13:05:22,BPS9189,email_attachment
2026-04-06 13:05:42,WKB5191,email_attachment
2026-04-06 13:07:46,JGH7582,email_attachment
2026-04-06 13:17:55,XVL5101,email_attachment
2026-04-06 13:18:24,AYA0123,email_attachment
2026-04-06 13:22:38,MXS7118,email_attachment
2026-04-06 13:33:25,JKQ2520,email_attachment
2026-04-06 13:35:59,PZS1941,email_attachment
2026-04-06 13:55:58,GYE0667,email_attachment
2026-04-06 13:56:54,LZD5274,email_attachment
2026-04-06 14:00:48,DTY9614,email_attachment
2026-04-06 14:01:48,YZD2818,email_attachment
2026-04-06 14:26:11,AAD3954,email_attachment
2026-04-06 14:37:05,GSN3813,external_upload
2026-04-06 14:43:54,FAP0273,email_attachment
2026-04-06 15:36:52,BCJ1051,email_attachment
2026-04-06 15:54:04,QJR8672,email_attachment
2026-04-06 16:05:29,AWX0001,email_attachment
2026-04-06 16:48:58,MMS7742,email_attachment
2026-04-06 17:29:28,AVP8904,email_attachment
2026-04-06 17:46:14,FDC3057,external_upload
2026-04-07 06:10:23,GKB5174,email_attachment
2026-04-07 08:07:15,TJL6481,email_attachment
2026-04-07 08:22:01,VHE3897,email_attachment
2026-04-07 08:31:31,MLC0444,email_attachment
2026-04-07 08:39:59,SBE6209,email_attachment
2026-04-07 08:42:29,LNK6236,external_upload
2026-04-07 08:44:39,SNY9928,external_upload
2026-04-07 08:46:20,RKP9191,email_attachment
2026-04-07 08:56:21,KDX8366,email_attachment
2026-04-07 09:02:27,QCJ4335,email_attachment
2026-04-07 09:05:27,AHP2632,email_attachment
2026-04-07 09:08:02,GXX9756,email_attachment
2026-04-07 09:14:44,ZWD2716,email_attachment
2026-04-07 09:19:37,FVG4733,email_attachment
2026-04-07 09:23:04,ECH8609,email_attachment
2026-04-07 09:23:50,BBH7509,email_attachment
2026-04-07 09:24:02,ZKC8052,email_attachment
2026-04-07 09:33:52,EUM2584,email_attachment
2026-04-07 09:41:46,AFM6655,email_attachment
2026-04-07 09:42:41,HUX4923,external_upload
2026-04-07 09:45:32,VUU0128,email_attachment
2026-04-07 09:45:49,ZFX7717,email_attachment
2026-04-07 09:48:33,NME3935,email_attachment
2026-04-07 09:50:34,LRJ0183,email_attachment
2026-04-07 09:53:08,HAD1624,email_attachment
2026-04-07 09:57:00,CDM9834,external_upload
2026-04-07 10:00:28,PEP3911,email_attachment
2026-04-07 10:00:48,CHZ0215,email_attachment
2026-04-07 10:01:27,FAV1376,email_attachment
2026-04-07 10:02:25,ACZ8154,email_attachment
2026-04-07 10:05:12,ACU9294,email_attachment
2026-04-07 10:07:18,WNL8355,email_attachment
2026-04-07 10:09:44,DHT3461,email_attachment
2026-04-07 10:11:37,BTH2898,email_attachment
2026-04-07 10:12:25,LBL5506,email_attachment
2026-04-07 10:14:23,MWQ7682,email_attachment
2026-04-07 10:15:17,FHR9973,email_attachment
2026-04-07 10:17:30,VXJ5240,email_attachment
2026-04-07 10:20:19,PXB7300,external_upload
2026-04-07 10:22:06,HXL1791,email_attachment
2026-04-07 10:23:53,CQW5666,email_attachment
2026-04-07 10:24:47,XRH2855,email_attachment
2026-04-07 10:24:52,DXE3664,email_attachment
2026-04-07 10:27:59,GBN2847,email_attachment
2026-04-07 10:32:27,GMG6846,email_attachment
2026-04-07 10:37:43,PKA7047,email_attachment
2026-04-07 10:43:36,EEE0834,external_upload
2026-04-07 10:46:43,YEL9905,email_attachment
2026-04-07 10:47:37,NRG1360,external_upload
2026-04-07 10:47:39,RLF5434,email_attachment
2026-04-07 10:50:46,LAD8190,email_attachment
2026-04-07 10:54:21,CQN9864,email_attachment
2026-04-07 10:55:43,DYQ2940,external_upload
2026-04-07 10:55:57,LUS6673,email_attachment
2026-04-07 11:01:13,MTX6608,email_attachment
2026-04-07 11:02:05,DUC6242,email_attachment
2026-04-07 11:06:41,YTJ0104,email_attachment
2026-04-07 11:10:24,KYJ2437,email_attachment
2026-04-07 11:11:04,CQW5666,email_attachment
2026-04-07 11:12:12,YAD0299,email_attachment
2026-04-07 11:13:13,XRP2096,email_attachment
2026-04-07 11:20:04,XLK1677,email_attachment
2026-04-07 11:20:49,CNE5112,external_upload
2026-04-07 11:26:10,TEE2171,email_attachment
2026-04-07 11:27:19,JWD6444,email_attachment
2026-04-07 11:31:21,WBQ6532,email_attachment
2026-04-07 11:31:30,AGP7231,email_attachment
2026-04-07 11:31:58,XGE6775,email_attachment
2026-04-07 11:35:44,DTW2539,external_upload
2026-04-07 11:36:21,KLP0024,email_attachment
2026-04-07 11:38:53,FVL4917,email_attachment
2026-04-07 11:39:21,CQW5666,email_attachment
2026-04-07 11:39:27,PNS5109,email_attachment
2026-04-07 11:41:06,APW9990,email_attachment
2026-04-07 11:42:46,EFJ1543,email_attachment
2026-04-07 11:45:54,JDA6078,email_attachment
2026-04-07 11:46:41,CFM9613,email_attachment
2026-04-07 11:54:57,NWU4142,email_attachment
2026-04-07 11:55:02,DZH7756,external_upload
2026-04-07 12:02:11,XVC0594,email_attachment
2026-04-07 12:02:21,GZG5689,email_attachment
2026-04-07 12:04:22,XSB1345,email_attachment
2026-04-07 12:09:16,DUZ1265,email_attachment
2026-04-07 12:09:46,XYY9723,email_attachment
2026-04-07 12:10:47,RAX0999,email_attachment
2026-04-07 12:12:40,UYH3482,email_attachment
2026-04-07 12:13:11,LCT5452,email_attachment
2026-04-07 12:16:11,ZSD2941,email_attachment
2026-04-07 12:20:42,UZF0135,email_attachment
2026-04-07 12:21:44,RWR4951,email_attachment
2026-04-07 12:22:34,BDB1193,email_attachment
2026-04-07 12:23:26,TJE8399,email_attachment
2026-04-07 12:24:06,WAC4462,email_attachment
2026-04-07 12:25:35,BKG0428,email_attachment
2026-04-07 12:26:49,LCB1568,email_attachment
2026-04-07 12:38:23,TRW0306,email_attachment
2026-04-07 12:38:25,CQW5666,email_attachment
2026-04-07 12:41:13,RZZ4712,email_attachment
2026-04-07 12:42:56,MPR8653,usb_connect
2026-04-07 12:45:04,ZWH4767,email_attachment
2026-04-07 12:46:34,CQW5666,email_attachment
2026-04-07 12:47:35,JJM7250,email_attachment
2026-04-07 12:54:10,PVN5761,external_upload
2026-04-07 12:55:38,TFA6797,email_attachment
2026-04-07 13:00:02,LSM9484,email_attachment
2026-04-07 13:00:37,WQC7071,email_attachment
2026-04-07 13:01:24,UZX2476,email_attachment
2026-04-07 13:03:41,JCZ9974,email_attachment
2026-04-07 13:03:58,PLP3673,email_attachment
2026-04-07 13:04:37,YRW9640,email_attachment
2026-04-07 13:05:54,LAP2668,email_attachment
2026-04-07 13:06:15,AWP0070,email_attachment
2026-04-07 13:13:51,UKM1933,external_upload
2026-04-07 13:22:21,WSM8984,email_attachment
2026-04-07 13:22:22,PXB7300,email_attachment
2026-04-07 13:25:50,ASX1419,external_upload
2026-04-07 13:32:19,FPV8534,email_attachment
2026-04-07 13:33:14,KDJ0200,email_attachment
2026-04-07 13:34:16,YMQ0646,email_attachment
2026-04-07 13:37:58,BGD9256,external_upload
2026-04-07 13:38:01,QNB5318,email_attachment
2026-04-07 13:41:20,JGS3000,email_attachment
2026-04-07 13:41:53,BHJ3735,email_attachment
2026-04-07 13:51:25,CQW5666,email_attachment
2026-04-07 13:58:18,PHD2134,email_attachment
2026-04-07 14:49:10,BUG4150,email_attachment
2026-04-07 14:56:29,GYF6442,email_attachment
2026-04-07 15:00:19,QCJ6394,email_attachment
2026-04-07 15:31:25,GXS8307,email_attachment
2026-04-07 16:18:45,KCA1959,email_attachment
2026-04-07 16:27:03,YYV5359,email_attachment
2026-04-07 16:47:09,MHV8956,email_attachment
2026-04-07 17:20:34,SHK7018,email_attachment
2026-04-07 17:52:32,NSW2398,email_attachment
2026-04-07 17:58:27,XSM9395,email_attachment
2026-04-07 19:04:41,ACG7504,email_attachment
2026-04-08 06:54:54,CUQ6424,email_attachment
2026-04-08 07:05:52,ASJ5787,email_attachment
2026-04-08 07:15:06,NUM6882,email_attachment
2026-04-08 07:37:55,SPA9874,email_attachment
2026-04-08 08:13:47,RGW3074,email_attachment
2026-04-08 08:37:05,AER2755,email_attachment
2026-04-08 08:52:38,GMA8519,email_attachment
2026-04-08 08:55:27,SRN5527,email_attachment
2026-04-08 08:56:40,DKQ6781,email_attachment
2026-04-08 09:01:50,MHN7634,email_attachment
2026-04-08 09:04:38,TEZ8512,external_upload
2026-04-08 09:07:58,SPR1414,email_attachment
2026-04-08 09:12:29,LER8757,email_attachment
2026-04-08 09:12:43,KND1968,email_attachment
2026-04-08 09:14:12,SRN5527,external_upload
2026-04-08 09:18:03,EKP0000,email_attachment
2026-04-08 09:19:05,CVS8644,email_attachment
2026-04-08 09:23:22,CAJ8151,email_attachment
2026-04-08 09:23:56,ABQ3289,email_attachment
2026-04-08 09:30:45,XVC0594,email_attachment
2026-04-08 09:31:30,JQB8686,email_attachment
2026-04-08 09:36:37,SZM2079,email_attachment
2026-04-08 09:38:07,XQW0837,email_attachment
2026-04-08 09:39:58,ZKL1192,email_attachment
2026-04-08 09:42:15,HVQ8555,email_attachment
2026-04-08 09:46:31,QPT3554,email_attachment
2026-04-08 09:47:14,XLU2700,external_upload
2026-04-08 09:49:35,AZG7274,email_attachment
2026-04-08 09:50:28,GFK8181,usb_connect
2026-04-08 09:54:33,KFG0382,email_attachment
2026-04-08 09:54:42,RBN4080,email_attachment
2026-04-08 10:02:51,EWY8648,email_attachment
2026-04-08 10:04:04,BES5832,email_attachment
2026-04-08 10:04:31,WDF1281,email_attachment
2026-04-08 10:07:03,CVS8644,external_upload
2026-04-08 10:09:18,MQW8479,email_attachment
2026-04-08 10:11:06,RBT7287,email_attachment
2026-04-08 10:11:29,EWF9587,email_attachment
2026-04-08 10:12:07,HFD4315,email_attachment
2026-04-08 10:15:20,PJM7982,email_attachment
2026-04-08 10:15:29,EXR3425,external_upload
2026-04-08 10:15:39,SHG8557,email_attachment
2026-04-08 10:15:40,MFQ3194,email_attachment
2026-04-08 10:18:39,UNG0275,email_attachment
2026-04-08 10:19:21,EAE9892,external_upload
2026-04-08 10:21:40,QGQ9398,email_attachment
2026-04-08 10:24:12,RZZ4712,email_attachment
2026-04-08 10:27:15,JMM1620,email_attachment
2026-04-08 10:29:48,NQF1835,email_attachment
2026-04-08 10:29:52,GBN2847,email_attachment
2026-04-08 10:31:56,WHX4263,email_attachment
2026-04-08 10:32:08,ADL7522,email_attachment
2026-04-08 10:32:10,FWE2981,email_attachment
2026-04-08 10:33:49,JLV8586,email_attachment
2026-04-08 10:36:30,NQV6990,email_attachment
2026-04-08 10:37:09,SLV6160,email_attachment
2026-04-08 10:37:43,CDJ5646,email_attachment
2026-04-08 10:38:37,LKL1757,email_attachment
2026-04-08 10:39:47,HLZ1544,external_upload
2026-04-08 10:40:37,CNK7263,external_upload
2026-04-08 10:43:11,KWS9285,external_upload
2026-04-08 10:44:03,UHW1685,email_attachment
2026-04-08 10:44:52,HFU3666,email_attachment
2026-04-08 10:52:18,WZD7435,external_upload
2026-04-08 10:58:24,NFU7665,email_attachment
2026-04-08 10:59:29,TZF4164,email_attachment
2026-04-08 11:03:37,GCD1014,email_attachment
2026-04-08 11:10:06,RAQ3126,email_attachment
2026-04-08 11:12:18,UKM1933,email_attachment
2026-04-08 11:12:41,YWJ6443,email_attachment
2026-04-08 11:14:03,AKV0526,email_attachment
2026-04-08 11:15:16,UBK2435,email_attachment
2026-04-08 11:15:43,DRJ2995,external_upload
2026-04-08 11:16:07,NXT0050,email_attachment
2026-04-08 11:16:32,JVJ0517,email_attachment
2026-04-08 11:17:17,RBC5531,email_attachment
2026-04-08 11:26:52,FLJ4544,email_attachment
2026-04-08 11:27:11,MMD8298,email_attachment
2026-04-08 11:30:49,LES3747,email_attachment
2026-04-08 11:32:06,KQK8927,email_attachment
2026-04-08 11:34:24,UDC1036,email_attachment
2026-04-08 11:35:58,TXQ6972,email_attachment
2026-04-08 11:36:46,SZG1462,email_attachment
2026-04-08 11:36:54,YWL9659,email_attachment
2026-04-08 11:47:49,KLZ7303,email_attachment
2026-04-08 11:49:09,QJL1246,email_attachment
2026-04-08 11:56:23,YAD0299,email_attachment
2026-04-08 11:57:45,XCW2400,external_upload
2026-04-08 11:59:11,KFM9718,email_attachment
2026-04-08 12:00:16,EAE5559,email_attachment
2026-04-08 12:00:55,MEG7072,external_upload
2026-04-08 12:02:45,DRH2063,email_attachment
2026-04-08 12:03:22,RMZ9198,usb_connect
2026-04-08 12:03:52,QNP1003,email_attachment
2026-04-08 12:08:10,BSX6865,email_attachment
2026-04-08 12:08:41,JJM7250,email_attachment
2026-04-08 12:09:37,JGB0064,email_attachment
2026-04-08 12:10:10,JBQ2200,email_attachment
2026-04-08 12:11:26,XYA5835,email_attachment
2026-04-08 12:18:16,PEB4761,email_attachment
2026-04-08 12:18:49,VME9953,email_attachment
2026-04-08 12:19:41,LDC5457,email_attachment
2026-04-08 12:25:19,EBC4994,email_attachment
2026-04-08 12:30:30,ALH7224,email_attachment
2026-04-08 12:31:31,WZU7591,email_attachment
2026-04-08 12:37:10,RWT7328,email_attachment
2026-04-08 12:38:20,AWR3646,email_attachment
2026-04-08 12:39:13,UPJ2100,email_attachment
2026-04-08 12:39:35,FRW3182,email_attachment
2026-04-08 12:48:40,LZD5274,email_attachment
2026-04-08 12:50:42,DTR0426,email_attachment
2026-04-08 12:50:59,RTM5796,email_attachment
2026-04-08 12:51:42,PFZ1171,email_attachment
2026-04-08 12:53:28,WSG6432,email_attachment
2026-04-08 12:58:10,PQV1878,email_attachment
2026-04-08 12:58:48,XPE0612,email_attachment
2026-04-08 12:59:06,UML4272,email_attachment
2026-04-08 13:06:03,TED8372,email_attachment
2026-04-08 13:07:21,QDN2660,email_attachment
2026-04-08 13:07:23,ZLF7328,email_attachment
2026-04-08 13:08:02,JFW4707,email_attachment
2026-04-08 13:10:36,FFL5038,email_attachment
2026-04-08 13:14:57,YGG5201,email_attachment
2026-04-08 13:20:13,EUV0987,email_attachment
2026-04-08 13:40:26,EHH0831,email_attachment
2026-04-08 13:41:24,JNS0679,email_attachment
2026-04-08 13:42:11,MKD7818,external_upload
2026-04-08 13:46:56,PQP1240,email_attachment
2026-04-08 13:52:32,TCG6346,email_attachment
2026-04-08 13:58:30,ALC5255,email_attachment
2026-04-08 14:04:27,QLG0421,email_attachment
2026-04-08 14:08:00,AAD3954,email_attachment
2026-04-08 14:08:50,UZF0135,email_attachment
2026-04-08 14:57:49,EER7836,email_attachment
2026-04-08 15:05:23,NBP4754,email_attachment
2026-04-08 15:08:29,HNP8722,email_attachment
2026-04-08 15:27:05,KCA1959,email_attachment
2026-04-08 15:40:04,QAK7911,email_attachment
2026-04-08 15:53:20,QYP8443,email_attachment
2026-04-08 15:57:19,KPQ0052,external_upload
2026-04-08 16:00:00,JNH9262,email_attachment
2026-04-08 16:33:58,RDH0031,email_attachment
2026-04-08 17:02:10,KGW8827,email_attachment
2026-04-08 17:13:23,UMH6643,email_attachment
2026-04-08 17:17:43,MPR8653,external_upload
2026-04-08 17:37:28,JWF7936,email_attachment
2026-04-08 17:55:18,AQS2010,email_attachment
2026-04-08 18:38:48,MLG1806,email_attachment
2026-04-09 06:43:48,SWH7097,email_attachment
2026-04-09 06:44:51,FVG4733,email_attachment
2026-04-09 08:00:57,YWK9244,email_attachment
2026-04-09 08:17:34,XRP2096,external_upload
2026-04-09 08:38:33,XQJ9768,email_attachment
2026-04-09 08:51:03,WSQ7704,email_attachment
2026-04-09 08:55:16,JKK8889,email_attachment
2026-04-09 09:02:12,PKG2686,email_attachment
2026-04-09 09:05:55,SJN3046,email_attachment
2026-04-09 09:06:58,ESW3216,email_attachment
2026-04-09 09:10:23,JLQ4852,email_attachment
2026-04-09 09:11:30,WYG9423,email_attachment
2026-04-09 09:38:14,FFV1864,email_attachment
2026-04-09 09:38:34,FBU1062,email_attachment
2026-04-09 09:40:32,LNX5432,email_attachment
2026-04-09 09:40:33,TUG1929,email_attachment
2026-04-09 09:44:07,PRN9467,email_attachment
2026-04-09 09:48:09,TJL6481,email_attachment
2026-04-09 09:52:59,XLD3365,email_attachment
2026-04-09 09:53:09,MSK1068,external_upload
2026-04-09 09:53:34,XXA2565,email_attachment
2026-04-09 09:54:44,QQA3427,email_attachment
2026-04-09 10:00:38,KFG0382,email_attachment
2026-04-09 10:01:14,QLB1108,email_attachment
2026-04-09 10:02:30,ZXX1919,email_attachment
2026-04-09 10:02:55,KRQ7567,email_attachment
2026-04-09 10:03:26,ZKZ0318,email_attachment
2026-04-09 10:04:10,AYF3784,external_upload
2026-04-09 10:04:28,DZT3304,email_attachment
2026-04-09 10:05:19,DAS6696,email_attachment
2026-04-09 10:07:39,XAA1174,email_attachment
2026-04-09 10:09:21,KHX2969,email_attachment
2026-04-09 10:12:38,GNL6288,email_attachment
2026-04-09 10:16:09,SMJ5423,external_upload
2026-04-09 10:16:41,SNA9538,email_attachment
2026-04-09 10:19:12,NFM9393,email_attachment
2026-04-09 10:19:33,FTT6242,email_attachment
2026-04-09 10:22:59,VNK6291,email_attachment
2026-04-09 10:25:04,AWM5248,email_attachment
2026-04-09 10:25:28,UCN8228,email_attachment
2026-04-09 10:25:49,NKG7115,email_attachment
2026-04-09 10:25:58,JQB8686,email_attachment
2026-04-09 10:30:17,WRH3845,email_attachment
2026-04-09 10:32:23,GUZ0270,email_attachment
2026-04-09 10:34:41,GMU4984,email_attachment
2026-04-09 10:35:39,PEH7036,email_attachment
2026-04-09 10:39:08,YRH8194,email_attachment
2026-04-09 10:41:23,YDD4870,email_attachment
2026-04-09 10:44:12,MAV1191,email_attachment
2026-04-09 10:47:33,PBN7758,email_attachment
2026-04-09 10:48:15,EHJ5183,external_upload
2026-04-09 10:56:17,ELP0004,email_attachment
2026-04-09 11:01:14,QZQ7908,email_attachment
2026-04-09 11:04:14,VBN6472,email_attachment
2026-04-09 11:10:19,PEP3911,email_attachment
2026-04-09 11:12:53,KYK2416,email_attachment
2026-04-09 11:14:35,TAS0828,email_attachment
2026-04-09 11:14:40,XEM8057,email_attachment
2026-04-09 11:18:18,RSD1634,email_attachment
2026-04-09 11:21:07,BXW0831,email_attachment
2026-04-09 11:22:01,XRP2947,email_attachment
2026-04-09 11:31:48,CGF9960,email_attachment
2026-04-09 11:33:39,LDP4391,email_attachment
2026-04-09 11:39:04,VPM9822,email_attachment
2026-04-09 11:40:45,ACW5886,external_upload
2026-04-09 11:50:14,UKM1933,email_attachment
2026-04-09 11:55:19,KMC7017,email_attachment
2026-04-09 11:56:15,ZSB7055,email_attachment
2026-04-09 11:57:08,FFL5038,email_attachment
2026-04-09 12:05:48,YSX2928,email_attachment
2026-04-09 12:07:34,KMJ6011,email_attachment
2026-04-09 12:11:44,JQF3808,email_attachment
2026-04-09 12:12:46,DSR1969,email_attachment
2026-04-09 12:13:28,MDD1815,email_attachment
2026-04-09 12:26:32,WZU7591,email_attachment
2026-04-09 12:27:33,UCZ4677,email_attachment
2026-04-09 12:27:50,RXQ7992,email_attachment
2026-04-09 12:33:46,HRA1811,email_attachment
2026-04-09 12:33:52,YTW4996,email_attachment
2026-04-09 12:34:50,HXH2947,email_attachment
2026-04-09 12:35:57,KVS9522,email_attachment
2026-04-09 12:39:10,FQR7082,email_attachment
2026-04-09 12:39:15,JQS8684,email_attachment
2026-04-09 12:40:45,KHQ4432,email_attachment
2026-04-09 12:41:57,XHA3580,email_attachment
2026-04-09 12:47:13,BQN7551,email_attachment
2026-04-09 12:53:42,PGM8326,email_attachment
2026-04-09 12:54:41,MPG6197,email_attachment
2026-04-09 12:55:15,BPW6998,email_attachment
2026-04-09 12:57:13,ACZ8154,email_attachment
2026-04-09 13:01:33,JCZ9974,email_attachment
2026-04-09 13:05:16,GMG6846,email_attachment
2026-04-09 13:09:28,LAP2668,email_attachment
2026-04-09 13:10:42,TFF8582,email_attachment
2026-04-09 13:13:33,RQF4228,email_attachment
2026-04-09 13:14:32,RBH8130,email_attachment
2026-04-09 13:15:56,LSN9254,email_attachment
2026-04-09 13:25:25,SZP9194,email_attachment
2026-04-09 13:26:30,GFK8181,email_attachment
2026-04-09 13:27:48,NKB9927,email_attachment
2026-04-09 13:30:06,UYF2390,email_attachment
2026-04-09 13:42:23,PZP2817,email_attachment
2026-04-09 13:48:36,PBG2200,email_attachment
2026-04-09 13:52:19,STE4877,email_attachment
2026-04-09 13:54:28,KAN7127,email_attachment
2026-04-09 13:56:25,XVG6611,email_attachment
2026-04-09 14:39:22,QJE3186,email_attachment
2026-04-09 14:46:23,AVP8904,email_attachment
2026-04-09 14:56:41,NQZ4801,email_attachment
2026-04-09 15:15:52,VWK2440,external_upload
2026-04-09 16:00:47,ZAT8680,email_attachment
2026-04-09 16:03:53,GYP1903,email_attachment
2026-04-09 16:22:40,LPT7739,email_attachment
2026-04-09 17:11:07,TTT4652,email_attachment
2026-04-09 17:56:50,ZKC0776,email_attachment
2026-04-09 18:04:05,MMS7742,email_attachment
2026-04-09 18:13:12,SYT0435,email_attachment
2026-04-09 18:36:05,AUS4314,email_attachment
2026-04-09 18:39:41,GPG7115,email_attachment
2026-04-09 18:47:52,ZBE2522,external_upload
2026-04-10 07:17:34,TNM5145,email_attachment
2026-04-10 08:00:01,SVX4420,email_attachment
2026-04-10 08:44:03,XNQ7534,email_attachment
2026-04-10 08:45:13,GDC9972,email_attachment
2026-04-10 08:55:30,HBP7240,email_attachment
2026-04-10 08:57:25,CFM9613,email_attachment
2026-04-10 09:10:13,RCW3682,email_attachment
2026-04-10 09:14:04,AZN7804,email_attachment
2026-04-10 09:16:20,DXE3664,email_attachment
2026-04-10 09:17:33,TEM1066,email_attachment
2026-04-10 09:17:47,KXL3085,email_attachment
2026-04-10 09:19:44,JFR6002,email_attachment
2026-04-10 09:20:01,DVP3588,email_attachment
2026-04-10 09:21:31,LQN1265,email_attachment
2026-04-10 09:21:37,EXR3425,usb_connect
2026-04-10 09:22:35,QAG3461,email_attachment
2026-04-10 09:26:09,PMD5808,email_attachment
2026-04-10 09:26:22,PKG2686,email_attachment
2026-04-10 09:26:45,LKX2108,email_attachment
2026-04-10 09:26:54,XNW4360,email_attachment
2026-04-10 09:34:20,YWJ6443,email_attachment
2026-04-10 09:35:12,CRP1610,external_upload
2026-04-10 09:37:35,ZSD2941,email_attachment
2026-04-10 09:41:11,NSQ4495,email_attachment
2026-04-10 09:47:37,DRP1861,email_attachment
2026-04-10 09:47:47,QTV5992,email_attachment
2026-04-10 09:48:13,XZW8899,email_attachment
2026-04-10 09:50:37,WVC7612,email_attachment
2026-04-10 09:52:44,XMY1520,email_attachment
2026-04-10 09:55:52,YCY9763,external_upload
2026-04-10 09:58:24,RHK5954,email_attachment
2026-04-10 10:02:21,NZT5565,email_attachment
2026-04-10 10:10:38,ZJV8865,email_attachment
2026-04-10 10:11:23,YEV3418,email_attachment
2026-04-10 10:13:19,TZH9641,email_attachment
2026-04-10 10:19:24,PMJ2575,email_attachment
2026-04-10 10:20:26,RGW3617,email_attachment
2026-04-10 10:23:12,JCZ9974,usb_connect
2026-04-10 10:25:46,ZUM4588,email_attachment
2026-04-10 10:27:29,TBB1123,email_attachment
2026-04-10 10:30:38,ULK7678,email_attachment
2026-04-10 10:31:34,EBY6721,email_attachment
2026-04-10 10:32:39,CLU4292,email_attachment
2026-04-10 10:33:55,GWF6569,email_attachment
2026-04-10 10:37:08,HNM5714,email_attachment
2026-04-10 10:37:09,TAG0290,external_upload
2026-04-10 10:38:07,DNM0765,email_attachment
2026-04-10 10:40:12,FGQ3884,email_attachment
2026-04-10 10:42:03,UML4272,external_upload
2026-04-10 10:45:51,ENQ5809,email_attachment
2026-04-10 10:45:59,EYU6957,email_attachment
2026-04-10 10:47:43,GXX6793,email_attachment
2026-04-10 10:52:06,WZM1211,email_attachment
2026-04-10 10:54:33,DZH7756,email_attachment
2026-04-10 10:55:21,YMQ0646,email_attachment
2026-04-10 10:55:55,GXL3526,email_attachment
2026-04-10 10:56:15,LNF8692,email_attachment
2026-04-10 10:57:43,JNN3239,email_attachment
2026-04-10 10:59:02,MGY2196,email_attachment
2026-04-10 11:00:02,CNE2834,email_attachment
2026-04-10 11:00:37,ADE0330,usb_connect
2026-04-10 11:01:46,SEP7391,email_attachment
2026-04-10 11:05:54,XJB9721,email_attachment
2026-04-10 11:11:14,VVR8997,email_attachment
2026-04-10 11:12:20,UQU4319,usb_connect
2026-04-10 11:13:00,GJE2945,email_attachment
2026-04-10 11:18:57,DLN5803,external_upload
2026-04-10 11:21:36,KNZ9610,email_attachment
2026-04-10 11:29:44,TEZ8512,email_attachment
2026-04-10 11:34:05,HFD4315,email_attachment
2026-04-10 11:36:42,MUX6778,email_attachment
2026-04-10 11:38:04,RLA1209,email_attachment
2026-04-10 11:39:54,PGM8326,email_attachment
2026-04-10 11:47:05,QER6959,email_attachment
2026-04-10 11:47:11,DZH7756,external_upload
2026-04-10 11:48:53,WZJ4162,email_attachment
2026-04-10 11:49:25,UKD6455,email_attachment
2026-04-10 11:52:38,SVK8051,email_attachment
2026-04-10 11:54:03,BNC0564,email_attachment
2026-04-10 11:59:27,VUU0128,email_attachment
2026-04-10 12:00:57,EWF9587,email_attachment
2026-04-10 12:01:40,QZZ7745,email_attachment
2026-04-10 12:02:17,YKL7625,email_attachment
2026-04-10 12:05:55,FQD7162,email_attachment
2026-04-10 12:06:33,JYJ0485,email_attachment
2026-04-10 12:06:59,DLF9810,email_attachment
2026-04-10 12:08:42,KBH1111,email_attachment
2026-04-10 12:08:42,RSC5904,external_upload
2026-04-10 12:15:49,XAD7151,email_attachment
2026-04-10 12:19:50,CWZ8878,external_upload
2026-04-10 12:20:25,TMF5870,email_attachment
2026-04-10 12:21:01,XVD6009,email_attachment
2026-04-10 12:21:55,LQT4211,email_attachment
2026-04-10 12:24:12,DZL5487,email_attachment
2026-04-10 12:26:05,ZDX6609,email_attachment
2026-04-10 12:27:50,UNF6010,email_attachment
2026-04-10 12:28:58,YUQ8189,email_attachment
2026-04-10 12:30:59,LYP2797,email_attachment
2026-04-10 12:32:37,DDM6212,email_attachment
2026-04-10 12:34:51,FFV1864,email_attachment
2026-04-10 12:36:40,HMM0573,email_attachment
2026-04-10 12:37:03,UUX8159,external_upload
2026-04-10 12:39:54,VXP7389,email_attachment
2026-04-10 12:41:45,YRT1492,email_attachment
2026-04-10 12:50:11,PZE6660,email_attachment
2026-04-10 12:51:34,AHP2632,email_attachment
2026-04-10 12:53:14,SJN3046,external_upload
2026-04-10 12:54:17,ENQ5809,external_upload
2026-04-10 12:54:37,YUQ8188,email_attachment
2026-04-10 12:56:09,DDB3409,email_attachment
2026-04-10 12:57:04,JKK8889,email_attachment
2026-04-10 12:58:27,YVQ4468,email_attachment
2026-04-10 13:00:19,XWE1000,email_attachment
2026-04-10 13:02:14,WXD2117,email_attachment
2026-04-10 13:13:35,XFR9329,external_upload
2026-04-10 13:18:06,BTP8472,email_attachment
2026-04-10 13:20:41,VMP1735,usb_connect
2026-04-10 13:28:38,RBH8130,email_attachment
2026-04-10 13:29:07,JHU2260,email_attachment
2026-04-10 13:31:56,FHJ7859,email_attachment
2026-04-10 13:35:31,MJA3558,email_attachment
2026-04-10 13:37:39,PNT1274,email_attachment
2026-04-10 13:37:51,CPF7783,email_attachment
2026-04-10 13:38:03,TEV4925,email_attachment
2026-04-10 13:38:05,LBL5506,external_upload
2026-04-10 14:26:30,XYD3019,email_attachment
2026-04-10 14:32:58,JMY7303,email_attachment
2026-04-10 14:41:26,FVY5415,email_attachment
2026-04-10 14:45:33,ZAT8680,usb_connect
2026-04-10 15:23:16,CPS9069,external_upload
2026-04-10 16:21:14,CMF1527,email_attachment
2026-04-10 16:53:46,JBR9641,email_attachment
2026-04-10 17:01:24,TLA8499,email_attachment
2026-04-10 17:45:50,EKA2417,email_attachment
2026-04-10 17:51:16,TSM1883,email_attachment
2026-04-10 18:08:12,HDQ4000,email_attachment
2026-04-10 18:18:23,KHV5264,email_attachment
2026-04-10 18:19:56,SHK7018,email_attachment
2026-04-10 18:26:58,BEM7786,email_attachment
2026-04-10 18:42:39,GYF6442,email_attachment
2026-04-11 08:50:29,WWD8147,email_attachment
2026-04-11 09:03:25,CME8175,email_attachment
2026-04-12 16:02:49,XNB5488,email_attachment
2026-04-13 07:06:09,AMT3951,email_attachment
2026-04-13 07:11:14,JVL5883,email_attachment
2026-04-13 07:19:40,HGD7422,email_attachment
2026-04-13 07:31:12,AMT3951,email_attachment
2026-04-13 07:34:37,AMT3951,email_attachment
2026-04-13 07:36:01,PRQ3344,email_attachment
2026-04-13 07:44:04,RQA6801,email_attachment
2026-04-13 08:36:37,BPW6998,email_attachment
2026-04-13 08:39:45,AMT3951,email_attachment
2026-04-13 08:45:09,AMT3951,email_attachment
2026-04-13 08:45:57,XMY1520,email_attachment
2026-04-13 08:54:12,AMT3951,email_attachment
2026-04-13 08:57:31,ZYZ3045,email_attachment
2026-04-13 09:02:14,LQC3932,email_attachment
2026-04-13 09:06:48,HBS3101,email_attachment
2026-04-13 09:15:31,AMT3951,email_attachment
2026-04-13 09:21:10,LCE0048,email_attachment
2026-04-13 09:28:10,GCX8279,email_attachment
2026-04-13 09:30:50,DKP7995,email_attachment
2026-04-13 09:31:52,QGD3913,email_attachment
2026-04-13 09:33:00,UJW2838,external_upload
2026-04-13 09:33:01,TZA7171,external_upload
2026-04-13 09:34:47,UUN8790,email_attachment
2026-04-13 09:35:23,KZG4945,email_attachment
2026-04-13 09:41:45,JNB7620,email_attachment
2026-04-13 09:42:02,ZSX0554,email_attachment
2026-04-13 09:42:49,YXE8611,email_attachment
2026-04-13 09:42:53,HQL2235,email_attachment
2026-04-13 09:45:03,KHW3426,email_attachment
2026-04-13 09:47:24,CDM9834,email_attachment
2026-04-13 09:47:54,ANC8004,email_attachment
2026-04-13 09:48:10,EWE2142,email_attachment
2026-04-13 09:48:46,PNT1274,email_attachment
2026-04-13 09:50:57,FYW5995,email_attachment
2026-04-13 09:51:36,QDS1979,email_attachment
2026-04-13 09:51:40,UYA1901,email_attachment
2026-04-13 09:52:52,UMZ2829,email_attachment
2026-04-13 09:52:53,NLQ3506,email_attachment
2026-04-13 09:53:57,AWM5248,email_attachment
2026-04-13 09:54:23,ACU9294,email_attachment
2026-04-13 09:54:52,GML1669,email_attachment
2026-04-13 09:56:32,WTH7327,email_attachment
2026-04-13 09:57:00,BRC6957,email_attachment
2026-04-13 09:58:28,VJA7085,external_upload
2026-04-13 09:59:06,MAN1556,usb_connect
2026-04-13 10:06:11,JFW4707,email_attachment
2026-04-13 10:06:56,RVL1733,email_attachment
2026-04-13 10:11:29,YHC0501,email_attachment
2026-04-13 10:11:29,PHK3119,email_attachment
2026-04-13 10:13:14,WFH6695,email_attachment
2026-04-13 10:15:52,ETS6294,email_attachment
2026-04-13 10:16:06,LCD7746,email_attachment
2026-04-13 10:16:11,CME8175,email_attachment
2026-04-13 10:19:05,RAR4641,email_attachment
2026-04-13 10:21:31,JRD4682,email_attachment
2026-04-13 10:23:47,KQZ1852,email_attachment
2026-04-13 10:23:49,MWL3483,email_attachment
2026-04-13 10:24:07,HXL1791,email_attachment
2026-04-13 10:26:41,VRF2496,email_attachment
2026-04-13 10:28:11,AYV5603,email_attachment
2026-04-13 10:28:40,XTB8409,email_attachment
2026-04-13 10:30:15,ZUM4588,email_attachment
2026-04-13 10:33:21,NFK9565,email_attachment
2026-04-13 10:33:52,NAS8626,email_attachment
2026-04-13 10:39:35,EVC7489,email_attachment
2026-04-13 10:39:41,UUK6210,email_attachment
2026-04-13 10:42:40,AMQ0877,email_attachment
2026-04-13 10:50:46,PXE9068,email_attachment
2026-04-13 10:55:07,SGQ7195,email_attachment
2026-04-13 10:55:28,PEH7036,email_attachment
2026-04-13 10:55:54,JGS3000,email_attachment
2026-04-13 10:55:57,CLM1185,email_attachment
2026-04-13 10:57:08,BHC0056,email_attachment
2026-04-13 11:03:25,WXP4500,external_upload
2026-04-13 11:06:39,JNV6999,email_attachment
2026-04-13 11:07:46,UMW0726,email_attachment
2026-04-13 11:12:45,RBE2056,email_attachment
2026-04-13 11:14:39,EGE2962,external_upload
2026-04-13 11:15:21,AEH6551,email_attachment
2026-04-13 11:15:59,TLZ0839,email_attachment
2026-04-13 11:16:19,WAZ0807,email_attachment
2026-04-13 11:19:39,FPS7859,email_attachment
2026-04-13 11:22:36,PEB4761,email_attachment
2026-04-13 11:23:33,TZA8532,email_attachment
2026-04-13 11:30:49,ZMY8800,email_attachment
2026-04-13 11:30:57,HQN1201,email_attachment
2026-04-13 11:33:12,DXE3664,email_attachment
2026-04-13 11:37:26,KSM1848,email_attachment
2026-04-13 11:38:14,ZUU9989,email_attachment
2026-04-13 11:38:15,AKL6350,external_upload
2026-04-13 11:39:39,FYW5995,usb_connect
2026-04-13 11:40:08,NJZ6951,email_attachment
2026-04-13 11:41:29,AQD8170,email_attachment
2026-04-13 11:43:24,LCT5452,email_attachment
2026-04-13 11:52:34,SUP0820,email_attachment
2026-04-13 11:53:02,PDE2825,email_attachment
2026-04-13 11:54:47,UMH4248,email_attachment
2026-04-13 11:56:11,FKX1002,email_attachment
2026-04-13 11:56:46,XME0410,email_attachment
2026-04-13 11:57:01,DTR1676,email_attachment
2026-04-13 11:57:01,HRA1811,email_attachment
2026-04-13 11:58:05,SZU0525,external_upload
2026-04-13 11:59:28,EYN3867,email_attachment
2026-04-13 12:01:35,YWL9659,email_attachment
2026-04-13 12:01:51,WUN4947,email_attachment
2026-04-13 12:02:10,RTA4105,email_attachment
2026-04-13 12:09:27,MJM7888,external_upload
2026-04-13 12:10:41,NCD0177,email_attachment
2026-04-13 12:12:36,JLV8586,email_attachment
2026-04-13 12:13:25,SVG0207,email_attachment
2026-04-13 12:14:11,FHR9973,email_attachment
2026-04-13 12:16:10,QRE1538,email_attachment
2026-04-13 12:18:59,ZFP4052,email_attachment
2026-04-13 12:19:14,FUK9154,external_upload
2026-04-13 12:26:06,PLH4504,email_attachment
2026-04-13 12:27:00,DVM0465,email_attachment
2026-04-13 12:37:49,NTU7090,email_attachment
2026-04-13 12:40:37,KYK2416,email_attachment
2026-04-13 12:42:44,YJK5622,email_attachment
2026-04-13 12:47:53,UJH4817,email_attachment
2026-04-13 12:48:27,EDM9899,email_attachment
2026-04-13 12:56:59,JAS9456,email_attachment
2026-04-13 12:57:09,TLX2731,email_attachment
2026-04-13 13:01:26,GJF6121,email_attachment
2026-04-13 13:06:28,PBM4108,external_upload
2026-04-13 13:08:47,VAV3377,email_attachment
2026-04-13 13:13:08,RHK5954,external_upload
2026-04-13 13:14:47,BGD9256,email_attachment
2026-04-13 13:15:12,NEW0315,external_upload
2026-04-13 13:17:25,WHX4263,email_attachment
2026-04-13 13:20:04,ZZA4587,email_attachment
2026-04-13 13:25:42,JNF8252,email_attachment
2026-04-13 13:26:29,WDQ5874,email_attachment
2026-04-13 13:43:00,CSB7056,email_attachment
2026-04-13 13:45:06,BDN6520,email_attachment
2026-04-13 13:45:19,BZR9273,email_attachment
2026-04-13 13:48:26,JVJ0517,email_attachment
2026-04-13 13:51:21,DST2687,email_attachment
2026-04-13 13:51:36,BJF0383,email_attachment
2026-04-13 13:57:07,HMM0573,email_attachment
2026-04-13 14:00:20,HFM4572,email_attachment
2026-04-13 14:02:07,WBU4426,email_attachment
2026-04-13 14:04:10,BBB2473,email_attachment
2026-04-13 14:20:08,FRW3182,email_attachment
2026-04-13 14:25:13,KFQ0753,email_attachment
2026-04-13 14:46:02,WDF1281,email_attachment
2026-04-13 14:56:48,SYT0435,email_attachment
2026-04-13 14:58:07,TLA8499,email_attachment
2026-04-13 15:11:03,YYV5359,external_upload
2026-04-13 15:14:12,YEA8551,email_attachment
2026-04-13 15:39:19,ZBE2522,usb_connect
2026-04-13 15:50:29,CMF1527,email_attachment
2026-04-13 16:20:31,KTA2564,email_attachment
2026-04-13 16:51:13,QWM5245,external_upload
2026-04-13 17:36:27,RVW4189,email_attachment
2026-04-13 18:37:51,JNH9262,email_attachment
2026-04-14 06:37:06,AMT3951,email_attachment
2026-04-14 06:55:46,AMT3951,email_attachment
2026-04-14 07:03:12,MHU5504,email_attachment
2026-04-14 07:08:44,RPB2221,email_attachment
2026-04-14 07:09:24,AMT3951,email_attachment
2026-04-14 07:32:06,SYZ4998,email_attachment
2026-04-14 07:36:47,AMT3951,email_attachment
2026-04-14 07:39:18,ZPC9799,email_attachment
2026-04-14 07:50:58,QJY3577,email_attachment
2026-04-14 08:21:52,RPB2221,email_attachment
2026-04-14 08:23:02,CCK9983,email_attachment
2026-04-14 08:25:02,RPB2221,email_attachment
2026-04-14 08:28:55,KSJ5231,email_attachment
2026-04-14 08:31:19,RPB2221,email_attachment
2026-04-14 08:33:34,RPB2221,email_attachment
2026-04-14 08:34:18,LWY2367,email_attachment
2026-04-14 08:42:19,RPB2221,email_attachment
2026-04-14 08:50:39,RPB2221,email_attachment
2026-04-14 08:55:08,RPB2221,email_attachment
2026-04-14 09:02:25,RPB2221,email_attachment
2026-04-14 09:07:15,AMT3951,email_attachment
2026-04-14 09:07:43,EDX0830,email_attachment
2026-04-14 09:08:37,PRU1120,email_attachment
2026-04-14 09:12:53,RQX2265,external_upload
2026-04-14 09:23:18,JHY7276,email_attachment
2026-04-14 09:23:23,TWT6397,email_attachment
2026-04-14 09:25:19,RPB2221,email_attachment
2026-04-14 09:31:55,KHW3426,usb_connect
2026-04-14 09:31:59,TEM1066,email_attachment
2026-04-14 09:33:19,XJR8615,email_attachment
2026-04-14 09:36:27,EXR3425,email_attachment
2026-04-14 09:37:18,JML4492,email_attachment
2026-04-14 09:38:36,SBE6209,email_attachment
2026-04-14 09:39:41,XZY6637,email_attachment
2026-04-14 09:40:23,RAR4641,email_attachment
2026-04-14 09:40:47,MBF0954,email_attachment
2026-04-14 09:41:26,XTB8409,external_upload
2026-04-14 09:45:20,PTV3708,external_upload
2026-04-14 09:49:11,RCD1239,email_attachment
2026-04-14 09:49:19,TMF5870,email_attachment
2026-04-14 09:52:22,JMM1620,email_attachment
2026-04-14 09:56:51,ZPV1141,email_attachment
2026-04-14 09:58:34,HFN9307,email_attachment
2026-04-14 09:59:17,RPB2221,email_attachment
2026-04-14 10:01:01,RPB2221,email_attachment
2026-04-14 10:01:43,ZHK7052,external_upload
2026-04-14 10:04:25,BTT9251,email_attachment
2026-04-14 10:05:19,PXB5969,email_attachment
2026-04-14 10:06:03,QDS1979,email_attachment
2026-04-14 10:06:32,SCV7784,email_attachment
2026-04-14 10:06:33,RPB2221,email_attachment
2026-04-14 10:12:11,HBB3944,email_attachment
2026-04-14 10:13:20,MAH8506,email_attachment
2026-04-14 10:14:30,RPB2221,email_attachment
2026-04-14 10:15:50,RPB2221,email_attachment
2026-04-14 10:16:26,PQP1240,email_attachment
2026-04-14 10:16:58,KVG5688,email_attachment
2026-04-14 10:17:40,XUY0616,email_attachment
2026-04-14 10:17:58,RXP3546,email_attachment
2026-04-14 10:18:10,YSA9883,email_attachment
2026-04-14 10:20:43,AMT3951,email_attachment
2026-04-14 10:21:32,BNC0564,email_attachment
2026-04-14 10:22:01,WYK4800,external_upload
2026-04-14 10:22:20,CDM9834,email_attachment
2026-04-14 10:23:26,BMB4369,email_attachment
2026-04-14 10:24:35,RPB2221,email_attachment
2026-04-14 10:24:44,FFL5038,email_attachment
2026-04-14 10:24:58,EFS6320,email_attachment
2026-04-14 10:27:59,WUQ4755,email_attachment
2026-04-14 10:28:50,HTL3528,email_attachment
2026-04-14 10:29:59,VXD9349,email_attachment
2026-04-14 10:30:01,ZZA4587,email_attachment
2026-04-14 10:31:09,XRX7622,email_attachment
2026-04-14 10:32:23,KPF0729,email_attachment
2026-04-14 10:33:49,KYK2416,external_upload
2026-04-14 10:34:56,DZL5487,email_attachment
2026-04-14 10:35:32,AMT3951,email_attachment
2026-04-14 10:35:54,RPB2221,email_attachment
2026-04-14 10:36:22,BBH7509,email_attachment
2026-04-14 10:37:19,FYU3751,email_attachment
2026-04-14 10:37:44,KYJ2437,email_attachment
2026-04-14 10:38:29,JNB7620,email_attachment
2026-04-14 10:44:50,MXQ5110,external_upload
2026-04-14 11:02:48,WSH6100,email_attachment
2026-04-14 11:05:45,WYZ2196,email_attachment
2026-04-14 11:07:16,LMY5094,email_attachment
2026-04-14 11:07:42,YEZ8532,email_attachment
2026-04-14 11:15:18,PQW6333,email_attachment
2026-04-14 11:15:34,PUJ9838,email_attachment
2026-04-14 11:21:57,LAP2668,external_upload
2026-04-14 11:23:01,LUS6673,email_attachment
2026-04-14 11:23:17,DTR1676,email_attachment
2026-04-14 11:27:40,WKX4894,email_attachment
2026-04-14 11:28:08,KFA0115,email_attachment
2026-04-14 11:29:08,JAC2356,email_attachment
2026-04-14 11:30:37,JXR2006,external_upload
2026-04-14 11:33:10,FVX0860,email_attachment
2026-04-14 11:35:19,DPH1348,email_attachment
2026-04-14 11:37:19,XHH7751,email_attachment
2026-04-14 11:37:59,JJM7250,email_attachment
2026-04-14 11:40:06,YKZ8920,external_upload
2026-04-14 11:40:32,BKB9111,email_attachment
2026-04-14 11:43:29,WFH6695,email_attachment
2026-04-14 11:44:38,BQW0871,email_attachment
2026-04-14 11:46:15,XNQ2936,email_attachment
2026-04-14 11:49:32,LCB1568,email_attachment
2026-04-14 11:50:40,VJS9473,email_attachment
2026-04-14 11:52:44,FBZ1173,email_attachment
2026-04-14 11:55:44,MJQ0726,external_upload
2026-04-14 11:57:46,VQP7918,email_attachment
2026-04-14 11:58:12,XVD6009,email_attachment
2026-04-14 12:06:27,ZMU4248,email_attachment
2026-04-14 12:21:18,TDT2911,email_attachment
2026-04-14 12:22:22,AJM2807,email_attachment
2026-04-14 12:23:29,MZA4275,email_attachment
2026-04-14 12:24:57,EED0695,email_attachment
2026-04-14 12:25:02,XFD6884,email_attachment
2026-04-14 12:27:39,FYC6985,email_attachment
2026-04-14 12:29:14,PEV4917,email_attachment
2026-04-14 12:29:44,MGR2928,email_attachment
2026-04-14 12:30:30,FUP1453,email_attachment
2026-04-14 12:34:42,PNM6398,email_attachment
2026-04-14 12:36:16,GKN1863,email_attachment
2026-04-14 12:36:38,AVL7593,email_attachment
2026-04-14 12:41:49,PSV3856,email_attachment
2026-04-14 12:44:12,LAD8190,email_attachment
2026-04-14 12:45:42,MMM0073,email_attachment
2026-04-14 12:47:18,RLA1209,email_attachment
2026-04-14 12:49:04,BXW0831,email_attachment
2026-04-14 12:54:33,EGE8954,email_attachment
2026-04-14 13:00:08,BQG7179,email_attachment
2026-04-14 13:03:05,EGV7193,email_attachment
2026-04-14 13:06:05,NHC4657,email_attachment
2026-04-14 13:13:45,PBD5101,email_attachment
2026-04-14 13:14:57,WXR3966,email_attachment
2026-04-14 13:23:48,JSU5299,email_attachment
2026-04-14 13:37:33,BZF9291,email_attachment
2026-04-14 13:47:23,RXQ5315,email_attachment
2026-04-14 13:48:38,UZX2476,email_attachment
2026-04-14 13:52:20,WFJ4177,email_attachment
2026-04-14 13:58:50,SHR2210,email_attachment
2026-04-14 14:03:17,FTQ9220,email_attachment
2026-04-14 14:08:20,HNV3692,email_attachment
2026-04-14 14:10:09,JNP1683,email_attachment
2026-04-14 14:11:57,HJL4782,email_attachment
2026-04-14 14:13:33,UYF2390,email_attachment
2026-04-14 14:27:30,QWM5245,email_attachment
2026-04-14 14:37:46,KHV5264,email_attachment
2026-04-14 15:04:12,JNY6012,email_attachment
2026-04-14 15:55:26,FJB0676,email_attachment
2026-04-14 16:25:37,NQN2890,email_attachment
2026-04-14 16:33:26,QAK7911,email_attachment
2026-04-14 16:51:11,HFM4572,email_attachment
2026-04-14 18:09:55,SXZ6117,email_attachment
2026-04-14 18:27:22,SYH1622,email_attachment
2026-04-14 18:27:56,LWR8329,email_attachment
2026-04-14 18:33:23,TDJ7685,email_attachment
2026-04-14 18:50:32,XQB0711,email_attachment
2026-04-14 18:53:45,NAF6431,email_attachment
2026-04-15 06:22:32,RPB2221,email_attachment
2026-04-15 06:22:58,RPB2221,email_attachment
2026-04-15 06:38:06,RPB2221,email_attachment
2026-04-15 06:41:54,RPB2221,email_attachment
2026-04-15 06:51:46,FBU1062,email_attachment
2026-04-15 07:13:21,AMT3951,email_attachment
2026-04-15 07:39:17,RPB2221,email_attachment
2026-04-15 07:44:26,RPB2221,email_attachment
2026-04-15 07:54:37,RPB2221,email_attachment
2026-04-15 08:03:50,RPB2221,email_attachment
2026-04-15 08:09:42,ZEU3356,email_attachment
2026-04-15 08:13:27,XBD0169,external_upload
2026-04-15 08:14:30,RPB2221,email_attachment
2026-04-15 08:27:10,ZEU3356,external_upload
2026-04-15 08:36:11,RPB2221,email_attachment
2026-04-15 08:43:24,ADV1511,email_attachment
2026-04-15 08:52:14,RPB2221,email_attachment
2026-04-15 09:02:17,MAV1191,email_attachment
2026-04-15 09:03:12,ANC8004,email_attachment
2026-04-15 09:03:19,RPB2221,email_attachment
2026-04-15 09:16:43,RPB2221,email_attachment
2026-04-15 09:16:48,SUG3283,email_attachment
2026-04-15 09:18:46,RPB2221,email_attachment
2026-04-15 09:25:42,RPB2221,email_attachment
2026-04-15 09:25:59,RPB2221,email_attachment
2026-04-15 09:28:33,RPB2221,email_attachment
2026-04-15 09:31:05,RPB2221,email_attachment
2026-04-15 09:31:38,AMT3951,email_attachment
2026-04-15 09:32:15,RPB2221,email_attachment
2026-04-15 09:41:50,FWE2981,email_attachment
2026-04-15 09:42:46,RPB2221,email_attachment
2026-04-15 09:43:04,AZG7274,email_attachment
2026-04-15 09:48:31,RQF4228,email_attachment
2026-04-15 09:48:48,AMT3951,email_attachment
2026-04-15 09:52:20,VHH8257,email_attachment
2026-04-15 09:55:06,JFW7402,email_attachment
2026-04-15 09:55:11,ZGH0956,email_attachment
2026-04-15 09:55:18,AMT3951,email_attachment
2026-04-15 09:57:19,RRD0169,email_attachment
2026-04-15 09:59:16,ZKC8052,email_attachment
2026-04-15 09:59:27,UKM7992,email_attachment
2026-04-15 10:01:00,PYR2813,email_attachment
2026-04-15 10:01:50,JRG9460,email_attachment
2026-04-15 10:08:02,ZCX0055,usb_connect
2026-04-15 10:09:17,TZA8532,email_attachment
2026-04-15 10:12:02,ZKA7775,email_attachment
2026-04-15 10:12:34,VRF2496,email_attachment
2026-04-15 10:12:42,WKB5191,email_attachment
2026-04-15 10:13:36,AMT3951,email_attachment
2026-04-15 10:13:53,MVX7320,email_attachment
2026-04-15 10:13:56,RPB2221,email_attachment
2026-04-15 10:14:23,JAS9456,external_upload
2026-04-15 10:16:16,XFK4688,email_attachment
2026-04-15 10:18:03,FMY6666,email_attachment
2026-04-15 10:19:14,GKB5174,email_attachment
2026-04-15 10:21:23,RXJ5397,email_attachment
2026-04-15 10:22:01,CBT5366,email_attachment
2026-04-15 10:23:57,HQL2235,email_attachment
2026-04-15 10:24:29,GWB9650,email_attachment
2026-04-15 10:27:08,XWE1000,external_upload
2026-04-15 10:28:24,ZPQ8314,email_attachment
2026-04-15 10:30:21,RPB2221,email_attachment
2026-04-15 10:31:58,LGB8139,external_upload
2026-04-15 10:31:58,RPB2221,email_attachment
2026-04-15 10:32:08,MJM7888,email_attachment
2026-04-15 10:37:33,HAD1624,email_attachment
2026-04-15 10:39:59,GPU2972,email_attachment
2026-04-15 10:41:10,QEY4677,email_attachment
2026-04-15 10:42:57,YYG6468,email_attachment
2026-04-15 10:43:39,JKC0234,email_attachment
2026-04-15 10:43:51,YFK8135,external_upload
2026-04-15 10:45:44,BZR9273,email_attachment
2026-04-15 10:47:43,RPB2221,email_attachment
2026-04-15 10:49:34,CHG9684,external_upload
2026-04-15 10:53:09,XMY1520,email_attachment
2026-04-15 10:54:32,VMM6896,email_attachment
2026-04-15 10:56:45,JCN9287,email_attachment
2026-04-15 10:59:07,APP7090,email_attachment
2026-04-15 11:02:08,SNN2223,email_attachment
2026-04-15 11:05:56,ENG6450,email_attachment
2026-04-15 11:06:26,DDD2744,email_attachment
2026-04-15 11:06:59,KVQ4352,email_attachment
2026-04-15 11:10:19,BLL7712,email_attachment
2026-04-15 11:13:20,LTN9063,email_attachment
2026-04-15 11:19:51,BVH4601,email_attachment
2026-04-15 11:20:08,GAL0464,email_attachment
2026-04-15 11:24:21,KQZ1852,email_attachment
2026-04-15 11:26:45,JSS6150,email_attachment
2026-04-15 11:31:56,FYQ9194,email_attachment
2026-04-15 11:43:14,PMD5808,email_attachment
2026-04-15 11:43:28,YJN2204,email_attachment
2026-04-15 11:45:40,TBE1642,email_attachment
2026-04-15 11:49:38,LCD7746,email_attachment
2026-04-15 11:54:21,VRT7427,email_attachment
2026-04-15 12:00:14,BJY5505,email_attachment
2026-04-15 12:00:27,DKK2039,external_upload
2026-04-15 12:02:35,PBG2200,email_attachment
2026-04-15 12:08:14,RSC5904,email_attachment
2026-04-15 12:08:17,MUT1655,email_attachment
2026-04-15 12:09:10,YAW5851,email_attachment
2026-04-15 12:12:10,EMZ5921,email_attachment
2026-04-15 12:15:30,HYK2871,external_upload
2026-04-15 12:20:05,USH7924,email_attachment
2026-04-15 12:22:23,UJH4817,email_attachment
2026-04-15 12:25:30,QBD5497,email_attachment
2026-04-15 12:28:22,VGV9685,email_attachment
2026-04-15 12:29:36,TEZ5652,email_attachment
2026-04-15 12:30:08,KWA2081,email_attachment
2026-04-15 12:31:48,NPJ6022,external_upload
2026-04-15 12:33:32,GSY3617,email_attachment
2026-04-15 12:41:56,JZV6139,email_attachment
2026-04-15 12:45:43,MTX6608,external_upload
2026-04-15 12:45:59,JML4492,email_attachment
2026-04-15 12:49:35,APW9990,email_attachment
2026-04-15 12:56:54,YGG5201,email_attachment
2026-04-15 13:02:35,JGK6296,email_attachment
2026-04-15 13:05:56,FGQ3884,email_attachment
2026-04-15 13:06:26,BGP2631,email_attachment
2026-04-15 13:10:17,UCW7537,external_upload
2026-04-15 13:11:29,EAE9892,email_attachment
2026-04-15 13:12:06,QUX8484,email_attachment
2026-04-15 13:16:13,CHZ0215,email_attachment
2026-04-15 13:20:12,FTC7060,email_attachment
2026-04-15 13:22:16,KZE3724,email_attachment
2026-04-15 13:23:35,UNZ9660,email_attachment
2026-04-15 13:29:03,LNA6079,email_attachment
2026-04-15 13:43:43,RBH8130,email_attachment
2026-04-15 13:45:27,YJF6358,email_attachment
2026-04-15 13:51:58,ZZA4587,email_attachment
2026-04-15 14:01:37,YDS0481,external_upload
2026-04-15 14:50:58,LPM3257,email_attachment
2026-04-15 15:13:47,VWK2440,email_attachment
2026-04-15 17:08:39,GCD7223,email_attachment
2026-04-15 17:14:51,HSH2400,email_attachment
2026-04-15 17:46:41,PRL8162,email_attachment
2026-04-15 17:49:59,VMP1735,external_upload
2026-04-15 18:18:54,QWM5245,email_attachment
2026-04-15 18:19:05,PNX1881,email_attachment
2026-04-15 18:31:20,JWF7936,email_attachment
2026-04-15 18:35:44,YYV5359,email_attachment
2026-04-15 18:51:55,RYS4688,email_attachment
2026-04-15 18:55:13,SEX3930,email_attachment
2026-04-16 06:15:41,RPB2221,email_attachment
2026-04-16 06:36:07,RPB2221,email_attachment
2026-04-16 06:56:37,RPB2221,email_attachment
2026-04-16 07:05:23,RPB2221,email_attachment
2026-04-16 07:08:11,RPB2221,email_attachment
2026-04-16 07:21:15,AMT3951,email_attachment
2026-04-16 07:22:42,WUQ1004,email_attachment
2026-04-16 07:35:50,RPB2221,email_attachment
2026-04-16 07:46:03,MHU5504,email_attachment
2026-04-16 07:51:45,AMT3951,email_attachment
2026-04-16 07:58:16,BHW7050,email_attachment
2026-04-16 08:00:14,LKB0400,email_attachment
2026-04-16 08:22:50,RPB2221,email_attachment
2026-04-16 08:41:22,APW9990,email_attachment
2026-04-16 08:52:08,ZWY4442,email_attachment
2026-04-16 08:53:44,RPB2221,email_attachment
2026-04-16 08:55:50,RPB2221,email_attachment
2026-04-16 09:01:34,RPB2221,email_attachment
2026-04-16 09:02:16,RPB2221,email_attachment
2026-04-16 09:08:14,RPB2221,email_attachment
2026-04-16 09:10:32,AER2755,email_attachment
2026-04-16 09:11:34,VBA9177,email_attachment
2026-04-16 09:14:37,VZH0138,email_attachment
2026-04-16 09:22:41,UUP0066,email_attachment
2026-04-16 09:22:43,HTF8013,usb_connect
2026-04-16 09:27:52,KFS8428,email_attachment
2026-04-16 09:37:51,AMT3951,email_attachment
2026-04-16 09:38:04,TFA6797,email_attachment
2026-04-16 09:41:49,RPB2221,email_attachment
2026-04-16 09:42:19,YHZ7266,email_attachment
2026-04-16 09:44:35,WYW4325,email_attachment
2026-04-16 09:45:15,RPB2221,email_attachment
2026-04-16 09:52:35,DEM6967,email_attachment
2026-04-16 09:53:43,EYU6957,email_attachment
2026-04-16 09:53:57,UVE9288,external_upload
2026-04-16 09:54:29,ACZ8154,email_attachment
2026-04-16 09:55:37,HFD4315,email_attachment
2026-04-16 09:57:14,KBM5303,email_attachment
2026-04-16 10:00:50,EDW0551,email_attachment
2026-04-16 10:01:34,MPG6197,email_attachment
2026-04-16 10:02:08,BBB2473,email_attachment
2026-04-16 10:04:13,QBC9951,email_attachment
2026-04-16 10:06:06,VSW3128,email_attachment
2026-04-16 10:08:58,SQU9903,email_attachment
2026-04-16 10:09:17,CHE2136,email_attachment
2026-04-16 10:10:26,RQF4228,email_attachment
2026-04-16 10:11:38,YJK5622,email_attachment
2026-04-16 10:12:20,RPB2221,email_attachment
2026-04-16 10:17:45,QUE4515,email_attachment
2026-04-16 10:18:55,MXQ5110,usb_connect
2026-04-16 10:19:37,WZU7591,email_attachment
2026-04-16 10:19:38,AEH6551,email_attachment
2026-04-16 10:20:15,MHN7634,email_attachment
2026-04-16 10:21:47,GDC9972,email_attachment
2026-04-16 10:26:55,EDY8122,external_upload
2026-04-16 10:28:37,XSF2295,email_attachment
2026-04-16 10:29:33,MSV4399,email_attachment
2026-04-16 10:31:11,RPB2221,email_attachment
2026-04-16 10:31:28,GKJ3785,email_attachment
2026-04-16 10:32:35,GTZ0192,email_attachment
2026-04-16 10:34:50,QWV1502,external_upload
2026-04-16 10:37:28,RHN7379,email_attachment
2026-04-16 10:43:22,YGG5201,external_upload
2026-04-16 10:44:08,PBC9781,email_attachment
2026-04-16 10:55:03,GPW3461,email_attachment
2026-04-16 10:55:24,NRG1360,email_attachment
2026-04-16 10:56:21,AMT3951,email_attachment
2026-04-16 10:56:33,ZEC7331,email_attachment
2026-04-16 10:58:17,XYT8632,email_attachment
2026-04-16 10:58:39,WDQ5874,email_attachment
2026-04-16 10:58:52,ANC8004,email_attachment
2026-04-16 10:59:33,PCC6098,email_attachment
2026-04-16 11:00:08,QFJ3194,email_attachment
2026-04-16 11:00:29,AMT3951,email_attachment
2026-04-16 11:02:13,GTJ3421,email_attachment
2026-04-16 11:03:45,CAJ8151,email_attachment
2026-04-16 11:04:38,RDA9676,email_attachment
2026-04-16 11:17:20,FXU6508,email_attachment
2026-04-16 11:18:58,BEQ4335,email_attachment
2026-04-16 11:23:14,AGS7505,email_attachment
2026-04-16 11:24:52,DLN5803,email_attachment
2026-04-16 11:26:49,KUB8455,email_attachment
2026-04-16 11:27:06,BNT0262,email_attachment
2026-04-16 11:29:29,BQN7551,email_attachment
2026-04-16 11:29:56,USH7924,email_attachment
2026-04-16 11:30:39,TFM2868,email_attachment
2026-04-16 11:33:03,DDL7713,email_attachment
2026-04-16 11:35:42,HLG5262,email_attachment
2026-04-16 11:36:14,HLZ1544,email_attachment
2026-04-16 11:40:37,TWC7231,email_attachment
2026-04-16 11:42:24,ZDX6609,email_attachment
2026-04-16 11:44:42,FAQ1887,email_attachment
2026-04-16 11:46:49,AZG7274,email_attachment
2026-04-16 11:49:40,PRY5497,email_attachment
2026-04-16 11:50:14,VKE4599,email_attachment
2026-04-16 11:51:05,QGK7077,usb_connect
2026-04-16 11:51:22,HKH3896,email_attachment
2026-04-16 11:52:51,UQX0155,email_attachment
2026-04-16 11:57:08,DVB7034,email_attachment
2026-04-16 11:59:24,PZS1941,email_attachment
2026-04-16 12:03:42,CBE9388,email_attachment
2026-04-16 12:10:06,JSV7667,email_attachment
2026-04-16 12:14:16,SVK8051,email_attachment
2026-04-16 12:15:14,LKZ9027,email_attachment
2026-04-16 12:18:27,LFZ8894,email_attachment
2026-04-16 12:19:01,MUE9125,email_attachment
2026-04-16 12:22:22,JAW8019,external_upload
2026-04-16 12:27:56,XMP7066,email_attachment
2026-04-16 12:30:47,SSL4131,email_attachment
2026-04-16 12:30:59,NRG9357,email_attachment
2026-04-16 12:34:27,FQZ0453,email_attachment
2026-04-16 12:34:41,VRA4171,email_attachment
2026-04-16 12:40:53,WSG6432,external_upload
2026-04-16 12:43:05,KZG4945,email_attachment
2026-04-16 12:43:38,DRQ4774,email_attachment
2026-04-16 12:49:16,PEH7036,email_attachment
2026-04-16 12:49:18,DNM0765,email_attachment
2026-04-16 13:03:34,XHC8462,external_upload
2026-04-16 13:06:28,AGX2877,email_attachment
2026-04-16 13:08:19,RCD1239,email_attachment
2026-04-16 13:10:52,DVB7286,external_upload
2026-04-16 13:11:14,FAA5368,email_attachment
2026-04-16 13:11:24,KAQ4260,external_upload
2026-04-16 13:16:14,WNE8020,email_attachment
2026-04-16 13:42:53,GTK1590,email_attachment
2026-04-16 13:52:05,PSL2732,email_attachment
2026-04-16 14:04:43,ZSN0830,email_attachment
2026-04-16 14:09:40,BFF9449,email_attachment
2026-04-16 14:39:47,FTC7060,email_attachment
2026-04-16 14:42:30,AAD3954,email_attachment
2026-04-16 15:25:29,KHV5264,email_attachment
2026-04-16 15:56:33,TSJ9915,email_attachment
2026-04-16 16:28:17,QLG0421,email_attachment
2026-04-16 16:30:34,LWR8329,usb_connect
2026-04-16 17:31:35,UMD2487,email_attachment
2026-04-16 17:40:46,HYL3094,email_attachment
2026-04-16 18:09:47,FGE5760,email_attachment
2026-04-16 18:10:23,ZHY2106,email_attachment
2026-04-16 19:00:40,AVP8904,email_attachment
2026-04-17 06:14:38,JYE3282,email_attachment
2026-04-17 06:37:01,KRB4673,email_attachment
2026-04-17 06:42:24,XNS3801,email_attachment
2026-04-17 07:00:20,RPB2221,email_attachment
2026-04-17 07:01:20,RPB2221,email_attachment
2026-04-17 07:06:54,RPB2221,email_attachment
2026-04-17 07:11:35,RPB2221,email_attachment
2026-04-17 07:20:58,RPB2221,email_attachment
2026-04-17 07:22:00,RPB2221,email_attachment
2026-04-17 07:47:53,RPB2221,email_attachment
2026-04-17 07:49:33,AMT3951,email_attachment
2026-04-17 07:51:17,RPB2221,email_attachment
2026-04-17 08:06:46,RPB2221,email_attachment
2026-04-17 08:41:49,TES3512,email_attachment
2026-04-17 08:43:25,RPB2221,email_attachment
2026-04-17 08:45:01,AMT3951,email_attachment
2026-04-17 09:09:47,RPB2221,email_attachment
2026-04-17 09:11:08,XNW4360,external_upload
2026-04-17 09:13:13,RPB2221,email_attachment
2026-04-17 09:13:46,CXT3659,email_attachment
2026-04-17 09:18:57,RPB2221,email_attachment
2026-04-17 09:19:03,FYQ9194,email_attachment
2026-04-17 09:19:19,RPB2221,email_attachment
2026-04-17 09:20:09,DQZ4406,email_attachment
2026-04-17 09:21:31,NEW0315,email_attachment
2026-04-17 09:23:53,XHA3580,email_attachment
2026-04-17 09:26:21,VLD0014,email_attachment
2026-04-17 09:26:42,LJQ0652,email_attachment
2026-04-17 09:27:25,WLZ3212,email_attachment
2026-04-17 09:28:39,TDD5958,email_attachment
2026-04-17 09:30:56,PTK0032,email_attachment
2026-04-17 09:32:56,NCD0177,email_attachment
2026-04-17 09:33:38,FFL5038,email_attachment
2026-04-17 09:34:44,TKR9198,email_attachment
2026-04-17 09:35:27,EUE6872,email_attachment
2026-04-17 09:42:48,PYE1356,email_attachment
2026-04-17 09:45:05,WEB9338,email_attachment
2026-04-17 09:47:13,RPB2221,email_attachment
2026-04-17 09:53:00,QGN4889,email_attachment
2026-04-17 09:55:21,RPB2221,email_attachment
2026-04-17 09:59:04,WLP3029,email_attachment
2026-04-17 09:59:25,RPB2221,email_attachment
2026-04-17 10:02:00,USB2186,email_attachment
2026-04-17 10:02:10,RPB2221,email_attachment
2026-04-17 10:03:25,RPB2221,email_attachment
2026-04-17 10:05:33,FGK0491,email_attachment
2026-04-17 10:05:40,CHE2136,email_attachment
2026-04-17 10:07:30,HBS3101,email_attachment
2026-04-17 10:07:51,EKA8131,email_attachment
2026-04-17 10:12:00,RPB2221,email_attachment
2026-04-17 10:13:32,KYD3626,email_attachment
2026-04-17 10:13:32,AMT3951,email_attachment
2026-04-17 10:13:56,RPB2221,email_attachment
2026-04-17 10:14:15,RLF5434,email_attachment
2026-04-17 10:15:56,TLX2731,email_attachment
2026-04-17 10:20:18,AMT3951,email_attachment
2026-04-17 10:26:57,TCP3554,email_attachment
2026-04-17 10:27:10,LYW6509,email_attachment
2026-04-17 10:30:13,UUZ0064,email_attachment
2026-04-17 10:31:43,RPB2221,email_attachment
2026-04-17 10:34:11,HTM0498,external_upload
2026-04-17 10:34:38,KGP8974,email_attachment
2026-04-17 10:37:02,PTB4458,email_attachment
2026-04-17 10:37:55,AMT3951,email_attachment
2026-04-17 10:40:35,VQP7918,external_upload
2026-04-17 10:40:43,VMF5653,email_attachment
2026-04-17 10:46:31,AMT3951,email_attachment
2026-04-17 10:47:07,RPB2221,email_attachment
2026-04-17 10:51:29,ZHB5881,email_attachment
2026-04-17 10:51:34,GXB2823,email_attachment
2026-04-17 10:51:55,PCH7421,external_upload
2026-04-17 10:54:22,WGH7459,email_attachment
2026-04-17 10:56:03,HEP4992,email_attachment
2026-04-17 10:56:38,XFK4688,email_attachment
2026-04-17 10:59:37,ZFL8607,email_attachment
2026-04-17 10:59:50,TDT2911,email_attachment
2026-04-17 11:00:51,FQR7082,email_attachment
2026-04-17 11:01:58,RPB2221,email_attachment
2026-04-17 11:02:32,CED7289,email_attachment
2026-04-17 11:03:33,AMT3951,email_attachment
2026-04-17 11:03:57,QVB2396,email_attachment
2026-04-17 11:04:33,QDG0193,email_attachment
2026-04-17 11:06:42,VGP5643,email_attachment
2026-04-17 11:07:22,DPG4644,usb_connect
2026-04-17 11:11:59,DSQ0827,email_attachment
2026-04-17 11:13:19,KMC7017,email_attachment
2026-04-17 11:18:53,DAG0153,email_attachment
2026-04-17 11:20:26,QEY4677,email_attachment
2026-04-17 11:21:54,MJQ0726,external_upload
2026-04-17 11:24:29,EDU0037,email_attachment
2026-04-17 11:25:17,JAC2356,email_attachment
2026-04-17 11:29:06,NGP1594,usb_connect
2026-04-17 11:31:35,CNK7263,email_attachment
2026-04-17 11:33:30,KRQ7567,email_attachment
2026-04-17 11:34:14,BYR0357,email_attachment
2026-04-17 11:47:02,RXQ5315,email_attachment
2026-04-17 11:49:52,JRM5199,email_attachment
2026-04-17 11:52:12,WTA6371,email_attachment
2026-04-17 11:53:37,AHU1712,email_attachment
2026-04-17 11:54:00,SUQ0985,email_attachment
2026-04-17 11:56:20,JYJ0485,email_attachment
2026-04-17 11:57:43,UWY3981,email_attachment
2026-04-17 11:58:38,HMM0573,email_attachment
2026-04-17 11:59:59,RVJ4834,email_attachment
2026-04-17 12:04:51,NDZ4258,email_attachment
2026-04-17 12:07:05,ZKZ0318,external_upload
2026-04-17 12:07:23,JJM7250,email_attachment
2026-04-17 12:07:51,JGK6296,email_attachment
2026-04-17 12:08:11,JSF4057,email_attachment
2026-04-17 12:14:59,ZPB1790,email_attachment
2026-04-17 12:16:21,TNQ7412,email_attachment
2026-04-17 12:24:06,GXB2823,external_upload
2026-04-17 12:25:02,YYZ1409,email_attachment
2026-04-17 12:25:38,JVN9713,email_attachment
2026-04-17 12:27:51,LCU3989,email_attachment
2026-04-17 12:30:01,XEY1384,email_attachment
2026-04-17 12:31:14,BBY7672,email_attachment
2026-04-17 12:35:49,GJS8114,email_attachment
2026-04-17 12:37:34,LRJ0183,email_attachment
2026-04-17 12:38:02,ELY1202,email_attachment
2026-04-17 12:40:27,TNE2852,email_attachment
2026-04-17 12:45:02,XCE3705,email_attachment
2026-04-17 12:45:29,FGX9186,email_attachment
2026-04-17 12:49:06,ZRH2565,email_attachment
2026-04-17 12:50:19,QMQ7100,email_attachment
2026-04-17 12:51:02,FHC5582,email_attachment
2026-04-17 12:52:41,PZP2817,email_attachment
2026-04-17 12:53:19,KZS8027,email_attachment
2026-04-17 12:53:48,EZT3212,email_attachment
2026-04-17 12:54:16,AKK7619,external_upload
2026-04-17 12:54:23,QDR5644,email_attachment
2026-04-17 12:54:36,WSH6100,email_attachment
2026-04-17 12:55:48,RNP3279,email_attachment
2026-04-17 12:56:29,SBZ8625,email_attachment
2026-04-17 12:56:49,LER8757,email_attachment
2026-04-17 12:58:48,ZJV8865,email_attachment
2026-04-17 13:07:00,JSS6150,email_attachment
2026-04-17 13:13:21,BQV8037,email_attachment
2026-04-17 13:17:49,BTK6682,email_attachment
2026-04-17 13:25:41,VQP7918,email_attachment
2026-04-17 13:32:36,NJW2195,email_attachment
2026-04-17 13:43:48,CHQ2090,email_attachment
2026-04-17 13:51:07,VXV7234,email_attachment
2026-04-17 13:57:14,DST2687,email_attachment
2026-04-17 14:00:19,FAJ7200,email_attachment
2026-04-17 14:47:05,NBP4754,email_attachment
2026-04-17 14:56:16,QJR8672,email_attachment
2026-04-17 15:18:39,FKH0396,email_attachment
2026-04-17 15:29:43,MQF2689,email_attachment
2026-04-17 15:38:50,GYF6442,email_attachment
2026-04-17 15:55:06,FSK9241,email_attachment
2026-04-17 16:28:06,RZG0245,email_attachment
2026-04-17 16:33:21,FAP0273,email_attachment
2026-04-17 16:45:42,SHK7018,email_attachment
2026-04-17 17:14:49,UPD2858,email_attachment
2026-04-17 17:58:41,ERS0269,email_attachment
2026-04-17 18:03:50,AHZ1657,email_attachment
2026-04-18 09:16:48,DXZ1860,email_attachment
2026-04-18 09:41:28,KXL3085,email_attachment
2026-04-18 10:40:07,DKK2039,email_attachment
2026-04-18 10:54:55,ZFP4052,email_attachment
2026-04-18 10:58:27,AAE7371,email_attachment
2026-04-18 11:41:26,TBZ5694,email_attachment
2026-04-18 13:00:49,HEP6887,email_attachment
2026-04-19 09:59:15,TEZ5652,email_attachment
2026-04-19 10:31:30,UQX0155,email_attachment
2026-04-19 10:35:45,HJV4248,email_attachment
2026-04-19 13:42:32,UCZ4677,email_attachment
2026-04-19 14:09:31,RLL7595,email_attachment
2026-04-19 16:07:32,EZS7293,external_upload
2026-04-19 16:11:47,EGE4292,email_attachment
2026-04-19 16:53:57,REX4712,email_attachment
2026-04-20 06:43:36,UUU7336,email_attachment
2026-04-20 08:06:38,MSV4399,email_attachment
2026-04-20 08:20:01,NFM9393,email_attachment
2026-04-20 08:48:28,YMF0181,email_attachment
2026-04-20 08:51:27,PLX1977,email_attachment
2026-04-20 09:00:22,PRN9467,email_attachment
2026-04-20 09:05:53,DRQ4774,email_attachment
2026-04-20 09:08:29,ALH7224,email_attachment
2026-04-20 09:08:42,JSS6150,email_attachment
2026-04-20 09:14:17,PQV1878,email_attachment
2026-04-20 09:21:06,PDG5421,email_attachment
2026-04-20 09:31:48,PUJ9838,email_attachment
2026-04-20 09:34:29,YRH8194,email_attachment
2026-04-20 09:40:56,TNW8789,email_attachment
2026-04-20 09:52:05,ATY1642,email_attachment
2026-04-20 09:57:48,UHY5838,email_attachment
2026-04-20 10:00:36,LKX2108,email_attachment
2026-04-20 10:02:17,WGM2789,email_attachment
2026-04-20 10:03:19,DDZ1774,email_attachment
2026-04-20 10:08:11,VBV3674,email_attachment
2026-04-20 10:08:15,EJM7562,email_attachment
2026-04-20 10:08:54,JNB7620,email_attachment
2026-04-20 10:10:25,HTL3528,email_attachment
2026-04-20 10:12:50,ALS8032,email_attachment
2026-04-20 10:13:07,EHH0831,email_attachment
2026-04-20 10:14:40,CGR6865,email_attachment
2026-04-20 10:15:33,KFA0115,email_attachment
2026-04-20 10:16:04,TQG3186,email_attachment
2026-04-20 10:18:01,GRZ0805,email_attachment
2026-04-20 10:21:30,TER6346,email_attachment
2026-04-20 10:22:08,BXJ9998,email_attachment
2026-04-20 10:22:37,QEY4677,email_attachment
2026-04-20 10:22:38,NQF1835,email_attachment
2026-04-20 10:31:15,QSY1804,email_attachment
2026-04-20 10:32:14,KTE8576,email_attachment
2026-04-20 10:32:20,AHU1712,email_attachment
2026-04-20 10:32:33,JJX7773,email_attachment
2026-04-20 10:32:48,VQP7918,email_attachment
2026-04-20 10:33:35,QCU6852,email_attachment
2026-04-20 10:34:58,SQE3562,email_attachment
2026-04-20 10:38:14,LYW6509,email_attachment
2026-04-20 10:39:24,RAR4641,email_attachment
2026-04-20 10:41:21,RDR1473,email_attachment
2026-04-20 10:42:15,CUA1783,email_attachment
2026-04-20 10:43:44,FTC7060,email_attachment
2026-04-20 10:48:25,HSN4879,usb_connect
2026-04-20 10:49:36,RST2294,email_attachment
2026-04-20 10:50:42,WSN8487,email_attachment
2026-04-20 10:55:52,VPM8632,email_attachment
2026-04-20 11:00:49,HQD9108,external_upload
2026-04-20 11:01:00,QLD5822,email_attachment
2026-04-20 11:01:24,UWU3881,email_attachment
2026-04-20 11:10:39,ZWD7442,email_attachment
2026-04-20 11:12:48,NTK2859,email_attachment
2026-04-20 11:14:59,ARF3086,email_attachment
2026-04-20 11:22:57,HZX9435,email_attachment
2026-04-20 11:25:37,HAD1624,email_attachment
2026-04-20 11:26:05,KND1968,email_attachment
2026-04-20 11:26:08,DAL8893,email_attachment
2026-04-20 11:29:49,UUX8159,email_attachment
2026-04-20 11:30:47,MAV1191,email_attachment
2026-04-20 11:31:24,XZY6637,email_attachment
2026-04-20 11:31:48,MKS7553,email_attachment
2026-04-20 11:32:28,ZQE5200,email_attachment
2026-04-20 11:40:09,SFX9426,email_attachment
2026-04-20 11:42:08,ZDB4042,external_upload
2026-04-20 11:42:08,SNA9538,email_attachment
2026-04-20 11:46:55,YDS0481,email_attachment
2026-04-20 11:48:50,BBB2473,email_attachment
2026-04-20 11:51:37,DTW2539,email_attachment
2026-04-20 11:53:41,MXS7118,email_attachment
2026-04-20 11:55:11,DUZ1265,email_attachment
2026-04-20 12:00:36,QAU0816,email_attachment
2026-04-20 12:01:34,YKL7625,email_attachment
2026-04-20 12:02:55,NAS8626,email_attachment
2026-04-20 12:04:40,YQH6723,email_attachment
2026-04-20 12:07:10,ZPB1790,email_attachment
2026-04-20 12:08:46,YCY9763,email_attachment
2026-04-20 12:09:32,RGC1753,email_attachment
2026-04-20 12:11:15,RSX0455,email_attachment
2026-04-20 12:14:03,BFF9449,email_attachment
2026-04-20 12:14:58,ACW5886,email_attachment
2026-04-20 12:15:52,CNX4632,email_attachment
2026-04-20 12:16:49,ZWD2716,email_attachment
2026-04-20 12:17:35,EXP0252,external_upload
2026-04-20 12:19:31,LAH1595,email_attachment
2026-04-20 12:43:20,LFR9724,external_upload
2026-04-20 12:43:39,TZQ9935,email_attachment
2026-04-20 12:46:12,HQY0328,email_attachment
2026-04-20 12:47:00,KTW8603,email_attachment
2026-04-20 12:49:01,TMF5870,email_attachment
2026-04-20 12:49:06,EHH0831,external_upload
2026-04-20 12:51:38,HXL1791,email_attachment
2026-04-20 12:53:47,EVC7489,email_attachment
2026-04-20 12:55:49,YUQ8188,email_attachment
2026-04-20 12:56:05,QDN2660,email_attachment
2026-04-20 12:57:45,ZJG4527,email_attachment
2026-04-20 13:01:38,PRH8587,email_attachment
2026-04-20 13:09:35,DSR3222,external_upload
2026-04-20 13:29:11,SUQ0985,email_attachment
2026-04-20 13:30:29,BZK1628,email_attachment
2026-04-20 13:30:37,TEE2171,email_attachment
2026-04-20 13:33:15,JSF4057,email_attachment
2026-04-20 13:40:14,ZXZ4586,email_attachment
2026-04-20 13:42:10,ZVM3947,email_attachment
2026-04-20 13:46:29,XCE3705,email_attachment
2026-04-20 14:00:24,NMG2401,email_attachment
2026-04-20 14:00:32,XSM9395,email_attachment
2026-04-20 14:12:46,PCP4778,email_attachment
2026-04-20 14:24:02,ESG8664,email_attachment
2026-04-20 15:28:38,NSW2398,external_upload
2026-04-20 15:59:28,FGE5760,email_attachment
2026-04-20 16:02:17,ACG7504,email_attachment
2026-04-20 16:02:46,FSK9241,email_attachment
2026-04-20 17:08:56,LHZ9770,email_attachment
2026-04-20 17:44:02,YPA6465,email_attachment
2026-04-20 18:28:07,AVP8904,email_attachment
2026-04-21 06:10:08,JQB8686,email_attachment
2026-04-21 06:54:29,TUH6119,email_attachment
2026-04-21 07:30:43,CNY0484,email_attachment
2026-04-21 07:43:01,RXJ5397,email_attachment
2026-04-21 07:43:37,USB2186,email_attachment
2026-04-21 08:07:33,RGW3074,usb_connect
2026-04-21 08:25:21,ZVF2710,email_attachment
2026-04-21 08:41:25,SRD1581,email_attachment
2026-04-21 08:44:58,MMV4490,email_attachment
2026-04-21 08:47:59,VXQ8396,email_attachment
2026-04-21 08:51:54,KHD6248,email_attachment
2026-04-21 08:52:20,FXZ4153,email_attachment
2026-04-21 08:54:16,ZUV4197,email_attachment
2026-04-21 08:56:06,BDJ0886,email_attachment
2026-04-21 09:06:32,XYZ5709,email_attachment
2026-04-21 09:09:11,QKS9196,external_upload
2026-04-21 09:18:51,EXB4687,email_attachment
2026-04-21 09:21:49,THR6236,email_attachment
2026-04-21 09:31:18,AFU9191,email_attachment
2026-04-21 09:35:43,AEY2241,email_attachment
2026-04-21 09:39:42,UUN8790,email_attachment
2026-04-21 09:42:55,JNV0867,email_attachment
2026-04-21 09:54:40,CWD1018,email_attachment
2026-04-21 09:55:31,FVG6519,email_attachment
2026-04-21 09:56:43,VLW8532,email_attachment
2026-04-21 09:57:21,RMZ9198,email_attachment
2026-04-21 10:02:07,DSR3222,email_attachment
2026-04-21 10:04:00,NDZ4258,email_attachment
2026-04-21 10:06:46,DZG4068,email_attachment
2026-04-21 10:06:54,TXG5620,email_attachment
2026-04-21 10:08:55,CLG5170,email_attachment
2026-04-21 10:10:21,MAN5960,email_attachment
2026-04-21 10:11:55,DBL8711,email_attachment
2026-04-21 10:13:24,UZH3465,email_attachment
2026-04-21 10:13:50,NQF1835,email_attachment
2026-04-21 10:14:41,QER6959,external_upload
2026-04-21 10:15:03,ZZE4562,email_attachment
2026-04-21 10:15:51,AGP7231,email_attachment
2026-04-21 10:16:09,GSY3617,email_attachment
2026-04-21 10:20:36,ACU8130,email_attachment
2026-04-21 10:25:15,QSY1804,usb_connect
2026-04-21 10:26:29,UWT0424,email_attachment
2026-04-21 10:29:54,WGX9994,email_attachment
2026-04-21 10:30:03,SCD9494,external_upload
2026-04-21 10:32:15,KUB8455,email_attachment
2026-04-21 10:33:41,MDD1815,email_attachment
2026-04-21 10:37:40,ZHK7052,email_attachment
2026-04-21 10:39:01,QUF3361,email_attachment
2026-04-21 10:42:12,CLM1185,email_attachment
2026-04-21 10:44:05,LXG5367,email_attachment
2026-04-21 10:47:47,BBB2473,email_attachment
2026-04-21 10:47:50,XMV6673,email_attachment
2026-04-21 10:51:47,DLZ6510,email_attachment
2026-04-21 10:55:24,EVC7489,email_attachment
2026-04-21 11:03:17,BES5832,external_upload
2026-04-21 11:03:59,NLQ3506,email_attachment
2026-04-21 11:09:58,GNA5070,email_attachment
2026-04-21 11:15:14,XVD6009,email_attachment
2026-04-21 11:16:49,AWR3646,email_attachment
2026-04-21 11:18:37,XRA6244,email_attachment
2026-04-21 11:20:48,UEP3443,email_attachment
2026-04-21 11:22:38,ENQ5809,email_attachment
2026-04-21 11:24:56,YEL9905,email_attachment
2026-04-21 11:26:44,GEP1888,email_attachment
2026-04-21 11:31:03,HFA2536,email_attachment
2026-04-21 11:35:24,JWU4729,email_attachment
2026-04-21 11:36:48,USY9492,email_attachment
2026-04-21 11:37:06,ABX8155,external_upload
2026-04-21 11:37:21,QTJ3272,email_attachment
2026-04-21 11:48:01,BQG7179,email_attachment
2026-04-21 11:49:05,SFX9426,email_attachment
2026-04-21 11:50:50,PSV3856,email_attachment
2026-04-21 11:53:36,HTF8013,email_attachment
2026-04-21 11:55:10,DEM6096,email_attachment
2026-04-21 11:56:39,HFU3666,usb_connect
2026-04-21 12:00:08,RXQ5315,email_attachment
2026-04-21 12:01:21,ADK8646,email_attachment
2026-04-21 12:03:37,WSM8984,email_attachment
2026-04-21 12:09:20,ZYE5732,external_upload
2026-04-21 12:09:59,TVL8943,email_attachment
2026-04-21 12:11:15,MWN8039,external_upload
2026-04-21 12:13:58,AHU1712,email_attachment
2026-04-21 12:14:16,NES9078,email_attachment
2026-04-21 12:20:18,AUN2227,external_upload
2026-04-21 12:22:40,ALH8441,email_attachment
2026-04-21 12:25:48,UAB1375,email_attachment
2026-04-21 12:26:40,NDL3725,email_attachment
2026-04-21 12:30:03,DSQ0827,email_attachment
2026-04-21 12:32:27,CPV6745,email_attachment
2026-04-21 12:32:55,EXR7447,email_attachment
2026-04-21 12:33:29,KNL2118,email_attachment
2026-04-21 12:41:12,JJX7773,email_attachment
2026-04-21 12:42:02,PGZ0051,email_attachment
2026-04-21 12:47:14,XFS4277,email_attachment
2026-04-21 12:47:51,KHB9148,email_attachment
2026-04-21 12:53:45,FKD3736,email_attachment
2026-04-21 12:54:16,WPC3142,email_attachment
2026-04-21 12:57:13,DZH7756,email_attachment
2026-04-21 13:01:17,QPA7343,email_attachment
2026-04-21 13:01:38,UZX2476,email_attachment
2026-04-21 13:01:53,DZL5487,email_attachment
2026-04-21 13:03:42,NWC4997,email_attachment
2026-04-21 13:07:31,PQW5115,external_upload
2026-04-21 13:08:00,CDM9834,email_attachment
2026-04-21 13:11:08,ENV8864,email_attachment
2026-04-21 13:22:56,XUG1117,email_attachment
2026-04-21 13:24:52,NLR0262,email_attachment
2026-04-21 13:26:00,JXW2592,email_attachment
2026-04-21 13:26:11,UHW1685,email_attachment
2026-04-21 13:34:30,YHC8602,email_attachment
2026-04-21 13:41:21,XRP2947,email_attachment
2026-04-21 13:41:21,CNT2141,email_attachment
2026-04-21 13:44:37,YJP1704,email_attachment
2026-04-21 13:45:16,PXN7264,email_attachment
2026-04-21 13:46:40,CPF7783,email_attachment
2026-04-21 13:47:48,YZD2818,email_attachment
2026-04-21 13:53:43,DYJ4158,email_attachment
2026-04-21 14:02:08,PNS6712,email_attachment
2026-04-21 14:13:29,KCA1959,email_attachment
2026-04-21 14:20:56,AMG0435,email_attachment
2026-04-21 14:24:49,LZD5274,email_attachment
2026-04-21 14:39:42,FGE5760,email_attachment
2026-04-21 14:41:15,HUX0645,email_attachment
2026-04-21 14:53:25,BUG4150,external_upload
2026-04-21 15:00:40,HFM4572,email_attachment
2026-04-21 15:19:29,GXS8307,email_attachment
2026-04-21 15:35:55,GPM7681,email_attachment
2026-04-21 15:43:42,MJK0021,email_attachment
2026-04-21 15:55:26,VWU2029,email_attachment
2026-04-21 17:04:00,CNL4143,email_attachment
2026-04-21 17:23:40,HYL3094,external_upload
2026-04-21 18:56:06,JDR3160,email_attachment
2026-04-21 19:06:43,NQN2890,email_attachment
2026-04-22 06:41:14,VDQ2768,email_attachment
2026-04-22 06:42:21,WDF1317,email_attachment
2026-04-22 06:46:46,PYE1356,email_attachment
2026-04-22 07:11:48,CQR0703,email_attachment
2026-04-22 07:14:53,NER9488,email_attachment
2026-04-22 08:46:29,DRQ4774,email_attachment
2026-04-22 08:50:18,AGX2877,email_attachment
2026-04-22 09:12:41,BJW8481,email_attachment
2026-04-22 09:20:03,JEV3007,email_attachment
2026-04-22 09:20:04,BYA7369,email_attachment
2026-04-22 09:21:47,KZW1655,email_attachment
2026-04-22 09:23:53,NUK6400,email_attachment
2026-04-22 09:23:56,MAC3040,email_attachment
2026-04-22 09:25:28,SRN5527,email_attachment
2026-04-22 09:25:51,SHE0377,email_attachment
2026-04-22 09:29:44,MAC3040,usb_connect
2026-04-22 09:30:23,AZN7804,email_attachment
2026-04-22 09:41:10,PBB3896,email_attachment
2026-04-22 09:41:38,YXP0912,email_attachment
2026-04-22 09:41:41,MPG6197,email_attachment
2026-04-22 09:41:55,JHW6568,email_attachment
2026-04-22 09:49:39,UPJ2100,email_attachment
2026-04-22 09:50:19,KUB8455,usb_connect
2026-04-22 09:51:30,JML4492,email_attachment
2026-04-22 09:54:20,HQN1201,email_attachment
2026-04-22 09:55:18,WFK1303,email_attachment
2026-04-22 09:55:37,WHU1145,email_attachment
2026-04-22 09:58:18,LQR5886,email_attachment
2026-04-22 10:01:30,NQN3339,email_attachment
2026-04-22 10:04:16,BPW6998,email_attachment
2026-04-22 10:05:19,FNB0006,email_attachment
2026-04-22 10:06:30,ESW3216,email_attachment
2026-04-22 10:08:51,PZC7671,email_attachment
2026-04-22 10:09:37,WTA6371,email_attachment
2026-04-22 10:10:10,UCW5515,email_attachment
2026-04-22 10:10:53,MAH8506,email_attachment
2026-04-22 10:11:16,LSS4926,email_attachment
2026-04-22 10:13:39,NDZ4258,email_attachment
2026-04-22 10:16:59,HKH3896,email_attachment
2026-04-22 10:21:34,EWE2142,email_attachment
2026-04-22 10:23:51,GFH2961,email_attachment
2026-04-22 10:24:36,ASJ5787,email_attachment
2026-04-22 10:25:47,EYN3867,email_attachment
2026-04-22 10:29:29,GMU4984,email_attachment
2026-04-22 10:32:19,VXQ8396,email_attachment
2026-04-22 10:33:56,MPP4576,email_attachment
2026-04-22 10:35:03,MZA4275,email_attachment
2026-04-22 10:36:03,HLG5262,email_attachment
2026-04-22 10:36:23,MAP1021,email_attachment
2026-04-22 10:36:56,KXE5201,email_attachment
2026-04-22 10:39:57,PNP5201,email_attachment
2026-04-22 10:40:38,TXG5620,email_attachment
2026-04-22 10:44:01,WSP7770,email_attachment
2026-04-22 10:45:02,RSX1179,usb_connect
2026-04-22 10:48:01,EUG9459,email_attachment
2026-04-22 10:48:44,JDL6872,email_attachment
2026-04-22 10:51:36,SMG3942,email_attachment
2026-04-22 10:55:52,XKJ6099,email_attachment
2026-04-22 10:58:24,VEF7773,email_attachment
2026-04-22 10:58:49,VVL2346,email_attachment
2026-04-22 11:05:18,NRG9357,email_attachment
2026-04-22 11:05:20,GCN5908,email_attachment
2026-04-22 11:08:28,TQS5889,email_attachment
2026-04-22 11:10:26,RPB6169,email_attachment
2026-04-22 11:10:41,DZG4068,email_attachment
2026-04-22 11:10:59,MCC9628,email_attachment
2026-04-22 11:15:46,PQP1240,external_upload
2026-04-22 11:20:55,HJL4782,email_attachment
2026-04-22 11:25:21,SBE6209,email_attachment
2026-04-22 11:28:18,DHT3461,email_attachment
2026-04-22 11:28:59,WWW6722,email_attachment
2026-04-22 11:31:44,LGE7701,email_attachment
2026-04-22 11:35:18,NUT6859,email_attachment
2026-04-22 11:43:39,QTV5992,usb_connect
2026-04-22 11:44:29,QAQ9676,email_attachment
2026-04-22 11:44:56,URS5582,external_upload
2026-04-22 11:45:08,DUU2402,email_attachment
2026-04-22 11:47:15,TER6346,external_upload
2026-04-22 12:02:32,GTR6357,email_attachment
2026-04-22 12:07:15,YSA9883,email_attachment
2026-04-22 12:09:26,UXK1209,email_attachment
2026-04-22 12:11:59,JQS8684,email_attachment
2026-04-22 12:15:54,WYK8060,email_attachment
2026-04-22 12:16:00,MHX0037,email_attachment
2026-04-22 12:19:33,VJS9473,email_attachment
2026-04-22 12:19:37,UWY3981,email_attachment
2026-04-22 12:22:23,ZSM1073,email_attachment
2026-04-22 12:27:50,QSY1804,email_attachment
2026-04-22 12:27:58,BYL0894,email_attachment
2026-04-22 12:34:01,HUF5919,email_attachment
2026-04-22 12:37:15,FBZ1173,email_attachment
2026-04-22 12:37:50,PZE6660,email_attachment
2026-04-22 12:40:18,DUC6242,email_attachment
2026-04-22 12:40:56,UMB9505,email_attachment
2026-04-22 12:42:33,DVB7034,email_attachment
2026-04-22 12:46:12,NAV6136,email_attachment
2026-04-22 12:47:00,PNM6398,email_attachment
2026-04-22 12:48:27,MJD5091,email_attachment
2026-04-22 12:52:21,AGH1760,email_attachment
2026-04-22 12:52:57,VQM6871,email_attachment
2026-04-22 12:54:55,EEE0834,email_attachment
2026-04-22 12:57:48,QQP2991,email_attachment
2026-04-22 12:57:54,DJF2928,email_attachment
2026-04-22 13:00:51,MLQ6298,email_attachment
2026-04-22 13:02:09,KHR6403,email_attachment
2026-04-22 13:04:03,LAD8190,email_attachment
2026-04-22 13:04:14,ZFX7717,email_attachment
2026-04-22 13:07:45,WMF0666,email_attachment
2026-04-22 13:14:16,JXW2592,email_attachment
2026-04-22 13:14:55,RBT7287,email_attachment
2026-04-22 13:15:10,FAA5368,email_attachment
2026-04-22 13:20:15,KUB8455,email_attachment
2026-04-22 13:23:07,TDT2911,email_attachment
2026-04-22 13:32:55,QGX1659,email_attachment
2026-04-22 13:33:50,XNT0875,email_attachment
2026-04-22 13:38:41,UYF2390,email_attachment
2026-04-22 13:40:27,BGP2631,email_attachment
2026-04-22 13:42:19,RDC0040,email_attachment
2026-04-22 13:47:15,FGK0491,external_upload
2026-04-22 13:49:16,XZW8899,email_attachment
2026-04-22 13:56:18,YSE5930,email_attachment
2026-04-22 14:21:20,NBP4754,email_attachment
2026-04-22 14:26:12,SHS0097,email_attachment
2026-04-22 14:57:09,UUQ7472,email_attachment
2026-04-22 15:11:31,CEG0096,email_attachment
2026-04-22 15:54:01,KPB4149,external_upload
2026-04-22 17:41:42,MLG1806,email_attachment
2026-04-22 17:50:48,KPQ0052,email_attachment
2026-04-22 18:34:56,PHE1554,email_attachment
2026-04-22 19:16:58,VWU2029,email_attachment
2026-04-22 19:17:18,ZHY2106,email_attachment
2026-04-23 07:05:57,WHA4844,email_attachment
2026-04-23 07:13:16,JKQ9983,email_attachment
2026-04-23 07:48:32,PHM0513,email_attachment
2026-04-23 08:07:58,TJL6481,email_attachment
2026-04-23 08:08:55,LEY4602,email_attachment
2026-04-23 08:21:40,VXQ8396,email_attachment
2026-04-23 08:48:06,XHS6584,email_attachment
2026-04-23 09:02:24,HWT1384,email_attachment
2026-04-23 09:05:29,AMT3951,email_attachment
2026-04-23 09:08:01,ZMY6132,external_upload
2026-04-23 09:13:17,AFM6655,email_attachment
2026-04-23 09:16:27,KSJ5231,email_attachment
2026-04-23 09:18:20,GMG6846,email_attachment
2026-04-23 09:18:56,GRZ7341,email_attachment
2026-04-23 09:24:25,YWC7675,email_attachment
2026-04-23 09:28:56,DGW0370,email_attachment
2026-04-23 09:34:56,NEW0315,email_attachment
2026-04-23 09:36:36,NHC4657,email_attachment
2026-04-23 09:38:42,FGK1238,email_attachment
2026-04-23 09:41:18,VZM3725,email_attachment
2026-04-23 09:41:23,LCU3989,email_attachment
2026-04-23 09:42:15,KKW9426,email_attachment
2026-04-23 09:47:49,BHN1070,email_attachment
2026-04-23 09:48:43,XEP1569,email_attachment
2026-04-23 09:51:05,WYK8060,email_attachment
2026-04-23 09:54:35,XAA1174,email_attachment
2026-04-23 09:58:51,FPR2130,email_attachment
2026-04-23 10:04:57,CME8175,email_attachment
2026-04-23 10:09:02,TQL9765,email_attachment
2026-04-23 10:10:24,PNY6570,email_attachment
2026-04-23 10:14:38,EWP1032,email_attachment
2026-04-23 10:16:34,USH7924,email_attachment
2026-04-23 10:19:08,LCE0048,email_attachment
2026-04-23 10:26:31,WBQ6532,email_attachment
2026-04-23 10:29:59,PVW1705,external_upload
2026-04-23 10:38:01,JUY7235,email_attachment
2026-04-23 10:38:53,WPC3142,email_attachment
2026-04-23 10:42:32,CUA1783,email_attachment
2026-04-23 10:43:04,PPT0631,email_attachment
2026-04-23 10:43:47,RYG9568,email_attachment
2026-04-23 10:45:07,HKB6535,email_attachment
2026-04-23 10:47:59,QDR5644,email_attachment
2026-04-23 10:54:38,AEY2241,email_attachment
2026-04-23 10:57:51,PLH4504,email_attachment
2026-04-23 11:01:19,NFE6544,email_attachment
2026-04-23 11:01:25,AWP0070,email_attachment
2026-04-23 11:05:54,QGX1659,email_attachment
2026-04-23 11:07:12,HCB6961,external_upload
2026-04-23 11:10:47,TDT0042,email_attachment
2026-04-23 11:12:04,LAD8190,email_attachment
2026-04-23 11:15:50,RWS1724,email_attachment
2026-04-23 11:16:17,KNL2118,email_attachment
2026-04-23 11:16:42,TMW0645,email_attachment
2026-04-23 11:18:32,RJE7048,email_attachment
2026-04-23 11:18:44,PHG2290,email_attachment
2026-04-23 11:22:13,HUD1777,email_attachment
2026-04-23 11:26:23,HNM5714,email_attachment
2026-04-23 11:31:34,SFV7598,email_attachment
2026-04-23 11:35:09,CNT2141,external_upload
2026-04-23 11:36:10,WDF1281,email_attachment
2026-04-23 11:37:38,WLC0943,email_attachment
2026-04-23 11:39:34,FJC1208,email_attachment
2026-04-23 11:39:36,UZE6671,email_attachment
2026-04-23 11:42:10,WSK1631,email_attachment
2026-04-23 11:44:06,FAM1900,email_attachment
2026-04-23 11:44:38,JFH7028,email_attachment
2026-04-23 11:47:33,XTF5743,email_attachment
2026-04-23 11:48:16,FNB0006,email_attachment
2026-04-23 11:58:03,LXN4389,email_attachment
2026-04-23 12:02:42,TLZ0839,external_upload
2026-04-23 12:04:05,TNQ7412,email_attachment
2026-04-23 12:04:25,CSB7056,email_attachment
2026-04-23 12:06:13,WEW2686,email_attachment
2026-04-23 12:13:03,LWR1242,email_attachment
2026-04-23 12:18:04,UYH3482,email_attachment
2026-04-23 12:22:45,NNN1422,email_attachment
2026-04-23 12:22:54,SDA4591,email_attachment
2026-04-23 12:25:53,FDF0458,email_attachment
2026-04-23 12:26:08,MUT1655,email_attachment
2026-04-23 12:28:53,DHH4426,email_attachment
2026-04-23 12:32:47,WEB9338,email_attachment
2026-04-23 12:33:02,GJF6121,email_attachment
2026-04-23 12:33:47,BBY7672,email_attachment
2026-04-23 12:34:50,CBK5478,email_attachment
2026-04-23 12:35:42,MGY2196,email_attachment
2026-04-23 12:36:07,BNT0262,email_attachment
2026-04-23 12:41:13,JNV0867,email_attachment
2026-04-23 12:42:25,XEF7192,email_attachment
2026-04-23 12:42:25,FYW5995,email_attachment
2026-04-23 12:43:16,KHB9148,email_attachment
2026-04-23 12:44:18,QZQ7908,usb_connect
2026-04-23 12:50:25,RBC5531,email_attachment
2026-04-23 12:58:43,LFD8878,external_upload
2026-04-23 12:59:36,DUU2402,email_attachment
2026-04-23 13:05:51,YEV3418,email_attachment
2026-04-23 13:07:23,MBL1790,email_attachment
2026-04-23 13:10:34,GDV3443,external_upload
2026-04-23 13:18:25,WSM8984,email_attachment
2026-04-23 13:25:52,XWE1000,email_attachment
2026-04-23 13:28:45,VJS9473,email_attachment
2026-04-23 13:31:24,ZJG4527,external_upload
2026-04-23 13:34:58,BNN4648,email_attachment
2026-04-23 13:36:27,HLZ1544,email_attachment
2026-04-23 13:36:56,HVQ8555,email_attachment
2026-04-23 13:39:56,PFV1079,email_attachment
2026-04-23 13:46:33,WZU7591,email_attachment
2026-04-23 13:50:53,MMS7742,email_attachment
2026-04-23 13:56:17,MCE2511,email_attachment
2026-04-23 14:01:15,TLZ0839,email_attachment
2026-04-23 14:06:45,YSA9883,email_attachment
2026-04-23 14:07:28,JRM5199,email_attachment
2026-04-23 14:07:46,JGK6296,email_attachment
2026-04-23 14:10:02,KMY8772,email_attachment
2026-04-23 14:20:42,PVP1024,email_attachment
2026-04-23 14:27:47,GUE6869,email_attachment
2026-04-23 14:35:57,JWF7936,email_attachment
2026-04-23 15:05:04,FAP0273,email_attachment
2026-04-23 15:28:06,FJB0676,email_attachment
2026-04-23 15:51:10,HYL3094,email_attachment
2026-04-23 16:25:33,ZHY2106,email_attachment
2026-04-23 16:27:52,MHV8956,email_attachment
2026-04-23 16:33:35,CLW3536,usb_connect
2026-04-23 17:11:14,SXZ6117,email_attachment
2026-04-23 17:30:22,CSG2617,email_attachment
2026-04-23 17:35:29,BHH6500,email_attachment
2026-04-23 17:52:27,SXT0742,email_attachment
2026-04-23 18:27:31,RPU8492,external_upload
2026-04-24 06:10:24,XBW4718,email_attachment
2026-04-24 06:11:19,YSM2801,email_attachment
2026-04-24 06:52:07,RFH9751,email_attachment
2026-04-24 07:18:44,CUQ6424,email_attachment
2026-04-24 07:30:57,PGM4497,email_attachment
2026-04-24 08:28:11,XXK4064,email_attachment
2026-04-24 08:33:41,JDL6872,external_upload
2026-04-24 08:35:45,DVA8512,email_attachment
2026-04-24 08:41:13,KRH8286,email_attachment
2026-04-24 08:52:44,TBE1642,email_attachment
2026-04-24 08:58:36,DTW9753,usb_connect
2026-04-24 09:03:33,QDS1979,email_attachment
2026-04-24 09:07:28,FYU3751,email_attachment
2026-04-24 09:14:49,EED0695,email_attachment
2026-04-24 09:15:16,KWA2081,email_attachment
2026-04-24 09:21:54,GKW1903,email_attachment
2026-04-24 09:25:38,MSL0168,email_attachment
2026-04-24 09:26:40,URQ0978,email_attachment
2026-04-24 09:27:16,WSG6432,usb_connect
2026-04-24 09:32:21,FFV1864,email_attachment
2026-04-24 09:37:21,NWC4997,email_attachment
2026-04-24 09:37:47,DST2687,email_attachment
2026-04-24 09:41:08,HWZ1536,email_attachment
2026-04-24 09:42:48,VQU7934,email_attachment
2026-04-24 09:45:16,JFZ5861,email_attachment
2026-04-24 09:46:00,HDS8884,email_attachment
2026-04-24 09:49:23,ARA7680,email_attachment
2026-04-24 09:54:50,YSA9883,email_attachment
2026-04-24 09:56:41,WDQ5874,email_attachment
2026-04-24 09:57:17,WFH6695,email_attachment
2026-04-24 10:00:59,UKM1933,email_attachment
2026-04-24 10:01:21,DRQ4774,email_attachment
2026-04-24 10:04:09,CJS2105,email_attachment
2026-04-24 10:07:43,GKY7969,email_attachment
2026-04-24 10:10:25,MHA1657,email_attachment
2026-04-24 10:12:42,ZMU4248,email_attachment
2026-04-24 10:22:05,KNZ9610,email_attachment
2026-04-24 10:22:59,XYY3402,email_attachment
2026-04-24 10:23:03,VUH9541,email_attachment
2026-04-24 10:29:14,QSY1804,email_attachment
2026-04-24 10:32:05,VTL6818,email_attachment
2026-04-24 10:32:16,ECY9951,email_attachment
2026-04-24 10:34:17,EXP0252,email_attachment
2026-04-24 10:35:09,MRB9312,external_upload
2026-04-24 10:41:16,DGW0370,email_attachment
2026-04-24 10:42:51,BZK1628,external_upload
2026-04-24 10:43:15,WTH7327,email_attachment
2026-04-24 10:43:44,NQA4798,email_attachment
2026-04-24 10:46:08,ALS8032,external_upload
2026-04-24 10:49:38,MHC8389,email_attachment
2026-04-24 10:52:49,MPN9504,email_attachment
2026-04-24 10:52:54,RME1406,email_attachment
2026-04-24 10:53:14,PZF1734,email_attachment
2026-04-24 10:53:18,BYL0894,email_attachment
2026-04-24 10:56:54,UWY3981,usb_connect
2026-04-24 11:00:37,VQM6871,email_attachment
2026-04-24 11:03:08,WMT1608,email_attachment
2026-04-24 11:03:17,ULN5586,email_attachment
2026-04-24 11:08:07,TFA6797,email_attachment
2026-04-24 11:13:31,FUP1453,email_attachment
2026-04-24 11:14:24,SLQ3295,email_attachment
2026-04-24 11:22:29,MCM4583,email_attachment
2026-04-24 11:23:32,NFL7939,email_attachment
2026-04-24 11:25:06,DXE3664,email_attachment
2026-04-24 11:25:56,KFG0382,email_attachment
2026-04-24 11:28:06,HRA4252,email_attachment
2026-04-24 11:30:28,GMA8519,email_attachment
2026-04-24 11:31:28,ENG6450,email_attachment
2026-04-24 11:37:38,GPU2972,email_attachment
2026-04-24 11:38:17,RGC1753,email_attachment
2026-04-24 11:39:56,NYY0809,email_attachment
2026-04-24 11:40:20,JPJ1683,email_attachment
2026-04-24 11:41:26,ZUJ6730,email_attachment
2026-04-24 11:41:38,QKT5936,email_attachment
2026-04-24 11:41:43,HGV8736,email_attachment
2026-04-24 11:42:04,YJZ1653,email_attachment
2026-04-24 11:42:18,YDD4870,email_attachment
2026-04-24 11:42:49,JFW7402,email_attachment
2026-04-24 11:45:30,YDU0477,email_attachment
2026-04-24 11:47:20,EBY6721,email_attachment
2026-04-24 11:47:45,QDN2660,email_attachment
2026-04-24 11:51:06,ZJV8865,email_attachment
2026-04-24 11:51:25,ZJG4527,email_attachment
2026-04-24 11:53:08,DXT7847,usb_connect
2026-04-24 11:53:45,ZKU3851,email_attachment
2026-04-24 11:59:24,EFJ1543,email_attachment
2026-04-24 12:02:43,EVE9861,email_attachment
2026-04-24 12:09:51,XZY6637,email_attachment
2026-04-24 12:13:48,RXT9110,email_attachment
2026-04-24 12:18:07,WYR6092,email_attachment
2026-04-24 12:20:35,AQH3623,email_attachment
2026-04-24 12:22:47,HKB7050,email_attachment
2026-04-24 12:23:51,GMU4984,email_attachment
2026-04-24 12:24:45,AKL6350,email_attachment
2026-04-24 12:27:00,PTK0032,email_attachment
2026-04-24 12:32:06,LAG9610,email_attachment
2026-04-24 12:34:26,USH7924,email_attachment
2026-04-24 12:41:57,QTM3599,email_attachment
2026-04-24 12:46:39,JNB7620,email_attachment
2026-04-24 12:48:31,FVG6519,external_upload
2026-04-24 12:49:18,YTT3725,email_attachment
2026-04-24 12:52:39,EVC7489,email_attachment
2026-04-24 12:55:05,JUY7235,email_attachment
2026-04-24 12:55:27,UZH3465,email_attachment
2026-04-24 12:57:27,FKX1002,usb_connect
2026-04-24 12:58:17,JNN7072,email_attachment
2026-04-24 13:07:02,ADE0330,email_attachment
2026-04-24 13:09:38,APF7818,email_attachment
2026-04-24 13:11:21,NFQ8693,email_attachment
2026-04-24 13:13:41,KQK8927,email_attachment
2026-04-24 13:20:02,VYY0720,external_upload
2026-04-24 13:31:46,USG4601,external_upload
2026-04-24 13:35:35,KLP0024,email_attachment
2026-04-24 13:35:43,RCW3682,email_attachment
2026-04-24 13:41:15,WEW2686,email_attachment
2026-04-24 13:43:22,YSR4292,email_attachment
2026-04-24 13:46:31,EAE5559,email_attachment
2026-04-24 13:51:06,TAD4989,email_attachment
2026-04-24 13:51:42,JAC2356,email_attachment
2026-04-24 13:52:27,PNT1274,email_attachment
2026-04-24 14:02:01,AXC9012,email_attachment
2026-04-24 14:04:15,XBY3937,email_attachment
2026-04-24 14:05:26,WGH7459,email_attachment
2026-04-24 14:13:22,JLV8586,email_attachment
2026-04-24 14:13:33,XRP2947,email_attachment
2026-04-24 14:27:53,QZQ7908,usb_connect
2026-04-24 17:02:03,LRF4337,email_attachment
2026-04-24 17:57:36,RZG0245,external_upload
2026-04-25 08:50:12,QBD5497,email_attachment
2026-04-25 08:52:19,YUQ8189,email_attachment
2026-04-25 10:21:16,HNZ8008,email_attachment
2026-04-25 11:20:34,QZQ7908,usb_connect
2026-04-25 12:05:18,CBT5366,email_attachment
2026-04-25 13:29:25,PKA7047,email_attachment
2026-04-25 13:31:13,GRQ2954,email_attachment
2026-04-25 13:55:24,NRG9357,email_attachment
2026-04-25 16:18:56,QZQ7908,external_upload
2026-04-26 10:57:21,PZN2159,email_attachment
2026-04-26 12:32:37,FKX1002,usb_connect
2026-04-26 12:32:46,WGH9186,email_attachment
2026-04-26 12:55:16,CPV6745,email_attachment
2026-04-26 13:16:51,SJW7363,email_attachment
2026-04-26 16:50:26,FKX1002,external_upload
2026-04-27 06:49:41,LSK8578,email_attachment
2026-04-27 06:59:22,CQR0703,email_attachment
2026-04-27 07:30:37,RPB2221,usb_connect
2026-04-27 07:39:37,KVF2705,email_attachment
2026-04-27 08:15:42,RAR4641,email_attachment
2026-04-27 08:20:25,QAG3461,email_attachment
2026-04-27 08:20:56,BCL5970,email_attachment
2026-04-27 08:24:01,LBZ7347,email_attachment
2026-04-27 08:34:50,RGW3074,usb_connect
2026-04-27 08:35:42,EXR3425,email_attachment
2026-04-27 08:39:41,JDL6872,email_attachment
2026-04-27 08:46:44,UXD8068,email_attachment
2026-04-27 08:55:47,JQS8684,external_upload
2026-04-27 08:59:15,PLX1977,email_attachment
2026-04-27 09:00:04,ZJV1416,email_attachment
2026-04-27 09:02:52,XQJ3258,email_attachment
2026-04-27 09:07:32,DRQ4774,email_attachment
2026-04-27 09:08:44,TCV9683,email_attachment
2026-04-27 09:20:56,LNA6079,email_attachment
2026-04-27 09:24:44,DZG9817,email_attachment
2026-04-27 09:26:33,LTK1460,email_attachment
2026-04-27 09:28:13,JJC4744,email_attachment
2026-04-27 09:31:33,XAD7151,email_attachment
2026-04-27 09:35:04,NNN7074,email_attachment
2026-04-27 09:43:29,AEH6551,email_attachment
2026-04-27 09:59:32,XPG0614,email_attachment
2026-04-27 10:03:12,GWB9650,email_attachment
2026-04-27 10:12:09,FCP7199,email_attachment
2026-04-27 10:18:35,XBD0169,email_attachment
2026-04-27 10:21:16,JZV6139,email_attachment
2026-04-27 10:21:44,PCP4778,email_attachment
2026-04-27 10:32:07,LFD8878,email_attachment
2026-04-27 10:36:46,BHW7050,email_attachment
2026-04-27 10:38:26,TWC7231,email_attachment
2026-04-27 10:39:39,TNT2352,email_attachment
2026-04-27 10:39:39,UNG0275,external_upload
2026-04-27 10:43:23,RWS1724,email_attachment
2026-04-27 10:46:04,ETJ1562,email_attachment
2026-04-27 10:47:06,BCA1450,email_attachment
2026-04-27 10:48:09,TEZ8512,email_attachment
2026-04-27 10:48:33,TJL4519,email_attachment
2026-04-27 10:50:24,FYT5150,email_attachment
2026-04-27 10:50:26,MSB2345,email_attachment
2026-04-27 10:55:57,NCD0177,email_attachment
2026-04-27 11:00:19,PUJ9838,email_attachment
2026-04-27 11:01:42,CFK9105,usb_connect
2026-04-27 11:05:26,HTL3528,email_attachment
2026-04-27 11:06:13,ATY1642,external_upload
2026-04-27 11:06:34,XLU2700,email_attachment
2026-04-27 11:08:01,TRW0306,external_upload
2026-04-27 11:08:07,DZG4068,email_attachment
2026-04-27 11:08:29,DST2687,external_upload
2026-04-27 11:08:57,WSH6100,email_attachment
2026-04-27 11:10:16,QKE0827,email_attachment
2026-04-27 11:11:53,ESW3216,email_attachment
2026-04-27 11:14:12,DAL8893,email_attachment
2026-04-27 11:15:38,SVG0207,email_attachment
2026-04-27 11:19:49,NZZ9025,email_attachment
2026-04-27 11:22:19,EAE5559,external_upload
2026-04-27 11:30:47,MHN7634,email_attachment
2026-04-27 11:31:05,JLW9735,email_attachment
2026-04-27 11:31:46,EEE0834,email_attachment
2026-04-27 11:34:07,HVS3166,email_attachment
2026-04-27 11:34:24,KMC7017,email_attachment
2026-04-27 11:35:45,BSW8923,email_attachment
2026-04-27 11:36:35,LXG5367,usb_connect
2026-04-27 11:36:44,FPZ7336,usb_connect
2026-04-27 11:39:15,QAU0816,email_attachment
2026-04-27 11:46:15,HHT2257,email_attachment
2026-04-27 11:46:34,SCD9494,email_attachment
2026-04-27 11:49:00,QWE4909,email_attachment
2026-04-27 11:50:05,ZKZ0318,email_attachment
2026-04-27 11:51:40,AJN8374,email_attachment
2026-04-27 11:56:46,JHY7276,email_attachment
2026-04-27 11:59:29,FGQ3884,email_attachment
2026-04-27 12:02:37,YZZ7371,email_attachment
2026-04-27 12:03:20,JNV0867,external_upload
2026-04-27 12:05:06,KMJ6011,email_attachment
2026-04-27 12:10:57,CEL7303,email_attachment
2026-04-27 12:12:16,GGA9880,email_attachment
2026-04-27 12:13:21,SFV7598,email_attachment
2026-04-27 12:18:55,CVS8644,email_attachment
2026-04-27 12:19:01,RDA9676,email_attachment
2026-04-27 12:19:40,GTS1980,email_attachment
2026-04-27 12:20:06,UUN6760,email_attachment
2026-04-27 12:22:14,PXN7264,email_attachment
2026-04-27 12:27:36,NBD6359,email_attachment
2026-04-27 12:28:08,SPC4371,email_attachment
2026-04-27 12:33:11,PLD6480,external_upload
2026-04-27 12:33:18,RMA9672,email_attachment
2026-04-27 12:41:38,HRC2558,email_attachment
2026-04-27 12:42:07,EHH0831,email_attachment
2026-04-27 12:42:20,XTB8409,email_attachment
2026-04-27 12:47:23,UHG0793,email_attachment
2026-04-27 12:48:32,NWE6943,email_attachment
2026-04-27 12:51:18,VTP8919,email_attachment
2026-04-27 12:53:52,AAT6431,email_attachment
2026-04-27 13:05:28,CWG0826,email_attachment
2026-04-27 13:06:38,HEP4992,email_attachment
2026-04-27 13:06:47,MJQ0726,email_attachment
2026-04-27 13:07:54,SGG1149,email_attachment
2026-04-27 13:11:07,HKA8269,email_attachment
2026-04-27 13:17:37,TVL8943,email_attachment
2026-04-27 13:19:05,YVQ4468,email_attachment
2026-04-27 13:20:40,KKY5139,email_attachment
2026-04-27 13:26:16,PKA7047,email_attachment
2026-04-27 13:26:50,LRJ7325,email_attachment
2026-04-27 13:28:57,HXL1791,email_attachment
2026-04-27 13:37:12,WLP3029,email_attachment
2026-04-27 13:41:32,FUP1453,email_attachment
2026-04-27 13:41:57,PJN1183,email_attachment
2026-04-27 13:42:39,AAE7371,email_attachment
2026-04-27 13:45:03,VKU7930,email_attachment
2026-04-27 13:51:07,MPR8653,email_attachment
2026-04-27 13:58:05,TQX9577,email_attachment
2026-04-27 14:00:13,JUP3771,email_attachment
2026-04-27 14:17:57,HUX0645,email_attachment
2026-04-27 14:22:33,URA4638,email_attachment
2026-04-27 15:08:39,NGY1374,usb_connect
2026-04-27 15:44:01,XNB5488,email_attachment
2026-04-27 16:02:11,QCJ6394,email_attachment
2026-04-27 16:04:35,ZRX7182,email_attachment
2026-04-27 16:27:00,PZP4279,email_attachment
2026-04-27 16:32:15,FGE5760,email_attachment
2026-04-27 16:38:17,AVP8904,email_attachment
2026-04-27 17:56:17,AQA7238,email_attachment
2026-04-27 18:11:35,SHK7018,email_attachment
2026-04-28 06:47:03,FYT5150,email_attachment
2026-04-28 07:34:24,JNV6999,external_upload
2026-04-28 08:19:42,RXJ5397,email_attachment
2026-04-28 08:24:05,LMK4501,email_attachment
2026-04-28 08:30:34,ZKA7775,email_attachment
2026-04-28 08:37:38,VDC9790,email_attachment
2026-04-28 08:39:45,FRD5529,email_attachment
2026-04-28 08:47:37,KFN4851,email_attachment
2026-04-28 08:48:44,FXM5258,email_attachment
2026-04-28 08:49:35,GNR6761,email_attachment
2026-04-28 08:52:28,WLX3952,usb_connect
2026-04-28 08:55:48,RHK5954,email_attachment
2026-04-28 09:01:09,HKH3896,email_attachment
2026-04-28 09:01:40,BDJ2914,email_attachment
2026-04-28 09:06:57,WDF1317,email_attachment
2026-04-28 09:18:55,EAY4106,email_attachment
2026-04-28 09:21:07,CST4793,email_attachment
2026-04-28 09:26:44,CRP1610,email_attachment
2026-04-28 09:28:52,FLJ4544,email_attachment
2026-04-28 09:33:49,EYU6957,email_attachment
2026-04-28 09:36:44,QSP9232,email_attachment
2026-04-28 09:36:44,WPL1436,email_attachment
2026-04-28 09:38:12,LVJ1007,email_attachment
2026-04-28 09:39:25,BYH4413,email_attachment
2026-04-28 09:42:57,JQS8684,email_attachment
2026-04-28 09:44:46,ZDB4042,email_attachment
2026-04-28 09:46:31,XXA2565,email_attachment
2026-04-28 09:48:10,TDT2911,email_attachment
2026-04-28 09:49:20,AFF2174,email_attachment
2026-04-28 09:49:42,RNC6937,email_attachment
2026-04-28 09:50:30,BKT2605,email_attachment
2026-04-28 09:54:42,XSB1345,email_attachment
2026-04-28 10:03:38,QTA6267,usb_connect
2026-04-28 10:06:57,QKF3756,external_upload
2026-04-28 10:10:56,PKA7047,email_attachment
2026-04-28 10:11:32,XWY4351,email_attachment
2026-04-28 10:12:27,TEB4639,email_attachment
2026-04-28 10:12:44,FYG5704,email_attachment
2026-04-28 10:12:56,MFH3970,email_attachment
2026-04-28 10:14:51,CGF8722,email_attachment
2026-04-28 10:16:55,RBT7287,email_attachment
2026-04-28 10:19:08,FYU3751,email_attachment
2026-04-28 10:27:46,UWT0424,external_upload
2026-04-28 10:28:37,GCX8279,email_attachment
2026-04-28 10:32:18,SRD1581,external_upload
2026-04-28 10:33:02,KYD3626,email_attachment
2026-04-28 10:36:24,PZS1941,email_attachment
2026-04-28 10:37:37,DMJ7135,email_attachment
2026-04-28 10:40:46,NWE6943,email_attachment
2026-04-28 10:41:19,MBF0954,external_upload
2026-04-28 10:43:54,TRD4019,email_attachment
2026-04-28 10:45:26,JMM1620,email_attachment
2026-04-28 10:49:16,YVQ4468,external_upload
2026-04-28 10:49:16,HQK3324,usb_connect
2026-04-28 10:55:15,FYA1434,email_attachment
2026-04-28 10:55:30,EWT2292,email_attachment
2026-04-28 10:56:49,UKM1933,email_attachment
2026-04-28 10:56:50,MAN5960,email_attachment
2026-04-28 10:57:38,VWC0356,email_attachment
2026-04-28 11:00:54,VMM6896,usb_connect
2026-04-28 11:01:03,PQP1240,email_attachment
2026-04-28 11:01:11,BYW2880,email_attachment
2026-04-28 11:03:38,HGD7422,email_attachment
2026-04-28 11:08:00,VPJ9971,email_attachment
2026-04-28 11:09:12,EFT3587,email_attachment
2026-04-28 11:09:15,UBK2435,email_attachment
2026-04-28 11:11:40,NYE4816,email_attachment
2026-04-28 11:16:53,JSH7286,email_attachment
2026-04-28 11:22:41,VCL2588,email_attachment
2026-04-28 11:26:54,KWS9285,email_attachment
2026-04-28 11:31:10,FTB2147,email_attachment
2026-04-28 11:32:02,PTB4458,email_attachment
2026-04-28 11:32:43,PQP1240,external_upload
2026-04-28 11:37:17,QGN4889,email_attachment
2026-04-28 11:38:02,ZXX1919,email_attachment
2026-04-28 11:38:16,LES3747,email_attachment
2026-04-28 11:39:08,SDA4591,email_attachment
2026-04-28 11:40:50,TEM1066,email_attachment
2026-04-28 11:43:44,ALS5650,email_attachment
2026-04-28 11:44:31,TYS0561,email_attachment
2026-04-28 11:48:48,RME1406,email_attachment
2026-04-28 11:49:52,TUG1929,email_attachment
2026-04-28 12:02:38,GHQ3847,email_attachment
2026-04-28 12:03:41,BUH4617,email_attachment
2026-04-28 12:07:47,MRE0291,email_attachment
2026-04-28 12:08:28,NGN9252,email_attachment
2026-04-28 12:12:03,AQJ5799,email_attachment
2026-04-28 12:13:48,DZS5070,email_attachment
2026-04-28 12:22:37,VKE4599,email_attachment
2026-04-28 12:23:23,JZS9834,email_attachment
2026-04-28 12:28:18,GZS8306,email_attachment
2026-04-28 12:35:38,GRZ0805,email_attachment
2026-04-28 12:36:43,NGJ9474,external_upload
2026-04-28 12:38:17,KZS8027,email_attachment
2026-04-28 12:38:36,EWE2142,email_attachment
2026-04-28 12:43:15,BJY5505,email_attachment
2026-04-28 12:45:00,VVL2346,email_attachment
2026-04-28 12:55:05,WQH4606,email_attachment
2026-04-28 12:58:07,AGQ6804,email_attachment
2026-04-28 13:05:44,HRA1811,email_attachment
2026-04-28 13:06:25,LRJ7325,email_attachment
2026-04-28 13:07:14,HXH2947,email_attachment
2026-04-28 13:15:37,QEY4677,email_attachment
2026-04-28 13:22:44,LLJ6063,email_attachment
2026-04-28 13:28:16,MLP3442,email_attachment
2026-04-28 13:35:53,KLP0024,email_attachment
2026-04-28 13:40:55,BJF0383,external_upload
2026-04-28 13:42:39,WZJ4162,email_attachment
2026-04-28 14:21:20,NQZ4801,email_attachment
2026-04-28 14:21:22,RLN0770,email_attachment
2026-04-28 14:24:58,RUU4323,email_attachment
2026-04-28 15:32:14,EGU0127,email_attachment
2026-04-28 15:33:57,VVG9350,email_attachment
2026-04-28 15:34:17,QLG0421,email_attachment
2026-04-28 15:36:38,SDK3028,email_attachment
2026-04-28 15:46:24,EGE4292,email_attachment
2026-04-28 15:50:04,KVV5560,external_upload
2026-04-28 16:54:07,JSQ3890,external_upload
2026-04-29 06:18:51,BTT9251,usb_connect
2026-04-29 06:19:03,JEE2601,email_attachment
2026-04-29 07:04:42,TES3512,email_attachment
2026-04-29 07:05:39,YSM2801,email_attachment
2026-04-29 07:37:14,KFM9312,email_attachment
2026-04-29 07:44:22,RKP9191,email_attachment
2026-04-29 08:09:10,USB2186,email_attachment
2026-04-29 08:17:59,AXY2263,email_attachment
2026-04-29 08:18:54,EPR5162,email_attachment
2026-04-29 08:25:17,PUD8038,email_attachment
2026-04-29 08:28:41,JFR6002,email_attachment
2026-04-29 08:42:32,WFH6695,email_attachment
2026-04-29 08:45:53,DRJ2995,email_attachment
2026-04-29 08:54:39,RBA1609,email_attachment
2026-04-29 09:02:03,UXK1209,email_attachment
2026-04-29 09:03:42,ABQ3289,external_upload
2026-04-29 09:19:10,DBL8711,email_attachment
2026-04-29 09:22:04,LQR5886,email_attachment
2026-04-29 09:24:56,ADV1511,email_attachment
2026-04-29 09:27:23,MJM7888,email_attachment
2026-04-29 09:28:23,TZX0052,email_attachment
2026-04-29 09:30:54,ZHU0615,email_attachment
2026-04-29 09:32:35,YZZ7371,email_attachment
2026-04-29 09:33:06,DUL4786,email_attachment
2026-04-29 09:33:23,PZN2159,email_attachment
2026-04-29 09:40:58,NAP8909,email_attachment
2026-04-29 09:43:17,WBH1128,email_attachment
2026-04-29 09:47:44,REY5228,email_attachment
2026-04-29 09:49:21,SLW4036,email_attachment
2026-04-29 09:49:46,NZS3709,email_attachment
2026-04-29 09:56:29,JKC0234,email_attachment
2026-04-29 10:01:04,YUQ8189,email_attachment
2026-04-29 10:01:44,JML4492,email_attachment
2026-04-29 10:02:10,HHT2257,email_attachment
2026-04-29 10:02:37,VCS1161,email_attachment
2026-04-29 10:08:55,DQL0828,email_attachment
2026-04-29 10:10:29,CZQ8792,email_attachment
2026-04-29 10:15:33,DSE9841,email_attachment
2026-04-29 10:15:56,VBN6472,email_attachment
2026-04-29 10:19:55,VVR8997,external_upload
2026-04-29 10:20:18,CDW9992,email_attachment
2026-04-29 10:25:27,AYV5603,email_attachment
2026-04-29 10:26:02,VDX6246,email_attachment
2026-04-29 10:27:53,QLD5822,email_attachment
2026-04-29 10:27:55,MJA3558,email_attachment
2026-04-29 10:33:05,VYB4200,email_attachment
2026-04-29 10:34:51,BHW7050,email_attachment
2026-04-29 10:34:55,KHQ4432,external_upload
2026-04-29 10:35:58,BJY5505,email_attachment
2026-04-29 10:40:17,AWP0070,email_attachment
2026-04-29 10:40:36,QBT1738,email_attachment
2026-04-29 10:45:37,RYB9111,email_attachment
2026-04-29 10:54:11,MLP3442,email_attachment
2026-04-29 10:56:24,UHJ6632,email_attachment
2026-04-29 10:56:59,QUE4515,email_attachment
2026-04-29 10:59:44,ZMT9493,email_attachment
2026-04-29 11:01:05,JSA7385,email_attachment
2026-04-29 11:01:25,ZXX1919,email_attachment
2026-04-29 11:02:11,PEH7036,email_attachment
2026-04-29 11:04:00,KFG0382,email_attachment
2026-04-29 11:04:17,VYC8658,email_attachment
2026-04-29 11:07:01,LYP2797,email_attachment
2026-04-29 11:07:56,YTJ0104,usb_connect
2026-04-29 11:08:55,BYL0894,email_attachment
2026-04-29 11:08:58,YMF0181,email_attachment
2026-04-29 11:09:16,GNJ4718,email_attachment
2026-04-29 11:13:10,PJC3330,external_upload
2026-04-29 11:16:11,DDL7713,email_attachment
2026-04-29 11:22:25,TER6346,email_attachment
2026-04-29 11:23:35,YJZ1653,email_attachment
2026-04-29 11:23:55,ABQ3289,email_attachment
2026-04-29 11:25:53,VLD0014,email_attachment
2026-04-29 11:29:53,JLN5393,email_attachment
2026-04-29 11:30:39,XHS6584,email_attachment
2026-04-29 11:34:00,RKB7991,email_attachment
2026-04-29 11:35:09,TAG0290,email_attachment
2026-04-29 11:40:38,LWX4132,email_attachment
2026-04-29 11:43:22,YHC0501,email_attachment
2026-04-29 11:47:26,PFJ2803,external_upload
2026-04-29 11:51:21,TZH9641,email_attachment
2026-04-29 11:51:58,WMT1608,email_attachment
2026-04-29 11:54:11,MAP1021,email_attachment
2026-04-29 11:56:20,GCX8279,email_attachment
2026-04-29 12:04:51,WVD6813,external_upload
2026-04-29 12:04:56,ZYS0684,email_attachment
2026-04-29 12:06:01,CCJ4180,external_upload
2026-04-29 12:06:48,RGW3617,email_attachment
2026-04-29 12:14:43,APF7818,email_attachment
2026-04-29 12:18:21,MMV4490,email_attachment
2026-04-29 12:22:13,EAE5559,email_attachment
2026-04-29 12:26:01,WLT1936,email_attachment
2026-04-29 12:33:03,VQP7918,email_attachment
2026-04-29 12:36:22,QHP7767,email_attachment
2026-04-29 12:41:45,GNA5070,email_attachment
2026-04-29 12:43:23,PXB7300,email_attachment
2026-04-29 12:44:11,LQC3932,email_attachment
2026-04-29 12:53:30,XRP2096,email_attachment
2026-04-29 12:56:14,RZZ4712,email_attachment
2026-04-29 12:57:50,RCD1239,email_attachment
2026-04-29 12:58:52,SLJ5128,email_attachment
2026-04-29 12:59:00,VHZ9119,email_attachment
2026-04-29 13:00:28,JWK4353,email_attachment
2026-04-29 13:00:30,USG4601,email_attachment
2026-04-29 13:02:29,AGQ6804,email_attachment
2026-04-29 13:04:03,ZKC8052,email_attachment
2026-04-29 13:06:21,PFM8725,email_attachment
2026-04-29 13:08:38,BDA7532,email_attachment
2026-04-29 13:09:28,ENE5717,email_attachment
2026-04-29 13:10:11,RYA2244,email_attachment
2026-04-29 13:10:33,SKT4546,email_attachment
2026-04-29 13:11:05,LCD0888,email_attachment
2026-04-29 13:12:28,KMY8772,email_attachment
2026-04-29 13:21:21,XZK3155,email_attachment
2026-04-29 13:24:51,TQS5889,email_attachment
2026-04-29 13:25:04,TFA6797,email_attachment
2026-04-29 13:29:43,WSH6100,email_attachment
2026-04-29 13:33:15,CPQ2082,email_attachment
2026-04-29 13:33:37,ZFL8607,email_attachment
2026-04-29 13:35:53,YRT1492,email_attachment
2026-04-29 13:40:12,RJE7048,email_attachment
2026-04-29 13:41:58,KRV2364,email_attachment
2026-04-29 13:47:14,WFZ8385,email_attachment
2026-04-29 13:58:39,GEZ2239,email_attachment
2026-04-29 13:59:08,GYF6442,email_attachment
2026-04-29 14:08:43,SLU6811,email_attachment
2026-04-29 14:11:42,JNP1683,email_attachment
2026-04-29 14:46:11,YYV5359,email_attachment
2026-04-29 15:19:17,AQS2010,email_attachment
2026-04-29 16:28:35,TZZ2486,email_attachment
2026-04-29 16:41:05,UFL2774,email_attachment
2026-04-29 16:47:38,BYG9198,email_attachment
2026-04-29 17:35:19,GCD7223,email_attachment
2026-04-29 18:13:40,FDC3057,email_attachment
2026-04-29 18:18:15,VWU2029,email_attachment
2026-04-29 18:41:35,TSM1883,email_attachment
2026-04-30 07:00:18,EYR9807,email_attachment
2026-04-30 07:07:01,FAV1376,email_attachment
2026-04-30 07:10:33,MSK8626,email_attachment
2026-04-30 07:32:53,LKB0400,email_attachment
2026-04-30 07:49:05,DCS2764,email_attachment
2026-04-30 08:06:47,VHE3897,external_upload
2026-04-30 08:46:17,LJF1648,email_attachment
2026-04-30 08:49:01,LWY2367,email_attachment
2026-04-30 08:50:23,CFM9613,email_attachment
2026-04-30 08:54:41,FYW9481,email_attachment
2026-04-30 09:01:22,ZWD2716,email_attachment
2026-04-30 09:01:56,TED8372,email_attachment
2026-04-30 09:06:30,GDQ4471,email_attachment
2026-04-30 09:10:22,SAN4105,external_upload
2026-04-30 09:15:38,YDX6053,email_attachment
2026-04-30 09:17:03,EUG9459,email_attachment
2026-04-30 09:20:10,ZMY6132,email_attachment
2026-04-30 09:23:37,NYY0809,external_upload
2026-04-30 09:25:34,HUX4923,email_attachment
2026-04-30 09:28:11,JNN3239,usb_connect
2026-04-30 09:28:50,GJJ8559,email_attachment
2026-04-30 09:29:04,KUH9424,email_attachment
2026-04-30 09:33:52,LCK9948,email_attachment
2026-04-30 09:41:27,PZE6595,email_attachment
2026-04-30 09:42:14,JCN9287,email_attachment
2026-04-30 09:44:26,FJC1208,email_attachment
2026-04-30 09:48:44,PBM4108,email_attachment
2026-04-30 09:51:11,MXP4447,external_upload
2026-04-30 09:51:38,WYA6618,email_attachment
2026-04-30 09:52:37,SJN3046,email_attachment
2026-04-30 09:58:18,VXD9349,email_attachment
2026-04-30 10:03:35,FHR9973,email_attachment
2026-04-30 10:05:06,AFK9429,email_attachment
2026-04-30 10:10:48,ZKU3851,email_attachment
2026-04-30 10:22:07,SPM1999,email_attachment
2026-04-30 10:26:12,LQT4211,email_attachment
2026-04-30 10:26:37,QPN5696,email_attachment
2026-04-30 10:27:20,LZA4757,email_attachment
2026-04-30 10:30:56,EBR6957,email_attachment
2026-04-30 10:32:13,RFH9751,email_attachment
2026-04-30 10:33:32,CXM1041,email_attachment
2026-04-30 10:34:05,JVN9713,email_attachment
2026-04-30 10:37:16,TRT5910,email_attachment
2026-04-30 10:41:05,VQG5359,email_attachment
2026-04-30 10:46:12,MRB9312,email_attachment
2026-04-30 10:47:59,SWH7097,email_attachment
2026-04-30 10:48:13,VZK5081,email_attachment
2026-04-30 10:50:42,KZW1655,email_attachment
2026-04-30 10:50:46,YRT1492,email_attachment
2026-04-30 10:50:49,JCZ9974,email_attachment
2026-04-30 10:51:04,FGX9186,email_attachment
2026-04-30 10:51:42,XZK3155,email_attachment
2026-04-30 10:52:09,XJB9721,email_attachment
2026-04-30 10:54:53,GPV1467,usb_connect
2026-04-30 10:56:13,AUN2227,email_attachment
2026-04-30 10:58:04,SLW4036,email_attachment
2026-04-30 10:59:49,MGY2196,email_attachment
2026-04-30 11:00:29,VTP7518,email_attachment
2026-04-30 11:01:00,KFS8428,email_attachment
2026-04-30 11:01:33,QUJ2796,email_attachment
2026-04-30 11:06:28,DZR5647,email_attachment
2026-04-30 11:10:38,SDV4997,email_attachment
2026-04-30 11:13:20,JLQ4852,email_attachment
2026-04-30 11:14:18,JYJ0485,email_attachment
2026-04-30 11:16:23,FGQ3884,email_attachment
2026-04-30 11:21:03,DDZ1774,email_attachment
2026-04-30 11:21:32,FFL5038,email_attachment
2026-04-30 11:24:00,BNT0262,email_attachment
2026-04-30 11:25:45,LMY5094,email_attachment
2026-04-30 11:26:48,WBQ6532,email_attachment
2026-04-30 11:30:28,FNC9573,email_attachment
2026-04-30 11:37:06,KAB4578,email_attachment
2026-04-30 11:37:58,EDJ2298,email_attachment
2026-04-30 11:38:49,RYA2244,email_attachment
2026-04-30 11:40:08,JDQ9865,email_attachment
2026-04-30 11:40:30,DBZ5792,email_attachment
2026-04-30 11:40:44,DUC6242,email_attachment
2026-04-30 11:48:39,PZN2159,email_attachment
2026-04-30 11:50:10,RMU7060,email_attachment
2026-04-30 11:50:28,HPF2563,email_attachment
2026-04-30 11:57:44,ETJ1562,email_attachment
2026-04-30 12:02:10,NCX1973,email_attachment
2026-04-30 12:04:25,TER6346,email_attachment
2026-04-30 12:05:26,EDW0551,email_attachment
2026-04-30 12:12:39,DSE9841,email_attachment
2026-04-30 12:13:59,XPG0614,email_attachment
2026-04-30 12:14:52,WBH1128,email_attachment
2026-04-30 12:16:26,KHB9148,email_attachment
2026-04-30 12:17:35,TQX9577,email_attachment
2026-04-30 12:25:30,WPP7340,email_attachment
2026-04-30 12:26:13,EXR0869,email_attachment
2026-04-30 12:33:31,ZXZ4586,email_attachment
2026-04-30 12:34:14,FHC5582,email_attachment
2026-04-30 12:35:16,NQN3339,email_attachment
2026-04-30 12:35:34,JWD6444,email_attachment
2026-04-30 12:35:47,MDE9058,email_attachment
2026-04-30 12:39:47,JEV3007,email_attachment
2026-04-30 12:41:11,CSB7056,email_attachment
2026-04-30 12:42:16,TCP3554,email_attachment
2026-04-30 12:45:45,TLD8832,email_attachment
2026-04-30 12:47:06,LEQ0221,email_attachment
2026-04-30 12:47:38,JBQ2200,email_attachment
2026-04-30 12:48:20,DDB3409,email_attachment
2026-04-30 12:49:55,GNL3436,email_attachment
2026-04-30 12:50:17,NKG7115,email_attachment
2026-04-30 12:56:07,TZU4501,email_attachment
2026-04-30 12:57:20,EJM7562,email_attachment
2026-04-30 12:57:55,ZFT8686,email_attachment
2026-04-30 13:00:22,ETS6294,email_attachment
2026-04-30 13:01:07,EFT3587,email_attachment
2026-04-30 13:07:00,FAA5368,email_attachment
2026-04-30 13:12:32,NTR2952,email_attachment
2026-04-30 13:12:45,YSR4292,email_attachment
2026-04-30 13:17:51,NTF4227,email_attachment
2026-04-30 13:20:17,JJX7773,email_attachment
2026-04-30 13:29:56,QGB6336,email_attachment
2026-04-30 14:01:42,FQZ0453,external_upload
2026-04-30 14:04:53,GND9693,email_attachment
2026-04-30 14:10:51,EKS3015,email_attachment
2026-04-30 14:12:19,UHH4524,email_attachment
2026-04-30 14:13:46,KMY8772,email_attachment
2026-04-30 14:13:58,CNK7263,email_attachment
2026-04-30 15:09:14,JED1399,email_attachment
2026-04-30 15:53:05,HSH2400,email_attachment
2026-04-30 16:07:06,BCJ1051,email_attachment
2026-04-30 16:28:44,SXT0742,email_attachment
2026-04-30 16:30:26,DAA6296,email_attachment
2026-04-30 17:27:27,FVY5415,email_attachment
2026-04-30 17:37:45,AWX0001,email_attachment
2026-04-30 17:54:25,NGY1374,email_attachment
2026-04-30 18:00:58,URV9227,email_attachment
2026-04-30 18:22:58,RVW4189,email_attachment
2026-04-30 18:27:16,LFM0357,email_attachment
2026-05-01 06:34:36,DQZ4406,email_attachment
2026-05-01 06:52:36,WUQ1004,email_attachment
2026-05-01 07:17:25,RKP9191,email_attachment
2026-05-01 07:22:18,JVA8754,email_attachment
2026-05-01 07:31:39,TJL6481,email_attachment
2026-05-01 07:45:35,WDF1317,external_upload
2026-05-01 08:11:09,LEY4602,email_attachment
2026-05-01 08:13:58,KYD3626,email_attachment
2026-05-01 08:22:32,SPL6107,email_attachment
2026-05-01 08:26:39,KHF6510,email_attachment
2026-05-01 08:28:31,ZRH2565,email_attachment
2026-05-01 08:37:10,KDX8366,email_attachment
2026-05-01 08:38:14,WLX3952,email_attachment
2026-05-01 08:43:09,CNT6452,email_attachment
2026-05-01 08:47:28,VZM3725,email_attachment
2026-05-01 08:56:06,MEG7072,email_attachment
2026-05-01 08:57:02,VWK1858,email_attachment
2026-05-01 08:59:05,WQK1133,email_attachment
2026-05-01 09:00:35,DVP3588,email_attachment
2026-05-01 09:01:42,EBR0860,email_attachment
2026-05-01 09:02:30,PKQ0587,email_attachment
2026-05-01 09:03:16,VXQ8396,email_attachment
2026-05-01 09:07:19,FWZ2671,usb_connect
2026-05-01 09:17:36,XQW0837,email_attachment
2026-05-01 09:22:25,LSN9254,email_attachment
2026-05-01 09:26:16,PED6057,email_attachment
2026-05-01 09:26:53,CLG5170,email_attachment
2026-05-01 09:28:43,LTK1460,email_attachment
2026-05-01 09:30:11,NAS8626,email_attachment
2026-05-01 09:37:05,BHW7050,email_attachment
2026-05-01 09:39:10,LMG0501,email_attachment
2026-05-01 09:39:36,WPP7340,email_attachment
2026-05-01 09:41:25,VBA9177,email_attachment
2026-05-01 09:47:12,EYU6957,external_upload
2026-05-01 09:47:14,LLJ6063,usb_connect
2026-05-01 09:48:47,RCD1239,external_upload
2026-05-01 09:55:43,JSA7385,email_attachment
2026-05-01 09:57:09,DYQ2940,email_attachment
2026-05-01 10:03:24,HVS3166,email_attachment
2026-05-01 10:03:40,HBS3101,email_attachment
2026-05-01 10:04:10,YDX6053,email_attachment
2026-05-01 10:04:42,LQC3932,email_attachment
2026-05-01 10:05:06,LVJ1007,external_upload
2026-05-01 10:07:05,JYU4145,email_attachment
2026-05-01 10:07:40,JYU4145,external_upload
2026-05-01 10:09:52,QCY1152,email_attachment
2026-05-01 10:13:30,FRD7881,usb_connect
2026-05-01 10:13:31,GWF6569,email_attachment
2026-05-01 10:13:52,RCW3682,email_attachment
2026-05-01 10:18:06,PZE6660,email_attachment
2026-05-01 10:18:58,GXX6793,email_attachment
2026-05-01 10:21:42,CVP7987,email_attachment
2026-05-01 10:22:27,UBK2435,email_attachment
2026-05-01 10:22:33,KJF3665,email_attachment
2026-05-01 10:29:14,LKB0400,email_attachment
2026-05-01 10:30:10,CFM9613,email_attachment
2026-05-01 10:31:29,HNV3692,email_attachment
2026-05-01 10:33:15,ZPQ8314,email_attachment
2026-05-01 10:34:09,NNF1030,email_attachment
2026-05-01 10:36:54,QSP9232,email_attachment
2026-05-01 10:39:57,KRQ7567,email_attachment
2026-05-01 10:43:21,LFR9724,email_attachment
2026-05-01 10:43:24,UJM1032,email_attachment
2026-05-01 10:43:50,YDS0481,email_attachment
2026-05-01 10:46:25,PEX4943,email_attachment
2026-05-01 10:46:32,PEE1804,email_attachment
2026-05-01 10:47:54,WNZ8194,email_attachment
2026-05-01 10:50:34,WKX4894,email_attachment
2026-05-01 10:52:55,PVP1024,external_upload
2026-05-01 10:53:43,HVZ6893,external_upload
2026-05-01 10:55:31,ATG5393,usb_connect
2026-05-01 11:03:09,FGK0491,email_attachment
2026-05-01 11:03:43,DSD1676,email_attachment
2026-05-01 11:04:08,VSW3128,email_attachment
2026-05-01 11:04:25,UZX2476,email_attachment
2026-05-01 11:12:20,VCL2588,email_attachment
2026-05-01 11:14:18,TNW8789,email_attachment
2026-05-01 11:14:37,ZGH0956,email_attachment
2026-05-01 11:15:33,ETS6294,email_attachment
2026-05-01 11:18:32,YXE8184,email_attachment
2026-05-01 11:24:39,PBL6806,email_attachment
2026-05-01 11:26:08,VKE4599,email_attachment
2026-05-01 11:29:27,DGL2730,email_attachment
2026-05-01 11:29:34,TZF4164,email_attachment
2026-05-01 11:30:20,NQF1835,email_attachment
2026-05-01 11:34:24,PSQ4717,email_attachment
2026-05-01 11:35:16,DPG4644,email_attachment
2026-05-01 11:38:19,MSW7113,external_upload
2026-05-01 11:39:12,DRU4946,email_attachment
2026-05-01 11:40:28,ZMT9493,email_attachment
2026-05-01 11:44:04,NHK5243,email_attachment
2026-05-01 11:44:22,PMD5808,email_attachment
2026-05-01 11:46:59,ACW5886,email_attachment
2026-05-01 11:47:56,AGQ6804,email_attachment
2026-05-01 11:52:56,VPP1509,email_attachment
2026-05-01 11:54:16,AGP7231,email_attachment
2026-05-01 12:01:55,WZM1211,external_upload
2026-05-01 12:04:23,NJZ6951,email_attachment
2026-05-01 12:07:41,XYD3019,email_attachment
2026-05-01 12:08:32,RLA1209,email_attachment
2026-05-01 12:12:19,DXT7847,email_attachment
2026-05-01 12:13:21,YWC7675,email_attachment
2026-05-01 12:19:56,MRE0291,email_attachment
2026-05-01 12:21:23,EWE2142,email_attachment
2026-05-01 12:22:06,JNS0679,email_attachment
2026-05-01 12:22:47,FHR9973,email_attachment
2026-05-01 12:23:48,NGP1594,email_attachment
2026-05-01 12:27:23,ZDB4042,email_attachment
2026-05-01 12:29:37,RHB3473,email_attachment
2026-05-01 12:30:07,TCY5836,external_upload
2026-05-01 12:30:14,LUW6194,email_attachment
2026-05-01 12:37:39,YBY3674,email_attachment
2026-05-01 12:40:04,LCB1568,email_attachment
2026-05-01 12:40:11,ZJG3303,email_attachment
2026-05-01 12:41:16,DZG4068,email_attachment
2026-05-01 12:41:48,FHJ7859,email_attachment
2026-05-01 12:42:32,KFN4851,email_attachment
2026-05-01 12:45:59,JGH7582,email_attachment
2026-05-01 12:46:10,BJS0189,email_attachment
2026-05-01 12:46:59,YEL9905,email_attachment
2026-05-01 12:47:52,DDZ9005,email_attachment
2026-05-01 12:48:49,TQL9765,email_attachment
2026-05-01 12:48:59,QKH9033,email_attachment
2026-05-01 12:49:02,TFM2868,email_attachment
2026-05-01 12:51:04,PUJ9838,email_attachment
2026-05-01 12:54:18,RRD0169,email_attachment
2026-05-01 12:54:39,NRK0173,email_attachment
2026-05-01 12:59:19,NFG5180,email_attachment
2026-05-01 12:59:56,KZS8027,email_attachment
2026-05-01 13:10:08,NCF3260,email_attachment
2026-05-01 13:12:21,TJE8399,email_attachment
2026-05-01 13:14:12,QLT1421,email_attachment
2026-05-01 13:16:16,VEN8982,email_attachment
2026-05-01 13:22:19,WUQ4755,external_upload
2026-05-01 13:26:30,NNQ2778,email_attachment
2026-05-01 13:27:45,AHW0731,email_attachment
2026-05-01 13:30:39,FPZ7336,email_attachment
2026-05-01 13:31:59,GLY2041,email_attachment
2026-05-01 13:32:27,SEA8756,email_attachment
2026-05-01 13:39:26,KSM1848,email_attachment
2026-05-01 13:48:07,ZPM1121,email_attachment
2026-05-01 13:53:58,AKG3234,email_attachment
2026-05-01 13:55:19,DXS7351,email_attachment
2026-05-01 14:07:41,UDW8277,email_attachment
2026-05-01 14:12:39,NDK9291,external_upload
2026-05-01 14:17:11,PVW1705,email_attachment
2026-05-01 14:19:55,HQD9108,email_attachment
2026-05-01 14:26:53,SSG9024,email_attachment
2026-05-01 14:28:52,KPB4149,email_attachment
2026-05-01 14:32:04,EKA2417,email_attachment
2026-05-01 14:47:30,TTT4652,email_attachment
2026-05-01 14:55:36,XNB5488,email_attachment
2026-05-01 14:56:31,SYH1622,email_attachment
2026-05-01 15:20:54,WPW1401,email_attachment
2026-05-01 15:33:03,KAQ4260,usb_connect
2026-05-01 15:44:18,UUQ7472,email_attachment
2026-05-01 15:58:15,TZZ2486,email_attachment
2026-05-01 16:44:45,UFL2774,email_attachment
2026-05-01 17:09:40,HLH4250,email_attachment
2026-05-02 07:02:55,FXW8392,email_attachment
2026-05-02 11:17:13,HFA2536,external_upload
2026-05-02 11:37:23,LMF2492,usb_connect
2026-05-02 12:24:33,DYE9273,email_attachment
2026-05-02 13:52:23,JNB7620,email_attachment
2026-05-03 09:38:45,EDY8122,email_attachment
2026-05-03 10:08:46,GTR6357,usb_connect
2026-05-03 10:37:04,PSQ4717,email_attachment
2026-05-03 10:58:11,QQJ6766,email_attachment
2026-05-03 10:59:49,LAD8190,external_upload
2026-05-03 11:52:17,CJS2105,email_attachment
2026-05-03 12:11:15,TWP7521,email_attachment
2026-05-03 12:45:42,NFE6544,email_attachment
2026-05-03 13:04:47,UHY5838,email_attachment
2026-05-03 13:16:11,QDX0204,email_attachment
2026-05-04 06:15:50,QGQ9398,email_attachment
2026-05-04 07:35:13,DVW7466,email_attachment
2026-05-04 07:47:08,UCW5515,email_attachment
2026-05-04 08:31:09,KFM9312,email_attachment
2026-05-04 08:34:55,PJA2498,email_attachment
2026-05-04 08:44:29,BKT2605,email_attachment
2026-05-04 08:44:52,GTZ0192,email_attachment
2026-05-04 08:48:09,MXQ5110,email_attachment
2026-05-04 08:56:22,FVH0365,email_attachment
2026-05-04 09:05:58,LGB8139,external_upload
2026-05-04 09:09:22,YDX6053,email_attachment
2026-05-04 09:12:10,WYG9423,email_attachment
2026-05-04 09:15:49,LAP2668,email_attachment
2026-05-04 09:19:18,DEX6345,email_attachment
2026-05-04 09:22:43,XEP1569,email_attachment
2026-05-04 09:22:50,CAS0219,email_attachment
2026-05-04 09:24:45,LES3747,email_attachment
2026-05-04 09:27:49,ZJG3303,usb_connect
2026-05-04 09:29:30,HMM0573,email_attachment
2026-05-04 09:32:03,BGP2631,email_attachment
2026-05-04 09:34:04,CGR6865,email_attachment
2026-05-04 09:34:24,MKD7818,email_attachment
2026-05-04 09:35:28,QTM2961,email_attachment
2026-05-04 09:37:54,HFU3666,email_attachment
2026-05-04 09:38:19,GFH2961,external_upload
2026-05-04 09:39:09,GXH8145,email_attachment
2026-05-04 09:47:12,CQY5588,email_attachment
2026-05-04 09:52:31,RSQ5606,email_attachment
2026-05-04 09:54:59,PEB4761,email_attachment
2026-05-04 09:56:17,TDT2911,email_attachment
2026-05-04 09:57:57,EVA6243,email_attachment
2026-05-04 10:02:21,XVG6611,email_attachment
2026-05-04 10:02:44,YMQ0646,usb_connect
2026-05-04 10:05:23,JLN5393,email_attachment
2026-05-04 10:05:41,LNK6236,email_attachment
2026-05-04 10:06:29,HGG0852,email_attachment
2026-05-04 10:15:11,QQJ6766,email_attachment
2026-05-04 10:19:54,KGP8974,email_attachment
2026-05-04 10:21:30,LQN7970,email_attachment
2026-05-04 10:22:28,ESZ6803,email_attachment
2026-05-04 10:23:06,MRU1672,email_attachment
2026-05-04 10:24:53,PKA7047,email_attachment
2026-05-04 10:27:59,WGH9186,email_attachment
2026-05-04 10:28:17,CNX4632,email_attachment
2026-05-04 10:28:26,VXD9349,email_attachment
2026-05-04 10:30:06,AEE1704,email_attachment
2026-05-04 10:36:07,PFG1051,email_attachment
2026-05-04 10:37:10,ZUM4588,email_attachment
2026-05-04 10:40:28,XMP7066,email_attachment
2026-05-04 10:43:28,SLW4036,email_attachment
2026-05-04 10:54:46,XJA0182,email_attachment
2026-05-04 10:54:52,EAE5559,email_attachment
2026-05-04 10:58:18,XNQ2936,email_attachment
2026-05-04 11:00:00,LZD5274,email_attachment
2026-05-04 11:05:30,RDC0040,email_attachment
2026-05-04 11:06:10,HQN1201,email_attachment
2026-05-04 11:06:15,CYX4683,email_attachment
2026-05-04 11:08:43,HAB6562,email_attachment
2026-05-04 11:17:30,RQG6891,email_attachment
2026-05-04 11:18:01,PZF1734,email_attachment
2026-05-04 11:18:11,ZPM1121,email_attachment
2026-05-04 11:18:14,RWS1724,email_attachment
2026-05-04 11:21:16,XQM4117,email_attachment
2026-05-04 11:23:44,KVG5688,email_attachment
2026-05-04 11:25:20,ZJG4527,email_attachment
2026-05-04 11:25:25,NKN8760,email_attachment
2026-05-04 11:27:15,CVS8644,email_attachment
2026-05-04 11:27:22,BZK1628,email_attachment
2026-05-04 11:28:29,MWN8039,email_attachment
2026-05-04 11:29:21,MUE9125,usb_connect
2026-05-04 11:30:02,RDZ6044,external_upload
2026-05-04 11:32:40,ENQ5809,email_attachment
2026-05-04 11:37:57,RGF8001,email_attachment
2026-05-04 11:39:30,DNS6392,email_attachment
2026-05-04 11:41:40,SPK8158,email_attachment
2026-05-04 11:42:15,YMF0181,email_attachment
2026-05-04 11:43:00,QWE4909,email_attachment
2026-05-04 11:50:39,LLE7318,external_upload
2026-05-04 11:55:06,NNQ2778,email_attachment
2026-05-04 11:56:29,FVX0860,email_attachment
2026-05-04 12:00:37,BHC0056,email_attachment
2026-05-04 12:02:08,EXR7447,email_attachment
2026-05-04 12:03:18,WQQ3666,email_attachment
2026-05-04 12:05:48,DJF2928,email_attachment
2026-05-04 12:06:18,EXR0869,external_upload
2026-05-04 12:15:45,ETF1221,email_attachment
2026-05-04 12:16:14,AVL7593,email_attachment
2026-05-04 12:20:36,URQ8735,email_attachment
2026-05-04 12:20:37,ACU8130,email_attachment
2026-05-04 12:20:37,UKN2629,email_attachment
2026-05-04 12:21:49,AEY2241,email_attachment
2026-05-04 12:22:29,WTA6371,email_attachment
2026-05-04 12:22:57,NRG9357,email_attachment
2026-05-04 12:24:41,BVH4601,email_attachment
2026-05-04 12:25:47,DUJ3384,email_attachment
2026-05-04 12:27:00,LUS6673,email_attachment
2026-05-04 12:28:07,DYE9273,email_attachment
2026-05-04 12:29:04,TJL4519,email_attachment
2026-05-04 12:29:19,TDD5958,email_attachment
2026-05-04 12:37:19,VVL2346,email_attachment
2026-05-04 12:41:41,AGK7687,email_attachment
2026-05-04 12:41:52,MDE9058,email_attachment
2026-05-04 12:45:25,MHA1657,email_attachment
2026-05-04 12:46:47,DKQ6781,email_attachment
2026-05-04 12:54:23,UKD6455,email_attachment
2026-05-04 12:54:42,XRP2096,email_attachment
2026-05-04 13:00:25,DDH6028,email_attachment
2026-05-04 13:02:28,VUH9541,email_attachment
2026-05-04 13:02:29,DQL0828,email_attachment
2026-05-04 13:07:55,DTW9753,email_attachment
2026-05-04 13:08:31,WYW4325,email_attachment
2026-05-04 13:09:17,WXD2117,external_upload
2026-05-04 13:11:00,MPG6197,email_attachment
2026-05-04 13:12:19,KYK2416,email_attachment
2026-05-04 13:17:49,SZM2079,email_attachment
2026-05-04 13:24:40,CDM9834,email_attachment
2026-05-04 13:29:03,MFQ3194,email_attachment
2026-05-04 13:29:28,WDQ5874,email_attachment
2026-05-04 13:38:50,NNF1030,email_attachment
2026-05-04 13:44:33,PNP5201,email_attachment
2026-05-04 13:48:49,VMP1735,email_attachment
2026-05-04 13:58:57,ZHB5881,email_attachment
2026-05-04 14:07:17,VSW3128,email_attachment
2026-05-04 14:14:32,VPM8632,email_attachment
2026-05-04 14:24:57,UWN1593,email_attachment
2026-05-04 14:44:17,XDH2481,email_attachment
2026-05-04 14:44:32,ATN8458,email_attachment
2026-05-04 14:57:35,SVG0207,email_attachment
2026-05-04 15:17:57,LEY0669,email_attachment
2026-05-04 15:25:57,NTA8758,email_attachment
2026-05-04 15:29:22,EJK9290,usb_connect
2026-05-04 15:39:35,JDR3160,email_attachment
2026-05-04 15:42:24,BQV4296,email_attachment
2026-05-04 15:55:37,NCU7789,email_attachment
2026-05-04 16:33:03,JNY6012,email_attachment
2026-05-04 16:33:14,YEA8551,email_attachment
2026-05-04 16:34:23,CMF1527,email_attachment
2026-05-04 16:47:59,GSN3813,email_attachment
2026-05-04 17:37:01,FAP0273,email_attachment
2026-05-05 06:18:36,QPN4528,email_attachment
2026-05-05 06:43:28,TRM4185,email_attachment
2026-05-05 07:11:37,PRU1120,email_attachment
2026-05-05 07:13:14,KDY7383,external_upload
2026-05-05 07:14:20,JDL6872,email_attachment
2026-05-05 07:16:18,UWP6800,email_attachment
2026-05-05 07:49:07,TNM5145,usb_connect
2026-05-05 08:30:47,RMR1374,email_attachment
2026-05-05 08:57:13,CQY5588,external_upload
2026-05-05 09:06:44,JVA8754,email_attachment
2026-05-05 09:08:50,XHX3127,email_attachment
2026-05-05 09:21:22,CWD1018,email_attachment
2026-05-05 09:25:37,HMM0573,email_attachment
2026-05-05 09:31:05,CYD2166,email_attachment
2026-05-05 09:34:56,CYF6152,email_attachment
2026-05-05 09:35:56,PQW5115,email_attachment
2026-05-05 09:37:09,JYN2779,email_attachment
2026-05-05 09:44:07,UKM7992,email_attachment
2026-05-05 09:45:50,KPJ6277,email_attachment
2026-05-05 09:46:30,HCV6206,usb_connect
2026-05-05 09:49:02,QKT5936,external_upload
2026-05-05 09:51:10,PBM4108,email_attachment
2026-05-05 09:59:41,BJB5097,email_attachment
2026-05-05 10:09:56,MAN1556,email_attachment
2026-05-05 10:10:03,RZZ4712,email_attachment
2026-05-05 10:11:26,ANC8004,email_attachment
2026-05-05 10:15:23,CFK9105,usb_connect
2026-05-05 10:15:38,ZSD2941,email_attachment
2026-05-05 10:16:53,VCZ1344,email_attachment
2026-05-05 10:17:51,ZUM4588,email_attachment
2026-05-05 10:19:24,LES3747,email_attachment
2026-05-05 10:22:58,KZW1655,email_attachment
2026-05-05 10:23:20,PJN1183,external_upload
2026-05-05 10:28:06,MKS7553,email_attachment
2026-05-05 10:30:28,PLH4504,email_attachment
2026-05-05 10:31:15,VCS1161,email_attachment
2026-05-05 10:32:03,NKB9927,email_attachment
2026-05-05 10:34:03,LCB1568,email_attachment
2026-05-05 10:37:59,UUP0066,email_attachment
2026-05-05 10:39:09,KWA2081,external_upload
2026-05-05 10:42:08,SVX4420,email_attachment
2026-05-05 10:42:11,BJJ9883,email_attachment
2026-05-05 10:45:06,FET2735,email_attachment
2026-05-05 10:45:19,FGX9186,email_attachment
2026-05-05 10:47:19,MPF6269,email_attachment
2026-05-05 10:48:43,AKK7619,email_attachment
2026-05-05 10:50:02,WQH4606,external_upload
2026-05-05 10:52:16,SFV7598,email_attachment
2026-05-05 10:57:29,VSW3128,email_attachment
2026-05-05 10:59:44,ATY1642,email_attachment
2026-05-05 11:00:37,SPJ4788,email_attachment
2026-05-05 11:01:30,XAA3696,email_attachment
2026-05-05 11:02:24,NJV8196,email_attachment
2026-05-05 11:12:12,UYF2390,email_attachment
2026-05-05 11:18:55,DEC1796,email_attachment
2026-05-05 11:22:24,BJF0383,email_attachment
2026-05-05 11:23:24,QMQ7100,email_attachment
2026-05-05 11:23:29,VKE4599,email_attachment
2026-05-05 11:29:20,XSS6374,email_attachment
2026-05-05 11:30:09,ZQE5200,email_attachment
2026-05-05 11:30:14,YJC5459,email_attachment
2026-05-05 11:32:22,RQF4228,email_attachment
2026-05-05 11:32:52,QLB1108,email_attachment
2026-05-05 11:36:00,XMV6673,email_attachment
2026-05-05 11:38:39,EAE5559,email_attachment
2026-05-05 11:46:46,PTJ4935,email_attachment
2026-05-05 11:47:01,KHB9148,email_attachment
2026-05-05 11:50:15,TWL1975,email_attachment
2026-05-05 11:52:45,EEE0834,email_attachment
2026-05-05 11:57:44,GPU2972,email_attachment
2026-05-05 11:58:19,ABX8155,email_attachment
2026-05-05 12:03:01,UMH4248,email_attachment
2026-05-05 12:05:13,FTQ9220,email_attachment
2026-05-05 12:06:29,YHZ7266,email_attachment
2026-05-05 12:08:25,HQD9108,email_attachment
2026-05-05 12:09:25,RMZ9198,usb_connect
2026-05-05 12:10:17,VGV9685,email_attachment
2026-05-05 12:16:10,BTU7896,email_attachment
2026-05-05 12:16:34,LKL1757,email_attachment
2026-05-05 12:16:35,DAR0388,email_attachment
2026-05-05 12:18:33,HHD9083,email_attachment
2026-05-05 12:23:10,USG4601,email_attachment
2026-05-05 12:23:53,DYQ2940,email_attachment
2026-05-05 12:27:42,LWX4132,email_attachment
2026-05-05 12:32:37,PHD2134,email_attachment
2026-05-05 12:36:11,HNV3692,email_attachment
2026-05-05 12:36:21,TJE8399,email_attachment
2026-05-05 12:39:39,KHX2969,email_attachment
2026-05-05 12:41:46,DRJ2995,email_attachment
2026-05-05 12:42:38,MVX7320,email_attachment
2026-05-05 12:43:19,JCN9287,email_attachment
2026-05-05 12:45:56,DZG4068,email_attachment
2026-05-05 12:46:54,KAN7127,email_attachment
2026-05-05 12:52:32,MQK7676,email_attachment
2026-05-05 12:57:35,FRM0180,email_attachment
2026-05-05 13:02:46,WNZ8578,email_attachment
2026-05-05 13:03:43,HRZ7452,email_attachment
2026-05-05 13:03:46,VGH6886,email_attachment
2026-05-05 13:08:19,VYC8658,email_attachment
2026-05-05 13:09:46,WMZ5470,email_attachment
2026-05-05 13:11:08,RVG2870,email_attachment
2026-05-05 13:14:29,PEB4761,email_attachment
2026-05-05 13:17:14,UWV2909,email_attachment
2026-05-05 13:18:10,PNS6712,email_attachment
2026-05-05 13:24:24,GUW5758,email_attachment
2026-05-05 13:26:04,QGX1659,external_upload
2026-05-05 13:31:32,YWJ4356,email_attachment
2026-05-05 13:40:22,QER6959,email_attachment
2026-05-05 14:02:21,RAN1908,email_attachment
2026-05-05 14:10:20,UZF0135,email_attachment
2026-05-05 14:19:36,PQP1240,email_attachment
2026-05-05 14:21:40,KRV2364,email_attachment
2026-05-05 14:22:44,ZDB2083,email_attachment
2026-05-05 14:40:14,TDJ7685,email_attachment
2026-05-05 15:28:52,JWF7936,email_attachment
2026-05-05 15:37:42,LHN0841,email_attachment
2026-05-05 16:44:02,TDP1357,external_upload
2026-05-05 16:45:15,UUQ7472,email_attachment
2026-05-05 17:15:05,AQA7238,email_attachment
2026-05-05 18:02:01,YEA8551,email_attachment
2026-05-05 18:16:34,LWR8329,email_attachment
2026-05-05 18:44:29,NQN2890,external_upload
2026-05-06 06:49:40,JDL6872,email_attachment
2026-05-06 08:01:39,NUC9178,email_attachment
2026-05-06 08:25:38,QMF5236,email_attachment
2026-05-06 08:31:01,TJL7396,email_attachment
2026-05-06 08:42:00,UJH4817,email_attachment
2026-05-06 08:52:33,HQG1404,email_attachment
2026-05-06 09:17:26,UKD6455,email_attachment
2026-05-06 09:17:38,LXW6900,email_attachment
2026-05-06 09:27:55,BYS3633,email_attachment
2026-05-06 09:32:17,AJF5839,email_attachment
2026-05-06 09:32:28,XXK4064,email_attachment
2026-05-06 09:35:25,WYA6618,email_attachment
2026-05-06 09:35:37,BYA7369,email_attachment
2026-05-06 09:40:45,SEA8756,email_attachment
2026-05-06 09:40:45,JNB7620,email_attachment
2026-05-06 09:41:03,MLQ6298,email_attachment
2026-05-06 09:46:09,FPS7859,email_attachment
2026-05-06 09:47:49,YHZ7266,email_attachment
2026-05-06 09:49:12,NER9488,email_attachment
2026-05-06 09:51:56,SJD0467,email_attachment
2026-05-06 09:52:32,DKY8909,email_attachment
2026-05-06 09:52:46,KXE5201,email_attachment
2026-05-06 09:55:07,UMB9505,email_attachment
2026-05-06 09:55:12,GNL6288,email_attachment
2026-05-06 09:56:38,ZDB2083,email_attachment
2026-05-06 09:57:06,MNL3521,email_attachment
2026-05-06 09:58:43,QSP9232,external_upload
2026-05-06 10:01:30,QLB1108,external_upload
2026-05-06 10:03:17,MUE9125,email_attachment
2026-05-06 10:10:06,BNJ6311,email_attachment
2026-05-06 10:10:41,AHB3837,email_attachment
2026-05-06 10:14:28,GKW1903,email_attachment
2026-05-06 10:15:18,GKB5174,email_attachment
2026-05-06 10:15:32,GJS8114,email_attachment
2026-05-06 10:16:01,MUE9125,usb_connect
2026-05-06 10:17:12,NLG8390,email_attachment
2026-05-06 10:18:40,DUL4786,email_attachment
2026-05-06 10:19:02,UZF0135,email_attachment
2026-05-06 10:20:17,EWF9587,email_attachment
2026-05-06 10:21:30,RSX1179,email_attachment
2026-05-06 10:23:18,GMG6846,email_attachment
2026-05-06 10:23:45,SZK8704,email_attachment
2026-05-06 10:24:51,WFZ8385,email_attachment
2026-05-06 10:28:05,WEP3010,email_attachment
2026-05-06 10:31:50,JNP1683,email_attachment
2026-05-06 10:32:57,UBK2435,email_attachment
2026-05-06 10:38:14,PXB5969,usb_connect
2026-05-06 10:40:29,PXE9068,email_attachment
2026-05-06 10:41:25,VKL2143,email_attachment
2026-05-06 10:42:27,NUK6400,email_attachment
2026-05-06 10:43:04,HHD9083,external_upload
2026-05-06 10:45:07,AXY2263,email_attachment
2026-05-06 10:46:30,PYP8182,email_attachment
2026-05-06 10:51:12,ABX8155,email_attachment
2026-05-06 10:52:48,DRP1861,email_attachment
2026-05-06 10:53:00,TEB4639,email_attachment
2026-05-06 10:53:44,GYE0667,email_attachment
2026-05-06 10:54:36,FWS7950,email_attachment
2026-05-06 10:57:40,UNN8662,email_attachment
2026-05-06 10:57:52,AWR3646,email_attachment
2026-05-06 10:59:39,GCH8602,email_attachment
2026-05-06 11:01:22,QCJ4335,email_attachment
2026-05-06 11:11:08,WNL8355,email_attachment
2026-05-06 11:13:07,XAD7151,email_attachment
2026-05-06 11:17:51,QZF9573,email_attachment
2026-05-06 11:21:58,LXX1956,email_attachment
2026-05-06 11:22:23,BNP5840,external_upload
2026-05-06 11:23:10,FWE2981,usb_connect
2026-05-06 11:26:00,DHT9626,email_attachment
2026-05-06 11:26:04,ENG6450,usb_connect
2026-05-06 11:31:13,RSC5904,email_attachment
2026-05-06 11:37:40,TNW8789,email_attachment
2026-05-06 11:39:28,CFT8853,email_attachment
2026-05-06 11:43:47,CQW5666,email_attachment
2026-05-06 11:45:25,ENV8864,email_attachment
2026-05-06 11:45:59,WSG6432,email_attachment
2026-05-06 11:47:11,RQE5788,email_attachment
2026-05-06 11:50:12,HVQ8555,external_upload
2026-05-06 11:52:36,ERN1693,email_attachment
2026-05-06 11:59:23,ELP0004,email_attachment
2026-05-06 12:00:39,SRD9645,email_attachment
2026-05-06 12:01:45,ZSB7055,email_attachment
2026-05-06 12:03:08,ATS4072,email_attachment
2026-05-06 12:06:59,QPP6179,email_attachment
2026-05-06 12:09:31,EAH0256,email_attachment
2026-05-06 12:09:31,SPC4371,email_attachment
2026-05-06 12:12:55,LKL1757,email_attachment
2026-05-06 12:13:04,LNF3219,email_attachment
2026-05-06 12:16:51,LCK9948,email_attachment
2026-05-06 12:16:59,NNQ2778,email_attachment
2026-05-06 12:16:59,YGW2220,usb_connect
2026-05-06 12:20:47,ELX7360,external_upload
2026-05-06 12:24:27,REY5228,email_attachment
2026-05-06 12:29:37,BMB4369,email_attachment
2026-05-06 12:33:09,WGH9186,external_upload
2026-05-06 12:33:30,PLP3673,email_attachment
2026-05-06 12:37:31,HPN5740,email_attachment
2026-05-06 12:37:39,MXF0245,email_attachment
2026-05-06 12:40:37,UUN6760,email_attachment
2026-05-06 12:42:08,UKM1933,email_attachment
2026-05-06 12:45:13,FRW3182,email_attachment
2026-05-06 12:49:55,MKV2715,email_attachment
2026-05-06 12:58:17,TFF8582,email_attachment
2026-05-06 12:58:55,QGK7077,email_attachment
2026-05-06 13:01:04,CFV6297,email_attachment
2026-05-06 13:04:03,TPW6281,email_attachment
2026-05-06 13:04:15,BLE1166,email_attachment
2026-05-06 13:06:32,JQL1140,email_attachment
2026-05-06 13:06:34,JNN3239,external_upload
2026-05-06 13:08:33,UDW8277,email_attachment
2026-05-06 13:12:25,SNN2223,email_attachment
2026-05-06 13:15:21,RKB7991,email_attachment
2026-05-06 13:16:29,VVR8997,email_attachment
2026-05-06 13:17:21,UHH4524,email_attachment
2026-05-06 13:20:14,AJN8374,email_attachment
2026-05-06 13:20:35,HSG3626,email_attachment
2026-05-06 13:24:15,ZWH4767,email_attachment
2026-05-06 13:24:19,ACN5603,email_attachment
2026-05-06 13:26:14,EJK9290,usb_connect
2026-05-06 13:28:54,TGV1198,email_attachment
2026-05-06 13:32:28,SUX4332,email_attachment
2026-05-06 14:16:31,MUX6778,external_upload
2026-05-06 14:19:06,SCV7784,email_attachment
2026-05-06 15:18:20,TTT4652,email_attachment
2026-05-06 15:28:22,YZD2818,email_attachment
2026-05-06 16:37:51,SXZ6117,email_attachment
2026-05-06 17:20:00,UHE0352,email_attachment
2026-05-06 17:59:39,SYT0435,email_attachment
2026-05-06 18:22:12,KTA2564,email_attachment
2026-05-06 18:41:57,DAR0062,email_attachment
2026-05-07 06:28:16,GUH6255,email_attachment
2026-05-07 06:52:16,AMT3951,email_attachment
2026-05-07 07:08:49,SPR1414,email_attachment
2026-05-07 07:16:12,PMJ2575,email_attachment
2026-05-07 07:26:05,MSK8626,email_attachment
2026-05-07 07:28:46,JYE3282,email_attachment
2026-05-07 07:41:30,TBB1123,external_upload
2026-05-07 08:07:43,RBA1609,email_attachment
2026-05-07 08:30:49,ZMY6132,email_attachment
2026-05-07 08:45:18,MFH3970,email_attachment
2026-05-07 08:54:43,URS5582,email_attachment
2026-05-07 09:00:10,WLZ3212,email_attachment
2026-05-07 09:08:40,HKB7050,external_upload
2026-05-07 09:18:50,KDK7913,email_attachment
2026-05-07 09:18:55,AMH0036,email_attachment
2026-05-07 09:22:47,JWR6908,email_attachment
2026-05-07 09:25:44,EYU6957,email_attachment
2026-05-07 09:33:36,DDV4022,email_attachment
2026-05-07 09:37:01,MXQ5110,email_attachment
2026-05-07 09:49:40,GRZ7341,email_attachment
2026-05-07 09:50:00,EHZ0093,email_attachment
2026-05-07 09:51:56,EPR5162,external_upload
2026-05-07 09:52:08,XTM0397,email_attachment
2026-05-07 09:52:40,AWP0070,email_attachment
2026-05-07 09:56:11,GTD1289,email_attachment
2026-05-07 10:04:05,TWT6397,email_attachment
2026-05-07 10:08:05,DTW9753,email_attachment
2026-05-07 10:08:54,JRM5199,email_attachment
2026-05-07 10:09:21,BPS9189,email_attachment
2026-05-07 10:09:48,UCN8228,email_attachment
2026-05-07 10:10:30,LFR9724,email_attachment
2026-05-07 10:12:44,YEB9577,email_attachment
2026-05-07 10:14:21,ZXZ4586,email_attachment
2026-05-07 10:23:14,SYZ4998,email_attachment
2026-05-07 10:23:47,DRJ2995,email_attachment
2026-05-07 10:32:38,AKL6350,email_attachment
2026-05-07 10:32:59,VZK5081,email_attachment
2026-05-07 10:34:14,HJV4248,email_attachment
2026-05-07 10:36:12,QPA7343,usb_connect
2026-05-07 10:47:15,LCD0888,email_attachment
2026-05-07 10:47:24,NRP9066,external_upload
2026-05-07 10:49:40,GPU2972,email_attachment
2026-05-07 10:50:14,LCE0048,email_attachment
2026-05-07 10:53:12,SGQ6755,email_attachment
2026-05-07 10:57:17,DRP1861,email_attachment
2026-05-07 10:58:55,HAD1624,email_attachment
2026-05-07 11:00:47,SKH1422,email_attachment
2026-05-07 11:03:30,LXW6900,email_attachment
2026-05-07 11:03:39,RYG9568,email_attachment
2026-05-07 11:03:49,BMB4369,email_attachment
2026-05-07 11:08:09,PNM6398,email_attachment
2026-05-07 11:13:24,CBT5366,email_attachment
2026-05-07 11:14:44,URQ0978,email_attachment
2026-05-07 11:23:58,PZS1941,email_attachment
2026-05-07 11:37:02,FUC3570,email_attachment
2026-05-07 11:37:41,ZYA4818,email_attachment
2026-05-07 11:40:12,WMT1608,email_attachment
2026-05-07 11:41:35,JXW2592,email_attachment
2026-05-07 11:48:04,JGK6296,email_attachment
2026-05-07 11:50:16,SYG1392,email_attachment
2026-05-07 11:52:18,UPJ2100,email_attachment
2026-05-07 11:54:28,FUK6375,email_attachment
2026-05-07 11:58:22,WBH1128,email_attachment
2026-05-07 12:03:09,ADH6725,email_attachment
2026-05-07 12:08:48,GFT4344,email_attachment
2026-05-07 12:10:21,LXX1956,email_attachment
2026-05-07 12:11:01,QER4766,email_attachment
2026-05-07 12:11:36,XMY1520,email_attachment
2026-05-07 12:17:29,ZFA0404,email_attachment
2026-05-07 12:18:04,YDS0481,email_attachment
2026-05-07 12:25:10,EED0695,email_attachment
2026-05-07 12:27:51,ZZH3377,email_attachment
2026-05-07 12:28:35,SHE0377,external_upload
2026-05-07 12:29:21,JKQ2520,email_attachment
2026-05-07 12:42:41,QQJ6766,email_attachment
2026-05-07 12:43:24,FVR9858,email_attachment
2026-05-07 12:47:46,PYR2813,email_attachment
2026-05-07 12:53:05,PQW5115,email_attachment
2026-05-07 12:53:34,EKA8131,external_upload
2026-05-07 13:02:11,DTC1360,email_attachment
2026-05-07 13:03:33,PTB4458,email_attachment
2026-05-07 13:07:41,RQV1932,email_attachment
2026-05-07 13:14:06,MZA4275,email_attachment
2026-05-07 13:19:31,BKG3081,email_attachment
2026-05-07 13:23:31,XVA6947,email_attachment
2026-05-07 13:25:00,UHW1685,external_upload
2026-05-07 13:26:57,UUZ0064,email_attachment
2026-05-07 13:41:10,ZWD7442,email_attachment
2026-05-07 13:46:36,LNF3219,email_attachment
2026-05-07 13:53:25,UTP4301,email_attachment
2026-05-07 14:03:47,NBE8069,email_attachment
2026-05-07 14:15:12,QBQ6174,email_attachment
2026-05-07 14:17:04,RZM7542,email_attachment
2026-05-07 14:35:31,NCR5141,email_attachment
2026-05-07 15:21:55,AWX0001,email_attachment
2026-05-07 15:35:36,XQB0711,email_attachment
2026-05-07 15:51:53,EJK9290,usb_connect
2026-05-07 16:40:01,ERS0269,email_attachment
2026-05-07 16:41:52,HLH4250,email_attachment
2026-05-07 17:10:37,URV9227,email_attachment
2026-05-07 17:12:10,ATN8458,email_attachment
2026-05-07 17:19:46,KAQ4260,external_upload
2026-05-07 17:55:13,PNX1881,email_attachment
2026-05-08 06:23:36,QPN4528,email_attachment
2026-05-08 06:54:15,MWL3483,usb_connect
2026-05-08 06:58:29,PXF1684,email_attachment
2026-05-08 07:03:12,CNY0484,email_attachment
2026-05-08 07:05:54,LWY2367,email_attachment
2026-05-08 07:29:29,HDF6619,email_attachment
2026-05-08 07:30:10,TBB1123,email_attachment
2026-05-08 07:35:11,UXD0306,email_attachment
2026-05-08 07:43:50,XFK4688,usb_connect
2026-05-08 08:07:03,KMQ0179,email_attachment
2026-05-08 08:18:45,LBZ7347,email_attachment
2026-05-08 08:21:58,BDD2486,email_attachment
2026-05-08 08:35:41,SBE6209,email_attachment
2026-05-08 08:46:20,NYC3644,email_attachment
2026-05-08 08:49:30,PBM4108,email_attachment
2026-05-08 08:58:28,PBM4108,email_attachment
2026-05-08 09:07:15,EHJ5183,email_attachment
2026-05-08 09:08:31,HLJ1034,email_attachment
2026-05-08 09:09:55,PGN9049,email_attachment
2026-05-08 09:17:10,PBM4108,email_attachment
2026-05-08 09:22:05,CTX8615,email_attachment
2026-05-08 09:28:42,ZSP3745,email_attachment
2026-05-08 09:29:51,DRQ4774,email_attachment
2026-05-08 09:31:16,KXE5201,external_upload
2026-05-08 09:31:54,KFS8428,email_attachment
2026-05-08 09:32:19,JBQ2200,email_attachment
2026-05-08 09:34:02,UXU9375,email_attachment
2026-05-08 09:41:16,LBZ7347,external_upload
2026-05-08 09:45:46,PBM4108,email_attachment
2026-05-08 09:46:39,HNT2630,email_attachment
2026-05-08 09:51:06,MLR2624,email_attachment
2026-05-08 09:51:51,AQJ3094,email_attachment
2026-05-08 09:54:22,CWD1018,email_attachment
2026-05-08 09:57:07,KBZ0887,email_attachment
2026-05-08 09:59:17,VLD0014,email_attachment
2026-05-08 10:00:58,ARA7680,email_attachment
2026-05-08 10:03:17,YDU0477,email_attachment
2026-05-08 10:03:27,SQU9903,email_attachment
2026-05-08 10:05:37,HXH2947,email_attachment
2026-05-08 10:06:53,HCB6961,email_attachment
2026-05-08 10:11:28,KTY9334,email_attachment
2026-05-08 10:14:00,EEL8338,email_attachment
2026-05-08 10:15:30,HZA0727,email_attachment
2026-05-08 10:16:53,NYU1092,email_attachment
2026-05-08 10:17:15,PBM4108,email_attachment
2026-05-08 10:18:50,ZBC1875,external_upload
2026-05-08 10:21:49,KRV2364,email_attachment
2026-05-08 10:23:39,WMF0666,email_attachment
2026-05-08 10:23:52,QRU5619,email_attachment
2026-05-08 10:25:23,JPH6556,email_attachment
2026-05-08 10:27:35,HHT2257,email_attachment
2026-05-08 10:29:18,ADK8646,email_attachment
2026-05-08 10:30:22,CYD2166,email_attachment
2026-05-08 10:35:39,NUM6882,email_attachment
2026-05-08 10:38:29,PBM4108,email_attachment
2026-05-08 10:42:30,RFH9751,email_attachment
2026-05-08 10:42:33,DCJ2497,email_attachment
2026-05-08 10:48:57,TNE2852,email_attachment
2026-05-08 10:49:31,RWR4951,email_attachment
2026-05-08 10:49:48,TFH1718,external_upload
2026-05-08 10:51:22,PNY6570,email_attachment
2026-05-08 10:52:28,JWD6444,email_attachment
2026-05-08 10:52:34,XKZ3308,email_attachment
2026-05-08 10:53:21,VWK1858,external_upload
2026-05-08 10:54:38,RDR1473,email_attachment
2026-05-08 10:57:09,WYK8060,external_upload
2026-05-08 11:02:38,YJN2204,email_attachment
2026-05-08 11:04:16,PBM4108,email_attachment
2026-05-08 11:04:42,VPM9822,email_attachment
2026-05-08 11:04:56,PBM4108,email_attachment
2026-05-08 11:07:43,VQK5549,email_attachment
2026-05-08 11:23:15,HTF8013,email_attachment
2026-05-08 11:25:07,YZZ7371,email_attachment
2026-05-08 11:30:55,RGC1753,email_attachment
2026-05-08 11:32:36,KKW9426,email_attachment
2026-05-08 11:35:48,DZL5487,email_attachment
2026-05-08 11:36:52,JZE7158,external_upload
2026-05-08 11:37:49,TNT2352,email_attachment
2026-05-08 11:45:35,XDY0096,email_attachment
2026-05-08 11:45:40,UZH3465,external_upload
2026-05-08 11:49:19,PWX3110,email_attachment
2026-05-08 11:50:12,UJH4817,email_attachment
2026-05-08 11:51:40,ZZM0775,email_attachment
2026-05-08 11:53:05,VBN6472,email_attachment
2026-05-08 11:56:12,DSR3222,email_attachment
2026-05-08 11:56:15,GJE2945,email_attachment
2026-05-08 12:05:33,HVS3166,email_attachment
2026-05-08 12:10:04,PHG2290,email_attachment
2026-05-08 12:11:35,PBM4108,email_attachment
2026-05-08 12:14:06,YSX2928,usb_connect
2026-05-08 12:14:41,DAG0153,email_attachment
2026-05-08 12:15:06,LFZ8894,email_attachment
2026-05-08 12:15:21,FGC5618,email_attachment
2026-05-08 12:15:50,TJE8399,email_attachment
2026-05-08 12:17:49,UCQ6477,email_attachment
2026-05-08 12:18:21,HLX3539,email_attachment
2026-05-08 12:18:59,BNN4648,email_attachment
2026-05-08 12:19:11,RYA2244,email_attachment
2026-05-08 12:22:04,SCD9494,email_attachment
2026-05-08 12:22:33,PBM4108,email_attachment
2026-05-08 12:23:04,ZXP2806,email_attachment
2026-05-08 12:23:36,PDG5421,email_attachment
2026-05-08 12:28:12,TJL4519,email_attachment
2026-05-08 12:31:40,VSW3128,email_attachment
2026-05-08 12:31:41,LWR1242,email_attachment
2026-05-08 12:32:19,NVE7583,email_attachment
2026-05-08 12:32:38,ZKL1192,email_attachment
2026-05-08 12:34:30,LNA6079,email_attachment
2026-05-08 12:47:14,PBM4108,email_attachment
2026-05-08 12:52:59,HPM6207,email_attachment
2026-05-08 12:57:08,TEE2171,email_attachment
2026-05-08 12:59:44,MAH8506,email_attachment
2026-05-08 13:00:40,EED0695,email_attachment
2026-05-08 13:04:45,GPW3461,external_upload
2026-05-08 13:08:00,KAQ4260,email_attachment
2026-05-08 13:08:21,VXK9645,email_attachment
2026-05-08 13:12:28,PBM4108,email_attachment
2026-05-08 13:13:32,TAD4989,external_upload
2026-05-08 13:14:53,PSQ4717,email_attachment
2026-05-08 13:15:30,CWG0826,email_attachment
2026-05-08 13:16:17,TQX9577,email_attachment
2026-05-08 13:17:31,DAZ1017,email_attachment
2026-05-08 13:20:08,FAQ1887,email_attachment
2026-05-08 13:20:28,SHS7915,external_upload
2026-05-08 13:24:23,PBM4108,email_attachment
2026-05-08 13:27:11,GZS8306,email_attachment
2026-05-08 13:29:22,DDN7438,email_attachment
2026-05-08 13:31:13,FPV8534,email_attachment
2026-05-08 13:43:24,KAN7127,email_attachment
2026-05-08 13:49:26,AWX0001,email_attachment
2026-05-08 13:50:43,AGS7505,email_attachment
2026-05-08 13:57:38,DEC1796,email_attachment
2026-05-08 14:01:18,MGR2928,email_attachment
2026-05-08 14:01:57,FTD0398,email_attachment
2026-05-08 14:16:48,SMF2572,external_upload
2026-05-08 14:51:24,PNP5201,email_attachment
2026-05-08 15:07:04,ZHY2106,email_attachment
2026-05-08 15:16:48,JBR9641,email_attachment
2026-05-08 16:04:08,YPA6465,email_attachment
2026-05-09 09:45:47,PBM4108,email_attachment
2026-05-09 09:49:43,PBM4108,email_attachment
2026-05-09 10:20:21,PBM4108,email_attachment
2026-05-09 10:25:02,PBM4108,email_attachment
2026-05-09 11:07:42,PBM4108,email_attachment
2026-05-09 11:58:47,PBM4108,email_attachment
2026-05-09 12:48:50,PBM4108,email_attachment
2026-05-09 13:30:57,PBM4108,email_attachment
2026-05-09 13:44:08,PBM4108,email_attachment
2026-05-09 13:45:05,PBM4108,email_attachment
2026-05-10 09:23:09,PBM4108,email_attachment
2026-05-10 09:41:03,PBM4108,email_attachment
2026-05-10 10:04:05,PBM4108,email_attachment
2026-05-10 10:50:11,WJJ3459,external_upload
2026-05-10 10:53:03,PBM4108,email_attachment
2026-05-10 11:01:39,PBM4108,email_attachment
2026-05-10 11:23:33,TFM2868,email_attachment
2026-05-10 11:52:17,PBM4108,email_attachment
2026-05-10 12:02:28,PBM4108,email_attachment
2026-05-10 12:35:07,PBM4108,email_attachment
2026-05-10 12:43:20,RXQ7992,email_attachment
2026-05-10 13:09:44,PBM4108,email_attachment
2026-05-10 13:27:15,PBM4108,email_attachment
2026-05-10 13:39:10,PBM4108,email_attachment
2026-05-10 13:42:07,PBM4108,email_attachment
2026-05-10 13:47:03,PBM4108,email_attachment
2026-05-10 14:12:18,YSX2928,usb_connect
2026-05-10 18:08:09,EJK9290,external_upload
2026-05-11 07:24:21,WRH3845,external_upload
2026-05-11 07:34:31,GCA3290,email_attachment
2026-05-11 07:37:41,ABK1532,external_upload
2026-05-11 07:42:28,KMQ0179,email_attachment
2026-05-11 07:45:51,TUH6119,email_attachment
2026-05-11 07:54:49,FPH2619,email_attachment
2026-05-11 08:04:57,SVX4420,email_attachment
2026-05-11 08:15:56,GNR6761,email_attachment
2026-05-11 08:52:05,RFN8997,email_attachment
2026-05-11 09:03:02,GXP2441,email_attachment
2026-05-11 09:04:29,TWT6397,email_attachment
2026-05-11 09:13:38,FPN0799,email_attachment
2026-05-11 09:14:26,CGH0249,email_attachment
2026-05-11 09:18:38,XAD7151,email_attachment
2026-05-11 09:22:28,RNL9984,email_attachment
2026-05-11 09:25:19,PBM4108,email_attachment
2026-05-11 09:28:14,JGH7582,email_attachment
2026-05-11 09:30:06,UTP4301,email_attachment
2026-05-11 09:31:43,YWJ6443,email_attachment
2026-05-11 09:31:54,PBM4108,email_attachment
2026-05-11 09:36:30,GTZ0192,email_attachment
2026-05-11 09:42:16,HLG5262,email_attachment
2026-05-11 09:42:47,PBN7758,email_attachment
2026-05-11 09:49:07,YYD5558,email_attachment
2026-05-11 09:50:18,PBM4108,email_attachment
2026-05-11 09:54:25,PLP3673,email_attachment
2026-05-11 09:54:47,MNL3521,email_attachment
2026-05-11 09:55:09,PSQ4717,email_attachment
2026-05-11 09:56:26,AAE7371,email_attachment
2026-05-11 09:58:09,WQD6977,email_attachment
2026-05-11 10:01:18,MDW8277,email_attachment
2026-05-11 10:06:41,PZP2817,usb_connect
2026-05-11 10:14:53,QGD3913,email_attachment
2026-05-11 10:19:02,XMZ1293,email_attachment
2026-05-11 10:20:03,QKF3756,email_attachment
2026-05-11 10:20:13,ZLF7328,email_attachment
2026-05-11 10:20:50,KZG4945,usb_connect
2026-05-11 10:22:38,FVL4917,email_attachment
2026-05-11 10:25:27,PQP1845,email_attachment
2026-05-11 10:27:17,FBZ1173,email_attachment
2026-05-11 10:33:38,TAG0290,email_attachment
2026-05-11 10:35:43,PBM4108,email_attachment
2026-05-11 10:37:25,PBM4108,email_attachment
2026-05-11 10:37:49,NGN9252,email_attachment
2026-05-11 10:38:51,BQV8037,email_attachment
2026-05-11 10:40:23,QTJ3272,email_attachment
2026-05-11 10:41:42,DEC1796,email_attachment
2026-05-11 10:42:49,HSQ8158,email_attachment
2026-05-11 10:43:36,KHD6248,email_attachment
2026-05-11 10:44:07,QUE4515,email_attachment
2026-05-11 10:48:58,ZJF2677,email_attachment
2026-05-11 10:49:24,MWQ7682,email_attachment
2026-05-11 10:53:08,JAW8019,email_attachment
2026-05-11 10:54:43,RHK5954,email_attachment
2026-05-11 10:55:57,RJF0501,email_attachment
2026-05-11 10:58:46,PBM4108,email_attachment
2026-05-11 10:58:49,DZG6303,email_attachment
2026-05-11 11:03:09,BHN1070,email_attachment
2026-05-11 11:04:12,WXD2117,email_attachment
2026-05-11 11:04:36,SSL4131,email_attachment
2026-05-11 11:05:52,BGP2631,email_attachment
2026-05-11 11:06:40,TCP3554,email_attachment
2026-05-11 11:07:39,VBA9177,email_attachment
2026-05-11 11:12:11,HLA5869,email_attachment
2026-05-11 11:13:36,ZMY6132,email_attachment
2026-05-11 11:13:51,GTD1289,email_attachment
2026-05-11 11:16:01,VHH8257,email_attachment
2026-05-11 11:17:54,XMQ4841,email_attachment
2026-05-11 11:21:43,CCJ4180,email_attachment
2026-05-11 11:22:41,UML4272,email_attachment
2026-05-11 11:24:19,LVJ1007,email_attachment
2026-05-11 11:24:26,YTT3725,email_attachment
2026-05-11 11:30:47,MCC9628,email_attachment
2026-05-11 11:32:08,BVH4601,email_attachment
2026-05-11 11:32:32,LKZ9027,email_attachment
2026-05-11 11:35:32,YRW9640,email_attachment
2026-05-11 11:36:13,UKM7992,email_attachment
2026-05-11 11:36:38,TGH1943,email_attachment
2026-05-11 11:37:29,FCS6144,email_attachment
2026-05-11 11:39:00,KZS8027,email_attachment
2026-05-11 11:39:05,YAN4865,email_attachment
2026-05-11 11:40:41,RVW4318,email_attachment
2026-05-11 11:42:54,YEZ8532,email_attachment
2026-05-11 11:43:40,EHH0831,email_attachment
2026-05-11 11:45:20,ZBC1875,email_attachment
2026-05-11 11:48:41,PBM4108,email_attachment
2026-05-11 11:51:58,WFU8122,email_attachment
2026-05-11 11:57:44,LRZ2143,email_attachment
2026-05-11 12:00:30,MMX3144,email_attachment
2026-05-11 12:15:05,TDD5958,email_attachment
2026-05-11 12:15:18,GTF6224,email_attachment
2026-05-11 12:17:00,VEF4759,email_attachment
2026-05-11 12:19:08,FRD7881,email_attachment
2026-05-11 12:28:16,XFD6884,email_attachment
2026-05-11 12:31:13,KTE8576,email_attachment
2026-05-11 12:32:59,PBM4108,email_attachment
2026-05-11 12:33:26,PBM4108,email_attachment
2026-05-11 12:33:29,PJA2498,email_attachment
2026-05-11 12:36:30,CED7289,email_attachment
2026-05-11 12:37:42,JLQ4852,email_attachment
2026-05-11 12:40:33,TVU1499,email_attachment
2026-05-11 12:41:10,WNZ8194,email_attachment
2026-05-11 12:42:06,GBA1658,email_attachment
2026-05-11 12:43:00,HRA4252,email_attachment
2026-05-11 12:52:05,GPW3461,email_attachment
2026-05-11 12:54:29,PTK0032,email_attachment
2026-05-11 12:54:54,NEW0315,email_attachment
2026-05-11 12:55:10,QAQ9676,email_attachment
2026-05-11 12:55:16,JFH7028,email_attachment
2026-05-11 12:59:41,MSK1068,email_attachment
2026-05-11 13:01:15,FTC7060,email_attachment
2026-05-11 13:02:14,LGE7701,email_attachment
2026-05-11 13:03:08,PBM4108,email_attachment
2026-05-11 13:04:11,ALH8441,email_attachment
2026-05-11 13:07:56,DTY9614,email_attachment
2026-05-11 13:08:01,PBM4108,email_attachment
2026-05-11 13:08:47,PBM4108,email_attachment
2026-05-11 13:09:02,UYH3482,email_attachment
2026-05-11 13:09:34,TGV1198,email_attachment
2026-05-11 13:12:04,WGX9994,email_attachment
2026-05-11 13:13:04,HFN9307,email_attachment
2026-05-11 13:13:44,PBM4108,email_attachment
2026-05-11 13:16:15,ZXX1919,email_attachment
2026-05-11 13:24:46,EVC7489,email_attachment
2026-05-11 13:27:07,FAQ1887,external_upload
2026-05-11 13:28:22,MSB2345,email_attachment
2026-05-11 13:36:16,URA4638,email_attachment
2026-05-11 14:50:26,LRF4337,email_attachment
2026-05-11 15:00:23,SKH0523,email_attachment
2026-05-11 15:10:32,QLG0421,email_attachment
2026-05-11 15:44:07,KCA1959,email_attachment
2026-05-11 16:00:53,FNE3605,email_attachment
2026-05-11 16:36:24,FKH0396,email_attachment
2026-05-11 16:39:30,GSN3813,email_attachment
2026-05-11 17:33:55,DAR0062,email_attachment
2026-05-11 18:00:12,NQN2890,email_attachment
2026-05-12 07:02:48,VYZ7165,email_attachment
2026-05-12 07:19:42,CUQ6424,email_attachment
2026-05-12 07:31:44,KXL3085,email_attachment
2026-05-12 07:52:44,SGK3997,email_attachment
2026-05-12 07:55:05,NUM6882,email_attachment
2026-05-12 07:55:51,ZEU3356,email_attachment
2026-05-12 08:07:09,ZJV1416,email_attachment
2026-05-12 08:17:43,CHB9042,email_attachment
2026-05-12 08:34:48,QCX9814,email_attachment
2026-05-12 08:44:34,HJJ8961,email_attachment
2026-05-12 08:48:58,URW1882,email_attachment
2026-05-12 09:05:30,CLG5170,email_attachment
2026-05-12 09:19:42,ZSD2941,email_attachment
2026-05-12 09:20:16,VZR3053,email_attachment
2026-05-12 09:21:32,EQA7194,email_attachment
2026-05-12 09:25:17,MPP4576,email_attachment
2026-05-12 09:26:52,JAW8019,email_attachment
2026-05-12 09:30:43,RXQ5315,email_attachment
2026-05-12 09:32:01,XSS6374,email_attachment
2026-05-12 09:34:30,UCW5515,email_attachment
2026-05-12 09:39:45,SMJ5423,email_attachment
2026-05-12 09:40:09,UCQ6477,email_attachment
2026-05-12 09:40:53,EFG3727,email_attachment
2026-05-12 09:43:22,WBK2271,email_attachment
2026-05-12 09:45:15,FVX0860,email_attachment
2026-05-12 09:45:41,KGP8974,email_attachment
2026-05-12 09:46:28,XHC8462,email_attachment
2026-05-12 09:48:07,HJV4248,email_attachment
2026-05-12 09:50:43,FHJ7859,email_attachment
2026-05-12 09:53:01,NJV8196,email_attachment
2026-05-12 09:55:33,XQJ3258,email_attachment
2026-05-12 10:01:49,RVL1733,email_attachment
2026-05-12 10:02:44,CJS2105,email_attachment
2026-05-12 10:13:47,FUP1453,email_attachment
2026-05-12 10:13:50,KDY7383,email_attachment
2026-05-12 10:13:58,BYW2880,email_attachment
2026-05-12 10:22:21,XKZ3308,email_attachment
2026-05-12 10:24:54,SPC4371,email_attachment
2026-05-12 10:27:47,XRA6244,email_attachment
2026-05-12 10:27:50,URE3093,email_attachment
2026-05-12 10:27:52,PLP3673,email_attachment
2026-05-12 10:30:29,DDZ1774,email_attachment
2026-05-12 10:31:07,DUZ1265,email_attachment
2026-05-12 10:32:20,KQF9279,email_attachment
2026-05-12 10:33:20,KZU0595,email_attachment
2026-05-12 10:33:25,ZHK7052,email_attachment
2026-05-12 10:36:33,KFM9718,email_attachment
2026-05-12 10:41:12,EVC7489,email_attachment
2026-05-12 10:41:28,QER6959,email_attachment
2026-05-12 10:42:59,MYY1099,email_attachment
2026-05-12 10:44:49,ZMX3445,email_attachment
2026-05-12 10:46:14,VVU9833,email_attachment
2026-05-12 10:49:30,EEE0834,email_attachment
2026-05-12 10:51:14,PHK3119,email_attachment
2026-05-12 10:52:40,LQC3932,email_attachment
2026-05-12 10:55:28,LMG0501,email_attachment
2026-05-12 10:56:39,VYB4200,usb_connect
2026-05-12 11:01:09,QGK7077,email_attachment
2026-05-12 11:02:14,EJM7562,email_attachment
2026-05-12 11:07:39,FGK1238,email_attachment
2026-05-12 11:11:02,YAW5851,email_attachment
2026-05-12 11:15:15,GNJ4718,external_upload
2026-05-12 11:16:00,SMG3942,external_upload
2026-05-12 11:16:53,BTP8472,email_attachment
2026-05-12 11:17:51,MDL2782,email_attachment
2026-05-12 11:18:25,XFS4277,email_attachment
2026-05-12 11:19:29,GUW5758,email_attachment
2026-05-12 11:23:43,XQM4117,email_attachment
2026-05-12 11:34:19,YTT3725,external_upload
2026-05-12 11:38:09,DDM6212,email_attachment
2026-05-12 11:39:08,QDG0193,email_attachment
2026-05-12 11:41:41,MHF4555,email_attachment
2026-05-12 11:42:30,HTM0498,email_attachment
2026-05-12 11:52:31,YGD6007,email_attachment
2026-05-12 11:55:50,CBT5366,email_attachment
2026-05-12 11:55:55,GND9693,email_attachment
2026-05-12 11:57:04,QEY4677,email_attachment
2026-05-12 12:00:00,TEV0826,email_attachment
2026-05-12 12:00:14,XLD3365,email_attachment
2026-05-12 12:01:26,AUH1017,external_upload
2026-05-12 12:02:06,EJW8504,email_attachment
2026-05-12 12:02:46,ZFT8686,email_attachment
2026-05-12 12:04:09,ZSB7055,email_attachment
2026-05-12 12:05:32,HLA2435,email_attachment
2026-05-12 12:06:54,HAD1624,email_attachment
2026-05-12 12:11:12,BFU5786,email_attachment
2026-05-12 12:16:18,FKD9447,email_attachment
2026-05-12 12:16:57,YJG3414,email_attachment
2026-05-12 12:18:52,BMB4369,email_attachment
2026-05-12 12:22:47,FRM0180,usb_connect
2026-05-12 12:36:32,WDL1835,email_attachment
2026-05-12 12:37:15,RPB6169,email_attachment
2026-05-12 12:38:43,PDE2825,email_attachment
2026-05-12 12:43:22,ETJ1562,email_attachment
2026-05-12 12:43:23,BBY7672,email_attachment
2026-05-12 12:45:51,MXQ5110,email_attachment
2026-05-12 12:46:44,YDS0481,email_attachment
2026-05-12 12:47:34,MTX6608,email_attachment
2026-05-12 12:47:57,AEE1704,email_attachment
2026-05-12 12:50:06,RMU7060,external_upload
2026-05-12 12:51:08,MUE9125,email_attachment
2026-05-12 12:51:32,FRD5529,email_attachment
2026-05-12 12:58:51,JVN9713,email_attachment
2026-05-12 13:00:37,LLJ6063,email_attachment
2026-05-12 13:04:18,RBT7287,email_attachment
2026-05-12 13:11:47,HMZ5952,email_attachment
2026-05-12 13:13:30,FRM0180,external_upload
2026-05-12 13:15:04,WHU1145,email_attachment
2026-05-12 13:23:17,VJS9473,email_attachment
2026-05-12 13:23:26,DFM1886,email_attachment
2026-05-12 13:29:39,LZY0366,email_attachment
2026-05-12 13:35:29,BQV4296,email_attachment
2026-05-12 13:38:46,DUN8279,email_attachment
2026-05-12 13:43:47,WLN4398,email_attachment
2026-05-12 13:43:52,YSX2928,usb_connect
2026-05-12 13:46:56,GPU2972,email_attachment
2026-05-12 13:52:41,AUD9365,email_attachment
2026-05-12 14:00:02,RDH0031,email_attachment
2026-05-12 14:06:13,KPB4149,email_attachment
2026-05-12 14:34:05,YSX2928,email_attachment
2026-05-12 14:35:05,BHH6500,email_attachment
2026-05-12 14:45:30,ESG8664,email_attachment
2026-05-12 15:00:35,NQZ4801,email_attachment
2026-05-12 15:13:38,ZVN1622,email_attachment
2026-05-12 15:44:29,CPS9069,external_upload
2026-05-12 15:45:41,XNB5488,email_attachment
2026-05-12 16:23:30,TZZ2486,email_attachment
2026-05-12 16:29:23,RZG0245,email_attachment
2026-05-12 16:39:36,MLG1806,email_attachment
2026-05-12 16:46:25,TDJ7685,email_attachment
2026-05-12 17:43:24,GXS8307,email_attachment
2026-05-12 17:51:09,MHV8956,email_attachment
2026-05-12 17:53:00,YSX2928,external_upload
2026-05-12 18:25:12,GPG7115,email_attachment
2026-05-12 18:33:35,ERS0269,email_attachment
2026-05-13 07:19:31,KXL3085,email_attachment
2026-05-13 07:23:18,XBN4913,email_attachment
2026-05-13 07:23:49,HVB3260,email_attachment
2026-05-13 07:34:10,EUM2584,usb_connect
2026-05-13 07:54:04,KFS8428,email_attachment
2026-05-13 08:32:10,FBU1062,email_attachment
2026-05-13 08:41:47,LGB8139,email_attachment
2026-05-13 08:44:34,LXN4389,email_attachment
2026-05-13 08:54:49,YTT3725,email_attachment
2026-05-13 09:02:24,TBZ5694,email_attachment
2026-05-13 09:04:58,VXH2095,email_attachment
2026-05-13 09:07:48,NGJ9474,email_attachment
2026-05-13 09:09:43,HFU3666,email_attachment
2026-05-13 09:19:05,DEX6345,email_attachment
2026-05-13 09:24:54,SMJ5423,email_attachment
2026-05-13 09:34:04,PQP1845,email_attachment
2026-05-13 09:36:49,WBQ6532,email_attachment
2026-05-13 09:44:35,ADV1511,email_attachment
2026-05-13 09:55:32,KFM9312,email_attachment
2026-05-13 09:56:40,JAZ7167,email_attachment
2026-05-13 09:57:18,PTJ4935,email_attachment
2026-05-13 10:00:09,YFK8135,email_attachment
2026-05-13 10:08:31,PZP2817,email_attachment
2026-05-13 10:09:50,PNS6712,email_attachment
2026-05-13 10:10:52,KHF6510,external_upload
2026-05-13 10:12:17,YSA9883,email_attachment
2026-05-13 10:14:05,QLD5822,email_attachment
2026-05-13 10:14:57,YSE5930,email_attachment
2026-05-13 10:15:23,AGK7687,email_attachment
2026-05-13 10:15:31,TQX9577,email_attachment
2026-05-13 10:15:46,JMS2741,email_attachment
2026-05-13 10:19:36,FLU6438,external_upload
2026-05-13 10:26:27,FCS6144,email_attachment
2026-05-13 10:32:23,WMF0666,email_attachment
2026-05-13 10:32:32,RVL1733,email_attachment
2026-05-13 10:32:56,TNQ7412,email_attachment
2026-05-13 10:38:41,XSF2295,email_attachment
2026-05-13 10:42:56,FHR9973,email_attachment
2026-05-13 10:47:37,JQP1045,email_attachment
2026-05-13 10:49:43,RAV9544,external_upload
2026-05-13 10:50:34,EXB4687,email_attachment
2026-05-13 10:50:48,JFH7028,email_attachment
2026-05-13 10:50:57,XPE0612,email_attachment
2026-05-13 10:51:41,RWR4951,email_attachment
2026-05-13 10:53:18,PQW6333,email_attachment
2026-05-13 10:54:27,MAN1556,external_upload
2026-05-13 10:55:39,SUQ8029,external_upload
2026-05-13 10:58:50,ZFA0404,email_attachment
2026-05-13 11:05:19,JYJ0485,email_attachment
2026-05-13 11:07:25,JXW2592,email_attachment
2026-05-13 11:07:43,NQA4798,email_attachment
2026-05-13 11:09:18,JHW6568,email_attachment
2026-05-13 11:09:33,GDQ4471,email_attachment
2026-05-13 11:12:51,GPW3461,email_attachment
2026-05-13 11:13:05,PYP8182,email_attachment
2026-05-13 11:16:16,MAC3040,usb_connect
2026-05-13 11:16:35,DZS5070,email_attachment
2026-05-13 11:22:00,HDN8462,email_attachment
2026-05-13 11:22:59,ZVM3947,external_upload
2026-05-13 11:25:29,VTP7518,email_attachment
2026-05-13 11:25:38,EFJ1543,email_attachment
2026-05-13 11:25:46,AXY2263,email_attachment
2026-05-13 11:31:24,VGH6886,email_attachment
2026-05-13 11:31:45,UUX8159,email_attachment
2026-05-13 11:34:18,RGF8001,email_attachment
2026-05-13 11:38:30,UKB0428,email_attachment
2026-05-13 11:39:31,ZHU0615,email_attachment
2026-05-13 11:40:00,RCG7500,email_attachment
2026-05-13 11:42:58,TRT5910,email_attachment
2026-05-13 11:43:45,DEA2977,email_attachment
2026-05-13 11:48:31,CBQ4454,email_attachment
2026-05-13 11:51:34,LXN8835,email_attachment
2026-05-13 11:56:06,TNT2352,email_attachment
2026-05-13 11:57:26,KJF3665,email_attachment
2026-05-13 11:58:23,WNC6066,email_attachment
2026-05-13 11:59:47,KBH1637,email_attachment
2026-05-13 12:09:15,KDK7913,email_attachment
2026-05-13 12:09:39,XGE6775,email_attachment
2026-05-13 12:10:32,JMY7303,email_attachment
2026-05-13 12:11:44,YVQ4468,email_attachment
2026-05-13 12:16:58,ZZE4562,email_attachment
2026-05-13 12:20:24,MJQ0726,email_attachment
2026-05-13 12:20:25,NUY8872,email_attachment
2026-05-13 12:21:34,LYU2291,email_attachment
2026-05-13 12:22:27,UKD6455,email_attachment
2026-05-13 12:22:49,PAZ8627,external_upload
2026-05-13 12:29:27,VYC8658,email_attachment
2026-05-13 12:32:43,JUU9722,email_attachment
2026-05-13 12:33:33,YGD6007,email_attachment
2026-05-13 12:37:56,UQU4319,email_attachment
2026-05-13 12:50:30,TVL8943,email_attachment
2026-05-13 12:52:57,RUU4323,email_attachment
2026-05-13 12:53:31,HVS3166,email_attachment
2026-05-13 12:54:20,FYM3175,email_attachment
2026-05-13 12:59:23,QHP7767,email_attachment
2026-05-13 13:00:01,VWK2421,email_attachment
2026-05-13 13:00:11,CFM9613,email_attachment
2026-05-13 13:00:14,WGH9186,email_attachment
2026-05-13 13:00:46,LCE0048,email_attachment
2026-05-13 13:01:22,XRP2096,email_attachment
2026-05-13 13:07:48,WPG6278,email_attachment
2026-05-13 13:08:36,XNQ2936,email_attachment
2026-05-13 13:16:50,DSE9841,email_attachment
2026-05-13 13:23:33,TCG1206,email_attachment
2026-05-13 13:25:46,HLA2435,email_attachment
2026-05-13 13:28:44,XMV6673,email_attachment
2026-05-13 13:29:43,VQG5359,email_attachment
2026-05-13 13:33:05,SVG0207,email_attachment
2026-05-13 13:40:49,QTA6267,external_upload
2026-05-13 13:42:39,CZQ8792,email_attachment
2026-05-13 13:47:31,TWC7231,email_attachment
2026-05-13 13:50:50,PSV3856,email_attachment
2026-05-13 13:52:44,RST2294,email_attachment
2026-05-13 13:55:17,AUN2227,email_attachment
2026-05-13 13:57:16,SCV7784,email_attachment
2026-05-13 14:04:32,WMQ7096,email_attachment
2026-05-13 14:11:30,CNE5112,email_attachment
2026-05-13 14:23:11,JRM5199,external_upload
2026-05-13 14:27:23,VVL2346,email_attachment
2026-05-13 14:27:24,XBY3937,email_attachment
2026-05-13 14:42:31,HQL2235,email_attachment
2026-05-13 14:48:50,FVY5415,email_attachment
2026-05-13 14:51:10,GCC9567,email_attachment
2026-05-13 15:49:55,MLG1806,usb_connect
2026-05-13 15:50:18,UKK9924,email_attachment
2026-05-13 15:51:02,MMS7742,email_attachment
2026-05-13 16:08:55,JBR9641,usb_connect
2026-05-13 16:44:33,AUS4314,email_attachment
2026-05-13 17:01:06,AUD9365,email_attachment
2026-05-13 18:13:34,HYU2698,email_attachment
2026-05-14 06:37:52,ZWY3357,email_attachment
2026-05-14 06:52:15,XBW4718,email_attachment
2026-05-14 07:05:17,UGN5077,email_attachment
2026-05-14 07:30:39,WLZ3212,email_attachment
2026-05-14 07:37:14,FYA1434,external_upload
2026-05-14 07:37:58,ESB5979,email_attachment
2026-05-14 07:50:41,UXD8068,email_attachment
2026-05-14 07:51:20,EQJ3213,email_attachment
2026-05-14 08:15:26,TBB1123,email_attachment
2026-05-14 08:23:32,RBN4080,email_attachment
2026-05-14 08:52:59,PHK3119,email_attachment
2026-05-14 08:56:12,CEL7303,email_attachment
2026-05-14 08:59:21,ZJF2677,email_attachment
2026-05-14 09:01:08,LCE0048,email_attachment
2026-05-14 09:11:11,PGM4497,email_attachment
2026-05-14 09:19:33,UHY5838,email_attachment
2026-05-14 09:20:20,EYR9807,external_upload
2026-05-14 09:20:34,KBM5303,email_attachment
2026-05-14 09:22:25,VME9953,email_attachment
2026-05-14 09:28:05,MRU1672,email_attachment
2026-05-14 09:32:32,ZFL8607,email_attachment
2026-05-14 09:32:33,GXB2823,email_attachment
2026-05-14 09:35:26,AGH1760,email_attachment
2026-05-14 09:37:51,TLW1083,email_attachment
2026-05-14 09:42:39,JNV0867,email_attachment
2026-05-14 09:45:09,ALS8032,email_attachment
2026-05-14 09:52:56,MQK7676,email_attachment
2026-05-14 09:54:05,MJA3558,email_attachment
2026-05-14 09:54:49,URS5582,email_attachment
2026-05-14 09:56:33,LXN4389,email_attachment
2026-05-14 09:57:34,PZN2159,external_upload
2026-05-14 09:57:35,RDA9676,email_attachment
2026-05-14 09:59:09,YWJ6443,email_attachment
2026-05-14 09:59:33,VCS1161,email_attachment
2026-05-14 10:03:24,FYC6985,email_attachment
2026-05-14 10:04:24,UCQ6477,email_attachment
2026-05-14 10:04:56,JAZ7167,email_attachment
2026-05-14 10:11:46,PRN9467,external_upload
2026-05-14 10:12:32,QUE4515,external_upload
2026-05-14 10:15:30,EVE9861,email_attachment
2026-05-14 10:17:49,VRA4171,email_attachment
2026-05-14 10:25:27,ERD6257,email_attachment
2026-05-14 10:27:06,HTF8013,email_attachment
2026-05-14 10:27:58,FVG4733,email_attachment
2026-05-14 10:30:23,KXG6499,usb_connect
2026-05-14 10:33:52,KHF6510,email_attachment
2026-05-14 10:33:53,RKP9191,email_attachment
2026-05-14 10:43:13,PFZ1171,email_attachment
2026-05-14 10:43:20,ZLF7328,email_attachment
2026-05-14 10:46:40,AFT4004,email_attachment
2026-05-14 10:49:55,GTF6224,external_upload
2026-05-14 10:54:27,RDZ6044,email_attachment
2026-05-14 10:56:16,KMQ0179,email_attachment
2026-05-14 11:02:49,SMF2572,email_attachment
2026-05-14 11:07:00,PUJ9838,email_attachment
2026-05-14 11:07:21,QGB6336,usb_connect
2026-05-14 11:13:41,MHC8389,email_attachment
2026-05-14 11:23:42,YTT3725,email_attachment
2026-05-14 11:26:17,MJM5790,email_attachment
2026-05-14 11:27:04,UCW5515,email_attachment
2026-05-14 11:28:16,ZYE5732,email_attachment
2026-05-14 11:29:24,UHJ6632,email_attachment
2026-05-14 11:34:06,LDP4391,email_attachment
2026-05-14 11:37:18,NWU4142,email_attachment
2026-05-14 11:38:05,ASX1419,email_attachment
2026-05-14 11:39:04,STE4877,email_attachment
2026-05-14 11:39:19,SQU9903,email_attachment
2026-05-14 11:55:26,JVX0462,email_attachment
2026-05-14 11:56:06,PSL2732,email_attachment
2026-05-14 11:57:55,CGF8722,email_attachment
2026-05-14 11:58:21,TEE2171,email_attachment
2026-05-14 12:00:30,NGN9252,email_attachment
2026-05-14 12:01:10,WQC0866,email_attachment
2026-05-14 12:01:57,XFR9329,email_attachment
2026-05-14 12:04:30,XEP1569,email_attachment
2026-05-14 12:05:45,HUX4923,email_attachment
2026-05-14 12:08:41,AMG2238,email_attachment
2026-05-14 12:09:32,UNZ9660,email_attachment
2026-05-14 12:12:14,ACU9806,email_attachment
2026-05-14 12:14:33,PEX4943,email_attachment
2026-05-14 12:21:18,YSE5930,email_attachment
2026-05-14 12:24:27,KLW7912,email_attachment
2026-05-14 12:28:33,QNP1003,email_attachment
2026-05-14 12:33:58,GPU2972,email_attachment
2026-05-14 12:37:23,GZS8306,email_attachment
2026-05-14 12:38:03,XNT0875,email_attachment
2026-05-14 12:39:30,SAN4105,email_attachment
2026-05-14 12:42:16,GJE2945,email_attachment
2026-05-14 12:44:12,QBD5497,email_attachment
2026-05-14 12:46:22,KZE3724,email_attachment
2026-05-14 12:46:29,UJY8631,email_attachment
2026-05-14 12:48:42,DGW0370,external_upload
2026-05-14 12:48:52,XFR9329,external_upload
2026-05-14 12:50:41,FKD3736,email_attachment
2026-05-14 12:53:55,AWD6308,email_attachment
2026-05-14 12:54:54,XJU4690,email_attachment
2026-05-14 12:58:31,AGS7505,email_attachment
2026-05-14 13:06:23,BMC8908,email_attachment
2026-05-14 13:11:39,SPK8158,email_attachment
2026-05-14 13:16:28,ZBC1875,email_attachment
2026-05-14 13:16:33,AXF9093,email_attachment
2026-05-14 13:16:48,CNK7263,email_attachment
2026-05-14 13:24:43,JGS3000,external_upload
2026-05-14 13:27:37,AHB3837,email_attachment
2026-05-14 13:29:20,HNZ8008,email_attachment
2026-05-14 13:42:09,VNT8293,email_attachment
2026-05-14 13:50:47,ZER4905,email_attachment
2026-05-14 13:51:56,UZX2476,email_attachment
2026-05-14 14:02:18,GFT4344,email_attachment
2026-05-14 14:03:44,DQV6521,email_attachment
2026-05-14 14:06:33,ZZM0775,email_attachment
2026-05-14 14:18:53,VYM2689,email_attachment
2026-05-14 14:20:16,JMM1620,email_attachment
2026-05-14 15:08:51,AQA7238,email_attachment
2026-05-14 15:38:07,RLL7595,email_attachment
2026-05-14 15:45:32,BXU0879,email_attachment
2026-05-14 16:01:52,DAA6296,email_attachment
2026-05-14 16:18:15,VWP2492,email_attachment
2026-05-14 16:56:43,ZBE2522,email_attachment
2026-05-14 17:09:42,TTT4652,email_attachment
2026-05-14 17:13:17,CEG0096,email_attachment
2026-05-14 17:41:01,NSW2398,email_attachment
2026-05-14 17:52:00,KPB4149,email_attachment
2026-05-14 18:06:23,BCJ1051,email_attachment
2026-05-14 18:11:22,WPW1401,email_attachment
2026-05-14 18:28:26,HSH2400,email_attachment
2026-05-15 06:46:14,HZA0727,email_attachment
2026-05-15 07:15:49,WQD6977,email_attachment
2026-05-15 07:38:35,TRD4019,email_attachment
2026-05-15 08:10:52,VQW4357,email_attachment
2026-05-15 08:44:15,PKQ0587,email_attachment
2026-05-15 08:51:29,QRE1538,email_attachment
2026-05-15 08:53:42,LSK8578,email_attachment
2026-05-15 08:53:54,WUQ1004,email_attachment
2026-05-15 08:55:21,NCR2209,email_attachment
2026-05-15 09:07:03,XRP2096,email_attachment
2026-05-15 09:08:19,QJS2178,email_attachment
2026-05-15 09:10:56,JUY7235,email_attachment
2026-05-15 09:13:34,ADE0330,email_attachment
2026-05-15 09:16:41,SJD0467,email_attachment
2026-05-15 09:28:17,ZWY3357,email_attachment
2026-05-15 09:29:41,ZWD7442,email_attachment
2026-05-15 09:29:51,MSB2345,email_attachment
2026-05-15 09:33:59,VRA4171,email_attachment
2026-05-15 09:35:00,DLZ6510,email_attachment
2026-05-15 09:41:14,VPP1509,usb_connect
2026-05-15 09:46:27,DTR0426,email_attachment
2026-05-15 09:48:26,GDV3443,email_attachment
2026-05-15 09:56:14,SQE3562,email_attachment
2026-05-15 09:57:45,NDL3725,external_upload
2026-05-15 09:58:01,YWJ6443,usb_connect
2026-05-15 09:58:29,FZE5041,email_attachment
2026-05-15 10:03:46,PCC6098,email_attachment
2026-05-15 10:04:19,UYH3482,email_attachment
2026-05-15 10:09:55,ZFX7717,email_attachment
2026-05-15 10:11:58,EBR6957,email_attachment
2026-05-15 10:12:59,BJF0383,email_attachment
2026-05-15 10:19:30,AGD8568,email_attachment
2026-05-15 10:20:43,KDK7913,email_attachment
2026-05-15 10:21:10,XWB0313,email_attachment
2026-05-15 10:21:38,YHZ7266,email_attachment
2026-05-15 10:25:03,NZS3709,email_attachment
2026-05-15 10:28:51,CUA1783,email_attachment
2026-05-15 10:32:33,RUH8404,email_attachment
2026-05-15 10:34:42,HLJ1034,email_attachment
2026-05-15 10:37:06,JAC2356,email_attachment
2026-05-15 10:37:54,KTW8603,email_attachment
2026-05-15 10:38:27,TCV9683,email_attachment
2026-05-15 10:42:40,EFE0724,email_attachment
2026-05-15 10:45:02,LRJ0183,email_attachment
2026-05-15 10:52:00,GNR6761,email_attachment
2026-05-15 10:53:49,FHC5582,email_attachment
2026-05-15 10:57:08,AFH4934,email_attachment
2026-05-15 10:57:23,RPB6169,email_attachment
2026-05-15 11:02:05,QQJ6766,email_attachment
2026-05-15 11:03:54,LES3747,email_attachment
2026-05-15 11:03:57,UWH4462,email_attachment
2026-05-15 11:09:03,XRA6244,email_attachment
2026-05-15 11:10:39,LKZ9027,email_attachment
2026-05-15 11:10:54,MJL7606,external_upload
2026-05-15 11:12:26,TDT0042,email_attachment
2026-05-15 11:13:39,FUK9154,usb_connect
2026-05-15 11:13:53,ZPM1121,email_attachment
2026-05-15 11:14:36,RCW3682,email_attachment
2026-05-15 11:14:41,BYR0357,email_attachment
2026-05-15 11:17:53,HSQ8158,email_attachment
2026-05-15 11:19:22,KVE6797,email_attachment
2026-05-15 11:20:17,XSB1345,email_attachment
2026-05-15 11:20:55,NYU1092,email_attachment
2026-05-15 11:24:49,YSJ8697,email_attachment
2026-05-15 11:28:28,DEM6967,email_attachment
2026-05-15 11:29:34,BCK0017,email_attachment
2026-05-15 11:30:46,PBL6806,email_attachment
2026-05-15 11:36:36,FTC7060,email_attachment
2026-05-15 11:37:05,FGK1238,email_attachment
2026-05-15 11:38:00,QMR8609,email_attachment
2026-05-15 11:43:30,UHH4524,email_attachment
2026-05-15 11:46:56,XTM0397,external_upload
2026-05-15 11:48:39,RMA9672,email_attachment
2026-05-15 11:48:48,BPS9189,email_attachment
2026-05-15 11:49:12,FXU9222,email_attachment
2026-05-15 11:53:41,NWU4142,email_attachment
2026-05-15 11:54:49,RMZ9198,external_upload
2026-05-15 11:56:29,VBX6372,email_attachment
2026-05-15 11:57:06,AMG2238,email_attachment
2026-05-15 11:59:46,WNZ6737,email_attachment
2026-05-15 12:04:26,KSM1848,email_attachment
2026-05-15 12:05:01,XMP7066,email_attachment
2026-05-15 12:05:31,DEX6345,external_upload
2026-05-15 12:07:36,GJF6121,external_upload
2026-05-15 12:07:37,DDB3409,email_attachment
2026-05-15 12:19:52,BTU7896,email_attachment
2026-05-15 12:21:36,PDG5421,email_attachment
2026-05-15 12:25:15,ANC8004,external_upload
2026-05-15 12:26:08,MRB9312,email_attachment
2026-05-15 12:26:35,MDE9058,email_attachment
2026-05-15 12:30:27,TBZ5694,email_attachment
2026-05-15 12:34:13,XZK3155,email_attachment
2026-05-15 12:36:47,QBC9951,email_attachment
2026-05-15 12:36:55,DMJ7135,email_attachment
2026-05-15 12:37:08,KXE4588,email_attachment
2026-05-15 12:41:27,KHQ4432,email_attachment
2026-05-15 12:48:14,XFR9329,email_attachment
2026-05-15 12:48:54,DGL2730,email_attachment
2026-05-15 12:48:59,MGY2196,email_attachment
2026-05-15 12:49:11,ZZL0154,email_attachment
2026-05-15 12:55:09,TJP4948,email_attachment
2026-05-15 13:02:18,PQV1878,email_attachment
2026-05-15 13:02:34,MNL3521,email_attachment
2026-05-15 13:04:16,DEX6345,email_attachment
2026-05-15 13:08:28,NJW2195,email_attachment
2026-05-15 13:10:31,DDM6212,email_attachment
2026-05-15 13:11:15,BGL9169,email_attachment
2026-05-15 13:13:50,GTJ3421,email_attachment
2026-05-15 13:47:57,WMY3465,email_attachment
2026-05-15 13:53:20,PFG1051,email_attachment
2026-05-15 13:56:25,GHW1878,external_upload
2026-05-15 14:13:54,JNQ3318,email_attachment
2026-05-15 14:14:23,MCE2511,external_upload
2026-05-15 15:01:22,FAN1417,email_attachment
2026-05-15 15:13:05,BUG4150,email_attachment
2026-05-15 16:09:16,PZS5578,email_attachment
2026-05-15 16:22:23,EKA2417,email_attachment
2026-05-15 16:24:05,QJE3186,email_attachment
2026-05-15 16:25:45,EER7836,email_attachment
2026-05-15 16:29:28,BXU0879,email_attachment
2026-05-15 16:51:10,TSM1883,external_upload
2026-05-15 18:06:28,AVP8904,email_attachment
2026-05-15 18:15:11,QYP8443,email_attachment
2026-05-16 11:29:36,EAE5559,email_attachment
2026-05-16 12:12:59,NNF5986,email_attachment
2026-05-16 12:49:23,FYW5995,email_attachment
2026-05-16 12:55:43,TXQ6972,email_attachment
2026-05-17 08:17:39,DTW2539,email_attachment
2026-05-17 09:08:53,DTW2539,email_attachment
2026-05-17 09:18:02,KDY7383,email_attachment
2026-05-17 09:32:10,DTW2539,email_attachment
2026-05-17 09:44:52,DTW2539,email_attachment
2026-05-17 10:12:25,DTW2539,email_attachment
2026-05-17 10:19:28,EEE0834,email_attachment
2026-05-17 10:44:24,DTW2539,email_attachment
2026-05-17 10:57:12,DTW2539,email_attachment
2026-05-17 11:08:57,DTW2539,email_attachment
2026-05-17 11:17:27,DTW2539,email_attachment
2026-05-17 11:19:26,DTW2539,email_attachment
2026-05-17 11:38:38,DTW2539,email_attachment
2026-05-17 11:42:05,BPD2991,email_attachment
2026-05-17 12:42:15,TBZ5694,email_attachment
2026-05-17 12:44:24,EXR0869,email_attachment
2026-05-17 12:56:22,JSH7286,email_attachment
2026-05-17 13:44:36,WXM4397,email_attachment
2026-05-18 06:21:49,JKQ9983,email_attachment
2026-05-18 06:54:35,TFH1718,email_attachment
2026-05-18 07:33:41,MBF0954,email_attachment
2026-05-18 07:40:24,GKB5174,email_attachment
2026-05-18 07:48:13,DQZ4406,external_upload
2026-05-18 07:53:20,PRU8353,email_attachment
2026-05-18 08:15:05,RKP9191,email_attachment
2026-05-18 08:17:44,DBB2553,email_attachment
2026-05-18 08:18:11,PBC9781,email_attachment
2026-05-18 08:25:09,UGN5077,email_attachment
2026-05-18 08:35:09,YSJ8697,external_upload
2026-05-18 08:45:33,DTW2539,email_attachment
2026-05-18 08:46:05,AMT3951,email_attachment
2026-05-18 08:47:38,DTW2539,email_attachment
2026-05-18 08:48:16,QMM7832,email_attachment
2026-05-18 08:57:10,TLW1083,email_attachment
2026-05-18 09:13:36,ESZ6803,email_attachment
2026-05-18 09:13:53,GJE2945,email_attachment
2026-05-18 09:14:02,VWK2421,usb_connect
2026-05-18 09:20:02,DTW2539,email_attachment
2026-05-18 09:26:23,WNZ8194,email_attachment
2026-05-18 09:29:06,EXB4687,usb_connect
2026-05-18 09:30:50,PFV1079,external_upload
2026-05-18 09:33:07,NYU1092,email_attachment
2026-05-18 09:39:19,GXB2823,email_attachment
2026-05-18 09:46:03,PTM5097,email_attachment
2026-05-18 09:46:28,ZSM1073,email_attachment
2026-05-18 09:48:21,PYR2813,email_attachment
2026-05-18 09:48:23,DTW2539,email_attachment
2026-05-18 09:55:17,EAE9892,email_attachment
2026-05-18 09:55:19,NXT0050,email_attachment
2026-05-18 09:55:55,RCD1239,email_attachment
2026-05-18 09:56:53,ANG9867,email_attachment
2026-05-18 10:03:04,JNQ3318,email_attachment
2026-05-18 10:03:22,UKN2629,email_attachment
2026-05-18 10:03:54,JFW4707,email_attachment
2026-05-18 10:06:14,GWF6569,email_attachment
2026-05-18 10:06:25,EDM9899,email_attachment
2026-05-18 10:12:14,TKK6517,email_attachment
2026-05-18 10:14:38,TBE1642,email_attachment
2026-05-18 10:14:39,JBQ2200,email_attachment
2026-05-18 10:14:50,DUN8279,email_attachment
2026-05-18 10:20:36,UQU4319,external_upload
2026-05-18 10:22:31,CAJ8151,email_attachment
2026-05-18 10:29:49,BPD2991,email_attachment
2026-05-18 10:36:00,FWE2981,email_attachment
2026-05-18 10:37:29,CBT5366,email_attachment
2026-05-18 10:42:44,FPD3066,email_attachment
2026-05-18 10:44:30,UUK6210,usb_connect
2026-05-18 10:52:57,VVR8997,external_upload
2026-05-18 10:53:07,PZP2817,email_attachment
2026-05-18 10:54:10,XQM4117,email_attachment
2026-05-18 10:54:43,DQL0828,external_upload
2026-05-18 10:56:07,GNL6288,email_attachment
2026-05-18 10:58:28,JRS7748,email_attachment
2026-05-18 11:02:19,RSC5904,email_attachment
2026-05-18 11:02:47,AJN8374,email_attachment
2026-05-18 11:03:30,MPR8653,email_attachment
2026-05-18 11:06:30,VQP7918,email_attachment
2026-05-18 11:06:51,HPF2563,email_attachment
2026-05-18 11:12:44,TXG5620,email_attachment
2026-05-18 11:16:10,RGK6603,email_attachment
2026-05-18 11:21:28,DTW2539,email_attachment
2026-05-18 11:22:21,BZA5306,email_attachment
2026-05-18 11:24:03,QTA6267,email_attachment
2026-05-18 11:25:59,GUW5758,email_attachment
2026-05-18 11:27:11,DTW2539,email_attachment
2026-05-18 11:31:06,KQK8927,email_attachment
2026-05-18 11:39:05,RQF4228,email_attachment
2026-05-18 11:40:35,HLX3539,email_attachment
2026-05-18 11:42:52,GCX8279,email_attachment
2026-05-18 11:44:03,MGR2928,email_attachment
2026-05-18 11:47:23,NJW2195,email_attachment
2026-05-18 11:47:26,DTW2539,email_attachment
2026-05-18 11:49:50,PKA7047,email_attachment
2026-05-18 11:53:02,CVP7987,email_attachment
2026-05-18 11:54:30,JYJ0485,email_attachment
2026-05-18 11:56:02,JHW6568,email_attachment
2026-05-18 11:56:28,MHX3186,email_attachment
2026-05-18 12:01:14,MPN9504,email_attachment
2026-05-18 12:01:43,JUU7757,email_attachment
2026-05-18 12:06:47,QCU6852,email_attachment
2026-05-18 12:10:18,SEA8756,email_attachment
2026-05-18 12:11:02,ZUJ6730,email_attachment
2026-05-18 12:14:25,DRP1861,email_attachment
2026-05-18 12:34:47,LCD7746,email_attachment
2026-05-18 12:34:49,TQX9577,email_attachment
2026-05-18 12:35:17,DTW2539,email_attachment
2026-05-18 12:35:48,KZS8027,email_attachment
2026-05-18 12:36:30,FQZ0453,email_attachment
2026-05-18 12:46:14,DTW2539,email_attachment
2026-05-18 12:48:08,FYQ9194,email_attachment
2026-05-18 12:49:20,RLF5434,email_attachment
2026-05-18 12:50:44,RPB6169,email_attachment
2026-05-18 12:50:47,DTW2539,email_attachment
2026-05-18 12:51:48,UDW8277,email_attachment
2026-05-18 12:53:50,VME9953,email_attachment
2026-05-18 12:55:02,QCX9814,email_attachment
2026-05-18 12:57:00,LSN9254,email_attachment
2026-05-18 12:58:39,RME1406,email_attachment
2026-05-18 12:58:44,NAY5358,email_attachment
2026-05-18 13:01:26,ACZ8154,email_attachment
2026-05-18 13:02:41,DTW2539,email_attachment
2026-05-18 13:04:16,QDS1979,email_attachment
2026-05-18 13:08:34,YCY9763,email_attachment
2026-05-18 13:08:59,XMP7066,external_upload
2026-05-18 13:11:13,DTW2539,email_attachment
2026-05-18 13:21:25,EJM7562,email_attachment
2026-05-18 13:22:28,BCK0017,email_attachment
2026-05-18 13:25:05,QUJ2796,email_attachment
2026-05-18 13:25:23,AEY2241,email_attachment
2026-05-18 13:28:31,RXQ7992,email_attachment
2026-05-18 13:28:47,WDF1281,email_attachment
2026-05-18 13:30:41,MUX6778,email_attachment
2026-05-18 14:10:35,GTK1590,email_attachment
2026-05-18 14:12:16,XHZ8584,email_attachment
2026-05-18 14:12:29,FQR7082,email_attachment
2026-05-18 14:15:45,ZER4905,email_attachment
2026-05-18 14:22:00,BQV4296,email_attachment
2026-05-18 14:23:06,AVP8904,email_attachment
2026-05-18 14:42:03,VPM8632,email_attachment
2026-05-18 14:45:35,HYU2698,email_attachment
2026-05-18 15:03:24,EGU0127,email_attachment
2026-05-18 15:03:43,MMS7742,email_attachment
2026-05-18 16:35:12,HFM4572,email_attachment
2026-05-18 16:44:11,XDH2481,email_attachment
2026-05-18 16:55:30,FGE5760,email_attachment
2026-05-18 17:13:51,SXT0742,email_attachment
2026-05-18 17:20:44,EER7836,email_attachment
2026-05-18 17:26:18,TTT4652,external_upload
2026-05-18 17:49:16,JZT4989,email_attachment
2026-05-18 18:14:04,VVG9350,email_attachment
2026-05-18 19:20:57,ATN8458,email_attachment
2026-05-19 08:28:20,XRQ5503,email_attachment
2026-05-19 08:34:03,DTW2539,email_attachment
2026-05-19 08:37:49,CCK9983,email_attachment
2026-05-19 08:41:03,DTW2539,email_attachment
2026-05-19 08:42:25,XXA2565,email_attachment
2026-05-19 08:46:48,DTW2539,email_attachment
2026-05-19 08:47:41,GXQ4234,email_attachment
2026-05-19 08:51:24,DTW2539,email_attachment
2026-05-19 08:51:57,DTW2539,email_attachment
2026-05-19 08:56:42,LMG0501,email_attachment
2026-05-19 08:59:30,DHT3461,email_attachment
2026-05-19 09:17:02,KDK7913,email_attachment
2026-05-19 09:23:44,ZPB1790,email_attachment
2026-05-19 09:23:51,JEV3007,email_attachment
2026-05-19 09:24:45,ZZW5618,email_attachment
2026-05-19 09:26:55,TFF8582,email_attachment
2026-05-19 09:27:13,TVU1499,email_attachment
2026-05-19 09:32:00,FRM0180,email_attachment
2026-05-19 09:34:59,CGF9960,email_attachment
2026-05-19 09:39:59,YLA7200,email_attachment
2026-05-19 09:41:04,SBE6209,email_attachment
2026-05-19 09:42:20,DTW2539,email_attachment
2026-05-19 09:42:57,DTW2539,email_attachment
2026-05-19 09:44:48,KVE6797,email_attachment
2026-05-19 09:45:23,EWF9587,email_attachment
2026-05-19 09:46:50,FAV1376,email_attachment
2026-05-19 09:47:17,HRZ7452,email_attachment
2026-05-19 09:47:57,NQN3339,email_attachment
2026-05-19 09:49:30,DZC7596,external_upload
2026-05-19 10:03:34,PKG2686,email_attachment
2026-05-19 10:04:48,MMV4490,email_attachment
2026-05-19 10:06:45,FSG4772,email_attachment
2026-05-19 10:08:05,NLQ3506,email_attachment
2026-05-19 10:09:42,LXG5367,email_attachment
2026-05-19 10:20:17,TZG5035,email_attachment
2026-05-19 10:21:58,WEW2686,email_attachment
2026-05-19 10:24:55,NCD0177,email_attachment
2026-05-19 10:27:15,SQL5063,email_attachment
2026-05-19 10:30:07,QAQ9676,email_attachment
2026-05-19 10:34:35,HZA0727,email_attachment
2026-05-19 10:36:55,RFH9751,external_upload
2026-05-19 10:36:59,WYW4325,email_attachment
2026-05-19 10:37:45,DTW2539,email_attachment
2026-05-19 10:39:18,YHC0501,email_attachment
2026-05-19 10:39:47,BKT2605,email_attachment
2026-05-19 10:40:43,HUD1777,external_upload
2026-05-19 10:45:20,TEZ5652,email_attachment
2026-05-19 10:50:56,HQL2235,email_attachment
2026-05-19 10:53:24,UMB9505,email_attachment
2026-05-19 10:56:00,CGF8722,email_attachment
2026-05-19 10:56:12,HLX3539,email_attachment
2026-05-19 10:58:10,ZFA0404,email_attachment
2026-05-19 10:58:33,MPH7693,usb_connect
2026-05-19 11:01:20,LDC5457,email_attachment
2026-05-19 11:02:54,DQV6521,email_attachment
2026-05-19 11:06:59,RJF0501,email_attachment
2026-05-19 11:07:32,MJQ0726,email_attachment
2026-05-19 11:09:51,DTW2539,email_attachment
2026-05-19 11:20:50,NUY8872,email_attachment
2026-05-19 11:24:36,SCV7784,email_attachment
2026-05-19 11:26:19,DRV9684,email_attachment
2026-05-19 11:34:40,DTR1676,email_attachment
2026-05-19 11:37:35,XPG0614,email_attachment
2026-05-19 11:38:10,BNN4648,email_attachment
2026-05-19 11:43:32,MEP0762,email_attachment
2026-05-19 11:46:07,QJL1246,email_attachment
2026-05-19 11:46:47,TSH1437,email_attachment
2026-05-19 11:49:12,WQC7071,email_attachment
2026-05-19 11:50:31,YMQ0646,email_attachment
2026-05-19 11:51:10,JHW6568,email_attachment
2026-05-19 11:52:44,DEC1796,external_upload
2026-05-19 11:54:46,VCZ1344,email_attachment
2026-05-19 11:56:51,EPC6113,email_attachment
2026-05-19 11:59:20,XVL9516,email_attachment
2026-05-19 12:00:13,MPH7693,email_attachment
2026-05-19 12:07:37,NNN7074,email_attachment
2026-05-19 12:08:29,QDX0204,email_attachment
2026-05-19 12:09:35,BZW2422,email_attachment
2026-05-19 12:18:20,JYJ0485,email_attachment
2026-05-19 12:25:32,XDF3286,email_attachment
2026-05-19 12:27:00,ESZ6803,email_attachment
2026-05-19 12:29:35,MVR5390,external_upload
2026-05-19 12:32:20,ZJG3303,email_attachment
2026-05-19 12:33:35,XHZ8584,external_upload
2026-05-19 12:34:17,UAK2793,email_attachment
2026-05-19 12:35:23,PMT8929,email_attachment
2026-05-19 12:35:32,QQA3427,email_attachment
2026-05-19 12:35:41,DDL7713,email_attachment
2026-05-19 12:37:26,PMV7499,external_upload
2026-05-19 12:37:28,KVG5688,external_upload
2026-05-19 12:39:45,JVX0462,email_attachment
2026-05-19 12:40:51,MHN7634,email_attachment
2026-05-19 12:41:48,NGN9252,email_attachment
2026-05-19 12:42:47,WMY3465,email_attachment
2026-05-19 12:43:36,SVG0207,email_attachment
2026-05-19 12:43:49,DTW2539,email_attachment
2026-05-19 12:46:53,DTW2539,email_attachment
2026-05-19 12:49:02,DTW2539,email_attachment
2026-05-19 12:49:21,BTU7896,email_attachment
2026-05-19 12:53:37,JTY5915,email_attachment
2026-05-19 12:56:09,JFR6002,email_attachment
2026-05-19 12:56:47,PJC3330,email_attachment
2026-05-19 12:58:55,RJE7048,email_attachment
2026-05-19 13:00:28,SUP0820,email_attachment
2026-05-19 13:03:18,NKN8760,email_attachment
2026-05-19 13:08:11,DQV6521,external_upload
2026-05-19 13:13:30,FKD3736,email_attachment
2026-05-19 13:16:31,DTW2539,email_attachment
2026-05-19 13:21:35,SHU2366,email_attachment
2026-05-19 13:23:13,TZH9641,email_attachment
2026-05-19 13:24:16,EVE9861,email_attachment
2026-05-19 13:25:08,NVR3124,email_attachment
2026-05-19 13:26:59,FPD3066,external_upload
2026-05-19 13:27:52,NQV6990,email_attachment
2026-05-19 13:28:16,QTV5992,email_attachment
2026-05-19 13:33:29,MMX3144,email_attachment
2026-05-19 13:33:56,MFQ3194,email_attachment
2026-05-19 13:38:26,LVX5290,email_attachment
2026-05-19 13:46:12,JQB4720,email_attachment
2026-05-19 13:46:59,FQR7082,email_attachment
2026-05-19 13:55:11,SSL4131,external_upload
2026-05-19 13:55:13,CQN3399,email_attachment
2026-05-19 13:58:16,XNT0875,external_upload
2026-05-19 14:00:36,ZEQ5713,email_attachment
2026-05-19 14:11:15,FDF0458,email_attachment
2026-05-19 14:14:37,YTW4996,email_attachment
2026-05-19 14:35:27,GRM4321,email_attachment
2026-05-19 15:10:11,JNH9262,email_attachment
2026-05-19 15:10:48,CLW3536,external_upload
2026-05-19 15:26:32,GXS8307,email_attachment
2026-05-19 15:39:30,ZBE2522,email_attachment
2026-05-19 16:56:12,KCA1959,email_attachment
2026-05-19 17:34:50,XSM9395,email_attachment
2026-05-19 17:41:13,GCC9567,email_attachment
2026-05-19 20:26:35,CPS9069,usb_connect
2026-05-19 20:57:05,CPS9069,external_upload
2026-05-20 06:21:35,CNY0484,email_attachment
2026-05-20 07:02:47,EQJ3213,email_attachment
2026-05-20 07:16:05,XBW4718,email_attachment
2026-05-20 07:28:30,TRD4019,email_attachment
2026-05-20 07:47:25,FLU6438,email_attachment
2026-05-20 08:12:20,MBR7933,email_attachment
2026-05-20 08:13:47,QKS9196,external_upload
2026-05-20 08:58:47,WAT3736,email_attachment
2026-05-20 09:00:23,ZJD0585,email_attachment
2026-05-20 09:06:38,QSP9232,email_attachment
2026-05-20 09:11:09,CYF6152,email_attachment
2026-05-20 09:12:43,DKN8106,email_attachment
2026-05-20 09:13:03,PJA2498,email_attachment
2026-05-20 09:20:52,TKR9198,email_attachment
2026-05-20 09:22:20,NJA9445,email_attachment
2026-05-20 09:27:32,RNL4426,email_attachment
2026-05-20 09:29:43,JWU4729,email_attachment
2026-05-20 09:31:48,TQL9765,email_attachment
2026-05-20 09:32:02,XBN4913,email_attachment
2026-05-20 09:34:42,ZMX3445,email_attachment
2026-05-20 09:43:05,WNZ8194,email_attachment
2026-05-20 09:43:51,DKP7995,email_attachment
2026-05-20 09:44:20,ANC8004,email_attachment
2026-05-20 09:45:44,LSK8578,email_attachment
2026-05-20 09:46:04,VKT8106,email_attachment
2026-05-20 09:46:47,GRZ0805,email_attachment
2026-05-20 09:46:56,ACW5886,email_attachment
2026-05-20 09:48:15,SFX9426,email_attachment
2026-05-20 09:53:06,SHR2210,email_attachment
2026-05-20 09:56:20,NZT5565,email_attachment
2026-05-20 09:56:56,XFR9329,email_attachment
2026-05-20 09:57:23,TNT2352,email_attachment
2026-05-20 09:58:23,GEP1888,email_attachment
2026-05-20 10:00:01,RME1406,email_attachment
2026-05-20 10:01:32,LSM9484,email_attachment
2026-05-20 10:04:26,ATR3306,email_attachment
2026-05-20 10:05:12,PTM5097,email_attachment
2026-05-20 10:06:11,GAL0464,external_upload
2026-05-20 10:08:10,LCT4451,email_attachment
2026-05-20 10:08:54,PFV1079,external_upload
2026-05-20 10:09:07,LBZ7347,email_attachment
2026-05-20 10:11:03,GKB5174,email_attachment
2026-05-20 10:14:59,VQK5549,email_attachment
2026-05-20 10:16:32,ZSD2941,email_attachment
2026-05-20 10:18:40,SXL0642,email_attachment
2026-05-20 10:19:40,LMG0501,external_upload
2026-05-20 10:19:55,LQL0537,email_attachment
2026-05-20 10:23:43,UCW5515,email_attachment
2026-05-20 10:25:49,RFH9751,email_attachment
2026-05-20 10:26:52,XJA0182,email_attachment
2026-05-20 10:34:07,PBR8005,email_attachment
2026-05-20 10:37:44,NHS9306,email_attachment
2026-05-20 10:39:42,EPC6113,email_attachment
2026-05-20 10:42:26,JUX6921,email_attachment
2026-05-20 10:45:13,JNP1683,email_attachment
2026-05-20 10:45:48,PSV3856,email_attachment
2026-05-20 10:47:36,QAU0816,email_attachment
2026-05-20 10:47:50,PVW1705,email_attachment
2026-05-20 10:49:20,PYR2813,email_attachment
2026-05-20 10:49:31,VKL2143,email_attachment
2026-05-20 10:49:34,LCD7746,external_upload
2026-05-20 10:54:25,WVD6813,email_attachment
2026-05-20 10:56:00,TKZ3718,usb_connect
2026-05-20 10:57:46,DTC1360,email_attachment
2026-05-20 11:00:05,GFH2961,email_attachment
2026-05-20 11:07:48,AFL5958,email_attachment
2026-05-20 11:09:05,UHH4524,email_attachment
2026-05-20 11:13:24,AWD1773,email_attachment
2026-05-20 11:13:31,XBD0169,email_attachment
2026-05-20 11:17:52,VYY0720,email_attachment
2026-05-20 11:18:08,PKG2686,email_attachment
2026-05-20 11:18:18,HQD9108,email_attachment
2026-05-20 11:20:59,FXU6508,email_attachment
2026-05-20 11:29:32,WNZ8578,email_attachment
2026-05-20 11:39:02,AHP2632,email_attachment
2026-05-20 11:43:12,MDD1815,email_attachment
2026-05-20 11:43:48,BHN1070,email_attachment
2026-05-20 11:45:56,EAH0256,email_attachment
2026-05-20 11:47:12,RQX2265,email_attachment
2026-05-20 11:57:19,TXQ6972,email_attachment
2026-05-20 12:01:15,MHX3186,email_attachment
2026-05-20 12:02:06,RQF4228,email_attachment
2026-05-20 12:04:20,YKL7625,email_attachment
2026-05-20 12:08:13,FUP1453,email_attachment
2026-05-20 12:08:38,YXP0912,email_attachment
2026-05-20 12:18:09,YSD3389,email_attachment
2026-05-20 12:19:54,KHD6248,email_attachment
2026-05-20 12:20:57,MUT3554,email_attachment
2026-05-20 12:21:07,NHA3655,email_attachment
2026-05-20 12:23:33,KCS1345,email_attachment
2026-05-20 12:25:36,XMV6673,email_attachment
2026-05-20 12:25:58,QUJ2796,email_attachment
2026-05-20 12:29:19,PNM6398,email_attachment
2026-05-20 12:30:12,EHZ0093,email_attachment
2026-05-20 12:35:56,YAW5851,email_attachment
2026-05-20 12:39:03,CTX8615,email_attachment
2026-05-20 12:44:01,QEY4677,email_attachment
2026-05-20 12:45:46,MZA4275,email_attachment
2026-05-20 12:46:00,FAA5368,email_attachment
2026-05-20 12:53:45,AHL0182,email_attachment
2026-05-20 12:55:21,SGQ7195,email_attachment
2026-05-20 12:59:53,SPM1999,email_attachment
2026-05-20 13:09:00,LXN8835,email_attachment
2026-05-20 13:09:06,VRT7427,email_attachment
2026-05-20 13:14:51,BAS9086,email_attachment
2026-05-20 13:15:32,WGH7459,email_attachment
2026-05-20 13:15:52,EAY4106,email_attachment
2026-05-20 13:17:44,YPQ3900,email_attachment
2026-05-20 13:23:16,YMF0181,email_attachment
2026-05-20 13:30:26,KZM4130,email_attachment
2026-05-20 13:46:09,LKZ9027,email_attachment
2026-05-20 13:57:31,FZE5041,email_attachment
2026-05-20 14:01:57,MMS7742,email_attachment
2026-05-20 15:32:18,ZRX7182,email_attachment
2026-05-20 15:55:45,PHE1554,email_attachment
2026-05-20 16:06:09,VTF6090,email_attachment
2026-05-20 16:29:56,JWF7936,email_attachment
2026-05-20 16:30:59,CEG0096,email_attachment
2026-05-20 16:51:58,FNE3605,email_attachment
2026-05-20 17:06:39,BHH6500,email_attachment
2026-05-20 17:07:32,FBQ1663,email_attachment
2026-05-20 17:27:43,QVW8593,external_upload
2026-05-20 17:30:20,RZG0245,email_attachment
2026-05-20 18:15:34,PZP4279,email_attachment
2026-05-20 18:29:10,ZPL4646,external_upload
2026-05-21 06:34:50,ESB5979,email_attachment
2026-05-21 06:54:48,THR6236,email_attachment
2026-05-21 07:13:59,VHE3897,email_attachment
2026-05-21 07:32:59,EQJ3213,email_attachment
2026-05-21 07:41:42,TNM5145,email_attachment
2026-05-21 08:02:25,YQJ4344,email_attachment
2026-05-21 08:15:34,ZZR0672,email_attachment
2026-05-21 08:37:42,ZPC9799,usb_connect
2026-05-21 08:45:27,CNT6452,email_attachment
2026-05-21 08:59:15,PRN9467,email_attachment
2026-05-21 09:01:21,CUQ6424,email_attachment
2026-05-21 09:09:53,UBK2435,email_attachment
2026-05-21 09:25:12,HMM0573,email_attachment
2026-05-21 09:28:47,YLW8258,email_attachment
2026-05-21 09:29:28,KFA0115,email_attachment
2026-05-21 09:30:43,GNL3436,external_upload
2026-05-21 09:32:59,YJK5622,email_attachment
2026-05-21 09:33:06,PZC7671,external_upload
2026-05-21 09:39:17,JNN3239,usb_connect
2026-05-21 09:40:35,WLX3952,email_attachment
2026-05-21 09:43:31,UZE6671,email_attachment
2026-05-21 09:44:17,XCW2400,email_attachment
2026-05-21 09:45:23,FAA5368,external_upload
2026-05-21 09:47:27,JUZ1834,email_attachment
2026-05-21 09:55:52,VBA9177,email_attachment
2026-05-21 09:57:28,KFG0382,email_attachment
2026-05-21 10:05:56,FYU3751,email_attachment
2026-05-21 10:06:34,RFN8997,email_attachment
2026-05-21 10:07:55,UMH4248,email_attachment
2026-05-21 10:08:06,YMF0181,email_attachment
2026-05-21 10:08:51,XNT0875,email_attachment
2026-05-21 10:12:15,UBP6054,email_attachment
2026-05-21 10:13:21,CRP1610,email_attachment
2026-05-21 10:14:37,KKW9426,email_attachment
2026-05-21 10:16:14,LXN8835,email_attachment
2026-05-21 10:17:49,ZPQ8314,email_attachment
2026-05-21 10:18:43,ZLJ5960,email_attachment
2026-05-21 10:21:05,BSW8923,email_attachment
2026-05-21 10:21:37,AGS7505,email_attachment
2026-05-21 10:24:23,DYE9273,email_attachment
2026-05-21 10:27:19,VTP7518,email_attachment
2026-05-21 10:27:23,BQZ1130,email_attachment
2026-05-21 10:28:35,PEE1804,email_attachment
2026-05-21 10:29:39,DTW2539,external_upload
2026-05-21 10:31:58,DBB2553,email_attachment
2026-05-21 10:33:14,FPV8534,external_upload
2026-05-21 10:35:23,WNZ8194,email_attachment
2026-05-21 10:36:07,DSR1969,email_attachment
2026-05-21 10:36:09,KMJ6011,email_attachment
2026-05-21 10:37:40,MVR5390,email_attachment
2026-05-21 10:47:13,WZJ4162,external_upload
2026-05-21 10:48:00,RLA1209,email_attachment
2026-05-21 10:52:18,ZMT9493,email_attachment
2026-05-21 10:55:29,TER6346,email_attachment
2026-05-21 10:56:22,AER2755,email_attachment
2026-05-21 11:05:39,JLQ4852,email_attachment
2026-05-21 11:06:29,YUQ8188,external_upload
2026-05-21 11:08:10,AQV4072,email_attachment
2026-05-21 11:10:06,FCS6144,email_attachment
2026-05-21 11:10:16,DSQ0827,email_attachment
2026-05-21 11:12:21,UHW1685,email_attachment
2026-05-21 11:12:30,DEX6345,email_attachment
2026-05-21 11:24:07,XUY0616,usb_connect
2026-05-21 11:27:33,CZQ8792,email_attachment
2026-05-21 11:28:01,UVK1579,email_attachment
2026-05-21 11:30:35,XRP2947,email_attachment
2026-05-21 11:38:09,UML4272,email_attachment
2026-05-21 11:41:08,QWE4909,email_attachment
2026-05-21 11:43:36,QNP1003,email_attachment
2026-05-21 11:45:48,NGP1594,email_attachment
2026-05-21 11:51:36,ZZA4587,email_attachment
2026-05-21 11:51:50,EDJ2298,external_upload
2026-05-21 11:52:32,EKT5856,email_attachment
2026-05-21 11:52:44,UXK1209,email_attachment
2026-05-21 11:55:49,UNN4361,email_attachment
2026-05-21 11:58:15,HGV8736,email_attachment
2026-05-21 11:59:20,YSW7344,email_attachment
2026-05-21 11:59:28,PDE2825,email_attachment
2026-05-21 12:01:51,XZK3985,email_attachment
2026-05-21 12:02:38,XRX7622,email_attachment
2026-05-21 12:04:00,JYN2779,email_attachment
2026-05-21 12:05:32,PCH7421,email_attachment
2026-05-21 12:05:54,KHD6248,email_attachment
2026-05-21 12:08:50,UWV2909,external_upload
2026-05-21 12:11:52,QCY1152,external_upload
2026-05-21 12:11:52,JSU5299,email_attachment
2026-05-21 12:12:01,FLJ4544,external_upload
2026-05-21 12:15:21,QPP6179,email_attachment
2026-05-21 12:17:55,TAD4989,email_attachment
2026-05-21 12:20:49,FQD7162,email_attachment
2026-05-21 12:22:42,TVL8943,email_attachment
2026-05-21 12:24:17,LHL1358,email_attachment
2026-05-21 12:25:23,QVB2396,email_attachment
2026-05-21 12:30:00,UKM7992,email_attachment
2026-05-21 12:31:21,HNM5714,email_attachment
2026-05-21 12:32:32,YWL9659,email_attachment
2026-05-21 12:34:06,BZK1628,email_attachment
2026-05-21 12:35:46,DNZ5078,email_attachment
2026-05-21 12:37:57,HLA2435,email_attachment
2026-05-21 12:38:47,FRM0180,email_attachment
2026-05-21 12:45:22,NFG5180,email_attachment
2026-05-21 12:47:31,WLP3029,email_attachment
2026-05-21 12:51:45,QKE0827,email_attachment
2026-05-21 12:55:58,ENQ5809,email_attachment
2026-05-21 13:00:51,AGX2877,email_attachment
2026-05-21 13:02:39,ZWD2716,email_attachment
2026-05-21 13:06:43,FLJ4544,email_attachment
2026-05-21 13:10:06,EEE0834,email_attachment
2026-05-21 13:12:59,VPM9822,external_upload
2026-05-21 13:13:29,YFA5069,email_attachment
2026-05-21 13:14:22,WRB3527,email_attachment
2026-05-21 13:14:50,FDF0458,email_attachment
2026-05-21 13:30:28,TEE2171,email_attachment
2026-05-21 13:32:01,MHA1657,email_attachment
2026-05-21 13:35:01,BNC0564,email_attachment
2026-05-21 13:39:20,JXR2006,email_attachment
2026-05-21 13:50:21,VJA7085,email_attachment
2026-05-21 13:51:22,CNX4632,email_attachment
2026-05-21 15:03:59,GSN3813,email_attachment
2026-05-21 15:04:33,PUQ5557,email_attachment
2026-05-21 16:03:46,EGU0127,email_attachment
2026-05-21 16:22:53,BHH6500,email_attachment
2026-05-21 16:41:48,CMF1527,email_attachment
2026-05-21 16:57:20,NGY1374,email_attachment
2026-05-21 17:24:33,HLH4250,email_attachment
2026-05-21 17:46:58,YPA6465,email_attachment
2026-05-21 17:59:20,PPM0735,email_attachment
2026-05-21 17:59:33,KTA2564,email_attachment
2026-05-21 18:05:24,SSG9024,email_attachment
2026-05-21 18:23:03,BXU0879,email_attachment
2026-05-22 06:36:17,WFC6275,email_attachment
2026-05-22 06:40:44,RKP9191,email_attachment
2026-05-22 06:53:07,UWB6084,email_attachment
2026-05-22 06:53:09,HVB3260,email_attachment
2026-05-22 07:15:07,JAT3224,email_attachment
2026-05-22 07:32:38,JSR7541,email_attachment
2026-05-22 08:20:30,GCA3290,email_attachment
2026-05-22 08:46:08,BNP5840,email_attachment
2026-05-22 08:59:45,UKB0428,email_attachment
2026-05-22 08:59:48,LLJ6063,email_attachment
2026-05-22 09:03:26,YSM2801,email_attachment
2026-05-22 09:03:52,FPK2167,email_attachment
2026-05-22 09:11:29,UVE9288,email_attachment
2026-05-22 09:11:45,QKS9196,email_attachment
2026-05-22 09:17:22,RVJ4834,email_attachment
2026-05-22 09:17:47,HKM6541,email_attachment
2026-05-22 09:21:00,JJX7773,email_attachment
2026-05-22 09:27:14,TWT6397,email_attachment
2026-05-22 09:29:29,PBM4108,email_attachment
2026-05-22 09:29:42,UWV2909,external_upload
2026-05-22 09:30:04,PHM0513,email_attachment
2026-05-22 09:30:47,XVL5101,email_attachment
2026-05-22 09:36:54,YTT3725,email_attachment
2026-05-22 09:39:00,RTK6170,email_attachment
2026-05-22 09:39:33,FSG4772,email_attachment
2026-05-22 09:49:06,LZA4757,email_attachment
2026-05-22 09:49:20,VWC0356,email_attachment
2026-05-22 09:50:03,XQM4117,email_attachment
2026-05-22 09:55:31,GNL3436,email_attachment
2026-05-22 09:56:51,ZPM1121,email_attachment
2026-05-22 09:58:37,LUW6194,email_attachment
2026-05-22 09:58:57,WSP7770,email_attachment
2026-05-22 10:00:04,VQU7934,email_attachment
2026-05-22 10:01:18,PUJ9838,email_attachment
2026-05-22 10:04:30,GNA5070,email_attachment
2026-05-22 10:05:40,JDY4897,email_attachment
2026-05-22 10:07:05,TWP7521,email_attachment
2026-05-22 10:09:54,NLR0262,email_attachment
2026-05-22 10:10:35,ENE5717,email_attachment
2026-05-22 10:13:40,SPK8158,email_attachment
2026-05-22 10:14:15,GPW3461,email_attachment
2026-05-22 10:14:59,ZHC1108,email_attachment
2026-05-22 10:16:41,LKZ9027,email_attachment
2026-05-22 10:17:16,ZJV8865,email_attachment
2026-05-22 10:19:48,WMT1608,email_attachment
2026-05-22 10:21:41,TAG0290,email_attachment
2026-05-22 10:32:28,EWT2292,email_attachment
2026-05-22 10:38:18,NZS3709,email_attachment
2026-05-22 10:43:37,HBB3944,email_attachment
2026-05-22 10:44:04,EMZ5921,email_attachment
2026-05-22 10:46:36,NGN9252,email_attachment
2026-05-22 10:49:23,CLM1185,email_attachment
2026-05-22 10:50:29,BYA7369,email_attachment
2026-05-22 10:50:45,UUP0066,email_attachment
2026-05-22 10:50:47,MUT1655,email_attachment
2026-05-22 10:53:39,XRX7622,email_attachment
2026-05-22 10:55:53,SAN4105,external_upload
2026-05-22 10:56:30,MSB2345,email_attachment
2026-05-22 10:58:48,AHP2632,email_attachment
2026-05-22 10:59:25,HQD9108,email_attachment
2026-05-22 11:09:11,CST4793,email_attachment
2026-05-22 11:09:40,ELP0004,email_attachment
2026-05-22 11:09:55,QFJ3194,usb_connect
2026-05-22 11:14:04,MFB4161,email_attachment
2026-05-22 11:25:11,MFH3970,email_attachment
2026-05-22 11:38:23,HAB6562,email_attachment
2026-05-22 11:38:32,KYD1776,email_attachment
2026-05-22 11:40:21,ZEX4754,email_attachment
2026-05-22 11:41:19,ECY9951,external_upload
2026-05-22 11:44:01,DGL2730,email_attachment
2026-05-22 11:47:08,BZA5306,email_attachment
2026-05-22 11:56:30,VZR3053,email_attachment
2026-05-22 11:56:41,SHU2366,email_attachment
2026-05-22 11:58:22,XKJ6099,email_attachment
2026-05-22 12:03:06,VPM8632,email_attachment
2026-05-22 12:03:39,DLN5803,email_attachment
2026-05-22 12:03:48,BJS0189,email_attachment
2026-05-22 12:05:29,KWA2081,email_attachment
2026-05-22 12:05:58,EQA7194,email_attachment
2026-05-22 12:08:42,GSY3617,email_attachment
2026-05-22 12:09:04,XYM2687,email_attachment
2026-05-22 12:09:25,BTP8472,email_attachment
2026-05-22 12:11:14,LAG9610,email_attachment
2026-05-22 12:12:27,UWU3881,email_attachment
2026-05-22 12:12:27,GWB9650,external_upload
2026-05-22 12:13:49,AGQ6804,email_attachment
2026-05-22 12:16:58,AUH1017,email_attachment
2026-05-22 12:17:51,UDW8277,email_attachment
2026-05-22 12:18:08,EAE9892,external_upload
2026-05-22 12:29:01,XYY9723,email_attachment
2026-05-22 12:32:20,ZEV5989,email_attachment
2026-05-22 12:32:31,UYA1901,email_attachment
2026-05-22 12:32:36,RXQ7992,email_attachment
2026-05-22 12:33:11,WMZ5470,email_attachment
2026-05-22 12:34:01,FVH0365,email_attachment
2026-05-22 12:42:29,GDQ4471,email_attachment
2026-05-22 12:42:55,EXB4687,email_attachment
2026-05-22 12:45:58,TDZ7818,email_attachment
2026-05-22 12:48:58,AQV4072,email_attachment
2026-05-22 12:49:32,FUK6375,email_attachment
2026-05-22 12:49:39,NBD6359,email_attachment
2026-05-22 12:51:58,HFN9307,email_attachment
2026-05-22 12:54:05,CWG5462,email_attachment
2026-05-22 12:54:05,PBA7729,email_attachment
2026-05-22 13:03:42,JFZ5861,email_attachment
2026-05-22 13:04:08,TFG1591,external_upload
2026-05-22 13:05:26,DAZ1017,email_attachment
2026-05-22 13:06:10,LTK1460,email_attachment
2026-05-22 13:17:35,EXR7447,external_upload
2026-05-22 13:23:52,FMJ5549,email_attachment
2026-05-22 13:24:01,VXP7389,email_attachment
2026-05-22 13:24:31,VPM9822,email_attachment
2026-05-22 13:28:06,UAB1375,email_attachment
2026-05-22 13:31:17,RGK6603,email_attachment
2026-05-22 13:36:29,CNE2834,email_attachment
2026-05-22 13:39:07,EDW0551,email_attachment
2026-05-22 13:47:01,HCV6206,email_attachment
2026-05-22 13:57:52,RYA2244,email_attachment
2026-05-22 14:03:26,RDH0031,email_attachment
2026-05-22 14:14:24,VJS9473,email_attachment
2026-05-22 14:24:04,PUQ5557,email_attachment
2026-05-22 14:39:40,QTJ3272,email_attachment
2026-05-22 14:48:59,HYU2698,email_attachment
2026-05-22 15:04:17,PZS5578,email_attachment
2026-05-22 15:20:07,VMF3722,email_attachment
2026-05-22 15:57:13,GYP1903,email_attachment
2026-05-22 15:59:49,JNY6012,email_attachment
2026-05-22 16:09:51,AWX0001,email_attachment
2026-05-22 16:33:47,AUD9365,email_attachment
2026-05-22 16:42:28,NQN2890,email_attachment
2026-05-22 17:13:14,ZZV3753,email_attachment
2026-05-22 17:21:46,CMF1527,external_upload
2026-05-22 17:41:44,KPQ0052,external_upload
2026-05-22 17:53:39,UKK9924,email_attachment
2026-05-22 18:31:06,EKA2417,email_attachment
2026-05-23 07:46:58,ZWY3357,email_attachment
2026-05-23 08:57:34,DBB2553,email_attachment
2026-05-23 09:16:13,ALS8032,email_attachment
2026-05-23 09:41:15,FAM1900,email_attachment
2026-05-23 09:43:32,LUW6194,email_attachment
2026-05-23 10:05:29,UEP3443,email_attachment
2026-05-23 10:46:14,QCX9814,email_attachment
2026-05-23 13:16:39,DXS7351,email_attachment
2026-05-24 10:14:58,XAA1174,email_attachment
2026-05-24 10:18:54,YTJ0104,email_attachment
2026-05-24 10:38:06,XVL5101,email_attachment
2026-05-24 12:11:20,SZU0525,email_attachment
2026-05-24 12:51:25,EDB1809,email_attachment
2026-05-24 14:21:54,QFJ3194,usb_connect
2026-05-25 09:16:48,ACU9806,email_attachment
2026-05-25 09:31:05,VXJ5240,email_attachment
2026-05-25 10:10:26,QFJ3194,usb_connect
2026-05-25 11:22:15,HKH3896,email_attachment
2026-05-25 15:17:41,QFJ3194,external_upload
2026-05-26 06:29:41,DBB2553,email_attachment
2026-05-26 07:13:27,NLG8390,email_attachment
2026-05-26 07:26:04,BDD2486,email_attachment
2026-05-26 07:41:39,SYZ4998,email_attachment
2026-05-26 08:06:23,UWB6084,email_attachment
2026-05-26 08:41:01,DXE2593,email_attachment
2026-05-26 08:49:54,NFM9393,email_attachment
2026-05-26 09:00:49,BQW0871,email_attachment
2026-05-26 09:07:15,SHU2366,email_attachment
2026-05-26 09:15:05,GDC9972,email_attachment
2026-05-26 09:15:58,DXZ1860,email_attachment
2026-05-26 09:33:45,RXQ5315,email_attachment
2026-05-26 09:39:39,LYP2797,email_attachment
2026-05-26 09:39:42,MAP1021,email_attachment
2026-05-26 09:43:25,QGX1659,email_attachment
2026-05-26 09:45:08,ZSP3745,external_upload
2026-05-26 09:45:42,BDA7532,email_attachment
2026-05-26 09:47:49,RVW4318,external_upload
2026-05-26 09:49:23,UDZ3030,email_attachment
2026-05-26 09:51:23,MDL2782,email_attachment
2026-05-26 09:54:30,BDJ0886,email_attachment
2026-05-26 09:57:28,WSK1631,email_attachment
2026-05-26 09:57:34,VCL2588,email_attachment
2026-05-26 09:58:42,GJF6121,email_attachment
2026-05-26 09:58:53,BNN4648,email_attachment
2026-05-26 10:01:30,XPE0612,email_attachment
2026-05-26 10:04:34,AQV4072,email_attachment
2026-05-26 10:05:29,JWR6908,email_attachment
2026-05-26 10:07:47,FRD7881,usb_connect
2026-05-26 10:13:24,VCS1161,email_attachment
2026-05-26 10:13:35,CGR6865,email_attachment
2026-05-26 10:14:25,XMV6673,email_attachment
2026-05-26 10:14:54,GKY7969,external_upload
2026-05-26 10:17:40,NPJ6022,email_attachment
2026-05-26 10:20:51,UKD6455,email_attachment
2026-05-26 10:21:58,EJW8504,external_upload
2026-05-26 10:22:05,DUN8279,email_attachment
2026-05-26 10:23:12,XYA5835,email_attachment
2026-05-26 10:26:58,XLL6759,email_attachment
2026-05-26 10:27:01,YXE8184,email_attachment
2026-05-26 10:28:26,SHG8557,email_attachment
2026-05-26 10:32:45,AWR3646,email_attachment
2026-05-26 10:37:43,QDX0204,email_attachment
2026-05-26 10:38:00,PNS5109,email_attachment
2026-05-26 10:38:33,TGT0988,email_attachment
2026-05-26 10:39:31,ZFA0404,external_upload
2026-05-26 10:39:48,ZMT9493,email_attachment
2026-05-26 10:39:56,WYW4325,email_attachment
2026-05-26 10:41:08,AMH0036,email_attachment
2026-05-26 10:41:15,DRJ2995,external_upload
2026-05-26 10:41:38,PJN1183,external_upload
2026-05-26 10:41:47,FPN0799,email_attachment
2026-05-26 10:42:54,RMA9672,email_attachment
2026-05-26 10:45:50,TCG1206,email_attachment
2026-05-26 10:47:33,NCR2209,email_attachment
2026-05-26 10:47:45,VWK2421,email_attachment
2026-05-26 10:54:38,MKC9629,email_attachment
2026-05-26 10:55:16,YDD4870,external_upload
2026-05-26 10:57:42,LNX5432,email_attachment
2026-05-26 11:00:32,TNE2852,email_attachment
2026-05-26 11:02:42,LHD4579,email_attachment
2026-05-26 11:03:33,ESB5979,email_attachment
2026-05-26 11:10:15,DZR5647,email_attachment
2026-05-26 11:14:15,GZE8262,email_attachment
2026-05-26 11:15:52,HVS3166,email_attachment
2026-05-26 11:16:03,CKC4751,email_attachment
2026-05-26 11:20:13,HQN1201,email_attachment
2026-05-26 11:24:04,LZT1886,email_attachment
2026-05-26 11:25:35,PXE9068,email_attachment
2026-05-26 11:33:18,SZP9194,email_attachment
2026-05-26 11:34:26,HKB7050,email_attachment
2026-05-26 11:37:35,SLV6160,external_upload
2026-05-26 11:39:24,TWC7231,email_attachment
2026-05-26 11:40:31,MAV1191,email_attachment
2026-05-26 11:44:15,EWT2292,email_attachment
2026-05-26 11:44:44,PVP1024,external_upload
2026-05-26 11:47:07,LQT4211,email_attachment
2026-05-26 11:54:51,JNB7620,email_attachment
2026-05-26 11:55:05,AHL0182,email_attachment
2026-05-26 11:58:18,FUP1453,email_attachment
2026-05-26 12:02:25,RMR1374,email_attachment
2026-05-26 12:05:26,WXR3966,email_attachment
2026-05-26 12:07:37,NQD2465,email_attachment
2026-05-26 12:10:05,TFF8582,email_attachment
2026-05-26 12:12:12,YYD5558,email_attachment
2026-05-26 12:12:41,NLR0262,email_attachment
2026-05-26 12:12:52,PCT1393,email_attachment
2026-05-26 12:22:42,SPM1999,email_attachment
2026-05-26 12:25:33,RJF0501,email_attachment
2026-05-26 12:26:42,BJJ9883,email_attachment
2026-05-26 12:28:18,XNT0875,email_attachment
2026-05-26 12:29:23,GML1669,email_attachment
2026-05-26 12:33:16,JSF4057,email_attachment
2026-05-26 12:35:28,LCE0048,email_attachment
2026-05-26 12:35:50,SPL6107,email_attachment
2026-05-26 12:36:45,FGQ3884,email_attachment
2026-05-26 12:42:23,YJG3414,email_attachment
2026-05-26 12:42:39,MRU1672,email_attachment
2026-05-26 12:43:00,WYR6092,email_attachment
2026-05-26 12:46:05,PFJ2803,email_attachment
2026-05-26 12:46:24,YUQ8189,email_attachment
2026-05-26 12:48:51,JQF3808,email_attachment
2026-05-26 13:00:52,NYY0809,email_attachment
2026-05-26 13:03:44,GTK1590,email_attachment
2026-05-26 13:04:22,JWU4729,email_attachment
2026-05-26 13:04:47,GTF6224,email_attachment
2026-05-26 13:05:19,VYC8658,email_attachment
2026-05-26 13:06:20,WGM2789,email_attachment
2026-05-26 13:10:12,PQW6333,email_attachment
2026-05-26 13:14:32,YGD6007,email_attachment
2026-05-26 13:15:33,SCV7784,email_attachment
2026-05-26 13:25:13,LCT4451,email_attachment
2026-05-26 13:35:50,QLD5822,email_attachment
2026-05-26 13:45:18,ELX7360,email_attachment
2026-05-26 13:45:41,ARW8743,email_attachment
2026-05-26 13:52:11,CCS8327,email_attachment
2026-05-26 13:59:36,GCC9567,email_attachment
2026-05-26 14:01:14,GLN5250,email_attachment
2026-05-26 14:10:18,LKZ9027,email_attachment
2026-05-26 14:13:17,TVL8943,email_attachment
2026-05-26 14:24:31,MHV8956,email_attachment
2026-05-26 14:31:03,VVG9350,email_attachment
2026-05-26 14:52:20,QWM5245,email_attachment
2026-05-26 15:34:00,FBQ1663,email_attachment
2026-05-26 15:34:36,NBP4754,email_attachment
2026-05-26 16:13:32,SEX3930,email_attachment
2026-05-26 16:42:10,KHV5264,email_attachment
2026-05-26 16:59:27,UMH6643,email_attachment
2026-05-26 17:01:02,VWP2492,email_attachment
2026-05-26 17:13:14,RPU8492,external_upload
2026-05-26 17:16:47,AVA4350,email_attachment
2026-05-26 17:22:45,LEY0669,email_attachment
2026-05-26 17:54:25,EER7836,email_attachment
2026-05-26 18:06:03,UHE0352,email_attachment
2026-05-26 18:13:27,PHE1554,email_attachment
2026-05-27 06:57:55,KXL3085,email_attachment
2026-05-27 07:35:07,YFC6168,email_attachment
2026-05-27 08:38:49,NER9488,email_attachment
2026-05-27 08:59:33,KSJ5231,email_attachment
2026-05-27 09:01:08,MSQ8629,email_attachment
2026-05-27 09:05:01,SVX4420,email_attachment
2026-05-27 09:05:30,ABK1532,email_attachment
2026-05-27 09:08:57,MFH3970,usb_connect
2026-05-27 09:18:39,VPP1509,email_attachment
2026-05-27 09:26:14,JVN9713,email_attachment
2026-05-27 09:31:35,KHD6248,email_attachment
2026-05-27 09:32:01,XAA1174,email_attachment
2026-05-27 09:32:44,TGH1943,email_attachment
2026-05-27 09:44:45,HZX9435,external_upload
2026-05-27 09:44:48,PRQ3344,email_attachment
2026-05-27 09:48:14,KFS8428,external_upload
2026-05-27 09:52:08,LGB8139,email_attachment
2026-05-27 09:52:28,LLE7318,email_attachment
2026-05-27 09:52:59,LXG5367,email_attachment
2026-05-27 09:56:03,WXR3966,email_attachment
2026-05-27 09:56:20,ZJG4527,external_upload
2026-05-27 09:56:29,FXU9222,email_attachment
2026-05-27 10:06:26,LVS6177,email_attachment
2026-05-27 10:11:09,BGL9169,external_upload
2026-05-27 10:12:44,HEP4992,email_attachment
2026-05-27 10:19:19,GPW3461,email_attachment
2026-05-27 10:21:17,HQG1404,email_attachment
2026-05-27 10:21:50,SPK8158,email_attachment
2026-05-27 10:24:57,SGQ6755,email_attachment
2026-05-27 10:25:46,ZPB1790,email_attachment
2026-05-27 10:35:10,NPU2327,usb_connect
2026-05-27 10:35:12,LZD5274,email_attachment
2026-05-27 10:35:54,EXB4687,email_attachment
2026-05-27 10:38:44,MAV1191,email_attachment
2026-05-27 10:44:00,URQ8735,usb_connect
2026-05-27 10:46:06,QNL2706,email_attachment
2026-05-27 10:50:09,XEF7192,email_attachment
2026-05-27 10:52:48,AXY2263,email_attachment
2026-05-27 11:01:51,BXJ9998,email_attachment
2026-05-27 11:02:37,JRM5199,email_attachment
2026-05-27 11:05:07,FAQ1887,email_attachment
2026-05-27 11:05:43,DDB3409,email_attachment
2026-05-27 11:06:41,VXP7389,email_attachment
2026-05-27 11:07:14,UDZ3030,email_attachment
2026-05-27 11:09:38,ZUM4588,email_attachment
2026-05-27 11:12:48,WEB9338,email_attachment
2026-05-27 11:13:05,ACU9806,email_attachment
2026-05-27 11:17:55,WCK0268,email_attachment
2026-05-27 11:27:32,HSG3626,email_attachment
2026-05-27 11:27:48,FYW9481,email_attachment
2026-05-27 11:29:09,GMQ7067,email_attachment
2026-05-27 11:32:46,GKJ3785,email_attachment
2026-05-27 11:35:02,LES3747,email_attachment
2026-05-27 11:35:53,QGB6336,email_attachment
2026-05-27 11:36:40,DTW9753,usb_connect
2026-05-27 11:36:47,SLC9182,email_attachment
2026-05-27 11:42:42,MNL3521,email_attachment
2026-05-27 11:44:13,RBH8130,email_attachment
2026-05-27 11:49:15,CHE2136,external_upload
2026-05-27 11:50:54,HGV8736,email_attachment
2026-05-27 11:53:31,ZKZ0318,email_attachment
2026-05-27 12:06:10,AQH3623,email_attachment
2026-05-27 12:07:53,AGP7231,external_upload
2026-05-27 12:09:12,KCF6129,email_attachment
2026-05-27 12:13:11,RWL2205,email_attachment
2026-05-27 12:13:49,HEK2183,email_attachment
2026-05-27 12:16:15,RNC6937,email_attachment
2026-05-27 12:17:27,FGK1238,email_attachment
2026-05-27 12:20:52,JEV3007,email_attachment
2026-05-27 12:23:20,SVP4915,email_attachment
2026-05-27 12:24:13,HQY0328,email_attachment
2026-05-27 12:26:01,YJK5622,email_attachment
2026-05-27 12:27:31,AGS7505,email_attachment
2026-05-27 12:33:20,PDE2825,email_attachment
2026-05-27 12:35:17,ZSM1073,email_attachment
2026-05-27 12:40:45,ZEV5989,email_attachment
2026-05-27 12:42:14,ABE2961,email_attachment
2026-05-27 12:45:25,JFW4707,email_attachment
2026-05-27 12:50:47,XLD3365,email_attachment
2026-05-27 12:52:39,TAS0828,email_attachment
2026-05-27 12:53:50,KZW1655,email_attachment
2026-05-27 12:54:09,CBQ4454,email_attachment
2026-05-27 12:54:26,UTP4301,email_attachment
2026-05-27 12:56:02,LWX4132,email_attachment
2026-05-27 13:03:12,SGQ7195,email_attachment
2026-05-27 13:04:15,FUP1453,email_attachment
2026-05-27 13:12:27,RVJ4834,email_attachment
2026-05-27 13:12:38,NHK5243,email_attachment
2026-05-27 13:13:38,XZE2186,email_attachment
2026-05-27 13:15:29,TDT2911,email_attachment
2026-05-27 13:19:24,YZZ7371,email_attachment
2026-05-27 13:25:20,FET2735,email_attachment
2026-05-27 13:31:48,CCS8327,email_attachment
2026-05-27 13:36:21,YJC5459,email_attachment
2026-05-27 13:43:53,UHB1648,usb_connect
2026-05-27 13:45:11,QAK7911,email_attachment
2026-05-27 13:46:49,BQV8037,email_attachment
2026-05-27 13:59:56,PBR8005,email_attachment
2026-05-27 14:16:00,NCR5141,email_attachment
2026-05-27 14:20:46,XJU4690,email_attachment
2026-05-27 14:23:42,RKM6563,email_attachment
2026-05-27 14:57:41,NQN2890,email_attachment
2026-05-27 15:20:01,MYB1326,email_attachment
2026-05-27 15:35:45,JYE4158,email_attachment
2026-05-27 15:37:30,NCU7789,usb_connect
2026-05-27 16:05:34,REX4712,email_attachment
2026-05-27 17:14:41,VTF6090,email_attachment
2026-05-27 17:18:45,FJB0676,external_upload
2026-05-27 17:30:37,THK0416,email_attachment
2026-05-27 17:33:28,CEG0096,email_attachment
2026-05-27 17:40:25,UWN1593,email_attachment
2026-05-27 17:48:55,NMY8501,email_attachment
2026-05-27 17:55:24,CSG2617,email_attachment
2026-05-27 18:12:49,NQZ4801,email_attachment
2026-05-27 18:18:49,JNY6012,email_attachment
2026-05-27 18:20:09,FAP0273,email_attachment
2026-05-27 18:50:30,VFA6765,email_attachment
2026-05-28 07:32:22,KFM9312,email_attachment
2026-05-28 07:33:57,AQJ3094,email_attachment
2026-05-28 07:38:49,RNL9984,email_attachment
2026-05-28 07:40:29,WUQ1004,email_attachment
2026-05-28 07:52:21,PRU8353,email_attachment
2026-05-28 08:02:14,HQG1404,email_attachment
2026-05-28 08:32:02,HLG5262,email_attachment
2026-05-28 08:45:37,VGP5643,email_attachment
2026-05-28 08:46:21,CZV3763,email_attachment
2026-05-28 08:52:16,WVC7612,external_upload
2026-05-28 08:52:49,YMF0181,email_attachment
2026-05-28 09:00:24,URS5582,email_attachment
2026-05-28 09:10:29,EWP1032,email_attachment
2026-05-28 09:24:56,FFK3907,email_attachment
2026-05-28 09:28:05,VRA4171,email_attachment
2026-05-28 09:36:25,FMY6666,external_upload
2026-05-28 09:39:51,HZA0727,email_attachment
2026-05-28 09:41:42,HDN8462,email_attachment
2026-05-28 09:44:17,TWL1975,usb_connect
2026-05-28 09:45:19,CBE8145,email_attachment
2026-05-28 09:48:12,DVA8512,email_attachment
2026-05-28 09:53:01,NLR0262,external_upload
2026-05-28 09:55:48,WBQ6532,email_attachment
2026-05-28 09:56:39,YJZ1653,email_attachment
2026-05-28 09:58:29,UUZ0064,external_upload
2026-05-28 09:59:17,AQD8170,email_attachment
2026-05-28 09:59:47,WGX9994,email_attachment
2026-05-28 10:01:28,PQP1240,email_attachment
2026-05-28 10:03:48,QPN5696,email_attachment
2026-05-28 10:04:29,KYK2416,email_attachment
2026-05-28 10:06:36,RSX0455,email_attachment
2026-05-28 10:06:46,KXE4588,email_attachment
2026-05-28 10:08:09,DAZ1017,external_upload
2026-05-28 10:12:07,CGF9960,email_attachment
2026-05-28 10:20:32,FPH2619,email_attachment
2026-05-28 10:23:18,CEL7303,email_attachment
2026-05-28 10:23:32,VKU7930,email_attachment
2026-05-28 10:26:01,XMY1520,email_attachment
2026-05-28 10:26:42,WEP3010,email_attachment
2026-05-28 10:27:06,XEK4282,external_upload
2026-05-28 10:27:34,UUH8521,email_attachment
2026-05-28 10:27:41,AAT6431,email_attachment
2026-05-28 10:30:14,NYC3644,email_attachment
2026-05-28 10:31:00,XNW4360,email_attachment
2026-05-28 10:40:26,UCN8228,email_attachment
2026-05-28 10:41:11,VRT7427,email_attachment
2026-05-28 10:43:26,QCJ4335,email_attachment
2026-05-28 10:46:57,AWD6308,email_attachment
2026-05-28 10:50:52,TZX0052,email_attachment
2026-05-28 10:52:40,TZG5035,email_attachment
2026-05-28 11:00:41,LSM9484,email_attachment
2026-05-28 11:01:49,BQG7179,email_attachment
2026-05-28 11:02:49,HHT2257,external_upload
2026-05-28 11:05:36,QWV1502,email_attachment
2026-05-28 11:06:47,DHG3808,email_attachment
2026-05-28 11:08:19,RZM7542,email_attachment
2026-05-28 11:08:34,GAR8123,email_attachment
2026-05-28 11:09:39,LNF8692,email_attachment
2026-05-28 11:10:19,JHV6000,email_attachment
2026-05-28 11:13:30,VYM2689,email_attachment
2026-05-28 11:16:53,HCV6206,email_attachment
2026-05-28 11:20:44,JEV3007,email_attachment
2026-05-28 11:24:19,CVS8644,email_attachment
2026-05-28 11:37:19,JRD4682,external_upload
2026-05-28 11:44:33,CAJ8151,email_attachment
2026-05-28 11:44:59,DTR0426,usb_connect
2026-05-28 11:45:56,ZKU3851,email_attachment
2026-05-28 11:46:14,UHB1648,usb_connect
2026-05-28 11:47:40,CWB2189,email_attachment
2026-05-28 11:48:26,JPH6556,email_attachment
2026-05-28 11:49:00,JKQ2520,email_attachment
2026-05-28 11:58:47,EBC4994,email_attachment
2026-05-28 12:01:24,SFV7598,email_attachment
2026-05-28 12:03:09,MSB2345,email_attachment
2026-05-28 12:08:01,RQE5788,email_attachment
2026-05-28 12:08:50,NUK6400,email_attachment
2026-05-28 12:09:35,YUQ8189,external_upload
2026-05-28 12:10:08,MPN9504,external_upload
2026-05-28 12:11:39,DYJ4158,email_attachment
2026-05-28 12:15:01,ZHK7052,email_attachment
2026-05-28 12:16:56,ZUV4197,email_attachment
2026-05-28 12:18:41,QFJ3194,email_attachment
2026-05-28 12:19:36,XSB1345,email_attachment
2026-05-28 12:21:44,XZK3155,email_attachment
2026-05-28 12:22:45,AHL0182,email_attachment
2026-05-28 12:23:47,VCL2588,email_attachment
2026-05-28 12:27:13,BSX6865,email_attachment
2026-05-28 12:27:20,XLU2700,email_attachment
2026-05-28 12:27:23,KZU0595,email_attachment
2026-05-28 12:30:09,NQN3339,email_attachment
2026-05-28 12:32:26,QRU5619,external_upload
2026-05-28 12:36:10,PCT1393,email_attachment
2026-05-28 12:41:54,MEG7072,email_attachment
2026-05-28 12:46:17,ZXZ4586,email_attachment
2026-05-28 12:50:15,CVP7987,email_attachment
2026-05-28 12:51:49,UMF6912,email_attachment
2026-05-28 12:55:35,CYX4683,email_attachment
2026-05-28 12:56:32,FYP3672,email_attachment
2026-05-28 12:58:09,NDQ7160,email_attachment
2026-05-28 12:59:37,EWF9587,email_attachment
2026-05-28 13:00:44,WEP3010,external_upload
2026-05-28 13:04:52,SKH1422,email_attachment
2026-05-28 13:09:38,ETF1221,email_attachment
2026-05-28 13:11:22,FUP1453,email_attachment
2026-05-28 13:14:42,VMP1735,email_attachment
2026-05-28 13:18:17,YSX2928,email_attachment
2026-05-28 13:26:22,NJA9445,email_attachment
2026-05-28 13:27:17,EMY0546,email_attachment
2026-05-28 13:37:20,GCA6821,email_attachment
2026-05-28 13:40:48,FAA5368,email_attachment
2026-05-28 13:41:48,HYK2871,email_attachment
2026-05-28 13:53:28,WMY3465,email_attachment
2026-05-28 13:56:57,DTY9614,email_attachment
2026-05-28 14:02:31,UPL0578,email_attachment
2026-05-28 14:08:54,VXB2603,email_attachment
2026-05-28 14:15:10,RNP3279,email_attachment
2026-05-28 14:16:54,GTD1289,email_attachment
2026-05-28 14:57:54,BXU0879,email_attachment
2026-05-28 15:08:02,LHZ9770,email_attachment
2026-05-28 15:50:49,UWY3981,usb_connect
2026-05-28 16:26:39,JBR9641,external_upload
2026-05-28 16:34:13,YZD2818,email_attachment
2026-05-28 18:10:36,NAF6431,email_attachment
2026-05-28 18:32:35,GPG7115,email_attachment
2026-05-29 07:20:46,UTD2378,email_attachment
2026-05-29 08:08:31,TBB1123,email_attachment
2026-05-29 08:19:13,JSR7541,email_attachment
2026-05-29 08:23:00,GNR6761,email_attachment
2026-05-29 08:23:24,GUH6255,email_attachment
2026-05-29 08:26:50,DBB2553,email_attachment
2026-05-29 08:29:24,AHP2632,email_attachment
2026-05-29 08:38:44,HBS3101,external_upload
2026-05-29 08:58:26,FRD5529,email_attachment
2026-05-29 08:59:33,EXR3425,email_attachment
2026-05-29 09:10:55,PGM4497,email_attachment
2026-05-29 09:18:40,EWP1032,email_attachment
2026-05-29 09:19:39,VPJ9971,email_attachment
2026-05-29 09:30:46,CDW9992,email_attachment
2026-05-29 09:31:09,YHC8602,email_attachment
2026-05-29 09:32:33,UUN8790,email_attachment
2026-05-29 09:37:41,TMZ3304,email_attachment
2026-05-29 09:42:46,JSS6150,email_attachment
2026-05-29 09:44:51,JUY7235,email_attachment
2026-05-29 09:46:08,AWD1773,email_attachment
2026-05-29 09:46:48,NWJ3278,email_attachment
2026-05-29 09:48:10,LHD4579,email_attachment
2026-05-29 09:48:28,KBM5303,external_upload
2026-05-29 09:50:11,LKL1757,email_attachment
2026-05-29 09:59:23,TFG1591,email_attachment
2026-05-29 10:07:13,APP7090,email_attachment
2026-05-29 10:09:55,FHR9973,email_attachment
2026-05-29 10:10:22,KFN4851,email_attachment
2026-05-29 10:11:50,FYV5190,email_attachment
2026-05-29 10:13:33,NUM6882,email_attachment
2026-05-29 10:14:36,FGK0491,email_attachment
2026-05-29 10:17:04,FDF0458,email_attachment
2026-05-29 10:18:00,QBD5497,email_attachment
2026-05-29 10:20:38,URE3093,email_attachment
2026-05-29 10:24:59,YVQ4468,email_attachment
2026-05-29 10:29:48,LDP4391,email_attachment
2026-05-29 10:32:21,PUD8038,email_attachment
2026-05-29 10:33:53,MRE0291,email_attachment
2026-05-29 10:34:04,CGF9960,email_attachment
2026-05-29 10:35:13,ZKC8052,email_attachment
2026-05-29 10:35:43,MHF4555,email_attachment
2026-05-29 10:35:50,DBL8711,email_attachment
2026-05-29 10:36:55,MLQ6298,external_upload
2026-05-29 10:38:46,PEB4761,email_attachment
2026-05-29 10:38:54,XMV6673,email_attachment
2026-05-29 10:39:19,TDZ7818,email_attachment
2026-05-29 10:40:09,SHE0377,email_attachment
2026-05-29 10:42:59,WYK4800,email_attachment
2026-05-29 10:43:32,XPG0614,email_attachment
2026-05-29 10:44:26,UNF6010,email_attachment
2026-05-29 10:45:01,USG4601,email_attachment
2026-05-29 10:46:05,RZU7007,email_attachment
2026-05-29 10:46:52,BXW0831,usb_connect
2026-05-29 10:49:51,CHG9684,email_attachment
2026-05-29 10:55:24,HLG5262,email_attachment
2026-05-29 10:55:57,SGQ6755,email_attachment
2026-05-29 11:02:00,MPH7693,email_attachment
2026-05-29 11:02:08,AFH4934,email_attachment
2026-05-29 11:06:17,XWE1000,usb_connect
2026-05-29 11:06:40,ZLS6708,email_attachment
2026-05-29 11:07:43,WLC0943,email_attachment
2026-05-29 11:09:03,ZFL8607,email_attachment
2026-05-29 11:16:41,EXR7447,email_attachment
2026-05-29 11:16:56,RZR1761,email_attachment
2026-05-29 11:19:03,KZS8027,email_attachment
2026-05-29 11:21:33,EUV0987,email_attachment
2026-05-29 11:27:45,GYE0667,email_attachment
2026-05-29 11:28:34,MCX2638,email_attachment
2026-05-29 11:29:56,ADV1511,email_attachment
2026-05-29 11:31:00,RDZ6044,email_attachment
2026-05-29 11:32:55,BCL5970,email_attachment
2026-05-29 11:35:13,ELP0004,email_attachment
2026-05-29 11:35:18,AYV5603,external_upload
2026-05-29 11:36:37,MXS7118,email_attachment
2026-05-29 11:38:20,NMG2401,email_attachment
2026-05-29 11:38:26,DJF2928,email_attachment
2026-05-29 11:41:40,XTM0397,email_attachment
2026-05-29 11:41:44,EEL8338,email_attachment
2026-05-29 11:42:31,GAL0464,external_upload
2026-05-29 11:47:42,EYU6957,email_attachment
2026-05-29 11:53:45,XVG6611,email_attachment
2026-05-29 11:54:09,AKG3234,external_upload
2026-05-29 11:54:23,RSC5904,email_attachment
2026-05-29 11:55:56,MKD7818,email_attachment
2026-05-29 12:02:59,VRA4171,email_attachment
2026-05-29 12:05:16,CFM9613,email_attachment
2026-05-29 12:07:32,JNS0679,email_attachment
2026-05-29 12:11:13,DYQ2940,email_attachment
2026-05-29 12:11:46,ESW3216,email_attachment
2026-05-29 12:14:26,NJA9445,email_attachment
2026-05-29 12:16:05,NEW0315,email_attachment
2026-05-29 12:17:50,BKG0428,email_attachment
2026-05-29 12:20:13,NAY5358,email_attachment
2026-05-29 12:22:04,TXQ6972,email_attachment
2026-05-29 12:27:51,DZR5647,email_attachment
2026-05-29 12:28:29,UWY3981,usb_connect
2026-05-29 12:30:14,DMJ7135,external_upload
2026-05-29 12:30:51,VEF7773,email_attachment
2026-05-29 12:33:52,HKB7050,email_attachment
2026-05-29 12:34:52,NHC4657,email_attachment
2026-05-29 12:43:02,FTT6242,email_attachment
2026-05-29 12:43:21,GXH8145,email_attachment
2026-05-29 12:43:46,KXG6499,email_attachment
2026-05-29 12:43:50,QGX1659,email_attachment
2026-05-29 12:43:52,UYA1901,email_attachment
2026-05-29 12:44:25,XDY0096,email_attachment
2026-05-29 13:00:35,KQK8927,email_attachment
2026-05-29 13:00:48,FAJ7200,email_attachment
2026-05-29 13:01:54,YMF0181,email_attachment
2026-05-29 13:04:59,TEB4639,email_attachment
2026-05-29 13:08:25,DVM0465,email_attachment
2026-05-29 13:09:48,RAV9544,email_attachment
2026-05-29 13:14:24,WBH1128,email_attachment
2026-05-29 13:14:47,EFT3587,email_attachment
2026-05-29 13:17:06,MBL1790,email_attachment
2026-05-29 13:21:21,BJJ9883,email_attachment
2026-05-29 13:21:32,LSS4926,email_attachment
2026-05-29 13:22:59,PYP8182,email_attachment
2026-05-29 13:24:53,AGP7231,email_attachment
2026-05-29 13:25:17,ADL7522,usb_connect
2026-05-29 13:27:06,HNV3692,email_attachment
2026-05-29 13:35:35,WRH5562,email_attachment
2026-05-29 13:39:28,GZE8262,email_attachment
2026-05-29 13:39:49,FTB2147,email_attachment
2026-05-29 13:43:54,GTK1590,email_attachment
2026-05-29 13:57:07,LCD7746,email_attachment
2026-05-29 14:03:47,KAN7127,email_attachment
2026-05-29 14:08:35,BZV5058,email_attachment
2026-05-29 14:28:45,VQH6167,email_attachment
2026-05-29 14:29:41,SEX3930,external_upload
2026-05-29 14:37:02,KFM9718,email_attachment
2026-05-29 14:37:32,EGE4292,email_attachment
2026-05-29 14:40:46,WPW1401,email_attachment
2026-05-29 14:56:22,AUS4314,email_attachment
2026-05-29 14:58:18,NAF6431,email_attachment
2026-05-29 15:45:10,PSS7319,email_attachment
2026-05-29 16:19:37,PZP4279,email_attachment
2026-05-29 16:22:14,NCU7789,external_upload
2026-05-29 16:59:37,RKM6563,email_attachment
2026-05-29 18:16:24,JZT4989,email_attachment
2026-05-30 10:51:33,UWY3981,usb_connect
2026-05-30 11:02:54,QGN4889,email_attachment
2026-05-30 15:05:49,ADL7522,usb_connect
2026-05-30 17:20:15,UWY3981,external_upload
2026-05-30 18:08:23,SYT0435,external_upload
2026-05-31 13:36:44,WEW2686,email_attachment
2026-05-31 16:26:56,ADL7522,external_upload
2026-05-31 16:27:56,MLG1806,usb_connect
2026-06-01 06:10:41,HJJ8961,email_attachment
2026-06-01 06:46:56,PMJ2575,email_attachment
2026-06-01 07:25:49,NFM9393,email_attachment
2026-06-01 08:32:12,PUD8038,email_attachment
2026-06-01 08:36:12,ZWY4442,email_attachment
2026-06-01 08:49:46,MCC9628,email_attachment
2026-06-01 08:58:32,DLN5803,email_attachment
2026-06-01 09:01:52,BNP5840,email_attachment
2026-06-01 09:09:58,BRD9424,email_attachment
2026-06-01 09:13:44,QTM2961,email_attachment
2026-06-01 09:13:47,PUH7781,email_attachment
2026-06-01 09:15:33,QHP7767,email_attachment
2026-06-01 09:19:10,PYE1356,email_attachment
2026-06-01 09:19:47,KWS9285,email_attachment
2026-06-01 09:21:50,DZG6303,email_attachment
2026-06-01 09:24:10,NUM6882,email_attachment
2026-06-01 09:26:56,RMR1374,email_attachment
2026-06-01 09:32:19,JAT3224,email_attachment
2026-06-01 09:34:25,SEA8756,external_upload
2026-06-01 09:36:37,EVE9861,email_attachment
2026-06-01 09:39:05,RQX2265,email_attachment
2026-06-01 09:41:59,CLU4292,email_attachment
2026-06-01 09:43:41,ZJV1416,email_attachment
2026-06-01 09:44:03,LSN9254,email_attachment
2026-06-01 09:45:24,AMT3951,email_attachment
2026-06-01 09:47:18,KQF9279,email_attachment
2026-06-01 09:49:51,DNS6392,external_upload
2026-06-01 09:49:57,NKG7115,email_attachment
2026-06-01 09:51:14,QJG3172,email_attachment
2026-06-01 09:52:14,RCD1239,email_attachment
2026-06-01 09:57:05,JGH7582,email_attachment
2026-06-01 09:58:12,VPP1509,email_attachment
2026-06-01 09:59:16,AWD1773,email_attachment
2026-06-01 09:59:47,EDX0830,email_attachment
2026-06-01 10:03:16,MEG7072,usb_connect
2026-06-01 10:03:23,AFM6655,email_attachment
2026-06-01 10:03:47,MJM7888,email_attachment
2026-06-01 10:04:11,URE3093,external_upload
2026-06-01 10:04:58,VEF4759,email_attachment
2026-06-01 10:06:01,WNC6066,external_upload
2026-06-01 10:06:28,REY5228,email_attachment
2026-06-01 10:06:51,TGH1943,email_attachment
2026-06-01 10:06:58,PGT7229,email_attachment
2026-06-01 10:08:05,BKG0428,email_attachment
2026-06-01 10:08:23,PWT2372,email_attachment
2026-06-01 10:09:33,AWD6308,email_attachment
2026-06-01 10:09:51,CBQ4454,email_attachment
2026-06-01 10:12:17,XNQ7534,email_attachment
2026-06-01 10:15:24,FAM1900,email_attachment
2026-06-01 10:15:49,YJN2204,email_attachment
2026-06-01 10:17:13,UDC1036,email_attachment
2026-06-01 10:17:36,MBL1790,email_attachment
2026-06-01 10:20:54,FDF0458,email_attachment
2026-06-01 10:28:43,CQE8059,email_attachment
2026-06-01 10:29:46,DUN8279,email_attachment
2026-06-01 10:30:43,FYP3672,external_upload
2026-06-01 10:33:28,GSY3617,email_attachment
2026-06-01 10:35:46,MSQ8629,email_attachment
2026-06-01 10:36:34,DDB3409,email_attachment
2026-06-01 10:41:29,PCP4778,email_attachment
2026-06-01 10:41:37,DLN5803,email_attachment
2026-06-01 10:43:54,CUR2946,email_attachment
2026-06-01 10:46:20,UYA1901,email_attachment
2026-06-01 10:46:44,EWF9587,email_attachment
2026-06-01 10:49:09,HFN9307,email_attachment
2026-06-01 10:53:23,EJW8504,external_upload
2026-06-01 10:56:36,BMC8908,external_upload
2026-06-01 10:58:23,GDQ4471,email_attachment
2026-06-01 11:00:00,DLN5803,email_attachment
2026-06-01 11:01:47,SLW4036,external_upload
2026-06-01 11:03:33,ECY9951,email_attachment
2026-06-01 11:04:37,JGK6296,email_attachment
2026-06-01 11:05:21,HUX4923,email_attachment
2026-06-01 11:05:50,JHS3839,email_attachment
2026-06-01 11:10:53,HLZ1544,email_attachment
2026-06-01 11:10:59,PNY6570,email_attachment
2026-06-01 11:11:08,QPJ2223,email_attachment
2026-06-01 11:12:42,ZUM4588,email_attachment
2026-06-01 11:16:16,QER6959,email_attachment
2026-06-01 11:18:58,PSZ0395,email_attachment
2026-06-01 11:22:39,PZE6595,email_attachment
2026-06-01 11:23:47,DUR0271,email_attachment
2026-06-01 11:27:19,YDU0477,email_attachment
2026-06-01 11:28:02,SBZ8625,email_attachment
2026-06-01 11:29:09,WNZ6737,email_attachment
2026-06-01 11:29:25,QAG3461,email_attachment
2026-06-01 11:43:47,NHC4657,email_attachment
2026-06-01 11:46:19,SFX9426,email_attachment
2026-06-01 11:48:08,JFR6002,email_attachment
2026-06-01 11:51:54,EGN8911,email_attachment
2026-06-01 11:52:07,KNL2118,email_attachment
2026-06-01 11:52:50,RAN1908,email_attachment
2026-06-01 11:52:51,UZF0135,email_attachment
2026-06-01 11:56:21,URE3093,email_attachment
2026-06-01 12:00:12,KQZ1852,email_attachment
2026-06-01 12:01:35,JJX7773,email_attachment
2026-06-01 12:03:37,ELX7360,email_attachment
2026-06-01 12:04:34,MDW8277,email_attachment
2026-06-01 12:06:37,UTB8574,email_attachment
2026-06-01 12:08:25,ZEX4754,email_attachment
2026-06-01 12:08:53,PEV4917,email_attachment
2026-06-01 12:17:06,HSQ8158,email_attachment
2026-06-01 12:17:23,CWZ8878,email_attachment
2026-06-01 12:20:08,NFG5180,email_attachment
2026-06-01 12:22:56,KCF6129,email_attachment
2026-06-01 12:27:58,AVL7593,email_attachment
2026-06-01 12:28:14,SQV6235,email_attachment
2026-06-01 12:29:40,TZX0052,email_attachment
2026-06-01 12:29:56,JNQ3318,email_attachment
2026-06-01 12:33:02,ADE0330,email_attachment
2026-06-01 12:36:11,RSC5904,email_attachment
2026-06-01 12:41:53,XUY0616,email_attachment
2026-06-01 12:42:47,AYV5603,email_attachment
2026-06-01 12:44:04,RAQ3126,email_attachment
2026-06-01 12:44:40,WMF0666,email_attachment
2026-06-01 12:46:18,XTF5743,email_attachment
2026-06-01 12:48:49,NJA9445,email_attachment
2026-06-01 12:52:01,AHW0731,email_attachment
2026-06-01 12:53:34,VJS9473,email_attachment
2026-06-01 12:54:37,NUK6400,email_attachment
2026-06-01 12:55:52,LSS4926,email_attachment
2026-06-01 12:59:43,FRW3182,email_attachment
2026-06-01 13:05:04,AJF5839,email_attachment
2026-06-01 13:07:03,XYA5835,email_attachment
2026-06-01 13:07:38,WYA6618,email_attachment
2026-06-01 13:08:24,CGF8722,email_attachment
2026-06-01 13:11:03,LLE7318,email_attachment
2026-06-01 13:12:30,SNN2223,email_attachment
2026-06-01 13:13:53,DLN5803,email_attachment
2026-06-01 13:14:35,JKQ2520,email_attachment
2026-06-01 13:14:41,DRJ4735,email_attachment
2026-06-01 13:15:09,DVP3588,email_attachment
2026-06-01 13:20:49,YDS0481,email_attachment
2026-06-01 13:25:18,KUB8455,email_attachment
2026-06-01 13:25:48,HKB7050,email_attachment
2026-06-01 13:27:39,DLN5803,email_attachment
2026-06-01 13:30:27,YVQ4468,email_attachment
2026-06-01 13:31:48,HUX5908,external_upload
2026-06-01 13:35:07,VXK9645,external_upload
2026-06-01 13:37:53,ZZW5618,email_attachment
2026-06-01 13:40:34,DXS7351,email_attachment
2026-06-01 13:42:43,RCW3682,email_attachment
2026-06-01 13:44:03,BCA1450,email_attachment
2026-06-01 13:45:20,EKS3015,email_attachment
2026-06-01 13:45:25,RMA9672,email_attachment
2026-06-01 13:46:02,QAU0816,email_attachment
2026-06-01 13:46:28,WGH7459,external_upload
2026-06-01 14:00:25,PUJ9838,email_attachment
2026-06-01 14:04:15,STE4877,email_attachment
2026-06-01 14:08:35,VMF3722,email_attachment
2026-06-01 14:36:55,FAP0273,email_attachment
2026-06-01 14:44:57,FAP0273,email_attachment
2026-06-01 14:53:09,FAP0273,email_attachment
2026-06-01 15:05:10,FAP0273,email_attachment
2026-06-01 15:17:57,FAP0273,email_attachment
2026-06-01 15:18:51,GPM7681,email_attachment
2026-06-01 15:22:18,VWP2492,email_attachment
2026-06-01 15:31:24,FAP0273,email_attachment
2026-06-01 15:34:23,FAP0273,email_attachment
2026-06-01 15:41:43,FAP0273,email_attachment
2026-06-01 16:05:35,FAP0273,email_attachment
2026-06-01 16:05:58,FAP0273,email_attachment
2026-06-01 16:06:23,FAP0273,email_attachment
2026-06-01 16:08:23,FAP0273,email_attachment
2026-06-01 16:13:36,FAP0273,email_attachment
2026-06-01 16:15:41,MFJ0514,email_attachment
2026-06-01 16:22:13,BEM7786,external_upload
2026-06-01 16:43:34,URV9227,email_attachment
2026-06-01 16:58:56,FAP0273,email_attachment
2026-06-01 17:02:34,FAP0273,email_attachment
2026-06-01 17:03:30,FAP0273,email_attachment
2026-06-01 17:05:46,HDQ4000,email_attachment
2026-06-01 17:19:07,RLJ7278,email_attachment
2026-06-01 18:40:28,FAP0273,email_attachment
2026-06-01 18:44:42,LWR8329,email_attachment
2026-06-02 06:32:41,KDX8366,email_attachment
2026-06-02 06:37:06,QMF5236,email_attachment
2026-06-02 07:10:17,MBF0954,email_attachment
2026-06-02 07:14:08,EPR5162,email_attachment
2026-06-02 07:56:04,FPK2167,external_upload
2026-06-02 08:16:42,ASJ5787,email_attachment
2026-06-02 08:20:50,PKQ0587,email_attachment
2026-06-02 08:28:47,WQD6977,email_attachment
2026-06-02 08:29:11,BYH4413,email_attachment
2026-06-02 08:48:03,EBR0860,email_attachment
2026-06-02 08:55:37,WYW4325,email_attachment
2026-06-02 08:57:22,YML8814,email_attachment
2026-06-02 09:00:42,QJY3577,email_attachment
2026-06-02 09:08:00,JKK8889,email_attachment
2026-06-02 09:10:59,UKB0428,email_attachment
2026-06-02 09:15:49,TNQ7412,email_attachment
2026-06-02 09:19:40,SLV6160,email_attachment
2026-06-02 09:26:59,LAG9610,email_attachment
2026-06-02 09:36:02,WQC0866,email_attachment
2026-06-02 09:36:24,PTV3708,email_attachment
2026-06-02 09:38:00,JQS8684,email_attachment
2026-06-02 09:38:04,YUW0130,external_upload
2026-06-02 09:42:43,LQC3932,email_attachment
2026-06-02 09:45:27,DKN8106,email_attachment
2026-06-02 09:51:13,TQL9765,email_attachment
2026-06-02 09:54:14,BBH7509,email_attachment
2026-06-02 09:55:38,QUX8484,email_attachment
2026-06-02 09:56:16,DUR0271,email_attachment
2026-06-02 09:56:35,XWE1000,email_attachment
2026-06-02 09:57:50,WLP3029,external_upload
2026-06-02 10:03:04,ZPC9799,email_attachment
2026-06-02 10:06:35,VJQ4915,email_attachment
2026-06-02 10:09:22,NHA3655,email_attachment
2026-06-02 10:12:52,GUW5758,email_attachment
2026-06-02 10:13:50,PPE6652,email_attachment
2026-06-02 10:16:39,KCF6129,email_attachment
2026-06-02 10:16:45,KZW1655,email_attachment
2026-06-02 10:18:23,BQZ1130,email_attachment
2026-06-02 10:18:36,QPP6179,email_attachment
2026-06-02 10:21:16,XWY4351,email_attachment
2026-06-02 10:24:55,BKB9111,email_attachment
2026-06-02 10:33:00,SLW4036,email_attachment
2026-06-02 10:33:31,HQS6029,email_attachment
2026-06-02 10:34:21,UJM1032,email_attachment
2026-06-02 10:35:22,RXP3546,email_attachment
2026-06-02 10:42:47,WAZ0807,email_attachment
2026-06-02 10:43:34,RUH8404,email_attachment
2026-06-02 10:47:55,HMU0162,email_attachment
2026-06-02 10:47:57,JZS9834,email_attachment
2026-06-02 10:51:40,LSS4926,email_attachment
2026-06-02 10:52:05,ASH2177,external_upload
2026-06-02 10:54:13,WYK4800,email_attachment
2026-06-02 10:55:46,CBQ4454,email_attachment
2026-06-02 10:55:57,GZG5689,email_attachment
2026-06-02 10:58:12,XEC2112,email_attachment
2026-06-02 11:04:44,AGH1760,email_attachment
2026-06-02 11:04:55,DRH2063,email_attachment
2026-06-02 11:10:05,TDT0042,external_upload
2026-06-02 11:10:09,RQX2265,email_attachment
2026-06-02 11:16:11,DTW2539,email_attachment
2026-06-02 11:22:43,GCX8279,email_attachment
2026-06-02 11:23:09,NWU4142,email_attachment
2026-06-02 11:24:22,CME8175,email_attachment
2026-06-02 11:26:07,SHU2366,email_attachment
2026-06-02 11:29:55,BAS9086,email_attachment
2026-06-02 11:30:50,YVK4363,email_attachment
2026-06-02 11:30:57,WYK4800,external_upload
2026-06-02 11:31:46,ZSB7055,email_attachment
2026-06-02 11:33:58,YJG3414,email_attachment
2026-06-02 11:34:15,LGB8139,email_attachment
2026-06-02 11:37:16,FNB0006,email_attachment
2026-06-02 11:38:43,XCK4519,email_attachment
2026-06-02 11:45:03,CPV6745,email_attachment
2026-06-02 11:46:59,KHQ4432,email_attachment
2026-06-02 11:47:38,QPJ2223,email_attachment
2026-06-02 11:48:48,DLN5803,email_attachment
2026-06-02 11:51:16,ADV1511,email_attachment
2026-06-02 11:55:45,ZHK7052,external_upload
2026-06-02 11:56:05,HUD1777,email_attachment
2026-06-02 11:56:49,ARA7680,email_attachment
2026-06-02 12:01:46,DLN5803,email_attachment
2026-06-02 12:13:52,RXQ7992,email_attachment
2026-06-02 12:19:32,FYX5955,email_attachment
2026-06-02 12:21:00,BZK1628,external_upload
2026-06-02 12:23:46,FKD9447,email_attachment
2026-06-02 12:23:51,UDW8277,email_attachment
2026-06-02 12:24:17,DLN5803,email_attachment
2026-06-02 12:24:52,FRW3182,email_attachment
2026-06-02 12:25:12,WSQ7704,email_attachment
2026-06-02 12:25:38,GPW3461,email_attachment
2026-06-02 12:26:03,HNV3692,email_attachment
2026-06-02 12:27:35,WTA6371,email_attachment
2026-06-02 12:28:51,LKL1757,email_attachment
2026-06-02 12:29:59,DBL8711,email_attachment
2026-06-02 12:33:50,TBZ5694,email_attachment
2026-06-02 12:38:09,NWJ3278,email_attachment
2026-06-02 12:39:17,AGX2877,email_attachment
2026-06-02 12:47:22,DLN5803,email_attachment
2026-06-02 12:48:33,VQU7934,email_attachment
2026-06-02 12:54:55,DZR5647,email_attachment
2026-06-02 13:00:04,DLN5803,email_attachment
2026-06-02 13:00:39,AQJ5799,email_attachment
2026-06-02 13:03:00,NWC4997,email_attachment
2026-06-02 13:03:55,HJQ8937,email_attachment
2026-06-02 13:05:18,DLN5803,email_attachment
2026-06-02 13:10:45,LCE0048,email_attachment
2026-06-02 13:10:49,UXK1209,email_attachment
2026-06-02 13:13:17,YEL9905,email_attachment
2026-06-02 13:15:06,GXX6793,email_attachment
2026-06-02 13:18:42,GZE8262,email_attachment
2026-06-02 13:19:21,ZVB8376,email_attachment
2026-06-02 13:24:02,SDA4591,email_attachment
2026-06-02 13:31:57,ERN1693,email_attachment
2026-06-02 13:35:17,LAH1595,email_attachment
2026-06-02 13:36:10,ZEX4754,email_attachment
2026-06-02 13:39:44,RLN0770,email_attachment
2026-06-02 13:40:32,FAP0273,email_attachment
2026-06-02 13:40:49,LZY0366,email_attachment
2026-06-02 13:43:05,APF7818,email_attachment
2026-06-02 13:54:50,DDH6028,email_attachment
2026-06-02 13:55:58,FAP0273,email_attachment
2026-06-02 13:56:05,LQN7970,external_upload
2026-06-02 13:56:43,QWE4909,email_attachment
2026-06-02 13:57:36,CXD4649,email_attachment
2026-06-02 13:59:30,BNT0262,email_attachment
2026-06-02 14:01:03,RAX0999,email_attachment
2026-06-02 14:02:45,JZV6139,email_attachment
2026-06-02 14:06:02,FAP0273,email_attachment
2026-06-02 14:06:10,BCK0017,email_attachment
2026-06-02 14:15:24,VWP2492,usb_connect
2026-06-02 14:15:30,AZD2495,email_attachment
2026-06-02 14:29:58,BZK1628,email_attachment
2026-06-02 14:36:20,RPB6169,email_attachment
2026-06-02 14:56:33,VMF3722,email_attachment
2026-06-02 15:02:41,FAP0273,email_attachment
2026-06-02 15:07:17,FAP0273,email_attachment
2026-06-02 15:08:36,FAP0273,email_attachment
2026-06-02 15:31:50,FAP0273,email_attachment
2026-06-02 15:36:30,FAP0273,email_attachment
2026-06-02 15:42:03,FAP0273,email_attachment
2026-06-02 15:45:35,EER7836,usb_connect
2026-06-02 15:47:20,FAP0273,email_attachment
2026-06-02 15:53:55,REX4712,email_attachment
2026-06-02 16:10:31,NSW2398,email_attachment
2026-06-02 16:15:17,QAK7911,email_attachment
2026-06-02 16:22:10,SEX3930,email_attachment
2026-06-02 16:23:08,FAP0273,email_attachment
2026-06-02 16:53:13,UMH6643,email_attachment
2026-06-02 16:56:47,FAP0273,email_attachment
2026-06-02 17:02:18,FAP0273,email_attachment
2026-06-02 17:02:49,FAP0273,email_attachment
2026-06-02 17:22:07,SSG9024,email_attachment
2026-06-02 17:22:08,UHB1648,external_upload
2026-06-02 17:35:03,YEA8551,email_attachment
2026-06-02 17:37:26,FAP0273,email_attachment
2026-06-02 17:42:15,KTA2564,email_attachment
2026-06-02 17:42:43,FAP0273,email_attachment
2026-06-02 17:45:48,FSK9241,email_attachment
2026-06-02 17:54:28,FAP0273,email_attachment
2026-06-02 17:58:39,FAP0273,email_attachment
2026-06-02 18:06:13,FAP0273,email_attachment
2026-06-02 18:08:25,FAP0273,email_attachment
2026-06-02 18:25:29,QJE3186,email_attachment
2026-06-02 18:26:00,EZS7293,email_attachment
2026-06-02 18:29:10,SDK3028,email_attachment
2026-06-02 19:26:33,HSH2400,external_upload
2026-06-03 06:11:47,LMK4501,email_attachment
2026-06-03 07:03:26,GDC9972,email_attachment
2026-06-03 07:07:31,FKJ0479,email_attachment
2026-06-03 07:17:28,JEE2601,email_attachment
2026-06-03 07:22:12,WCZ3825,email_attachment
2026-06-03 07:41:09,EPR5162,email_attachment
2026-06-03 07:47:53,KHF6510,email_attachment
2026-06-03 07:53:26,LKB0400,email_attachment
2026-06-03 08:00:11,EDQ2066,email_attachment
2026-06-03 08:06:32,DKP7995,usb_connect
2026-06-03 08:30:03,VJQ4915,email_attachment
2026-06-03 08:59:44,FXM5258,email_attachment
2026-06-03 09:03:55,NPU2327,email_attachment
2026-06-03 09:05:03,UYA1901,email_attachment
2026-06-03 09:12:06,BQG7179,email_attachment
2026-06-03 09:21:20,GDV3443,external_upload
2026-06-03 09:23:48,VQM6871,email_attachment
2026-06-03 09:24:23,JFW7402,email_attachment
2026-06-03 09:25:12,NLR0262,email_attachment
2026-06-03 09:30:14,ZLF7328,email_attachment
2026-06-03 09:35:01,DLN5803,email_attachment
2026-06-03 09:39:25,DEM6096,email_attachment
2026-06-03 09:39:34,TFH1718,email_attachment
2026-06-03 09:46:41,XYZ5709,email_attachment
2026-06-03 09:50:47,SXT6195,email_attachment
2026-06-03 09:52:48,EGE2962,email_attachment
2026-06-03 09:53:58,QRG1638,email_attachment
2026-06-03 10:05:02,GKY7969,email_attachment
2026-06-03 10:07:21,WFK1303,external_upload
2026-06-03 10:11:34,UEP3443,email_attachment
2026-06-03 10:12:00,VQK5549,email_attachment
2026-06-03 10:14:15,DUC6242,email_attachment
2026-06-03 10:14:22,ZYS0684,email_attachment
2026-06-03 10:15:12,HLX3539,email_attachment
2026-06-03 10:19:15,JRS7748,email_attachment
2026-06-03 10:19:19,CHQ2090,email_attachment
2026-06-03 10:20:25,VWK2421,email_attachment
2026-06-03 10:22:20,MLP4344,email_attachment
2026-06-03 10:23:17,EDX0830,email_attachment
2026-06-03 10:27:37,VZK5081,email_attachment
2026-06-03 10:30:12,QCU6852,email_attachment
2026-06-03 10:34:54,UML4272,email_attachment
2026-06-03 10:35:15,NGJ9474,email_attachment
2026-06-03 10:37:22,DLN5803,email_attachment
2026-06-03 10:37:52,DJF2928,email_attachment
2026-06-03 10:38:26,SQE3562,email_attachment
2026-06-03 10:40:36,FPD3066,email_attachment
2026-06-03 10:43:14,JAC2356,email_attachment
2026-06-03 10:46:04,KRB4673,email_attachment
2026-06-03 10:46:12,PRY5497,email_attachment
2026-06-03 10:52:19,XEM8057,external_upload
2026-06-03 10:54:41,RPB2221,external_upload
2026-06-03 10:55:02,BPW6998,email_attachment
2026-06-03 10:59:41,AGK7687,email_attachment
2026-06-03 11:00:01,MCM4583,email_attachment
2026-06-03 11:00:15,JKQ2520,email_attachment
2026-06-03 11:01:55,TMU3491,email_attachment
2026-06-03 11:04:07,VTL6818,email_attachment
2026-06-03 11:05:48,CLM1185,email_attachment
2026-06-03 11:06:37,SUQ8029,email_attachment
2026-06-03 11:18:33,QQJ6766,email_attachment
2026-06-03 11:20:40,MHN4051,email_attachment
2026-06-03 11:21:40,BNC0564,email_attachment
2026-06-03 11:30:01,CPV6745,email_attachment
2026-06-03 11:30:36,DLN5803,email_attachment
2026-06-03 11:31:11,DDB3409,email_attachment
2026-06-03 11:32:47,CHB9042,email_attachment
2026-06-03 11:38:55,KVE6797,email_attachment
2026-06-03 11:39:44,UJY8631,external_upload
2026-06-03 11:43:35,GMA8519,email_attachment
2026-06-03 11:47:14,PQW5115,email_attachment
2026-06-03 11:48:12,RBT7287,email_attachment
2026-06-03 11:56:31,NUK6400,external_upload
2026-06-03 11:56:47,FGQ3884,external_upload
2026-06-03 12:01:06,BKG0428,email_attachment
2026-06-03 12:01:47,LES3747,email_attachment
2026-06-03 12:02:59,PCC6098,email_attachment
2026-06-03 12:03:36,ULK7678,email_attachment
2026-06-03 12:09:14,HNV3692,external_upload
2026-06-03 12:13:13,JCN9287,email_attachment
2026-06-03 12:14:13,KFQ0753,email_attachment
2026-06-03 12:18:45,YXE8611,usb_connect
2026-06-03 12:19:01,DHG3808,email_attachment
2026-06-03 12:20:20,NMG2401,external_upload
2026-06-03 12:21:54,DLN5803,email_attachment
2026-06-03 12:23:39,DHT9626,email_attachment
2026-06-03 12:38:05,UTP4301,email_attachment
2026-06-03 12:38:13,BKB9111,email_attachment
2026-06-03 12:38:17,RKB7991,email_attachment
2026-06-03 12:38:52,ZZM0775,email_attachment
2026-06-03 12:41:00,LEQ0221,email_attachment
2026-06-03 12:41:03,SXL0642,email_attachment
2026-06-03 12:41:11,REY5228,email_attachment
2026-06-03 12:43:41,GJJ8559,external_upload
2026-06-03 12:44:28,ZFL8607,email_attachment
2026-06-03 12:50:24,DXE2593,email_attachment
2026-06-03 12:53:48,JWE8116,email_attachment
2026-06-03 13:02:56,TAS0828,email_attachment
2026-06-03 13:03:44,NZS3709,email_attachment
2026-06-03 13:06:38,PRH8587,email_attachment
2026-06-03 13:07:09,EMY0546,email_attachment
2026-06-03 13:11:36,DLN5803,email_attachment
2026-06-03 13:22:41,VMF5653,external_upload
2026-06-03 13:29:40,DLN5803,email_attachment
2026-06-03 13:30:04,HEP4992,email_attachment
2026-06-03 13:31:57,LER8757,email_attachment
2026-06-03 13:39:28,UNN4361,external_upload
2026-06-03 13:48:30,PEE1804,email_attachment
2026-06-03 14:03:14,LXG5367,email_attachment
2026-06-03 14:07:19,BTP8472,email_attachment
2026-06-03 14:13:07,SEP7391,email_attachment
2026-06-03 14:17:05,FAP0273,email_attachment
2026-06-03 14:19:20,FAP0273,email_attachment
2026-06-03 14:42:14,FAP0273,email_attachment
2026-06-03 14:52:05,FAP0273,email_attachment
2026-06-03 14:55:58,FAP0273,email_attachment
2026-06-03 15:21:55,BEM7786,email_attachment
2026-06-03 15:27:28,FAP0273,email_attachment
2026-06-03 15:38:37,XDH2481,email_attachment
2026-06-03 16:00:20,FAP0273,email_attachment
2026-06-03 16:03:02,FAP0273,email_attachment
2026-06-03 16:17:02,FAP0273,email_attachment
2026-06-03 16:17:52,FAP0273,email_attachment
2026-06-03 16:21:18,ZZV3753,email_attachment
2026-06-03 16:24:32,FAP0273,email_attachment
2026-06-03 16:30:42,FAP0273,email_attachment
2026-06-03 16:32:25,GYF6442,email_attachment
2026-06-03 16:32:31,FAP0273,email_attachment
2026-06-03 16:41:30,RZG0245,email_attachment
2026-06-03 16:50:20,FAP0273,email_attachment
2026-06-03 16:59:59,FAP0273,email_attachment
2026-06-03 17:08:02,FAP0273,email_attachment
2026-06-03 17:17:11,TDP1357,email_attachment
2026-06-03 17:29:38,SZF0602,email_attachment
2026-06-03 17:37:26,FAP0273,email_attachment
2026-06-03 17:53:51,FAP0273,email_attachment
2026-06-03 18:02:45,FAP0273,email_attachment
2026-06-03 18:06:33,FAP0273,email_attachment
2026-06-03 18:10:10,FAP0273,email_attachment
2026-06-03 18:12:00,WKR1017,email_attachment
2026-06-03 18:23:35,MJK0021,email_attachment
2026-06-03 18:36:55,FAP0273,email_attachment
2026-06-03 18:56:48,FAP0273,email_attachment
2026-06-03 18:58:31,FAP0273,email_attachment
2026-06-04 06:54:14,VZH0138,email_attachment
2026-06-04 06:59:09,JVL5883,email_attachment
2026-06-04 07:25:44,YQJ4344,email_attachment
2026-06-04 07:27:35,CHB9042,email_attachment
2026-06-04 07:38:00,RPB2221,email_attachment
2026-06-04 07:41:27,ERD3114,email_attachment
2026-06-04 08:06:22,UKE7449,email_attachment
2026-06-04 08:08:52,VTL6818,email_attachment
2026-06-04 08:14:39,GMQ6392,email_attachment
2026-06-04 08:39:03,UHB1648,usb_connect
2026-06-04 08:51:49,VDC9790,email_attachment
2026-06-04 08:56:24,DXZ1860,email_attachment
2026-06-04 08:58:04,AYF3784,email_attachment
2026-06-04 09:18:43,REY5228,email_attachment
2026-06-04 09:19:23,UWU3881,email_attachment
2026-06-04 09:24:40,WLP6666,email_attachment
2026-06-04 09:26:33,EBR6957,email_attachment
2026-06-04 09:26:58,RDZ6044,email_attachment
2026-06-04 09:31:29,FYW9481,email_attachment
2026-06-04 09:33:50,NYU1092,email_attachment
2026-06-04 09:39:13,FHJ7859,external_upload
2026-06-04 09:44:20,ZLS6708,email_attachment
2026-06-04 09:48:05,CQY5588,email_attachment
2026-06-04 09:51:00,PCT1393,email_attachment
2026-06-04 09:51:18,LQN7970,email_attachment
2026-06-04 09:52:54,GCA6821,email_attachment
2026-06-04 09:57:08,AZN7804,email_attachment
2026-06-04 10:03:05,YSD3389,external_upload
2026-06-04 10:03:56,TKR9198,email_attachment
2026-06-04 10:04:56,HKA8269,email_attachment
2026-06-04 10:06:44,UQJ8329,email_attachment
2026-06-04 10:07:15,DVD2507,email_attachment
2026-06-04 10:08:49,TDD5958,email_attachment
2026-06-04 10:12:13,KZG4945,email_attachment
2026-06-04 10:13:28,DLN5803,email_attachment
2026-06-04 10:15:01,WYR6092,email_attachment
2026-06-04 10:15:24,MLP3442,email_attachment
2026-06-04 10:15:57,DKK2039,email_attachment
2026-06-04 10:18:46,ADE0330,email_attachment
2026-06-04 10:20:38,MHA1657,email_attachment
2026-06-04 10:20:46,EVA6243,email_attachment
2026-06-04 10:22:19,MSV4399,email_attachment
2026-06-04 10:23:47,BYQ0055,email_attachment
2026-06-04 10:24:40,QJS2178,email_attachment
2026-06-04 10:26:07,XVG6611,email_attachment
2026-06-04 10:26:28,JQB8686,email_attachment
2026-06-04 10:27:45,BQZ1130,email_attachment
2026-06-04 10:30:08,YJJ7053,external_upload
2026-06-04 10:33:21,ULK7678,email_attachment
2026-06-04 10:36:25,JUP3771,email_attachment
2026-06-04 10:37:42,DHT3461,email_attachment
2026-06-04 10:40:34,BNT0262,email_attachment
2026-06-04 10:41:23,NDQ7160,email_attachment
2026-06-04 10:42:18,ENH2152,email_attachment
2026-06-04 10:44:43,UGN5077,email_attachment
2026-06-04 10:44:50,ELX7360,email_attachment
2026-06-04 10:48:12,WLX3952,email_attachment
2026-06-04 10:50:09,ATR3306,email_attachment
2026-06-04 10:50:48,MJD5091,external_upload
2026-06-04 10:55:52,ZSB7055,email_attachment
2026-06-04 10:56:25,XMV6673,email_attachment
2026-06-04 10:56:28,CGR6865,email_attachment
2026-06-04 10:56:49,EXA3734,email_attachment
2026-06-04 10:56:56,UYA1901,email_attachment
2026-06-04 11:01:13,PLP4598,email_attachment
2026-06-04 11:01:57,RXP3546,email_attachment
2026-06-04 11:04:11,RKB7991,external_upload
2026-06-04 11:07:52,DLN5803,email_attachment
2026-06-04 11:09:55,YDS0481,email_attachment
2026-06-04 11:10:02,TEB4639,email_attachment
2026-06-04 11:12:54,RSD1634,email_attachment
2026-06-04 11:12:58,GKN1863,usb_connect
2026-06-04 11:15:03,SFX9426,email_attachment
2026-06-04 11:15:38,KBH1637,email_attachment
2026-06-04 11:18:44,TPW6281,external_upload
2026-06-04 11:19:54,ZUU9989,email_attachment
2026-06-04 11:21:36,HMU0162,external_upload
2026-06-04 11:24:14,LCD0888,email_attachment
2026-06-04 11:24:53,DLN5803,email_attachment
2026-06-04 11:25:50,ZPS7623,email_attachment
2026-06-04 11:26:28,DLN5803,email_attachment
2026-06-04 11:26:53,YSE5930,email_attachment
2026-06-04 11:27:07,URQ8735,email_attachment
2026-06-04 11:28:20,CFK9105,email_attachment
2026-06-04 11:28:51,AHB3837,email_attachment
2026-06-04 11:32:28,AZG7274,email_attachment
2026-06-04 11:33:23,XXA2565,email_attachment
2026-06-04 11:35:49,HBS3101,email_attachment
2026-06-04 11:38:37,CYX4683,email_attachment
2026-06-04 11:40:55,CTX8615,email_attachment
2026-06-04 11:43:36,LNA6079,email_attachment
2026-06-04 11:44:37,DDL7713,email_attachment
2026-06-04 11:44:52,PFM2070,email_attachment
2026-06-04 11:46:00,LCE0048,email_attachment
2026-06-04 11:49:10,NAV6136,email_attachment
2026-06-04 11:54:10,JZE7158,email_attachment
2026-06-04 11:57:31,NVE7583,email_attachment
2026-06-04 12:05:23,YAW5851,email_attachment
2026-06-04 12:10:39,EED0695,external_upload
2026-06-04 12:12:28,CNE5112,email_attachment
2026-06-04 12:15:56,BDN6520,email_attachment
2026-06-04 12:16:02,KKY5139,email_attachment
2026-06-04 12:19:27,QDX0204,email_attachment
2026-06-04 12:19:43,SSL4131,email_attachment
2026-06-04 12:22:09,PUJ9838,email_attachment
2026-06-04 12:24:32,GUZ0270,email_attachment
2026-06-04 12:28:33,WYQ0257,email_attachment
2026-06-04 12:35:21,XYD3019,email_attachment
2026-06-04 12:37:58,NFK9565,email_attachment
2026-06-04 12:42:41,HNJ6294,email_attachment
2026-06-04 12:43:47,RJF0501,email_attachment
2026-06-04 12:43:55,QGK7077,external_upload
2026-06-04 12:47:07,NWU4142,email_attachment
2026-06-04 12:51:50,JVX0462,email_attachment
2026-06-04 12:56:37,LRJ0183,email_attachment
2026-06-04 12:56:41,XRP2947,external_upload
2026-06-04 13:00:37,KBZ6105,email_attachment
2026-06-04 13:08:50,MGR2928,email_attachment
2026-06-04 13:09:49,XNW4360,email_attachment
2026-06-04 13:11:29,DLN5803,email_attachment
2026-06-04 13:17:16,RBH8130,email_attachment
2026-06-04 13:18:29,HSN4879,email_attachment
2026-06-04 13:23:02,YPQ3900,email_attachment
2026-06-04 13:24:13,SVG0207,email_attachment
2026-06-04 13:31:34,HWH3695,email_attachment
2026-06-04 13:51:31,FAP0273,email_attachment
2026-06-04 14:06:01,XWE1000,email_attachment
2026-06-04 14:06:34,SQE3562,usb_connect
2026-06-04 14:10:21,DYQ2940,email_attachment
2026-06-04 14:18:56,FAP0273,email_attachment
2026-06-04 14:27:18,FAP0273,email_attachment
2026-06-04 14:38:21,AUS4314,email_attachment
2026-06-04 14:50:41,FAP0273,email_attachment
2026-06-04 14:54:21,FAP0273,email_attachment
2026-06-04 14:56:50,FAP0273,email_attachment
2026-06-04 15:06:19,FAP0273,email_attachment
2026-06-04 15:10:35,FAP0273,email_attachment
2026-06-04 15:13:49,FAP0273,email_attachment
2026-06-04 15:15:28,FAP0273,email_attachment
2026-06-04 15:20:05,FAP0273,email_attachment
2026-06-04 15:22:30,FAP0273,email_attachment
2026-06-04 15:27:30,FAP0273,email_attachment
2026-06-04 15:30:53,ACG7504,usb_connect
2026-06-04 15:34:31,EZS7293,email_attachment
2026-06-04 15:38:43,ZBE2522,usb_connect
2026-06-04 15:40:31,FAP0273,email_attachment
2026-06-04 15:41:47,PZP4279,email_attachment
2026-06-04 15:51:30,JYE4158,email_attachment
2026-06-04 16:11:31,FAP0273,email_attachment
2026-06-04 16:29:34,LHN0841,email_attachment
2026-06-04 16:40:52,TSM1883,external_upload
2026-06-04 16:44:34,FAP0273,email_attachment
2026-06-04 16:53:18,DAR0062,email_attachment
2026-06-04 17:03:14,FAP0273,email_attachment
2026-06-04 17:05:58,FAP0273,email_attachment
2026-06-04 17:12:20,FAP0273,email_attachment
2026-06-04 17:38:15,FAP0273,email_attachment
2026-06-04 17:55:29,FAP0273,email_attachment
2026-06-04 17:59:57,FAP0273,email_attachment
2026-06-04 18:11:56,EER7836,email_attachment
2026-06-04 18:45:02,FAP0273,email_attachment
2026-06-05 06:37:07,XPM0847,email_attachment
2026-06-05 07:30:13,TUH6119,email_attachment
2026-06-05 07:50:17,CQR0703,email_attachment
2026-06-05 07:58:37,EDQ2066,email_attachment
2026-06-05 08:23:35,UWP6800,email_attachment
2026-06-05 08:31:34,NUM6882,email_attachment
2026-06-05 08:32:37,MWL3483,email_attachment
2026-06-05 08:36:50,UWB6084,external_upload
2026-06-05 08:46:56,DZG9817,email_attachment
2026-06-05 08:48:34,HDF6619,email_attachment
2026-06-05 08:50:38,YHQ6287,email_attachment
2026-06-05 08:50:51,LKB0400,email_attachment
2026-06-05 08:59:40,JML4492,email_attachment
2026-06-05 09:06:21,TRD4019,email_attachment
2026-06-05 09:07:25,YEB9577,email_attachment
2026-06-05 09:08:22,YGG5201,external_upload
2026-06-05 09:10:34,TJL7396,email_attachment
2026-06-05 09:13:10,MSK8626,email_attachment
2026-06-05 09:16:04,XNS3801,email_attachment
2026-06-05 09:22:13,LLJ6063,email_attachment
2026-06-05 09:22:34,DCJ2497,external_upload
2026-06-05 09:22:52,LNF8692,email_attachment
2026-06-05 09:23:24,YGU2995,email_attachment
2026-06-05 09:28:55,HJV4248,email_attachment
2026-06-05 09:29:36,BYW2880,external_upload
2026-06-05 09:37:08,XMZ1293,email_attachment
2026-06-05 09:44:20,BZS4586,email_attachment
2026-06-05 09:45:24,LQN7970,email_attachment
2026-06-05 09:46:01,DLN5803,email_attachment
2026-06-05 09:48:00,FVG6519,email_attachment
2026-06-05 09:48:11,RBC5531,email_attachment
2026-06-05 09:50:39,DLN5803,email_attachment
2026-06-05 09:57:31,DNZ5078,external_upload
2026-06-05 10:00:35,BQV8037,external_upload
2026-06-05 10:04:51,LBL5506,email_attachment
2026-06-05 10:04:59,ASH2177,email_attachment
2026-06-05 10:08:48,SGF3557,email_attachment
2026-06-05 10:10:50,UYF2390,email_attachment
2026-06-05 10:18:31,NYE4816,email_attachment
2026-06-05 10:19:03,ASJ5787,email_attachment
2026-06-05 10:19:18,KVQ4352,email_attachment
2026-06-05 10:20:38,WUN4947,email_attachment
2026-06-05 10:23:58,KZS8027,email_attachment
2026-06-05 10:25:06,DRV9684,email_attachment
2026-06-05 10:26:45,ZHU0615,email_attachment
2026-06-05 10:30:58,PVP1024,email_attachment
2026-06-05 10:35:55,YEZ8532,email_attachment
2026-06-05 10:37:29,UGN5077,email_attachment
2026-06-05 10:38:36,HFD4315,email_attachment
2026-06-05 10:39:32,CWG5462,email_attachment
2026-06-05 10:40:02,ZSX0554,email_attachment
2026-06-05 10:40:22,QDX0204,email_attachment
2026-06-05 10:43:00,WMT1608,email_attachment
2026-06-05 10:45:25,VMM6896,usb_connect
2026-06-05 10:47:59,EVC7489,email_attachment
2026-06-05 10:48:11,KDJ0200,email_attachment
2026-06-05 10:48:35,GCD1014,email_attachment
2026-06-05 10:52:49,DLN5803,email_attachment
2026-06-05 10:53:45,WAH0322,email_attachment
2026-06-05 10:58:44,DLN5803,email_attachment
2026-06-05 10:58:55,QTV5992,email_attachment
2026-06-05 10:58:58,RGK6603,email_attachment
2026-06-05 10:59:50,XJA0182,external_upload
2026-06-05 11:02:23,YEL9905,email_attachment
2026-06-05 11:07:49,TDL5657,email_attachment
2026-06-05 11:09:37,ZPS7623,email_attachment
2026-06-05 11:12:31,PMV7499,email_attachment
2026-06-05 11:15:12,EJM7562,email_attachment
2026-06-05 11:15:12,NFQ8693,email_attachment
2026-06-05 11:16:30,LHD4579,email_attachment
2026-06-05 11:17:35,WMT1608,email_attachment
2026-06-05 11:17:44,KAB4578,external_upload
2026-06-05 11:25:32,GXH8145,email_attachment
2026-06-05 11:25:59,MJL7606,email_attachment
2026-06-05 11:27:48,HHD9083,email_attachment
2026-06-05 11:30:03,PMT8929,email_attachment
2026-06-05 11:31:16,VKE4599,email_attachment
2026-06-05 11:32:06,NWE6943,email_attachment
2026-06-05 11:33:53,BKQ9760,email_attachment
2026-06-05 11:34:19,KLN6982,email_attachment
2026-06-05 11:37:00,ABQ3289,email_attachment
2026-06-05 11:37:05,BDJ2914,email_attachment
2026-06-05 11:37:50,BYR0357,email_attachment
2026-06-05 11:40:28,KBM5303,email_attachment
2026-06-05 11:42:55,KXG6499,email_attachment
2026-06-05 11:44:35,AHW0731,email_attachment
2026-06-05 11:46:06,YRH8194,email_attachment
2026-06-05 11:46:16,WXD2117,email_attachment
2026-06-05 11:54:46,FAQ1887,email_attachment
2026-06-05 11:55:47,ARF3086,email_attachment
2026-06-05 11:56:28,RKB7991,email_attachment
2026-06-05 11:57:33,URQ8735,email_attachment
2026-06-05 11:59:17,JNF8252,email_attachment
2026-06-05 12:00:05,YDD4870,email_attachment
2026-06-05 12:00:13,QMR8609,email_attachment
2026-06-05 12:03:43,UHY5838,email_attachment
2026-06-05 12:09:35,LWR1242,email_attachment
2026-06-05 12:12:24,JHE6342,email_attachment
2026-06-05 12:12:41,WMT1608,email_attachment
2026-06-05 12:14:48,PWT2372,email_attachment
2026-06-05 12:19:26,WMT1608,email_attachment
2026-06-05 12:19:51,GCQ7162,email_attachment
2026-06-05 12:20:18,PAZ8627,email_attachment
2026-06-05 12:23:12,AGA7372,email_attachment
2026-06-05 12:31:04,XEC2112,email_attachment
2026-06-05 12:33:38,MQC6265,email_attachment
2026-06-05 12:37:17,VHH8257,email_attachment
2026-06-05 12:38:41,GRM4321,email_attachment
2026-06-05 12:38:55,APW9990,external_upload
2026-06-05 12:41:06,ZPM1121,email_attachment
2026-06-05 12:41:11,EJK9290,email_attachment
2026-06-05 12:41:31,XZE2186,email_attachment
2026-06-05 12:46:43,RBH8130,email_attachment
2026-06-05 12:47:05,KLW7912,external_upload
2026-06-05 13:00:05,RAX0999,email_attachment
2026-06-05 13:02:31,DLN5803,email_attachment
2026-06-05 13:04:18,WMT1608,email_attachment
2026-06-05 13:04:47,SQE3562,usb_connect
2026-06-05 13:10:55,DVH0547,email_attachment
2026-06-05 13:11:09,TEE2171,email_attachment
2026-06-05 13:14:07,AAD3954,email_attachment
2026-06-05 13:15:43,VPM8632,usb_connect
2026-06-05 13:16:11,LHD4579,external_upload
2026-06-05 13:17:23,DLN5803,email_attachment
2026-06-05 13:19:16,QXA0717,email_attachment
2026-06-05 13:19:16,XLL6759,email_attachment
2026-06-05 13:20:08,DDM6212,email_attachment
2026-06-05 13:21:27,SLC9182,email_attachment
2026-06-05 13:22:35,BHJ3735,email_attachment
2026-06-05 13:23:03,JVW7508,email_attachment
2026-06-05 13:31:55,SEA8756,email_attachment
2026-06-05 13:33:19,WMT1608,email_attachment
2026-06-05 13:44:26,HRT1077,email_attachment
2026-06-05 13:45:45,GTD1289,email_attachment
2026-06-05 13:57:01,FTB2147,email_attachment
2026-06-05 13:57:07,URV9227,email_attachment
2026-06-05 14:00:28,JAZ7167,email_attachment
2026-06-05 14:07:40,FQR7082,email_attachment
2026-06-05 14:08:18,FAP0273,email_attachment
2026-06-05 14:09:30,UQJ8329,email_attachment
2026-06-05 14:15:26,WMT1608,email_attachment
2026-06-05 14:19:10,FAP0273,email_attachment
2026-06-05 14:44:53,FAP0273,email_attachment
2026-06-05 14:49:52,YEA8551,email_attachment
2026-06-05 14:57:45,YZD2818,email_attachment
2026-06-05 15:05:45,MED2542,email_attachment
2026-06-05 15:13:07,MFJ0514,email_attachment
2026-06-05 15:26:53,FAP0273,email_attachment
2026-06-05 15:42:22,FAP0273,email_attachment
2026-06-05 15:54:56,FAP0273,email_attachment
2026-06-05 15:58:34,RLL7595,email_attachment
2026-06-05 16:01:58,FAP0273,email_attachment
2026-06-05 16:06:08,FAP0273,email_attachment
2026-06-05 16:06:56,HDQ4000,email_attachment
2026-06-05 16:14:48,FAP0273,email_attachment
2026-06-05 16:20:44,KXD0078,email_attachment
2026-06-05 16:34:57,FAP0273,email_attachment
2026-06-05 16:38:52,FAP0273,email_attachment
2026-06-05 16:50:12,FAP0273,email_attachment
2026-06-05 16:55:19,ZVN1622,email_attachment
2026-06-05 17:00:37,FAP0273,email_attachment
2026-06-05 17:23:13,LPM3257,email_attachment
2026-06-05 17:23:48,GYP1903,usb_connect
2026-06-05 17:52:19,FAP0273,email_attachment
2026-06-05 17:53:42,FAP0273,email_attachment
2026-06-05 18:07:01,FAP0273,email_attachment
2026-06-05 18:12:48,FAP0273,email_attachment
2026-06-05 18:38:10,FAP0273,email_attachment
2026-06-05 18:54:13,FAP0273,email_attachment
2026-06-06 08:45:33,BPW6998,email_attachment
2026-06-06 08:53:31,BPW6998,email_attachment
2026-06-06 09:24:08,JKQ9983,email_attachment
2026-06-06 09:34:59,BPW6998,email_attachment
2026-06-06 09:36:35,BPW6998,email_attachment
2026-06-06 09:41:57,BPW6998,email_attachment
2026-06-06 09:49:34,BPW6998,email_attachment
2026-06-06 10:18:04,BPW6998,email_attachment
2026-06-06 10:33:57,BPW6998,email_attachment
2026-06-06 10:44:12,WMT1608,email_attachment
2026-06-06 10:48:31,BPW6998,email_attachment
2026-06-06 10:57:39,BPW6998,email_attachment
2026-06-06 11:07:36,WMT1608,email_attachment
2026-06-06 11:22:11,WMT1608,email_attachment
2026-06-06 11:29:36,QPA7343,email_attachment
2026-06-06 11:37:07,WMT1608,email_attachment
2026-06-06 11:38:47,BPW6998,email_attachment
2026-06-06 11:45:34,BPW6998,email_attachment
2026-06-06 11:47:40,BPW6998,email_attachment
2026-06-06 11:49:59,BPW6998,email_attachment
2026-06-06 11:54:58,BPW6998,email_attachment
2026-06-06 11:57:47,BPW6998,email_attachment
2026-06-06 12:03:22,WMT1608,email_attachment
2026-06-06 12:25:04,BPW6998,email_attachment
2026-06-06 12:30:14,WMT1608,email_attachment
2026-06-06 12:31:59,MPH7693,email_attachment
2026-06-06 12:43:58,BPW6998,email_attachment
2026-06-06 12:45:11,BPW6998,email_attachment
2026-06-06 12:55:45,BPW6998,email_attachment
2026-06-06 13:03:02,BPW6998,email_attachment
2026-06-06 13:03:35,BPW6998,email_attachment
2026-06-06 13:08:16,BPW6998,email_attachment
2026-06-06 13:09:58,QKT5936,email_attachment
2026-06-06 15:23:05,BUG4150,email_attachment
2026-06-06 15:51:32,VPM8632,usb_connect
2026-06-07 08:18:01,BPW6998,email_attachment
2026-06-07 08:27:22,BPW6998,email_attachment
2026-06-07 08:42:49,BPW6998,email_attachment
2026-06-07 09:18:15,WMT1608,email_attachment
2026-06-07 09:26:04,BPW6998,email_attachment
2026-06-07 09:32:28,XJU4690,email_attachment
2026-06-07 09:41:02,XJU4690,email_attachment
2026-06-07 09:54:26,XJU4690,email_attachment
2026-06-07 10:03:50,XJU4690,email_attachment
2026-06-07 10:04:38,BPW6998,email_attachment
2026-06-07 10:19:27,WMT1608,email_attachment
2026-06-07 10:27:58,SGQ6755,email_attachment
2026-06-07 10:35:07,BPW6998,email_attachment
2026-06-07 10:50:15,XJU4690,email_attachment
2026-06-07 11:01:43,BPW6998,email_attachment
2026-06-07 11:11:20,PDG5421,email_attachment
2026-06-07 11:14:03,XJU4690,email_attachment
2026-06-07 11:20:26,BPW6998,email_attachment
2026-06-07 11:41:33,BPW6998,email_attachment
2026-06-07 11:44:34,XJU4690,email_attachment
2026-06-07 11:45:18,XJU4690,email_attachment
2026-06-07 11:52:47,BPW6998,email_attachment
2026-06-07 12:08:05,RWR4951,email_attachment
2026-06-07 12:15:27,BPW6998,email_attachment
2026-06-07 12:16:56,QEY4677,usb_connect
2026-06-07 12:19:28,RCT0485,usb_connect
2026-06-07 12:23:44,BPW6998,email_attachment
2026-06-07 12:24:13,WMT1608,email_attachment
2026-06-07 12:24:49,BPW6998,email_attachment
2026-06-07 12:28:02,BPW6998,email_attachment
2026-06-07 12:30:26,BPW6998,email_attachment
2026-06-07 12:35:04,WMT1608,email_attachment
2026-06-07 12:36:12,BPW6998,email_attachment
2026-06-07 12:47:28,BPW6998,email_attachment
2026-06-07 13:06:18,JTY5915,email_attachment
2026-06-07 13:26:26,WMT1608,email_attachment
2026-06-07 13:27:12,WMT1608,email_attachment
2026-06-07 13:36:50,XYD3019,email_attachment
2026-06-07 14:07:47,XJU4690,email_attachment
2026-06-07 16:03:57,FRT6341,email_attachment
2026-06-07 17:07:07,SQE3562,external_upload
2026-06-08 06:42:37,LWK9207,email_attachment
2026-06-08 07:09:40,CLG5170,email_attachment
2026-06-08 07:27:42,KSJ5231,email_attachment
2026-06-08 07:46:58,TRM4185,email_attachment
2026-06-08 07:47:37,VDC9790,email_attachment
2026-06-08 08:00:27,BDD2486,email_attachment
2026-06-08 08:06:12,LEY4602,email_attachment
2026-06-08 08:16:32,YFC6168,email_attachment
2026-06-08 08:17:50,PDT8522,email_attachment
2026-06-08 08:19:07,THR6236,usb_connect
2026-06-08 08:28:22,KPJ6277,email_attachment
2026-06-08 08:34:02,BPW6998,email_attachment
2026-06-08 08:44:01,EHJ5183,external_upload
2026-06-08 08:44:19,BPW6998,email_attachment
2026-06-08 08:46:03,AZN7804,email_attachment
2026-06-08 08:52:03,AER2755,external_upload
2026-06-08 08:57:37,RVJ4834,email_attachment
2026-06-08 08:58:58,HEP6887,email_attachment
2026-06-08 09:05:52,NSQ4495,email_attachment
2026-06-08 09:07:53,LCU3989,email_attachment
2026-06-08 09:11:57,VCL2588,email_attachment
2026-06-08 09:15:25,BAS9086,email_attachment
2026-06-08 09:19:42,JUZ1834,external_upload
2026-06-08 09:21:12,ZCX0055,email_attachment
2026-06-08 09:30:53,LDP4391,email_attachment
2026-06-08 09:33:22,BPW6998,email_attachment
2026-06-08 09:36:08,MHH6200,email_attachment
2026-06-08 09:38:02,XJU4690,email_attachment
2026-06-08 09:43:24,XBN4913,email_attachment
2026-06-08 09:48:42,UXD8068,email_attachment
2026-06-08 09:49:29,BPW6998,email_attachment
2026-06-08 09:51:23,RXT9110,email_attachment
2026-06-08 09:52:22,XJU4690,email_attachment
2026-06-08 09:53:05,BPW6998,email_attachment
2026-06-08 09:59:08,CCC1913,email_attachment
2026-06-08 09:59:37,HAD1624,email_attachment
2026-06-08 10:01:03,JNL8381,email_attachment
2026-06-08 10:01:40,GJK7367,email_attachment
2026-06-08 10:01:50,EFT3587,email_attachment
2026-06-08 10:04:24,HLJ1034,email_attachment
2026-06-08 10:13:24,HJJ8961,email_attachment
2026-06-08 10:19:08,MHF4555,external_upload
2026-06-08 10:19:50,RUU4323,email_attachment
2026-06-08 10:23:03,BPW6998,email_attachment
2026-06-08 10:23:40,WNK3585,email_attachment
2026-06-08 10:24:40,BPW6998,email_attachment
2026-06-08 10:26:39,DRP1861,email_attachment
2026-06-08 10:30:55,TDL5657,email_attachment
2026-06-08 10:31:49,QVB2396,email_attachment
2026-06-08 10:34:07,LNK6236,email_attachment
2026-06-08 10:35:16,JVW7508,email_attachment
2026-06-08 10:35:34,NAP8909,email_attachment
2026-06-08 10:35:51,URQ0978,email_attachment
2026-06-08 10:43:15,BPW6998,email_attachment
2026-06-08 10:48:28,HWH3695,email_attachment
2026-06-08 10:49:08,BPW6998,email_attachment
2026-06-08 10:49:20,SHU2366,email_attachment
2026-06-08 10:49:29,JDY4897,email_attachment
2026-06-08 10:52:55,NYY0809,external_upload
2026-06-08 10:53:34,TJL6481,email_attachment
2026-06-08 10:53:43,BPW6998,email_attachment
2026-06-08 10:54:32,XJU4690,email_attachment
2026-06-08 10:54:59,MAN5960,email_attachment
2026-06-08 10:59:03,ADH6725,email_attachment
2026-06-08 11:00:02,UZX2476,email_attachment
2026-06-08 11:01:37,PYE7970,external_upload
2026-06-08 11:02:03,BPW6998,email_attachment
2026-06-08 11:03:52,XQM4117,email_attachment
2026-06-08 11:04:15,ACU9806,email_attachment
2026-06-08 11:07:22,WMT1608,email_attachment
2026-06-08 11:08:25,ZPB1790,email_attachment
2026-06-08 11:09:48,PLH4504,email_attachment
2026-06-08 11:09:51,ALS8032,email_attachment
2026-06-08 11:11:28,ZZM0775,email_attachment
2026-06-08 11:14:58,WMT1608,email_attachment
2026-06-08 11:17:46,RDA9676,email_attachment
2026-06-08 11:18:31,AGA7372,email_attachment
2026-06-08 11:19:19,XDF3286,email_attachment
2026-06-08 11:24:50,GTK1590,email_attachment
2026-06-08 11:26:17,ZBC1875,email_attachment
2026-06-08 11:26:18,JSS6150,external_upload
2026-06-08 11:28:59,TVC5587,email_attachment
2026-06-08 11:29:59,HCV6206,email_attachment
2026-06-08 11:34:55,BPW6998,email_attachment
2026-06-08 11:36:27,GNL3436,email_attachment
2026-06-08 11:38:35,LHA6122,external_upload
2026-06-08 11:39:30,WSG6432,email_attachment
2026-06-08 11:44:05,BPW6998,email_attachment
2026-06-08 11:46:04,UVK1579,external_upload
2026-06-08 11:48:27,XJU4690,email_attachment
2026-06-08 11:49:36,VPM8632,usb_connect
2026-06-08 11:52:04,TLD8832,email_attachment
2026-06-08 11:55:25,ZMX3445,email_attachment
2026-06-08 11:55:58,NVR3124,email_attachment
2026-06-08 11:56:18,MVX7320,email_attachment
2026-06-08 11:56:20,RWS1724,email_attachment
2026-06-08 11:59:20,QSY1804,email_attachment
2026-06-08 12:01:38,BPW6998,email_attachment
2026-06-08 12:07:28,CHE2136,email_attachment
2026-06-08 12:07:46,XJU4690,email_attachment
2026-06-08 12:09:45,JQP1045,email_attachment
2026-06-08 12:13:48,PFG1051,email_attachment
2026-06-08 12:15:09,UCW7537,email_attachment
2026-06-08 12:16:17,BPW6998,email_attachment
2026-06-08 12:16:33,BPW6998,email_attachment
2026-06-08 12:18:48,JNN3239,email_attachment
2026-06-08 12:20:42,UEP3443,email_attachment
2026-06-08 12:21:56,MPH7693,email_attachment
2026-06-08 12:27:30,EFJ1543,email_attachment
2026-06-08 12:30:17,LQN7970,email_attachment
2026-06-08 12:30:19,WMT1608,email_attachment
2026-06-08 12:31:24,YHC0501,email_attachment
2026-06-08 12:31:32,DYJ4158,email_attachment
2026-06-08 12:32:05,DUL4786,external_upload
2026-06-08 12:33:47,NGP1594,email_attachment
2026-06-08 12:34:08,BPW6998,email_attachment
2026-06-08 12:35:27,SJD0467,email_attachment
2026-06-08 12:39:33,HFE3723,email_attachment
2026-06-08 12:42:06,XJU4690,email_attachment
2026-06-08 12:43:32,WBU4426,email_attachment
2026-06-08 12:45:52,BPW6998,email_attachment
2026-06-08 12:46:23,MKS7553,email_attachment
2026-06-08 12:46:35,LVJ1007,email_attachment
2026-06-08 12:46:48,RSX1179,email_attachment
2026-06-08 12:46:48,XJA7836,email_attachment
2026-06-08 12:47:52,XJU4690,email_attachment
2026-06-08 12:48:33,RXQ5315,email_attachment
2026-06-08 12:49:36,FAQ1887,email_attachment
2026-06-08 12:51:19,BPW6998,email_attachment
2026-06-08 12:51:34,KAB4578,email_attachment
2026-06-08 12:59:43,MMM0073,email_attachment
2026-06-08 13:01:23,BDB1193,email_attachment
2026-06-08 13:01:31,PEV4917,email_attachment
2026-06-08 13:04:43,DZH7756,email_attachment
2026-06-08 13:08:11,AFT4004,email_attachment
2026-06-08 13:14:28,ELP0004,email_attachment
2026-06-08 13:17:07,RBE2056,email_attachment
2026-06-08 13:18:48,YJZ1653,email_attachment
2026-06-08 13:19:11,TDT0042,email_attachment
2026-06-08 13:19:37,WSK1631,email_attachment
2026-06-08 13:23:51,WMT1608,email_attachment
2026-06-08 13:24:41,PAJ2937,email_attachment
2026-06-08 13:26:18,ZHK7052,email_attachment
2026-06-08 13:28:03,RSX0455,email_attachment
2026-06-08 13:28:22,XVL9516,email_attachment
2026-06-08 13:28:57,ZXX1919,email_attachment
2026-06-08 13:31:53,UDC1036,email_attachment
2026-06-08 13:34:09,MFB4161,email_attachment
2026-06-08 13:34:23,XJU4690,email_attachment
2026-06-08 13:36:11,CNE2834,email_attachment
2026-06-08 13:37:37,WMT1608,email_attachment
2026-06-08 13:37:44,NTU7090,external_upload
2026-06-08 13:41:28,TQX9577,email_attachment
2026-06-08 13:48:15,EXP0252,email_attachment
2026-06-08 13:51:40,XJU4690,email_attachment
2026-06-08 13:55:24,WMT1608,email_attachment
2026-06-08 13:58:38,MSB2345,external_upload
2026-06-08 13:59:45,KRQ7567,email_attachment
2026-06-08 14:05:29,GYF6442,email_attachment
2026-06-08 14:07:01,CNL4143,email_attachment
2026-06-08 14:08:34,PCP4778,email_attachment
2026-06-08 14:18:17,WXD2117,external_upload
2026-06-08 14:22:30,XRH2855,email_attachment
2026-06-08 14:26:46,FVC2640,email_attachment
2026-06-08 14:26:53,AUD9365,email_attachment
2026-06-08 16:54:22,UPD2858,email_attachment
2026-06-08 17:08:11,QVW8593,external_upload
2026-06-08 17:16:44,GCC9567,email_attachment
2026-06-08 17:48:19,MFJ0514,email_attachment
2026-06-08 17:59:50,FBQ1663,email_attachment
2026-06-08 18:55:44,ZRX7182,email_attachment
2026-06-09 06:43:36,JFK1870,email_attachment
2026-06-09 06:46:42,TUH6119,email_attachment
2026-06-09 07:31:17,SPA9874,email_attachment
2026-06-09 08:24:45,TWT6397,email_attachment
2026-06-09 08:45:39,BPW6998,email_attachment
2026-06-09 08:54:40,BPW6998,email_attachment
2026-06-09 08:55:29,BPW6998,email_attachment
2026-06-09 08:55:54,ZPC9799,email_attachment
2026-06-09 08:57:30,XHA3580,email_attachment
2026-06-09 08:59:17,XYM2687,email_attachment
2026-06-09 09:00:03,HZX9435,email_attachment
2026-06-09 09:00:58,JNV6999,email_attachment
2026-06-09 09:01:47,ENQ5809,email_attachment
2026-06-09 09:03:37,TAG0290,email_attachment
2026-06-09 09:10:26,SRD1581,email_attachment
2026-06-09 09:11:26,UHB1648,email_attachment
2026-06-09 09:14:21,APF7818,email_attachment
2026-06-09 09:18:56,BPW6998,email_attachment
2026-06-09 09:20:57,BPW6998,email_attachment
2026-06-09 09:21:08,BPW6998,email_attachment
2026-06-09 09:21:29,WFH6695,email_attachment
2026-06-09 09:26:01,SGG1149,usb_connect
2026-06-09 09:26:51,PRN9467,email_attachment
2026-06-09 09:30:42,ELY1202,email_attachment
2026-06-09 09:31:59,BPW6998,email_attachment
2026-06-09 09:33:08,HCB6961,email_attachment
2026-06-09 09:34:03,CGF8722,email_attachment
2026-06-09 09:42:18,LDC5457,email_attachment
2026-06-09 09:42:25,DEM6096,email_attachment
2026-06-09 09:43:41,TVU1499,email_attachment
2026-06-09 09:44:03,YXE8611,email_attachment
2026-06-09 09:45:12,YHQ6287,usb_connect
2026-06-09 09:48:39,EJF3816,email_attachment
2026-06-09 09:49:31,PAJ2937,usb_connect
2026-06-09 09:49:32,BPW6998,email_attachment
2026-06-09 09:52:20,XJU4690,email_attachment
2026-06-09 09:52:42,QWV1502,email_attachment
2026-06-09 09:53:21,GCH8602,email_attachment
2026-06-09 09:53:32,TSH1437,email_attachment
2026-06-09 09:53:49,VWK1858,email_attachment
2026-06-09 09:56:21,UJY8631,email_attachment
2026-06-09 09:56:24,ULN5586,email_attachment
2026-06-09 09:57:41,TEE2171,email_attachment
2026-06-09 09:58:43,XNW4360,email_attachment
2026-06-09 09:59:55,ZZW5618,email_attachment
2026-06-09 10:00:23,DTW2539,email_attachment
2026-06-09 10:02:15,JSF4057,email_attachment
2026-06-09 10:04:47,QHA2778,email_attachment
2026-06-09 10:10:15,XJU4690,email_attachment
2026-06-09 10:13:10,WPC3142,external_upload
2026-06-09 10:13:20,AZN7804,email_attachment
2026-06-09 10:14:01,NFU7665,email_attachment
2026-06-09 10:14:02,BPW6998,email_attachment
2026-06-09 10:15:31,DPH1348,email_attachment
2026-06-09 10:17:28,TFV1889,email_attachment
2026-06-09 10:22:18,GJK7367,email_attachment
2026-06-09 10:24:50,UAK2793,email_attachment
2026-06-09 10:24:57,DVD2507,email_attachment
2026-06-09 10:25:05,QUJ2796,external_upload
2026-06-09 10:25:54,ASX1419,external_upload
2026-06-09 10:26:06,MAN5960,email_attachment
2026-06-09 10:29:21,JWR6908,email_attachment
2026-06-09 10:30:22,WYK4800,email_attachment
2026-06-09 10:31:15,BPW6998,email_attachment
2026-06-09 10:32:02,XJU4690,email_attachment
2026-06-09 10:35:40,MRE0291,email_attachment
2026-06-09 10:38:22,XZW8899,email_attachment
2026-06-09 10:39:39,AJF5839,email_attachment
2026-06-09 10:41:48,LWX4132,email_attachment
2026-06-09 10:44:21,UCW7537,email_attachment
2026-06-09 10:46:21,BPW6998,email_attachment
2026-06-09 10:47:07,QAG3461,email_attachment
2026-06-09 10:48:28,BPW6998,email_attachment
2026-06-09 10:49:00,BPW6998,email_attachment
2026-06-09 10:50:22,BPW6998,email_attachment
2026-06-09 10:51:08,HTM0498,email_attachment
2026-06-09 10:54:11,RAN1908,email_attachment
2026-06-09 10:55:08,CED7289,email_attachment
2026-06-09 11:01:36,WSK1631,email_attachment
2026-06-09 11:03:28,LNX5432,email_attachment
2026-06-09 11:04:07,XZZ4821,email_attachment
2026-06-09 11:05:28,XPE0612,email_attachment
2026-06-09 11:07:40,VZR3053,email_attachment
2026-06-09 11:09:38,EMZ5921,email_attachment
2026-06-09 11:10:29,FFK3907,email_attachment
2026-06-09 11:11:44,XJU4690,email_attachment
2026-06-09 11:12:18,BPW6998,email_attachment
2026-06-09 11:13:19,NQA4798,email_attachment
2026-06-09 11:13:33,XJU4690,email_attachment
2026-06-09 11:14:15,DVM0465,email_attachment
2026-06-09 11:17:18,ZMU4248,email_attachment
2026-06-09 11:17:33,EFJ1543,email_attachment
2026-06-09 11:25:41,PLX1977,email_attachment
2026-06-09 11:32:51,WMT1608,email_attachment
2026-06-09 11:34:54,XJU4690,email_attachment
2026-06-09 11:35:15,XJU4690,email_attachment
2026-06-09 11:36:49,WTA6371,email_attachment
2026-06-09 11:37:01,WMT1608,email_attachment
2026-06-09 11:37:45,GZG5689,email_attachment
2026-06-09 11:38:53,PUH7781,email_attachment
2026-06-09 11:39:16,BPW6998,email_attachment
2026-06-09 11:43:54,PMD5808,email_attachment
2026-06-09 11:44:08,WMT1608,email_attachment
2026-06-09 11:45:19,AUN2227,email_attachment
2026-06-09 11:50:32,DTR1676,email_attachment
2026-06-09 11:55:37,EPC6113,email_attachment
2026-06-09 11:57:57,QTJ3272,email_attachment
2026-06-09 11:59:50,LCB1568,email_attachment
2026-06-09 12:02:02,RRJ2491,email_attachment
2026-06-09 12:03:35,XJU4690,email_attachment
2026-06-09 12:04:15,BPW6998,email_attachment
2026-06-09 12:07:42,CKC4751,email_attachment
2026-06-09 12:09:13,BPW6998,email_attachment
2026-06-09 12:09:56,GGZ2556,email_attachment
2026-06-09 12:12:33,WQC7071,email_attachment
2026-06-09 12:14:22,NPJ6022,email_attachment
2026-06-09 12:16:31,FPN0799,email_attachment
2026-06-09 12:19:51,QNL2706,email_attachment
2026-06-09 12:20:44,NKG7115,external_upload
2026-06-09 12:27:31,JUP3771,email_attachment
2026-06-09 12:28:10,YDS0481,external_upload
2026-06-09 12:30:58,EDX0830,email_attachment
2026-06-09 12:34:40,WMT1608,email_attachment
2026-06-09 12:36:00,MAP1021,email_attachment
2026-06-09 12:40:13,BPW6998,email_attachment
2026-06-09 12:43:32,YAN4865,email_attachment
2026-06-09 12:43:45,KUB8455,email_attachment
2026-06-09 12:44:04,TCY5836,email_attachment
2026-06-09 12:47:18,SMJ5423,email_attachment
2026-06-09 12:48:24,HFU3666,external_upload
2026-06-09 12:56:07,UKM7992,external_upload
2026-06-09 12:57:53,BDZ4358,email_attachment
2026-06-09 12:59:03,XJU4690,email_attachment
2026-06-09 13:02:08,XJU4690,email_attachment
2026-06-09 13:02:43,FMC2914,email_attachment
2026-06-09 13:04:41,WMT1608,email_attachment
2026-06-09 13:06:09,AGK7687,email_attachment
2026-06-09 13:14:19,EVE9861,email_attachment
2026-06-09 13:16:04,VMP1735,email_attachment
2026-06-09 13:18:12,SDA4591,email_attachment
2026-06-09 13:27:58,VME9953,email_attachment
2026-06-09 13:29:49,SXN1549,email_attachment
2026-06-09 13:38:54,WMT1608,email_attachment
2026-06-09 13:40:01,FYX5955,email_attachment
2026-06-09 13:42:12,XDH2481,email_attachment
2026-06-09 13:43:40,HRT1077,email_attachment
2026-06-09 13:45:07,AMG0435,email_attachment
2026-06-09 13:51:33,XJU4690,email_attachment
2026-06-09 13:54:14,VNB1827,email_attachment
2026-06-09 13:54:42,WMT1608,email_attachment
2026-06-09 14:18:43,SYG1392,email_attachment
2026-06-09 14:36:35,XSM9395,email_attachment
2026-06-09 15:31:01,JNY6012,email_attachment
2026-06-09 15:37:54,VVG9350,email_attachment
2026-06-09 16:00:59,LEY0669,email_attachment
2026-06-09 16:16:24,TLA8499,email_attachment
2026-06-09 16:38:18,GCC9567,email_attachment
2026-06-09 17:22:45,XQB0711,email_attachment
2026-06-09 17:32:48,JDR3160,email_attachment
2026-06-09 18:06:41,FAN1417,email_attachment
2026-06-09 18:17:48,UKK9924,email_attachment
2026-06-09 18:30:07,BUG4150,email_attachment
2026-06-09 18:31:11,PZS5578,email_attachment
2026-06-10 07:05:00,NER9488,email_attachment
2026-06-10 07:37:05,PDT8522,email_attachment
2026-06-10 07:57:12,JFK1870,email_attachment
2026-06-10 08:07:45,QUF3361,email_attachment
2026-06-10 08:13:02,TRD4019,usb_connect
2026-06-10 08:13:30,DZG9817,email_attachment
2026-06-10 08:18:25,YSD3389,email_attachment
2026-06-10 08:34:16,BPW6998,email_attachment
2026-06-10 08:44:34,YYG6468,email_attachment
2026-06-10 08:49:10,FKD9447,email_attachment
2026-06-10 09:01:38,RQF4228,email_attachment
2026-06-10 09:04:53,CYD2166,email_attachment
2026-06-10 09:06:30,EED0695,email_attachment
2026-06-10 09:09:12,BPW6998,email_attachment
2026-06-10 09:11:58,KYK2416,email_attachment
2026-06-10 09:20:56,ACU8130,email_attachment
2026-06-10 09:22:28,PBH2552,external_upload
2026-06-10 09:23:04,VZR3053,email_attachment
2026-06-10 09:25:39,AXF9093,email_attachment
2026-06-10 09:29:01,BPW6998,email_attachment
2026-06-10 09:32:11,FYM3175,email_attachment
2026-06-10 09:34:06,ZSB7055,email_attachment
2026-06-10 09:38:17,LCT5452,email_attachment
2026-06-10 09:40:00,QBD5497,email_attachment
2026-06-10 09:47:32,BPW6998,email_attachment
2026-06-10 09:47:37,BPW6998,email_attachment
2026-06-10 09:48:58,LNX5432,email_attachment
2026-06-10 09:49:28,NCX1973,email_attachment
2026-06-10 09:51:49,PTK0032,usb_connect
2026-06-10 09:52:11,BPW6998,email_attachment
2026-06-10 09:53:56,XJU4690,email_attachment
2026-06-10 09:54:03,BPW6998,email_attachment
2026-06-10 09:54:34,DNZ5078,email_attachment
2026-06-10 09:55:21,VHU4170,email_attachment
2026-06-10 09:55:49,GXB2823,email_attachment
2026-06-10 09:56:32,XJU4690,email_attachment
2026-06-10 09:58:59,APF7818,email_attachment
2026-06-10 10:00:37,ZDB2083,email_attachment
2026-06-10 10:02:59,TJX7065,email_attachment
2026-06-10 10:03:42,ANC8004,email_attachment
2026-06-10 10:07:03,KRV2364,email_attachment
2026-06-10 10:09:05,XNY7975,email_attachment
2026-06-10 10:10:55,JRM5199,email_attachment
2026-06-10 10:11:46,DZH7756,email_attachment
2026-06-10 10:13:40,AMG2238,email_attachment
2026-06-10 10:16:15,ZUV4197,external_upload
2026-06-10 10:17:39,XZK3985,email_attachment
2026-06-10 10:18:34,VNK6291,email_attachment
2026-06-10 10:20:41,BPW6998,email_attachment
2026-06-10 10:22:57,BPW6998,email_attachment
2026-06-10 10:23:28,HBP7240,email_attachment
2026-06-10 10:23:47,BPW6998,email_attachment
2026-06-10 10:25:15,MSJ4788,external_upload
2026-06-10 10:25:44,JWE8116,email_attachment
2026-06-10 10:26:52,KAB4578,email_attachment
2026-06-10 10:28:04,FRD7881,email_attachment
2026-06-10 10:30:11,PHG2290,email_attachment
2026-06-10 10:31:13,BPW6998,email_attachment
2026-06-10 10:31:29,JQF3808,email_attachment
2026-06-10 10:32:02,ERN1693,email_attachment
2026-06-10 10:36:31,BPW6998,email_attachment
2026-06-10 10:37:43,VQU7934,email_attachment
2026-06-10 10:39:40,ZXZ4586,email_attachment
2026-06-10 10:40:04,KVE6797,email_attachment
2026-06-10 10:41:13,QLD5822,email_attachment
2026-06-10 10:45:01,UYN3931,email_attachment
2026-06-10 10:46:10,NQV6990,email_attachment
2026-06-10 10:46:59,EDU0037,email_attachment
2026-06-10 10:47:59,AZN7804,email_attachment
2026-06-10 10:53:33,MDL2782,email_attachment
2026-06-10 10:58:19,BPW6998,email_attachment
2026-06-10 10:59:11,BPW6998,email_attachment
2026-06-10 11:04:03,ZZL0154,email_attachment
2026-06-10 11:04:39,DYE9273,email_attachment
2026-06-10 11:05:21,XJU4690,email_attachment
2026-06-10 11:05:29,PRU1120,email_attachment
2026-06-10 11:09:49,HKM6541,email_attachment
2026-06-10 11:12:45,XJU4690,email_attachment
2026-06-10 11:13:25,UGU2332,email_attachment
2026-06-10 11:16:24,HUX5908,email_attachment
2026-06-10 11:16:32,ATG5393,email_attachment
2026-06-10 11:19:45,YDU0477,external_upload
2026-06-10 11:20:04,REY5228,email_attachment
2026-06-10 11:24:35,BPW6998,email_attachment
2026-06-10 11:25:07,LHD4579,email_attachment
2026-06-10 11:27:19,FJC1208,email_attachment
2026-06-10 11:28:38,PZE6595,email_attachment
2026-06-10 11:29:19,QKE0827,email_attachment
2026-06-10 11:29:31,BPW6998,email_attachment
2026-06-10 11:31:09,CGF8722,email_attachment
2026-06-10 11:33:04,LBX7990,email_attachment
2026-06-10 11:35:11,QPA7343,email_attachment
2026-06-10 11:38:49,EAE5559,usb_connect
2026-06-10 11:40:32,XJU4690,email_attachment
2026-06-10 11:41:59,GUM8655,email_attachment
2026-06-10 11:45:38,ZSP3745,email_attachment
2026-06-10 11:45:38,PFZ1171,email_attachment
2026-06-10 11:45:54,XJU4690,email_attachment
2026-06-10 11:48:29,UAK2793,email_attachment
2026-06-10 11:53:30,KWA2081,email_attachment
2026-06-10 11:53:54,CVP7987,email_attachment
2026-06-10 11:54:03,UMF6912,email_attachment
2026-06-10 11:57:14,XJU4690,email_attachment
2026-06-10 12:02:50,LHA6122,email_attachment
2026-06-10 12:07:55,HEP4992,email_attachment
2026-06-10 12:08:03,DTC1360,email_attachment
2026-06-10 12:08:15,WZE9326,email_attachment
2026-06-10 12:09:36,TFV1889,email_attachment
2026-06-10 12:10:19,RTK6170,email_attachment
2026-06-10 12:11:18,TZQ9935,external_upload
2026-06-10 12:15:09,YVQ4468,email_attachment
2026-06-10 12:16:20,BPW6998,email_attachment
2026-06-10 12:22:26,XJU4690,email_attachment
2026-06-10 12:23:36,BPW6998,email_attachment
2026-06-10 12:25:16,VNB1827,email_attachment
2026-06-10 12:32:17,BPW6998,email_attachment
2026-06-10 12:32:31,BPW6998,email_attachment
2026-06-10 12:33:06,MLP4344,email_attachment
2026-06-10 12:34:00,GEL8176,email_attachment
2026-06-10 12:35:00,FWE2981,email_attachment
2026-06-10 12:38:05,YTW4996,email_attachment
2026-06-10 12:38:14,HTL3528,email_attachment
2026-06-10 12:42:20,DDV4022,email_attachment
2026-06-10 12:42:21,UNN8662,email_attachment
2026-06-10 12:43:50,AKG3234,email_attachment
2026-06-10 12:44:19,XJU4690,email_attachment
2026-06-10 12:46:21,XJR8615,email_attachment
2026-06-10 12:49:50,VKL2143,email_attachment
2026-06-10 12:51:51,QRG1638,email_attachment
2026-06-10 12:52:49,GPU2972,email_attachment
2026-06-10 12:53:41,XJU4690,email_attachment
2026-06-10 12:57:12,TGV1198,email_attachment
2026-06-10 12:59:05,LJQ0652,email_attachment
2026-06-10 12:59:13,EEE0834,email_attachment
2026-06-10 13:02:19,BKB9111,email_attachment
2026-06-10 13:02:19,CWG5462,email_attachment
2026-06-10 13:02:23,UBK2435,email_attachment
2026-06-10 13:02:39,QCX9814,email_attachment
2026-06-10 13:06:53,VXV7234,email_attachment
2026-06-10 13:08:17,EVC7489,email_attachment
2026-06-10 13:09:10,KYD1776,email_attachment
2026-06-10 13:17:32,FWZ2671,email_attachment
2026-06-10 13:23:19,BPW6998,email_attachment
2026-06-10 13:23:47,VMM6896,email_attachment
2026-06-10 13:26:59,UWY3981,email_attachment
2026-06-10 13:29:18,BPW6998,email_attachment
2026-06-10 13:33:01,FFK3907,email_attachment
2026-06-10 13:39:08,GSY3617,email_attachment
2026-06-10 13:40:44,KHQ4432,email_attachment
2026-06-10 13:44:14,RXQ7992,email_attachment
2026-06-10 13:44:40,DZG4068,email_attachment
2026-06-10 13:50:24,XJU4690,email_attachment
2026-06-10 13:54:11,PVA9116,email_attachment
2026-06-10 13:54:20,XJU4690,email_attachment
2026-06-10 14:07:33,JNP1683,email_attachment
2026-06-10 14:20:39,VPM9822,email_attachment
2026-06-10 15:19:40,BSA5255,email_attachment
2026-06-10 15:20:47,GPG7115,email_attachment
2026-06-10 15:48:37,AWX0001,email_attachment
2026-06-10 15:51:12,GYP1903,email_attachment
2026-06-10 16:11:29,TZZ2486,email_attachment
2026-06-10 16:15:56,TDJ7685,usb_connect
2026-06-10 16:34:44,VWK2440,email_attachment
2026-06-10 16:56:14,AVP8904,email_attachment
2026-06-10 16:56:54,AVA4350,email_attachment
2026-06-10 18:05:52,NGY1374,email_attachment
2026-06-10 18:29:36,QJE3186,email_attachment
2026-06-10 18:42:26,ZPL4646,email_attachment
2026-06-11 06:39:38,HJJ8961,external_upload
2026-06-11 07:05:42,ZPC9799,email_attachment
2026-06-11 07:10:14,PXF1684,email_attachment
2026-06-11 07:13:06,MSK8626,email_attachment
2026-06-11 07:13:22,FKJ0479,email_attachment
2026-06-11 07:18:15,CAS0219,email_attachment
2026-06-11 07:32:42,AQJ3094,email_attachment
2026-06-11 07:36:39,LKB0400,email_attachment
2026-06-11 08:13:13,FPK2167,email_attachment
2026-06-11 08:25:20,NYU1092,external_upload
2026-06-11 08:44:06,WCZ3825,email_attachment
2026-06-11 08:57:44,FUK9154,email_attachment
2026-06-11 09:15:03,YMQ0646,email_attachment
2026-06-11 09:22:30,XCS2082,email_attachment
2026-06-11 09:26:50,XMY1520,email_attachment
2026-06-11 09:34:14,EGE2962,email_attachment
2026-06-11 09:35:19,LMK4501,email_attachment
2026-06-11 09:36:33,YVK4363,email_attachment
2026-06-11 09:37:50,PAZ8627,email_attachment
2026-06-11 09:42:44,KFN4851,email_attachment
2026-06-11 09:44:04,HBS3101,external_upload
2026-06-11 09:51:26,TDT2911,email_attachment
2026-06-11 09:52:51,MAV1191,email_attachment
2026-06-11 09:53:00,WDF1317,email_attachment
2026-06-11 09:59:07,JQB4720,email_attachment
2026-06-11 10:00:44,NTU7090,external_upload
2026-06-11 10:02:08,WSP7770,external_upload
2026-06-11 10:05:42,FTB2147,external_upload
2026-06-11 10:06:52,EFT3587,email_attachment
2026-06-11 10:07:41,GMA8519,email_attachment
2026-06-11 10:16:10,DZT3304,email_attachment
2026-06-11 10:19:00,ATY1642,email_attachment
2026-06-11 10:19:23,RQE5788,external_upload
2026-06-11 10:20:15,QTV5992,email_attachment
2026-06-11 10:20:31,TEV4925,email_attachment
2026-06-11 10:21:58,XJU4690,email_attachment
2026-06-11 10:24:33,CQE8059,email_attachment
2026-06-11 10:25:16,QPJ2223,email_attachment
2026-06-11 10:28:03,KBZ6105,email_attachment
2026-06-11 10:29:28,TJL7396,email_attachment
2026-06-11 10:30:56,XZE2186,email_attachment
2026-06-11 10:33:42,MBF0954,email_attachment
2026-06-11 10:35:28,QVG8689,email_attachment
2026-06-11 10:36:25,BLE1166,email_attachment
2026-06-11 10:37:00,WKB5191,external_upload
2026-06-11 10:37:04,MTX6608,email_attachment
2026-06-11 10:38:55,KZW1655,email_attachment
2026-06-11 10:45:07,RBE2056,email_attachment
2026-06-11 10:45:58,JEV3007,email_attachment
2026-06-11 10:52:50,SJW7363,email_attachment
2026-06-11 10:54:54,YRW9640,email_attachment
2026-06-11 10:55:02,QWE4909,email_attachment
2026-06-11 10:56:39,SCD9494,email_attachment
2026-06-11 10:57:26,WVD6813,email_attachment
2026-06-11 11:02:58,VAV3377,email_attachment
2026-06-11 11:05:24,TFG1591,email_attachment
2026-06-11 11:07:31,WNL8355,email_attachment
2026-06-11 11:07:43,XJU4690,email_attachment
2026-06-11 11:08:17,UKN2629,email_attachment
2026-06-11 11:10:14,GZG5689,email_attachment
2026-06-11 11:12:45,XJU4690,email_attachment
2026-06-11 11:12:52,XJU4690,email_attachment
2026-06-11 11:17:11,JVX0462,email_attachment
2026-06-11 11:17:18,WSQ7704,email_attachment
2026-06-11 11:17:43,BSW8923,email_attachment
2026-06-11 11:20:49,AKL6350,email_attachment
2026-06-11 11:23:35,QTN7519,email_attachment
2026-06-11 11:28:27,YCY9763,email_attachment
2026-06-11 11:28:51,DTW2539,email_attachment
2026-06-11 11:29:10,RCG7500,email_attachment
2026-06-11 11:29:17,GMG6846,external_upload
2026-06-11 11:31:51,MXP4447,usb_connect
2026-06-11 11:32:28,EJW8504,email_attachment
2026-06-11 11:37:52,SQE3562,email_attachment
2026-06-11 11:40:45,XJU4690,email_attachment
2026-06-11 11:42:01,VLD0014,email_attachment
2026-06-11 11:43:07,XTM0397,external_upload
2026-06-11 11:44:29,EXA3734,email_attachment
2026-06-11 11:48:12,FQZ0453,email_attachment
2026-06-11 11:49:53,BWK1175,email_attachment
2026-06-11 11:54:35,PCC6098,email_attachment
2026-06-11 11:56:47,VBA9177,email_attachment
2026-06-11 11:59:22,DJF2928,email_attachment
2026-06-11 12:01:17,NRG9357,email_attachment
2026-06-11 12:01:48,EXR0869,external_upload
2026-06-11 12:07:50,GLN5250,email_attachment
2026-06-11 12:08:47,CUA1783,email_attachment
2026-06-11 12:21:38,ENQ5809,email_attachment
2026-06-11 12:23:55,VUU0128,email_attachment
2026-06-11 12:24:20,PEB4761,email_attachment
2026-06-11 12:25:58,PGZ0051,email_attachment
2026-06-11 12:31:45,JSF4057,email_attachment
2026-06-11 12:32:32,DSR3222,email_attachment
2026-06-11 12:33:53,GKJ3785,email_attachment
2026-06-11 12:34:10,BMC3336,email_attachment
2026-06-11 12:38:26,HSQ8158,email_attachment
2026-06-11 12:38:47,MWQ7682,email_attachment
2026-06-11 12:42:32,XBH6953,email_attachment
2026-06-11 12:43:22,HHD9083,email_attachment
2026-06-11 12:46:16,UYH3482,email_attachment
2026-06-11 12:46:32,QNB5318,email_attachment
2026-06-11 12:49:37,VDX6246,email_attachment
2026-06-11 12:50:22,ABE2961,email_attachment
2026-06-11 12:51:38,JWK4353,email_attachment
2026-06-11 12:54:47,SLJ5128,external_upload
2026-06-11 12:55:43,CFV6297,email_attachment
2026-06-11 12:55:46,ESZ6803,email_attachment
2026-06-11 12:56:15,WRB3527,email_attachment
2026-06-11 12:57:00,LEQ0221,email_attachment
2026-06-11 12:57:48,XCK4519,email_attachment
2026-06-11 13:00:11,LKL1757,email_attachment
2026-06-11 13:06:22,RBH8130,email_attachment
2026-06-11 13:08:33,ZAN7200,email_attachment
2026-06-11 13:09:26,GYE0667,email_attachment
2026-06-11 13:11:11,GBA1658,email_attachment
2026-06-11 13:11:57,ZFA0404,email_attachment
2026-06-11 13:14:00,XJU4690,email_attachment
2026-06-11 13:14:46,UJW2838,email_attachment
2026-06-11 13:14:57,SNN2223,email_attachment
2026-06-11 13:21:37,ZZL0154,email_attachment
2026-06-11 13:21:54,BHJ3735,external_upload
2026-06-11 13:25:42,XJU4690,email_attachment
2026-06-11 13:26:05,XJU4690,email_attachment
2026-06-11 13:40:42,FWZ2671,email_attachment
2026-06-11 13:43:12,DQL0828,email_attachment
2026-06-11 13:46:14,EMY0546,email_attachment
2026-06-11 13:47:06,XJU4690,email_attachment
2026-06-11 13:53:56,QNP1003,email_attachment
2026-06-11 13:56:41,FUK6375,external_upload
2026-06-11 14:03:16,QAQ9676,external_upload
2026-06-11 14:09:19,CBQ4454,email_attachment
2026-06-11 14:09:29,UPL0578,email_attachment
2026-06-11 14:13:44,XJU4690,email_attachment
2026-06-11 14:25:11,XJU4690,email_attachment
2026-06-11 14:36:46,TCG1206,email_attachment
2026-06-11 14:48:40,EZH0707,email_attachment
2026-06-11 15:09:56,EKA2417,email_attachment
2026-06-11 15:20:34,WKR1017,email_attachment
2026-06-11 15:51:15,JCD9617,email_attachment
2026-06-11 16:16:38,UWN1593,email_attachment
2026-06-11 16:25:49,SXT0742,email_attachment
2026-06-11 16:34:39,CMF1527,email_attachment
2026-06-11 16:45:37,VFA6765,email_attachment
2026-06-11 17:04:24,VPM8632,external_upload
2026-06-11 18:03:37,NTA8758,email_attachment
2026-06-12 06:48:20,XKJ4542,email_attachment
2026-06-12 07:01:05,NYE4816,email_attachment
2026-06-12 07:40:12,CLU4292,email_attachment
2026-06-12 07:43:33,AQJ3094,email_attachment
2026-06-12 07:55:53,FAV1376,email_attachment
2026-06-12 08:21:20,ZEU3356,email_attachment
2026-06-12 08:53:32,ZLS6708,email_attachment
2026-06-12 08:57:32,JWE8116,email_attachment
2026-06-12 09:01:23,ZMY6132,email_attachment
2026-06-12 09:05:14,SLW4036,email_attachment
2026-06-12 09:11:51,KJA5482,email_attachment
2026-06-12 09:13:35,XMZ1293,email_attachment
2026-06-12 09:14:07,SKH1422,email_attachment
2026-06-12 09:15:54,SJW7363,email_attachment
2026-06-12 09:20:12,RWL2205,email_attachment
2026-06-12 09:21:09,TAS0828,email_attachment
2026-06-12 09:30:08,XMP7066,email_attachment
2026-06-12 09:30:58,DQZ4406,email_attachment
2026-06-12 09:42:20,SPR1414,email_attachment
2026-06-12 09:45:40,KZE3724,email_attachment
2026-06-12 09:45:41,ZUU9989,email_attachment
2026-06-12 09:49:08,YJC5459,email_attachment
2026-06-12 09:55:13,WAZ0807,email_attachment
2026-06-12 09:55:48,GWB9650,email_attachment
2026-06-12 09:56:29,AWP0070,email_attachment
2026-06-12 09:56:39,CBQ4454,email_attachment
2026-06-12 10:07:21,JSR7541,email_attachment
2026-06-12 10:10:15,TFF8582,email_attachment
2026-06-12 10:12:18,RYB9111,email_attachment
2026-06-12 10:15:11,PSV1353,email_attachment
2026-06-12 10:16:40,HNJ6294,email_attachment
2026-06-12 10:17:18,VKL2143,external_upload
2026-06-12 10:19:02,FAA5368,email_attachment
2026-06-12 10:20:08,BZF9291,email_attachment
2026-06-12 10:21:49,TJP4948,email_attachment
2026-06-12 10:23:19,YTJ0104,email_attachment
2026-06-12 10:24:43,KLZ7303,email_attachment
2026-06-12 10:26:12,XLK1677,email_attachment
2026-06-12 10:27:21,TUH6119,email_attachment
2026-06-12 10:31:53,LSN9254,usb_connect
2026-06-12 10:33:38,KYK2416,email_attachment
2026-06-12 10:36:33,HQY0328,email_attachment
2026-06-12 10:38:10,AFL5958,email_attachment
2026-06-12 10:38:27,MHX0037,email_attachment
2026-06-12 10:39:56,AAE7371,email_attachment
2026-06-12 10:43:12,DAL8893,email_attachment
2026-06-12 10:46:58,DDH6028,email_attachment
2026-06-12 10:49:07,MDL2782,email_attachment
2026-06-12 10:49:09,QWV1502,usb_connect
2026-06-12 10:53:19,DZG6303,email_attachment
2026-06-12 10:55:55,EAE9892,email_attachment
2026-06-12 10:56:13,BBH7509,email_attachment
2026-06-12 10:59:29,WFU8122,email_attachment
2026-06-12 10:59:52,PZF1734,email_attachment
2026-06-12 11:00:16,FQZ0453,email_attachment
2026-06-12 11:03:10,HTF8013,email_attachment
2026-06-12 11:05:23,TRT5910,email_attachment
2026-06-12 11:06:06,EQA7194,email_attachment
2026-06-12 11:09:19,SJN3046,email_attachment
2026-06-12 11:15:32,FKD9447,email_attachment
2026-06-12 11:16:55,WYW4325,email_attachment
2026-06-12 11:18:23,PYR2813,email_attachment
2026-06-12 11:18:28,GKN1863,email_attachment
2026-06-12 11:21:02,KBH1111,email_attachment
2026-06-12 11:23:10,JDA6078,external_upload
2026-06-12 11:27:01,PCC6098,email_attachment
2026-06-12 11:28:32,RHB3473,email_attachment
2026-06-12 11:29:10,QDN2660,email_attachment
2026-06-12 11:34:59,AEY2241,email_attachment
2026-06-12 11:40:47,SLC9182,email_attachment
2026-06-12 11:40:53,HPN5740,email_attachment
2026-06-12 11:42:41,WXM4397,external_upload
2026-06-12 11:45:41,HVQ8555,email_attachment
2026-06-12 11:46:03,KTW8603,email_attachment
2026-06-12 11:50:31,PFM8725,email_attachment
2026-06-12 11:54:45,ZZM0775,email_attachment
2026-06-12 11:58:21,XRH2855,email_attachment
2026-06-12 11:59:14,SDV4997,email_attachment
2026-06-12 11:59:16,WYR6092,email_attachment
2026-06-12 12:04:34,DVB7286,email_attachment
2026-06-12 12:05:19,SPM1999,email_attachment
2026-06-12 12:09:17,QPJ2223,email_attachment
2026-06-12 12:09:38,QPT3554,email_attachment
2026-06-12 12:13:15,RSX0455,email_attachment
2026-06-12 12:20:36,HSG3626,email_attachment
2026-06-12 12:21:07,ZHB5881,email_attachment
2026-06-12 12:22:49,ACN5603,email_attachment
2026-06-12 12:24:19,NKB9927,email_attachment
2026-06-12 12:24:23,SPK8158,external_upload
2026-06-12 12:30:29,RTM5796,email_attachment
2026-06-12 12:30:53,AGD8568,email_attachment
2026-06-12 12:32:34,WQQ3666,email_attachment
2026-06-12 12:32:42,YAN4865,email_attachment
2026-06-12 12:34:31,LMF2492,email_attachment
2026-06-12 12:37:16,PLP3673,external_upload
2026-06-12 12:39:06,YSA9883,email_attachment
2026-06-12 12:46:53,PJN1183,email_attachment
2026-06-12 12:48:34,XQM4117,email_attachment
2026-06-12 12:53:23,UNN8662,email_attachment
2026-06-12 12:53:53,QDR5644,email_attachment
2026-06-12 12:54:08,AQD8170,email_attachment
2026-06-12 12:54:35,HTM0498,email_attachment
2026-06-12 12:55:30,MAC3040,email_attachment
2026-06-12 12:55:46,ASH2177,email_attachment
2026-06-12 13:03:02,XBH6953,email_attachment
2026-06-12 13:04:26,FGC5618,email_attachment
2026-06-12 13:04:38,WRB3527,email_attachment
2026-06-12 13:05:35,MHA1657,email_attachment
2026-06-12 13:09:26,TBE1642,email_attachment
2026-06-12 13:10:00,JQB4720,email_attachment
2026-06-12 13:11:05,VRM4862,email_attachment
2026-06-12 13:11:12,QUX8484,email_attachment
2026-06-12 13:12:02,ULN5586,email_attachment
2026-06-12 13:15:15,BCL5970,email_attachment
2026-06-12 13:19:28,NCU9337,email_attachment
2026-06-12 13:22:59,CPF7783,email_attachment
2026-06-12 13:23:40,UBP6054,email_attachment
2026-06-12 13:24:14,BZA5306,email_attachment
2026-06-12 13:24:17,RWS1724,email_attachment
2026-06-12 13:26:35,AAT6431,email_attachment
2026-06-12 13:27:14,JGK6296,email_attachment
2026-06-12 13:31:03,XJA0182,email_attachment
2026-06-12 13:33:50,MRB9312,email_attachment
2026-06-12 13:34:16,SPJ4788,email_attachment
2026-06-12 13:44:28,XJU4690,email_attachment
2026-06-12 13:45:17,RBH8130,email_attachment
2026-06-12 13:53:33,URA4638,email_attachment
2026-06-12 13:54:46,MSW7113,email_attachment
2026-06-12 13:57:19,TEV4925,email_attachment
2026-06-12 13:59:22,LPT7739,email_attachment
2026-06-12 14:06:21,SHE0377,email_attachment
2026-06-12 14:53:36,HFM4572,email_attachment
2026-06-12 16:11:39,TDJ7685,email_attachment
2026-06-12 16:55:41,MVK9589,email_attachment
2026-06-12 17:12:53,GUE6869,email_attachment
2026-06-12 17:13:49,SZF0602,email_attachment
2026-06-12 17:37:53,AWX0001,email_attachment
2026-06-12 17:47:57,ZVN1622,email_attachment
2026-06-12 18:18:57,ZBE2522,email_attachment
2026-06-12 18:57:22,FBQ1663,email_attachment
2026-06-13 12:15:25,GTR6357,email_attachment
2026-06-13 16:50:20,URV9227,email_attachment
2026-06-13 16:54:51,BCJ1051,email_attachment
2026-06-13 18:39:03,BUG4150,email_attachment
2026-06-14 09:12:38,VRA4171,email_attachment
2026-06-14 09:53:21,LAB2540,email_attachment
2026-06-14 09:55:12,KLP0024,email_attachment
2026-06-14 10:00:07,HQN1201,email_attachment
2026-06-14 10:02:24,GCQ3102,email_attachment
2026-06-14 11:10:49,NGJ9474,email_attachment
2026-06-14 11:17:58,XZY6637,email_attachment
2026-06-14 12:10:56,CQE8059,email_attachment
2026-06-14 12:23:06,MUT1655,email_attachment
2026-06-14 12:30:44,WLT1936,email_attachment
2026-06-14 13:13:31,GNA5070,email_attachment
2026-06-15 06:27:24,CYD2166,email_attachment
2026-06-15 06:29:52,WFC6275,email_attachment
2026-06-15 07:16:36,NER9488,email_attachment
2026-06-15 07:24:57,UUU7336,email_attachment
2026-06-15 07:36:59,MBF0954,email_attachment
2026-06-15 07:41:15,VDQ2768,email_attachment
2026-06-15 08:12:17,TSH1437,email_attachment
2026-06-15 08:13:14,FSG4772,email_attachment
2026-06-15 08:16:01,PXF1684,email_attachment
2026-06-15 08:22:15,CQR0703,email_attachment
2026-06-15 08:30:54,PRQ3344,email_attachment
2026-06-15 08:34:40,ADE0330,email_attachment
2026-06-15 08:49:30,TJL6481,email_attachment
2026-06-15 08:51:01,RAE4533,email_attachment
2026-06-15 08:59:29,EPR5162,email_attachment
2026-06-15 08:59:59,TRT5910,email_attachment
2026-06-15 09:02:57,FMC2914,email_attachment
2026-06-15 09:04:44,NFU7665,email_attachment
2026-06-15 09:12:43,JQP1045,email_attachment
2026-06-15 09:14:49,XDF3286,email_attachment
2026-06-15 09:14:54,AJF5839,email_attachment
2026-06-15 09:14:56,BDJ2914,email_attachment
2026-06-15 09:15:33,JDL6872,email_attachment
2026-06-15 09:36:59,QDR5644,email_attachment
2026-06-15 09:41:16,GLY2041,email_attachment
2026-06-15 09:43:21,WFK1303,email_attachment
2026-06-15 09:48:54,JNB7620,email_attachment
2026-06-15 09:50:23,HXL1791,email_attachment
2026-06-15 10:01:20,ACZ8154,email_attachment
2026-06-15 10:03:54,DZS5070,email_attachment
2026-06-15 10:04:45,TJL4519,email_attachment
2026-06-15 10:05:20,SPR1414,email_attachment
2026-06-15 10:07:15,LRJ7325,email_attachment
2026-06-15 10:10:30,NJV8196,email_attachment
2026-06-15 10:11:15,RQE5788,email_attachment
2026-06-15 10:11:22,JGK6296,email_attachment
2026-06-15 10:13:23,MRE0291,email_attachment
2026-06-15 10:15:15,ZKZ0318,email_attachment
2026-06-15 10:15:48,RSL7536,email_attachment
2026-06-15 10:17:55,KWS9285,email_attachment
2026-06-15 10:23:56,AGA7372,email_attachment
2026-06-15 10:26:48,CHZ0215,email_attachment
2026-06-15 10:29:10,HQK3324,email_attachment
2026-06-15 10:32:11,XTB8409,email_attachment
2026-06-15 10:33:26,JVA8754,email_attachment
2026-06-15 10:33:33,CVS8644,external_upload
2026-06-15 10:37:19,MRB9312,email_attachment
2026-06-15 10:37:24,CWZ8878,email_attachment
2026-06-15 10:37:41,MGR2928,email_attachment
2026-06-15 10:40:32,LKZ9027,email_attachment
2026-06-15 10:42:30,LJF1648,email_attachment
2026-06-15 10:42:41,NYU1092,email_attachment
2026-06-15 10:44:25,JKK8889,email_attachment
2026-06-15 10:45:36,NHA3655,email_attachment
2026-06-15 10:49:59,AUH1017,usb_connect
2026-06-15 10:50:28,PSL2732,email_attachment
2026-06-15 10:50:46,SDV4997,email_attachment
2026-06-15 10:51:33,JYU4145,email_attachment
2026-06-15 10:52:26,WQC0866,email_attachment
2026-06-15 10:56:21,QZZ7745,usb_connect
2026-06-15 10:58:49,NAV6136,email_attachment
2026-06-15 11:01:03,RBE2056,email_attachment
2026-06-15 11:01:20,KCS1345,email_attachment
2026-06-15 11:02:13,SWS4507,external_upload
2026-06-15 11:07:02,USH7924,email_attachment
2026-06-15 11:10:38,LFD8878,email_attachment
2026-06-15 11:12:15,KCF6129,email_attachment
2026-06-15 11:20:07,NTK2859,email_attachment
2026-06-15 11:21:51,CXT3659,email_attachment
2026-06-15 11:23:14,VEF7773,email_attachment
2026-06-15 11:30:45,WQH4606,email_attachment
2026-06-15 11:36:18,SGF3557,email_attachment
2026-06-15 11:36:18,FTT6242,email_attachment
2026-06-15 11:39:01,MXP4447,email_attachment
2026-06-15 11:39:26,REB6617,email_attachment
2026-06-15 11:41:09,PPH2089,email_attachment
2026-06-15 11:42:18,ZMU4248,email_attachment
2026-06-15 11:46:33,KFQ0753,email_attachment
2026-06-15 11:51:53,TKR9198,email_attachment
2026-06-15 11:56:03,HAW4590,email_attachment
2026-06-15 12:01:24,GCH8602,email_attachment
2026-06-15 12:07:41,BDJ0886,email_attachment
2026-06-15 12:10:26,GHQ3847,email_attachment
2026-06-15 12:10:28,LXZ8609,email_attachment
2026-06-15 12:12:49,AET4214,email_attachment
2026-06-15 12:13:36,FPS7859,email_attachment
2026-06-15 12:21:25,WYA6618,email_attachment
2026-06-15 12:24:31,TBE1642,email_attachment
2026-06-15 12:26:20,SQV6235,email_attachment
2026-06-15 12:29:33,WRQ6754,email_attachment
2026-06-15 12:33:31,WLP6666,email_attachment
2026-06-15 12:35:06,HNT5815,email_attachment
2026-06-15 12:36:21,WLP3029,email_attachment
2026-06-15 12:39:46,EBR6957,email_attachment
2026-06-15 12:42:30,LCU3989,email_attachment
2026-06-15 12:43:54,ZFL8607,email_attachment
2026-06-15 12:46:14,WNL8355,email_attachment
2026-06-15 12:48:26,YJJ7053,email_attachment
2026-06-15 12:58:16,XRH2855,email_attachment
2026-06-15 13:00:19,DVB7286,email_attachment
2026-06-15 13:09:48,KHR6403,email_attachment
2026-06-15 13:11:14,DDL7713,email_attachment
2026-06-15 13:14:18,WRH5562,email_attachment
2026-06-15 13:20:11,BKB9111,email_attachment
2026-06-15 13:22:13,WWV0479,email_attachment
2026-06-15 13:22:41,BXJ9998,email_attachment
2026-06-15 13:30:25,YCY9763,email_attachment
2026-06-15 13:38:17,DUC6242,email_attachment
2026-06-15 13:39:16,EQA7194,email_attachment
2026-06-15 13:39:58,QTA6267,external_upload
2026-06-15 13:40:59,EBC4994,email_attachment
2026-06-15 13:42:22,QAU0816,email_attachment
2026-06-15 13:44:50,ETS0307,email_attachment
2026-06-15 13:46:49,FVT5025,email_attachment
2026-06-15 13:49:03,KNZ9610,email_attachment
2026-06-15 13:50:43,KAN7127,email_attachment
2026-06-15 13:53:11,LZA4757,email_attachment
2026-06-15 13:54:30,CHG2521,email_attachment
2026-06-15 13:55:26,WHU1145,email_attachment
2026-06-15 13:58:49,AMG2238,email_attachment
2026-06-15 14:15:23,GDJ5184,email_attachment
2026-06-15 14:36:01,DAA6296,email_attachment
2026-06-15 17:09:46,ACG7504,email_attachment
2026-06-15 17:53:25,QCJ6394,external_upload
2026-06-15 17:57:21,ZKC0776,email_attachment
2026-06-15 17:59:33,FAP0273,email_attachment
2026-06-16 07:02:22,EDQ2066,email_attachment
2026-06-16 07:22:18,FXW8392,email_attachment
2026-06-16 07:29:05,ZWY3357,email_attachment
2026-06-16 07:30:43,HJJ8961,email_attachment
2026-06-16 07:55:59,ESB5979,external_upload
2026-06-16 07:57:14,JDL6872,email_attachment
2026-06-16 08:10:36,ESB5979,email_attachment
2026-06-16 08:24:20,BKS0875,email_attachment
2026-06-16 08:26:00,FSG4772,email_attachment
2026-06-16 08:41:35,XRA6244,email_attachment
2026-06-16 08:52:53,JFR6002,email_attachment
2026-06-16 09:01:31,XSF2295,email_attachment
2026-06-16 09:06:25,AWE2423,email_attachment
2026-06-16 09:14:55,CUK8266,email_attachment
2026-06-16 09:18:56,WVM6738,email_attachment
2026-06-16 09:19:35,XTF5743,usb_connect
2026-06-16 09:29:07,CLM1185,email_attachment
2026-06-16 09:41:27,RSX1179,email_attachment
2026-06-16 09:42:17,JWR6908,email_attachment
2026-06-16 09:46:09,BLW7802,email_attachment
2026-06-16 09:46:17,YGD6007,external_upload
2026-06-16 09:47:56,HFN9307,email_attachment
2026-06-16 09:48:20,BDB1193,email_attachment
2026-06-16 09:53:58,WLP6666,email_attachment
2026-06-16 09:55:15,PDY2639,email_attachment
2026-06-16 09:56:13,GCX8279,email_attachment
2026-06-16 09:57:21,ZMX3445,email_attachment
2026-06-16 09:58:16,FHC5061,email_attachment
2026-06-16 10:06:29,PMT8929,email_attachment
2026-06-16 10:06:47,CQY5588,email_attachment
2026-06-16 10:08:32,QWV1502,email_attachment
2026-06-16 10:09:52,VQG5359,email_attachment
2026-06-16 10:11:56,VRM4862,usb_connect
2026-06-16 10:15:45,FWS7950,email_attachment
2026-06-16 10:16:59,RBN4080,email_attachment
2026-06-16 10:20:31,VHU4170,email_attachment
2026-06-16 10:21:23,GAR8123,email_attachment
2026-06-16 10:22:16,VFK7595,email_attachment
2026-06-16 10:22:41,QSY1804,email_attachment
2026-06-16 10:26:03,DXZ1860,email_attachment
2026-06-16 10:27:00,MPG6197,email_attachment
2026-06-16 10:30:38,HWZ1536,email_attachment
2026-06-16 10:34:11,TKK6517,email_attachment
2026-06-16 10:36:01,BSW8923,external_upload
2026-06-16 10:36:37,YWJ6443,email_attachment
2026-06-16 10:37:46,BJW8481,email_attachment
2026-06-16 10:40:46,RCG7500,email_attachment
2026-06-16 10:42:03,LQR5886,email_attachment
2026-06-16 10:43:52,BSX6865,email_attachment
2026-06-16 10:44:21,BXG1360,email_attachment
2026-06-16 10:49:34,CSB7056,email_attachment
2026-06-16 10:53:47,PQW5115,email_attachment
2026-06-16 10:54:10,RME1406,email_attachment
2026-06-16 11:01:45,JNF8252,external_upload
2026-06-16 11:04:24,EWT2292,email_attachment
2026-06-16 11:10:10,MHX3186,email_attachment
2026-06-16 11:13:52,DUC6242,email_attachment
2026-06-16 11:14:10,CWZ8878,email_attachment
2026-06-16 11:17:21,BDA7532,external_upload
2026-06-16 11:19:31,VYB4200,email_attachment
2026-06-16 11:19:36,URA4638,email_attachment
2026-06-16 11:24:03,YCY0882,email_attachment
2026-06-16 11:25:05,BEQ4335,email_attachment
2026-06-16 11:25:35,NRP9066,email_attachment
2026-06-16 11:25:42,ETS0307,email_attachment
2026-06-16 11:26:39,JJX7773,email_attachment
2026-06-16 11:29:47,MLP3442,email_attachment
2026-06-16 11:30:28,DUR0271,email_attachment
2026-06-16 11:40:05,MXP4447,external_upload
2026-06-16 11:43:40,ECY9951,email_attachment
2026-06-16 11:45:59,RFN8997,email_attachment
2026-06-16 11:47:52,XCK4519,email_attachment
2026-06-16 11:52:23,NJA9445,email_attachment
2026-06-16 11:52:32,HCB6961,email_attachment
2026-06-16 11:52:44,FFL5038,email_attachment
2026-06-16 11:53:14,SDA4591,email_attachment
2026-06-16 11:57:44,DUL4786,email_attachment
2026-06-16 11:58:58,YSR4292,email_attachment
2026-06-16 12:00:25,TMW0645,email_attachment
2026-06-16 12:01:22,CYF6152,external_upload
2026-06-16 12:03:34,EWY8648,email_attachment
2026-06-16 12:06:01,KMJ6011,external_upload
2026-06-16 12:09:25,VEN8982,email_attachment
2026-06-16 12:09:42,PFM2070,email_attachment
2026-06-16 12:12:48,MLP4344,email_attachment
2026-06-16 12:19:59,GJJ8559,email_attachment
2026-06-16 12:22:05,GWB9650,email_attachment
2026-06-16 12:22:53,KKW9426,email_attachment
2026-06-16 12:24:11,FFV1864,email_attachment
2026-06-16 12:25:59,AMH0036,email_attachment
2026-06-16 12:30:44,WTK1910,external_upload
2026-06-16 12:34:25,PLX1977,email_attachment
2026-06-16 12:36:08,GCA6821,email_attachment
2026-06-16 12:39:50,VBV3674,email_attachment
2026-06-16 12:41:12,LSM9484,email_attachment
2026-06-16 12:41:37,VXV7234,email_attachment
2026-06-16 12:47:35,CAJ8151,email_attachment
2026-06-16 12:49:28,ZLJ5960,email_attachment
2026-06-16 12:50:05,QQJ6766,email_attachment
2026-06-16 12:51:43,QMQ7100,email_attachment
2026-06-16 12:53:57,NKZ6411,email_attachment
2026-06-16 12:55:41,CFM9613,email_attachment
2026-06-16 12:56:13,PHD2134,email_attachment
2026-06-16 12:58:51,TEE2171,email_attachment
2026-06-16 12:58:58,DUZ1265,email_attachment
2026-06-16 13:00:19,LXG5367,email_attachment
2026-06-16 13:01:31,ADV1511,external_upload
2026-06-16 13:07:47,JRM5199,email_attachment
2026-06-16 13:24:26,SPM1999,email_attachment
2026-06-16 13:25:10,JLW9735,email_attachment
2026-06-16 13:27:29,EEL8338,email_attachment
2026-06-16 13:29:49,QBQ6174,email_attachment
2026-06-16 13:36:25,TNW8789,email_attachment
2026-06-16 13:46:14,CBK5478,email_attachment
2026-06-16 13:56:15,XBY3937,email_attachment
2026-06-16 14:15:23,PWL2596,email_attachment
2026-06-16 15:30:43,QJR8672,email_attachment
2026-06-16 16:53:51,NAF6431,email_attachment
2026-06-16 16:58:39,EGU0127,email_attachment
2026-06-16 17:20:11,XNB5488,email_attachment
2026-06-16 17:35:39,HLH4250,email_attachment
2026-06-16 18:08:15,PNX1881,email_attachment
2026-06-16 18:23:34,UMH6643,email_attachment
2026-06-16 18:59:27,MLG1806,email_attachment
2026-06-17 06:39:52,JYE3282,email_attachment
2026-06-17 07:04:30,DQZ4406,external_upload
2026-06-17 07:31:48,CGH0249,email_attachment
2026-06-17 07:39:01,MLR2624,email_attachment
2026-06-17 08:20:09,CHB9042,email_attachment
2026-06-17 08:38:38,YQH6723,email_attachment
2026-06-17 08:40:06,HWT1384,email_attachment
2026-06-17 08:50:20,PBH2552,email_attachment
2026-06-17 08:51:16,AWR3646,email_attachment
2026-06-17 09:13:14,JHW6568,email_attachment
2026-06-17 09:15:06,EKP0000,email_attachment
2026-06-17 09:18:39,GKB5174,email_attachment
2026-06-17 09:26:07,WLZ3212,email_attachment
2026-06-17 09:29:15,CUA1783,email_attachment
2026-06-17 09:33:55,JSA7385,email_attachment
2026-06-17 09:35:30,YAD0299,email_attachment
2026-06-17 09:38:36,YSW7344,email_attachment
2026-06-17 09:40:45,EFE0724,email_attachment
2026-06-17 09:41:15,GPW3461,email_attachment
2026-06-17 09:45:23,QHA2778,email_attachment
2026-06-17 09:46:19,DLN5803,email_attachment
2026-06-17 09:52:53,YSE5930,email_attachment
2026-06-17 09:53:32,EUM2584,email_attachment
2026-06-17 09:54:42,HVS3166,external_upload
2026-06-17 09:57:59,KLW7912,email_attachment
2026-06-17 09:59:26,BUH4617,email_attachment
2026-06-17 09:59:59,CXD4649,email_attachment
2026-06-17 10:01:14,KZL0169,email_attachment
2026-06-17 10:02:31,SZK8704,email_attachment
2026-06-17 10:04:58,AHW0731,email_attachment
2026-06-17 10:07:24,HFU3666,email_attachment
2026-06-17 10:07:30,DUZ1265,email_attachment
2026-06-17 10:08:33,SMF2572,email_attachment
2026-06-17 10:10:51,TZA8532,email_attachment
2026-06-17 10:12:01,LRZ2143,email_attachment
2026-06-17 10:12:12,ETF1221,email_attachment
2026-06-17 10:13:58,BNP5840,email_attachment
2026-06-17 10:24:45,WFZ8385,email_attachment
2026-06-17 10:24:57,FSG4772,email_attachment
2026-06-17 10:26:25,PJC3330,email_attachment
2026-06-17 10:26:57,RLA1209,email_attachment
2026-06-17 10:27:00,MGY2196,email_attachment
2026-06-17 10:28:43,PUH7781,email_attachment
2026-06-17 10:28:56,UVE9288,email_attachment
2026-06-17 10:30:40,CWB2189,email_attachment
2026-06-17 10:31:20,XZE2186,email_attachment
2026-06-17 10:32:46,VYC8658,email_attachment
2026-06-17 10:33:45,HQK3324,email_attachment
2026-06-17 10:38:28,FYA1434,email_attachment
2026-06-17 10:49:18,GDQ4471,email_attachment
2026-06-17 10:51:43,CQW5666,email_attachment
2026-06-17 10:52:17,XVG6611,email_attachment
2026-06-17 10:52:29,TCP3554,email_attachment
2026-06-17 10:56:05,SLQ3295,email_attachment
2026-06-17 10:56:55,XQJ3258,email_attachment
2026-06-17 10:58:22,ADH6725,external_upload
2026-06-17 11:01:52,JXR2006,email_attachment
2026-06-17 11:05:00,TEZ5652,email_attachment
2026-06-17 11:07:09,VGH6886,email_attachment
2026-06-17 11:11:10,VXV7234,email_attachment
2026-06-17 11:11:20,WVM6738,email_attachment
2026-06-17 11:13:23,ZGH0956,external_upload
2026-06-17 11:15:19,FGQ3884,email_attachment
2026-06-17 11:19:21,LVX5290,email_attachment
2026-06-17 11:20:35,WXM4397,usb_connect
2026-06-17 11:22:44,YJJ7053,email_attachment
2026-06-17 11:25:20,WCK0268,email_attachment
2026-06-17 11:26:47,PHG2290,email_attachment
2026-06-17 11:27:22,CDM9834,email_attachment
2026-06-17 11:30:27,MTX6608,email_attachment
2026-06-17 11:31:08,BNT0262,email_attachment
2026-06-17 11:31:08,TDL5657,email_attachment
2026-06-17 11:32:03,KNL2118,email_attachment
2026-06-17 11:33:36,HSG3626,email_attachment
2026-06-17 11:34:25,VVL2346,email_attachment
2026-06-17 11:35:36,JCZ9974,email_attachment
2026-06-17 11:37:16,RZM7542,email_attachment
2026-06-17 11:38:10,PSV3856,email_attachment
2026-06-17 11:47:54,GKY7969,email_attachment
2026-06-17 11:53:37,FYQ9194,email_attachment
2026-06-17 12:02:45,KAQ4260,email_attachment
2026-06-17 12:04:40,TMW0645,email_attachment
2026-06-17 12:12:53,PNE9210,email_attachment
2026-06-17 12:18:51,AWP0070,email_attachment
2026-06-17 12:19:16,SFX9426,email_attachment
2026-06-17 12:20:57,JQP1045,email_attachment
2026-06-17 12:21:25,UKN2629,email_attachment
2026-06-17 12:27:07,DAZ1017,email_attachment
2026-06-17 12:27:10,WXD2117,email_attachment
2026-06-17 12:31:18,RMZ9198,external_upload
2026-06-17 12:32:00,CQK5506,email_attachment
2026-06-17 12:38:00,ZMX3445,email_attachment
2026-06-17 12:43:03,UMF6912,email_attachment
2026-06-17 12:46:17,CDW9992,email_attachment
2026-06-17 12:48:35,NVR3124,email_attachment
2026-06-17 12:56:31,NEW0315,email_attachment
2026-06-17 12:56:35,AYA0123,email_attachment
2026-06-17 13:00:33,DEA2977,email_attachment
2026-06-17 13:04:16,GXL3526,email_attachment
2026-06-17 13:09:24,LQR5886,email_attachment
2026-06-17 13:19:32,JRS7748,external_upload
2026-06-17 13:20:20,RMZ9198,email_attachment
2026-06-17 13:28:57,GLN5250,email_attachment
2026-06-17 13:31:16,EDY8122,email_attachment
2026-06-17 13:34:10,WMT1608,email_attachment
2026-06-17 13:40:14,UUK6210,email_attachment
2026-06-17 13:44:25,FHC5061,email_attachment
2026-06-17 13:48:37,KZE3724,email_attachment
2026-06-17 13:57:35,UKN0534,email_attachment
2026-06-17 14:10:28,BJJ9883,email_attachment
2026-06-17 14:23:56,TZQ9935,email_attachment
2026-06-17 15:17:00,MFJ0514,email_attachment
2026-06-17 15:38:21,UKK9924,email_attachment
2026-06-17 15:48:32,SKH0523,email_attachment
2026-06-17 15:59:19,EZS7293,email_attachment
2026-06-17 16:09:50,FRT6341,external_upload
2026-06-17 16:12:46,EKA2417,email_attachment
2026-06-17 16:16:40,UFL2774,email_attachment
2026-06-17 17:08:37,VWK2440,email_attachment
2026-06-17 17:57:37,HUX0645,email_attachment
2026-06-18 06:22:46,PDT8522,email_attachment
2026-06-18 06:28:12,DZG9817,email_attachment
2026-06-18 06:58:22,VHE3897,email_attachment
2026-06-18 07:04:37,QUF3361,email_attachment
2026-06-18 07:14:28,VCS1161,external_upload
2026-06-18 07:44:29,AQJ3094,usb_connect
2026-06-18 07:46:06,XQJ9768,email_attachment
2026-06-18 08:20:07,ZLQ1264,email_attachment
2026-06-18 08:24:01,SRN5527,email_attachment
2026-06-18 08:34:23,FPH2619,email_attachment
2026-06-18 08:59:42,QTQ7721,external_upload
2026-06-18 09:03:12,MWL3483,email_attachment
2026-06-18 09:12:03,ZKA7775,email_attachment
2026-06-18 09:13:13,LSN9254,email_attachment
2026-06-18 09:16:39,BSW8923,email_attachment
2026-06-18 09:17:51,RRD0169,email_attachment
2026-06-18 09:24:32,HPN5740,email_attachment
2026-06-18 09:31:05,RNL9984,email_attachment
2026-06-18 09:34:41,ZMU4248,email_attachment
2026-06-18 09:35:10,JSA7385,email_attachment
2026-06-18 09:36:31,YEL9905,email_attachment
2026-06-18 09:37:31,XMQ4841,email_attachment
2026-06-18 09:37:55,UBP6054,email_attachment
2026-06-18 09:40:35,NNF1030,email_attachment
2026-06-18 09:42:14,AJR6231,email_attachment
2026-06-18 09:45:41,PMJ2575,email_attachment
2026-06-18 09:46:18,ZDB2083,email_attachment
2026-06-18 09:46:53,DGL2730,email_attachment
2026-06-18 09:48:47,AKK7619,email_attachment
2026-06-18 09:51:11,XRY2967,email_attachment
2026-06-18 09:55:27,LYP2797,email_attachment
2026-06-18 09:58:51,EGV7193,email_attachment
2026-06-18 10:00:45,JDA6078,email_attachment
2026-06-18 10:01:47,CWB2189,email_attachment
2026-06-18 10:06:32,KCS1345,email_attachment
2026-06-18 10:15:18,HEK2183,email_attachment
2026-06-18 10:15:37,WFK1303,email_attachment
2026-06-18 10:16:21,AXF9093,email_attachment
2026-06-18 10:18:52,KLA1121,email_attachment
2026-06-18 10:20:18,ELP0004,email_attachment
2026-06-18 10:21:53,PBL6806,email_attachment
2026-06-18 10:29:38,PEH7036,email_attachment
2026-06-18 10:33:03,HRA4252,email_attachment
2026-06-18 10:34:34,JVW7508,email_attachment
2026-06-18 10:34:52,MDL2782,email_attachment
2026-06-18 10:35:23,RST2294,email_attachment
2026-06-18 10:35:43,LRZ2143,external_upload
2026-06-18 10:36:36,BQZ1130,email_attachment
2026-06-18 10:39:50,MHN7634,email_attachment
2026-06-18 10:44:31,SGQ6755,external_upload
2026-06-18 10:45:01,TGV1198,email_attachment
2026-06-18 10:54:51,YJG3414,email_attachment
2026-06-18 10:58:52,MCM4583,email_attachment
2026-06-18 10:59:13,FHC5582,email_attachment
2026-06-18 10:59:55,CYX4683,email_attachment
2026-06-18 11:07:56,RNC6937,email_attachment
2026-06-18 11:08:11,SUG3283,email_attachment
2026-06-18 11:09:05,BPW6998,email_attachment
2026-06-18 11:15:33,RQX2265,email_attachment
2026-06-18 11:23:26,QSP9232,email_attachment
2026-06-18 11:26:22,BDJ0886,email_attachment
2026-06-18 11:29:15,QDR5644,email_attachment
2026-06-18 11:29:33,RLF5434,email_attachment
2026-06-18 11:29:58,QJL1246,email_attachment
2026-06-18 11:32:36,HVS3166,email_attachment
2026-06-18 11:33:26,QCJ4335,email_attachment
2026-06-18 11:33:46,XCS2082,email_attachment
2026-06-18 11:38:32,NNN1422,email_attachment
2026-06-18 11:40:52,KYD1776,email_attachment
2026-06-18 11:42:39,NPU2327,usb_connect
2026-06-18 11:48:00,TXQ6972,email_attachment
2026-06-18 11:52:29,VXH2095,email_attachment
2026-06-18 11:53:32,DZC7596,email_attachment
2026-06-18 11:56:09,URQ0978,email_attachment
2026-06-18 11:58:46,RST2294,usb_connect
2026-06-18 11:59:47,BTH2898,email_attachment
2026-06-18 12:01:46,LYU9776,email_attachment
2026-06-18 12:01:48,EXP0252,external_upload
2026-06-18 12:04:42,PLD6480,email_attachment
2026-06-18 12:05:02,WVM6738,email_attachment
2026-06-18 12:18:36,PWT2372,email_attachment
2026-06-18 12:20:18,WJJ3459,email_attachment
2026-06-18 12:20:39,LQN7970,email_attachment
2026-06-18 12:28:08,UKD6455,email_attachment
2026-06-18 12:30:16,KVE6797,email_attachment
2026-06-18 12:30:39,RVL1733,email_attachment
2026-06-18 12:37:10,KFN4851,email_attachment
2026-06-18 12:37:39,AVL7593,email_attachment
2026-06-18 12:41:09,GHW1878,email_attachment
2026-06-18 12:43:07,AAT6431,email_attachment
2026-06-18 12:45:13,DPN5279,email_attachment
2026-06-18 12:45:33,BZK1628,email_attachment
2026-06-18 12:53:48,GTK1590,email_attachment
2026-06-18 12:57:25,MWN8039,email_attachment
2026-06-18 12:57:40,QBC9951,email_attachment
2026-06-18 13:01:19,JMM1620,email_attachment
2026-06-18 13:03:38,TAD4989,email_attachment
2026-06-18 13:09:06,TVL8943,email_attachment
2026-06-18 13:09:07,TDD5958,email_attachment
2026-06-18 13:11:11,WYX0098,email_attachment
2026-06-18 13:14:48,KDJ0200,email_attachment
2026-06-18 13:23:21,HUF5919,email_attachment
2026-06-18 13:40:32,JPH6556,email_attachment
2026-06-18 13:45:12,WZQ9342,email_attachment
2026-06-18 13:48:07,XFD6884,email_attachment
2026-06-18 13:51:05,PFG1051,email_attachment
2026-06-18 14:08:26,DXS7351,email_attachment
2026-06-18 14:10:13,QJE3186,email_attachment
2026-06-18 14:15:39,HUX0645,email_attachment
2026-06-18 14:17:13,EEE0834,email_attachment
2026-06-18 14:38:56,BXQ0249,email_attachment
2026-06-18 14:41:10,GND9693,email_attachment
2026-06-18 14:43:43,ATN8458,email_attachment
2026-06-18 14:47:29,SXZ6117,email_attachment
2026-06-18 14:48:00,AVA4350,email_attachment
2026-06-18 15:10:06,NDK9291,email_attachment
2026-06-18 15:24:48,RDH0031,email_attachment
2026-06-18 15:25:23,AQA7238,usb_connect
2026-06-18 15:31:30,UMH6643,email_attachment
2026-06-18 15:39:20,GYP1903,email_attachment
2026-06-18 16:23:27,EZS7293,external_upload
2026-06-18 17:08:17,BEM7786,email_attachment
2026-06-18 17:13:17,SSG9024,email_attachment
2026-06-18 17:31:43,THK0416,email_attachment
2026-06-18 17:48:58,SKH0523,email_attachment
2026-06-18 17:55:21,BSA5255,email_attachment
2026-06-18 17:56:10,JZT4989,external_upload
2026-06-18 18:20:37,PSS7319,email_attachment
2026-06-18 19:09:19,UKK9924,email_attachment
2026-06-19 16:48:03,BZV5058,email_attachment
2026-06-20 10:17:22,TAD4989,email_attachment
2026-06-20 10:25:51,FXS1805,email_attachment
2026-06-20 10:43:26,TZG5035,email_attachment
2026-06-20 10:43:48,XYM2687,email_attachment
2026-06-20 10:54:38,ADL7522,email_attachment
2026-06-20 12:23:55,YBY3674,email_attachment
2026-06-20 13:44:06,VRT7427,email_attachment
2026-06-20 17:55:03,SYH1622,email_attachment
2026-06-21 10:22:38,KMY8772,email_attachment
2026-06-21 11:28:02,WNZ6737,email_attachment
2026-06-21 12:26:34,MHF4555,email_attachment
2026-06-21 13:30:04,SMF2572,email_attachment
2026-06-21 13:40:02,NCU9337,email_attachment
2026-06-21 13:54:55,DYQ2940,external_upload
2026-06-22 06:59:18,LBZ7347,email_attachment
2026-06-22 07:43:40,TJL6481,usb_connect
2026-06-22 07:49:50,EBR0860,email_attachment
2026-06-22 08:03:39,VDC9790,email_attachment
2026-06-22 08:09:11,UXD8068,email_attachment
2026-06-22 08:17:26,JNV6999,email_attachment
2026-06-22 08:31:16,VXD9349,email_attachment
2026-06-22 08:56:48,CST4793,email_attachment
2026-06-22 09:03:17,QJL1246,email_attachment
2026-06-22 09:08:29,NCR2209,email_attachment
2026-06-22 09:10:49,TJL6481,external_upload
2026-06-22 09:10:54,CHB9042,email_attachment
2026-06-22 09:16:07,XEY1384,email_attachment
2026-06-22 09:22:05,RBE2056,email_attachment
2026-06-22 09:26:14,NNF1030,email_attachment
2026-06-22 09:27:41,KJF3665,email_attachment
2026-06-22 09:28:22,JFK1870,email_attachment
2026-06-22 09:39:40,PJM7982,email_attachment
2026-06-22 09:41:35,WYZ2196,email_attachment
2026-06-22 09:48:15,MHA1657,email_attachment
2026-06-22 09:48:26,QDS1979,email_attachment
2026-06-22 09:49:28,UGN5077,email_attachment
2026-06-22 09:50:02,FPH2619,external_upload
2026-06-22 09:50:24,VGP5643,email_attachment
2026-06-22 09:51:22,HPJ5838,email_attachment
2026-06-22 09:53:54,HDS8884,email_attachment
2026-06-22 09:54:33,TBZ5694,email_attachment
2026-06-22 09:57:22,KAQ4260,email_attachment
2026-06-22 10:00:19,TEB4639,email_attachment
2026-06-22 10:02:00,VCS1161,email_attachment
2026-06-22 10:03:04,BTU7896,external_upload
2026-06-22 10:03:40,KLA1121,external_upload
2026-06-22 10:04:44,WGM2789,email_attachment
2026-06-22 10:04:50,CCC1913,email_attachment
2026-06-22 10:07:59,DXZ1860,external_upload
2026-06-22 10:13:49,QDR5644,usb_connect
2026-06-22 10:18:09,YDD4870,email_attachment
2026-06-22 10:22:31,JVN9713,email_attachment
2026-06-22 10:28:04,SDV4997,email_attachment
2026-06-22 10:29:02,GSY3617,external_upload
2026-06-22 10:34:17,CVP7987,external_upload
2026-06-22 10:37:05,EDX9440,usb_connect
2026-06-22 10:37:21,SJW7363,external_upload
2026-06-22 10:37:32,ZPB1790,email_attachment
2026-06-22 10:38:46,KLZ7303,email_attachment
2026-06-22 10:39:26,TQG3186,email_attachment
2026-06-22 10:45:51,DXZ1860,email_attachment
2026-06-22 10:46:39,MHF4555,email_attachment
2026-06-22 10:48:58,HEP4992,email_attachment
2026-06-22 10:59:30,FYM3175,email_attachment
2026-06-22 10:59:38,ZSX0554,email_attachment
2026-06-22 11:02:44,QXA0717,email_attachment
2026-06-22 11:04:23,EKA8131,external_upload
2026-06-22 11:06:31,GPU2972,email_attachment
2026-06-22 11:06:50,YVQ4468,email_attachment
2026-06-22 11:08:55,QUE4515,email_attachment
2026-06-22 11:12:23,BNJ6311,email_attachment
2026-06-22 11:13:24,PNE9210,email_attachment
2026-06-22 11:15:56,PBA7729,email_attachment
2026-06-22 11:17:08,GMA8519,email_attachment
2026-06-22 11:18:04,KSS9566,email_attachment
2026-06-22 11:18:24,JHG6258,email_attachment
2026-06-22 11:21:12,RTK6170,email_attachment
2026-06-22 11:22:05,ZMU4248,email_attachment
2026-06-22 11:25:18,WZD7435,email_attachment
2026-06-22 11:26:52,KQK8927,external_upload
2026-06-22 11:27:50,CME8175,email_attachment
2026-06-22 11:29:10,DQL0828,email_attachment
2026-06-22 11:29:41,ZJF2677,email_attachment
2026-06-22 11:30:12,HLH7567,email_attachment
2026-06-22 11:32:15,FPZ7336,email_attachment
2026-06-22 11:33:20,DHH4426,email_attachment
2026-06-22 11:35:19,GGL2672,email_attachment
2026-06-22 11:35:52,ADV1511,email_attachment
2026-06-22 11:36:08,FNB0006,email_attachment
2026-06-22 11:38:50,ENE5717,email_attachment
2026-06-22 11:42:06,JMY7303,email_attachment
2026-06-22 11:42:23,XWB0313,email_attachment
2026-06-22 11:42:25,MDE9058,email_attachment
2026-06-22 11:43:00,XHA3580,email_attachment
2026-06-22 11:44:59,WAT3736,email_attachment
2026-06-22 11:48:12,DEA2977,email_attachment
2026-06-22 11:49:26,BKB9111,email_attachment
2026-06-22 11:55:42,AYF3784,email_attachment
2026-06-22 11:56:14,MHH6200,email_attachment
2026-06-22 11:57:07,URS5582,email_attachment
2026-06-22 11:59:08,LYP2797,email_attachment
2026-06-22 11:59:42,VQK5549,email_attachment
2026-06-22 12:01:22,YWJ6443,usb_connect
2026-06-22 12:16:14,FYW5995,email_attachment
2026-06-22 12:25:12,XZW8899,email_attachment
2026-06-22 12:25:53,AXF9093,email_attachment
2026-06-22 12:29:32,GJS8114,email_attachment
2026-06-22 12:38:11,MXP4447,email_attachment
2026-06-22 12:39:10,LLJ6063,email_attachment
2026-06-22 12:40:25,HEK2183,email_attachment
2026-06-22 12:43:04,YJG3414,email_attachment
2026-06-22 12:43:41,MPN9504,email_attachment
2026-06-22 12:44:00,CQN3399,email_attachment
2026-06-22 12:49:36,LSM9484,email_attachment
2026-06-22 12:56:07,ZDB4042,external_upload
2026-06-22 13:00:22,ABX8155,email_attachment
2026-06-22 13:07:53,HSG3626,email_attachment
2026-06-22 13:10:12,LRJ7325,email_attachment
2026-06-22 13:12:57,SUP0820,email_attachment
2026-06-22 13:13:00,VQG5359,email_attachment
2026-06-22 13:18:23,SYR2719,email_attachment
2026-06-22 13:18:41,CHG2521,email_attachment
2026-06-22 13:20:14,PDG5421,email_attachment
2026-06-22 13:21:16,WPP7340,email_attachment
2026-06-22 13:22:28,RWR4951,external_upload
2026-06-22 13:23:33,MAL8528,email_attachment
2026-06-22 13:23:57,UUK6210,email_attachment
2026-06-22 13:24:28,TQX9577,email_attachment
2026-06-22 13:24:56,LRF5084,email_attachment
2026-06-22 13:29:03,KAB4578,email_attachment
2026-06-22 13:31:44,GZS8306,email_attachment
2026-06-22 13:38:32,YZD2818,email_attachment
2026-06-22 13:52:44,EEL8338,email_attachment
2026-06-22 14:19:09,PPT0631,email_attachment
2026-06-22 14:22:17,YKZ8920,email_attachment
2026-06-22 15:21:12,MED2542,email_attachment
2026-06-22 15:29:12,VVG9350,email_attachment
2026-06-22 15:57:09,ZKC0776,external_upload
2026-06-22 16:16:29,GPM7681,email_attachment
2026-06-22 17:16:55,QJQ6157,email_attachment
2026-06-22 17:58:16,AVA4350,email_attachment
2026-06-22 18:40:54,HLH4250,email_attachment
2026-06-23 06:47:16,FPK2167,email_attachment
2026-06-23 06:55:27,YSM2801,email_attachment
2026-06-23 07:13:08,EYR9807,email_attachment
2026-06-23 07:51:48,FXS1805,email_attachment
2026-06-23 07:57:38,EGN8911,email_attachment
2026-06-23 08:16:48,DEM6967,email_attachment
2026-06-23 08:46:20,DAS6696,external_upload
2026-06-23 08:47:56,JQB8686,email_attachment
2026-06-23 08:48:35,CQR0703,email_attachment
2026-06-23 08:53:56,JSS6150,email_attachment
2026-06-23 09:03:46,YEL9905,email_attachment
2026-06-23 09:09:07,ULK7678,email_attachment
2026-06-23 09:13:32,EVE9861,email_attachment
2026-06-23 09:13:36,ZWY3357,email_attachment
2026-06-23 09:26:23,MAC3040,email_attachment
2026-06-23 09:32:28,WUN4947,email_attachment
2026-06-23 09:32:41,JNF8252,email_attachment
2026-06-23 09:36:30,VQW4357,email_attachment
2026-06-23 09:37:39,DSR3222,email_attachment
2026-06-23 09:42:02,PWX3110,usb_connect
2026-06-23 09:44:12,HBS3101,email_attachment
2026-06-23 09:44:56,LCD0888,email_attachment
2026-06-23 09:45:20,TED8372,email_attachment
2026-06-23 09:46:39,QTM2961,email_attachment
2026-06-23 09:58:03,YGU2995,email_attachment
2026-06-23 10:01:20,LCD7746,email_attachment
2026-06-23 10:01:43,BUH4617,email_attachment
2026-06-23 10:04:05,VKU7930,email_attachment
2026-06-23 10:09:37,SDV4997,email_attachment
2026-06-23 10:12:03,XVL5101,email_attachment
2026-06-23 10:14:03,GTR6357,email_attachment
2026-06-23 10:14:24,NFM9393,email_attachment
2026-06-23 10:17:57,DHT3461,email_attachment
2026-06-23 10:18:30,MSQ8629,email_attachment
2026-06-23 10:22:09,FET2735,email_attachment
2026-06-23 10:23:32,XMY1520,email_attachment
2026-06-23 10:23:49,KYD1776,usb_connect
2026-06-23 10:27:01,GMG6846,email_attachment
2026-06-23 10:29:41,ZUJ6730,email_attachment
2026-06-23 10:32:12,XYT8632,email_attachment
2026-06-23 10:32:30,BGM2933,email_attachment
2026-06-23 10:33:12,LNX5432,email_attachment
2026-06-23 10:38:29,NTK2859,email_attachment
2026-06-23 10:38:48,LWK9207,email_attachment
2026-06-23 10:42:29,QNL2706,external_upload
2026-06-23 10:45:45,MLR2624,email_attachment
2026-06-23 10:50:15,WFH6695,email_attachment
2026-06-23 10:51:12,CNX4632,email_attachment
2026-06-23 10:56:31,JEV3007,usb_connect
2026-06-23 10:56:34,SHS7915,email_attachment
2026-06-23 10:57:21,FXU6508,email_attachment
2026-06-23 10:57:57,PEV4917,email_attachment
2026-06-23 10:59:16,SJN3046,email_attachment
2026-06-23 11:01:01,UYF2390,email_attachment
2026-06-23 11:01:34,SMF2572,email_attachment
2026-06-23 11:04:42,FNB0006,email_attachment
2026-06-23 11:12:15,EJF3816,email_attachment
2026-06-23 11:17:33,HUX4923,email_attachment
2026-06-23 11:18:46,HRA4252,external_upload
2026-06-23 11:23:03,NJV8196,email_attachment
2026-06-23 11:24:11,LNA6079,email_attachment
2026-06-23 11:26:25,BCL5970,external_upload
2026-06-23 11:27:29,SGG1149,email_attachment
2026-06-23 11:28:07,DRQ4774,email_attachment
2026-06-23 11:28:51,BMC8908,email_attachment
2026-06-23 11:29:06,QCY1152,email_attachment
2026-06-23 11:29:12,JRG9460,external_upload
2026-06-23 11:31:27,RMA9672,email_attachment
2026-06-23 11:32:51,QHP7767,email_attachment
2026-06-23 11:33:38,HDT4060,email_attachment
2026-06-23 11:33:43,QBQ6174,email_attachment
2026-06-23 11:34:17,JGB0064,external_upload
2026-06-23 11:34:34,UKD6455,email_attachment
2026-06-23 11:34:43,MLP4344,email_attachment
2026-06-23 11:37:11,RRD0169,email_attachment
2026-06-23 11:37:27,WPC3142,email_attachment
2026-06-23 11:38:38,FWZ2671,email_attachment
2026-06-23 11:39:20,GTF6224,email_attachment
2026-06-23 11:40:07,XVG6611,email_attachment
2026-06-23 11:40:45,ZDB2083,email_attachment
2026-06-23 11:41:22,NQA4798,email_attachment
2026-06-23 11:44:17,MAN1556,email_attachment
2026-06-23 11:52:08,VGV9685,external_upload
2026-06-23 11:57:27,BBB2473,email_attachment
2026-06-23 11:59:25,DJF2928,email_attachment
2026-06-23 12:00:24,SRD9645,email_attachment
2026-06-23 12:01:08,EHH0831,email_attachment
2026-06-23 12:02:14,MPF6269,email_attachment
2026-06-23 12:03:20,FRD7881,email_attachment
2026-06-23 12:04:37,RXP3546,email_attachment
2026-06-23 12:05:41,MCX2638,email_attachment
2026-06-23 12:07:08,TFA6797,email_attachment
2026-06-23 12:13:15,XYA5835,email_attachment
2026-06-23 12:16:09,WSQ7704,email_attachment
2026-06-23 12:20:29,QGN4889,email_attachment
2026-06-23 12:20:49,PYE7970,email_attachment
2026-06-23 12:21:38,FVH0365,email_attachment
2026-06-23 12:25:51,QSY1804,email_attachment
2026-06-23 12:27:29,DTY9614,external_upload
2026-06-23 12:27:54,APF7818,email_attachment
2026-06-23 12:28:12,SUQ8029,email_attachment
2026-06-23 12:33:46,BJW8481,email_attachment
2026-06-23 12:34:06,LSN9254,email_attachment
2026-06-23 12:36:50,MFB4161,email_attachment
2026-06-23 12:41:04,XVL9516,email_attachment
2026-06-23 12:43:55,AJF5839,email_attachment
2026-06-23 12:44:52,RGF8001,email_attachment
2026-06-23 12:47:40,GJJ8559,email_attachment
2026-06-23 12:48:41,KEQ0032,email_attachment
2026-06-23 12:49:23,FWE2981,email_attachment
2026-06-23 12:49:59,QBC9951,email_attachment
2026-06-23 12:50:41,SLV6160,email_attachment
2026-06-23 12:54:56,YCY9763,email_attachment
2026-06-23 12:58:46,RJE7048,email_attachment
2026-06-23 13:02:49,LWR1242,email_attachment
2026-06-23 13:03:09,AYV5603,email_attachment
2026-06-23 13:03:57,JPJ1683,email_attachment
2026-06-23 13:04:19,FAB6246,email_attachment
2026-06-23 13:05:40,DHH4426,email_attachment
2026-06-23 13:10:25,BTP8472,email_attachment
2026-06-23 13:11:46,UHW1685,email_attachment
2026-06-23 13:17:18,TEB4639,email_attachment
2026-06-23 13:27:13,JVW7508,email_attachment
2026-06-23 13:28:17,CED7289,email_attachment
2026-06-23 13:29:35,BEQ4335,email_attachment
2026-06-23 13:34:44,TZA8532,email_attachment
2026-06-23 13:39:17,MEP0762,email_attachment
2026-06-23 13:42:24,KXE4588,email_attachment
2026-06-23 13:44:16,JFH7028,email_attachment
2026-06-23 13:51:54,EDM9899,email_attachment
2026-06-23 14:07:57,BZR9273,email_attachment
2026-06-23 14:08:04,CXD4649,email_attachment
2026-06-23 14:22:14,JRS7748,email_attachment
2026-06-23 14:30:58,WEW2686,email_attachment
2026-06-23 14:53:59,NES9078,email_attachment
2026-06-23 15:11:39,SHK7018,email_attachment
2026-06-23 15:28:57,FNE3605,email_attachment
2026-06-23 15:33:07,TSM1883,email_attachment
2026-06-23 15:35:38,UWN1593,external_upload
2026-06-23 15:40:19,GCC9567,email_attachment
2026-06-23 15:42:13,AVP8904,email_attachment
2026-06-23 15:52:25,EER7836,email_attachment
2026-06-23 15:55:13,AWX0001,email_attachment
2026-06-23 16:48:51,DAA6296,email_attachment
2026-06-23 16:51:01,GXS8307,email_attachment
2026-06-23 17:26:20,QJQ6157,email_attachment
2026-06-23 17:50:53,MYB1326,email_attachment
2026-06-23 17:56:31,BEM7786,email_attachment
2026-06-24 06:39:09,URW1882,email_attachment
2026-06-24 06:54:07,GNR6761,email_attachment
2026-06-24 07:00:38,XPM0847,email_attachment
2026-06-24 07:09:13,XKJ4542,email_attachment
2026-06-24 07:13:59,TWT6397,usb_connect
2026-06-24 07:40:17,GXQ4234,email_attachment
2026-06-24 07:59:21,YGU2995,email_attachment
2026-06-24 08:15:10,AMT3951,email_attachment
2026-06-24 08:25:44,CNY0484,email_attachment
2026-06-24 08:29:00,TSB0198,email_attachment
2026-06-24 08:37:16,ADE0330,external_upload
2026-06-24 08:38:44,XSB1345,email_attachment
2026-06-24 08:41:49,GTZ0192,email_attachment
2026-06-24 08:52:47,QUF3361,usb_connect
2026-06-24 08:58:19,LYP2797,email_attachment
2026-06-24 09:04:00,RWT7328,email_attachment
2026-06-24 09:06:12,YWK9244,email_attachment
2026-06-24 09:11:18,VRA4171,email_attachment
2026-06-24 09:17:28,PBM4108,email_attachment
2026-06-24 09:18:25,RTA4105,email_attachment
2026-06-24 09:19:12,YGG5201,email_attachment
2026-06-24 09:26:20,YHQ6287,email_attachment
2026-06-24 09:27:18,AFT4004,email_attachment
2026-06-24 09:30:15,TEM1066,email_attachment
2026-06-24 09:38:07,TFV1889,usb_connect
2026-06-24 09:38:29,JWR6908,email_attachment
2026-06-24 09:42:30,ZWH4767,usb_connect
2026-06-24 09:51:34,RFH9751,email_attachment
2026-06-24 09:54:39,UGU2332,email_attachment
2026-06-24 09:54:50,DQV6521,email_attachment
2026-06-24 09:56:38,NAP8909,email_attachment
2026-06-24 10:01:20,RWR4951,email_attachment
2026-06-24 10:06:52,MLK3460,email_attachment
2026-06-24 10:08:43,YWL9659,email_attachment
2026-06-24 10:14:05,DXE3664,email_attachment
2026-06-24 10:15:10,FTD0398,email_attachment
2026-06-24 10:15:48,UYN3931,email_attachment
2026-06-24 10:15:59,XMP7066,email_attachment
2026-06-24 10:18:25,SSL4131,email_attachment
2026-06-24 10:19:40,JZE7158,email_attachment
2026-06-24 10:22:39,MQW8479,email_attachment
2026-06-24 10:29:33,UWH4462,email_attachment
2026-06-24 10:30:03,PAZ8627,email_attachment
2026-06-24 10:32:40,MWL3483,email_attachment
2026-06-24 10:32:40,FET2735,email_attachment
2026-06-24 10:33:30,EJW8504,email_attachment
2026-06-24 10:38:17,ZPQ8314,email_attachment
2026-06-24 10:39:39,RBH8130,email_attachment
2026-06-24 10:40:41,VKV9371,email_attachment
2026-06-24 10:42:34,WRQ6754,email_attachment
2026-06-24 10:45:05,BJS0189,email_attachment
2026-06-24 10:47:50,GKN1863,email_attachment
2026-06-24 10:51:55,AAE7371,email_attachment
2026-06-24 10:53:54,WMQ7096,email_attachment
2026-06-24 10:55:25,XZK3985,email_attachment
2026-06-24 10:55:41,UCW7537,email_attachment
2026-06-24 10:57:20,UJW2838,external_upload
2026-06-24 11:04:06,TCV9683,email_attachment
2026-06-24 11:07:04,RCG7500,email_attachment
2026-06-24 11:10:32,RGF8001,email_attachment
2026-06-24 11:13:51,ZPM1121,email_attachment
2026-06-24 11:16:09,RXQ5315,email_attachment
2026-06-24 11:18:12,GKJ3785,email_attachment
2026-06-24 11:18:34,GCQ7162,email_attachment
2026-06-24 11:26:22,TGV1198,external_upload
2026-06-24 11:27:23,PVN5761,email_attachment
2026-06-24 11:27:43,VAV3377,email_attachment
2026-06-24 11:27:57,MKD7818,email_attachment
2026-06-24 11:31:47,MZA4275,email_attachment
2026-06-24 11:33:12,JDY4897,email_attachment
2026-06-24 11:36:25,UUZ0064,email_attachment
2026-06-24 11:38:52,XVL5101,external_upload
2026-06-24 11:40:44,BFV9326,email_attachment
2026-06-24 11:42:29,FDF0458,email_attachment
2026-06-24 11:42:46,PPN1181,external_upload
2026-06-24 11:43:08,RVJ4834,external_upload
2026-06-24 11:46:21,WSK1631,email_attachment
2026-06-24 11:58:02,PZP2817,email_attachment
2026-06-24 11:58:36,QUX8484,email_attachment
2026-06-24 11:58:44,EFS6320,email_attachment
2026-06-24 12:02:23,ESW3216,email_attachment
2026-06-24 12:03:06,VNB1827,email_attachment
2026-06-24 12:03:27,ZHK7052,email_attachment
2026-06-24 12:04:05,FAM1900,email_attachment
2026-06-24 12:05:01,SLW4036,email_attachment
2026-06-24 12:06:03,MLQ6298,email_attachment
2026-06-24 12:07:52,NFK9565,email_attachment
2026-06-24 12:11:09,ZJG4527,email_attachment
2026-06-24 12:15:27,UKN2629,email_attachment
2026-06-24 12:17:26,NVR3124,email_attachment
2026-06-24 12:21:01,HEP4992,email_attachment
2026-06-24 12:23:36,PUJ9838,email_attachment
2026-06-24 12:24:10,YXE8184,email_attachment
2026-06-24 12:25:08,XKZ3308,email_attachment
2026-06-24 12:26:03,LMY5094,email_attachment
2026-06-24 12:27:36,GTJ3421,email_attachment
2026-06-24 12:31:33,AMG2238,email_attachment
2026-06-24 12:39:21,PBG2200,email_attachment
2026-06-24 12:45:58,VQZ9758,external_upload
2026-06-24 12:51:45,WSH6100,external_upload
2026-06-24 12:52:31,ZAN7200,email_attachment
2026-06-24 12:54:50,VKT8106,external_upload
2026-06-24 12:55:24,UCQ6477,email_attachment
2026-06-24 12:56:17,JSA7385,email_attachment
2026-06-24 13:00:38,QWV1502,email_attachment
2026-06-24 13:03:54,AAA0409,email_attachment
2026-06-24 13:08:51,BKB9111,email_attachment
2026-06-24 13:11:26,BGP2631,email_attachment
2026-06-24 13:12:14,RHK5954,email_attachment
2026-06-24 13:15:17,DKK2039,email_attachment
2026-06-24 13:16:48,NKZ6411,email_attachment
2026-06-24 13:22:35,PGZ0051,email_attachment
2026-06-24 13:24:28,JHE6342,external_upload
2026-06-24 13:30:35,GRQ2954,email_attachment
2026-06-24 13:33:38,KUB8455,email_attachment
2026-06-24 13:35:04,YWJ6443,usb_connect
2026-06-24 13:37:08,QUJ2796,email_attachment
2026-06-24 13:46:58,SQV6235,email_attachment
2026-06-24 13:51:36,NQN3339,external_upload
2026-06-24 13:52:01,NQF1835,email_attachment
2026-06-24 13:55:20,PNY6570,email_attachment
2026-06-24 13:58:42,NKG7115,email_attachment
2026-06-24 14:37:22,LLZ7844,email_attachment
2026-06-24 14:42:21,TLA8499,email_attachment
2026-06-24 14:58:19,TSJ9915,email_attachment
2026-06-24 16:01:37,YWJ6443,external_upload
2026-06-24 17:15:10,XNB5488,email_attachment
2026-06-24 17:58:18,FNE3605,email_attachment
2026-06-24 18:01:49,QCJ6394,external_upload
2026-06-25 06:53:55,DCS2764,email_attachment
2026-06-25 07:27:10,QJY3577,email_attachment
2026-06-25 07:33:16,SGK3997,email_attachment
2026-06-25 07:53:46,ZVF2710,external_upload
2026-06-25 08:03:00,ZWE5825,email_attachment
2026-06-25 08:50:17,LBZ7347,email_attachment
2026-06-25 08:56:01,ZXZ5897,email_attachment
2026-06-25 09:00:06,DDZ1774,usb_connect
2026-06-25 09:01:26,EDT4917,email_attachment
2026-06-25 09:01:55,YEG4420,email_attachment
2026-06-25 09:04:23,PBB3896,email_attachment
2026-06-25 09:04:43,VWK1858,email_attachment
2026-06-25 09:05:13,BYQ0055,email_attachment
2026-06-25 09:10:40,XSF2295,email_attachment
2026-06-25 09:11:07,WGT5862,email_attachment
2026-06-25 09:16:17,FXM5258,email_attachment
2026-06-25 09:17:53,JZE7158,email_attachment
2026-06-25 09:19:17,ZSD2941,email_attachment
2026-06-25 09:30:29,UWB6084,email_attachment
2026-06-25 09:33:20,YQJ4344,email_attachment
2026-06-25 09:33:55,PWT2372,email_attachment
2026-06-25 09:38:22,ZYZ3045,email_attachment
2026-06-25 09:38:52,MMD8298,email_attachment
2026-06-25 09:40:59,ZHK7052,email_attachment
2026-06-25 09:44:40,MQK7676,email_attachment
2026-06-25 09:49:33,EGE2962,email_attachment
2026-06-25 09:56:37,SHG8557,email_attachment
2026-06-25 09:59:59,CNT2141,email_attachment
2026-06-25 10:00:48,SNN2223,email_attachment
2026-06-25 10:06:55,YXP0912,email_attachment
2026-06-25 10:08:22,WGX9994,external_upload
2026-06-25 10:11:56,KPF0729,email_attachment
2026-06-25 10:14:34,TSB0198,external_upload
2026-06-25 10:17:37,TWP7521,email_attachment
2026-06-25 10:17:59,VUU0128,email_attachment
2026-06-25 10:25:19,NBD6359,email_attachment
2026-06-25 10:26:36,KRH8286,email_attachment
2026-06-25 10:28:55,VTL6818,email_attachment
2026-06-25 10:30:57,PMJ2575,email_attachment
2026-06-25 10:33:21,QDG0193,email_attachment
2026-06-25 10:36:04,QQP2991,email_attachment
2026-06-25 10:37:30,XEP1569,email_attachment
2026-06-25 10:41:27,ZUM4588,external_upload
2026-06-25 10:45:43,XTM0397,email_attachment
2026-06-25 10:49:12,XYD3019,email_attachment
2026-06-25 10:53:09,RKB7991,email_attachment
2026-06-25 10:53:12,DZG9817,email_attachment
2026-06-25 10:56:29,LWK9207,email_attachment
2026-06-25 10:56:50,MMV4490,email_attachment
2026-06-25 11:01:04,YAN4865,email_attachment
2026-06-25 11:01:39,PTJ4935,email_attachment
2026-06-25 11:05:06,KAN7127,email_attachment
2026-06-25 11:06:55,FCS6144,email_attachment
2026-06-25 11:06:58,HUX5908,external_upload
2026-06-25 11:07:30,VGH6886,usb_connect
2026-06-25 11:07:50,YJF6358,email_attachment
2026-06-25 11:09:19,QXA0717,email_attachment
2026-06-25 11:22:32,FXZ4153,email_attachment
2026-06-25 11:29:22,ERD6257,email_attachment
2026-06-25 11:30:49,HUX4923,email_attachment
2026-06-25 11:40:52,KBZ6105,email_attachment
2026-06-25 11:41:45,DJF0573,email_attachment
2026-06-25 11:43:07,PDG5421,email_attachment
2026-06-25 11:45:14,PQW6333,email_attachment
2026-06-25 11:47:32,EUV0987,email_attachment
2026-06-25 11:47:35,ALC5255,email_attachment
2026-06-25 11:48:41,VHH8257,email_attachment
2026-06-25 11:49:50,SVP4915,email_attachment
2026-06-25 11:50:56,RTA4105,email_attachment
2026-06-25 11:53:13,XJA7836,email_attachment
2026-06-25 11:53:45,TEZ8512,email_attachment
2026-06-25 11:53:47,JFH7028,email_attachment
2026-06-25 11:55:23,XME0410,email_attachment
2026-06-25 11:56:51,LRF5084,email_attachment
2026-06-25 12:03:04,JJX7773,email_attachment
2026-06-25 12:04:42,FGK1238,email_attachment
2026-06-25 12:05:17,CAJ8151,email_attachment
2026-06-25 12:06:21,DEA2977,external_upload
2026-06-25 12:11:25,GBA1658,email_attachment
2026-06-25 12:12:52,GMA8519,email_attachment
2026-06-25 12:12:54,GYE0667,email_attachment
2026-06-25 12:17:54,AHB3837,email_attachment
2026-06-25 12:24:31,MHA1657,email_attachment
2026-06-25 12:24:39,NKZ6411,email_attachment
2026-06-25 12:31:30,VDX6246,external_upload
2026-06-25 12:36:01,ETJ1562,email_attachment
2026-06-25 12:38:00,XBH6953,email_attachment
2026-06-25 12:39:37,SXT6195,email_attachment
2026-06-25 12:43:03,DRJ2995,email_attachment
2026-06-25 12:44:51,WXP4500,email_attachment
2026-06-25 12:47:07,BMC3336,email_attachment
2026-06-25 12:49:41,RQE5788,email_attachment
2026-06-25 12:51:05,VCL2588,email_attachment
2026-06-25 12:52:18,FGC5618,external_upload
2026-06-25 12:52:45,ARF3086,email_attachment
2026-06-25 12:53:57,UMB9505,email_attachment
2026-06-25 12:53:57,MTX6608,email_attachment
2026-06-25 12:56:05,URQ8735,external_upload
2026-06-25 12:57:08,ECH8609,email_attachment
2026-06-25 12:57:12,FAM1900,email_attachment
2026-06-25 12:57:44,EEE0834,email_attachment
2026-06-25 12:58:19,BDJ0886,email_attachment
2026-06-25 12:58:46,UXU9375,email_attachment
2026-06-25 13:00:13,TAG0290,email_attachment
2026-06-25 13:01:38,PFM8725,email_attachment
2026-06-25 13:03:52,BTK6682,external_upload
2026-06-25 13:07:59,GPV1467,email_attachment
2026-06-25 13:08:06,YDX6053,email_attachment
2026-06-25 13:11:51,QTJ3272,email_attachment
2026-06-25 13:13:52,UUX8159,email_attachment
2026-06-25 13:15:45,DRQ4774,email_attachment
2026-06-25 13:16:22,YAD0299,external_upload
2026-06-25 13:21:52,TEV4925,email_attachment
2026-06-25 13:26:30,BZF9291,external_upload
2026-06-25 13:31:25,MHF4555,email_attachment
2026-06-25 13:32:27,BFF9449,email_attachment
2026-06-25 13:44:48,FVT5025,email_attachment
2026-06-25 13:53:26,XZE2186,email_attachment
2026-06-25 13:59:18,SVV6625,email_attachment
2026-06-25 14:08:10,JVX0462,external_upload
2026-06-25 14:09:53,YXE8184,email_attachment
2026-06-25 14:11:18,JNY6012,email_attachment
2026-06-25 14:15:46,QJR8672,email_attachment
2026-06-25 16:28:56,JWF7936,email_attachment
2026-06-25 16:34:14,KPY3791,email_attachment
2026-06-25 17:00:48,FGE5760,email_attachment
2026-06-25 17:09:39,GXS8307,email_attachment
2026-06-25 17:51:28,CLW3536,email_attachment
2026-06-25 17:53:33,YEA8551,email_attachment
2026-06-25 18:12:51,YYV5359,email_attachment
2026-06-25 18:24:34,BXU0879,email_attachment
2026-06-25 18:59:55,MQE0556,email_attachment
2026-06-26 06:17:14,WLZ3212,email_attachment
2026-06-26 06:58:34,QUF3361,email_attachment
2026-06-26 07:30:02,FVG4733,email_attachment
2026-06-26 07:44:11,RPB2221,email_attachment
2026-06-26 07:50:26,PRU1120,email_attachment
2026-06-26 08:13:52,FAV1376,email_attachment
2026-06-26 08:31:00,UZE6671,email_attachment
2026-06-26 08:52:34,JBQ2200,external_upload
2026-06-26 09:10:06,PEB4761,email_attachment
2026-06-26 09:11:09,EFG3727,email_attachment
2026-06-26 09:14:34,ACU9806,email_attachment
2026-06-26 09:18:27,XMV6673,email_attachment
2026-06-26 09:21:45,QRE1538,email_attachment
2026-06-26 09:22:00,BEQ4335,email_attachment
2026-06-26 09:28:44,AHW0731,email_attachment
2026-06-26 09:35:03,DDN7438,email_attachment
2026-06-26 09:36:21,WQC0866,email_attachment
2026-06-26 09:42:09,AXF9093,email_attachment
2026-06-26 09:46:43,KDJ0200,email_attachment
2026-06-26 09:52:33,PNS5109,external_upload
2026-06-26 09:57:56,RGD4993,email_attachment
2026-06-26 10:01:56,VKV9371,email_attachment
2026-06-26 10:05:09,ETS6294,email_attachment
2026-06-26 10:07:52,PVP1024,email_attachment
2026-06-26 10:08:27,LYP2797,email_attachment
2026-06-26 10:09:00,MJA3558,email_attachment
2026-06-26 10:12:40,TWC7231,email_attachment
2026-06-26 10:13:33,UHY5838,email_attachment
2026-06-26 10:15:49,RQX2265,email_attachment
2026-06-26 10:17:51,HJQ8937,email_attachment
2026-06-26 10:19:41,MQK7676,email_attachment
2026-06-26 10:20:21,WNK3585,email_attachment
2026-06-26 10:20:25,RTA4105,email_attachment
2026-06-26 10:23:39,MLC0444,external_upload
2026-06-26 10:24:33,XJR8615,email_attachment
2026-06-26 10:25:09,LBU3936,email_attachment
2026-06-26 10:26:18,ZKA7775,email_attachment
2026-06-26 10:26:31,UKN0534,external_upload
2026-06-26 10:26:43,XQW0837,email_attachment
2026-06-26 10:27:12,WYQ0257,email_attachment
2026-06-26 10:27:56,AMT3951,email_attachment
2026-06-26 10:34:03,MLP3442,email_attachment
2026-06-26 10:39:03,XZW8899,email_attachment
2026-06-26 10:40:25,JRS7748,external_upload
2026-06-26 10:41:13,XZE2186,email_attachment
2026-06-26 10:42:15,DNZ5078,email_attachment
2026-06-26 10:42:51,PQP1845,email_attachment
2026-06-26 10:43:09,NRP9066,email_attachment
2026-06-26 10:44:01,TFF8582,usb_connect
2026-06-26 10:47:59,QAQ9676,email_attachment
2026-06-26 10:50:06,SQU9903,usb_connect
2026-06-26 10:54:56,DRV9684,email_attachment
2026-06-26 10:57:43,JPJ1683,usb_connect
2026-06-26 10:59:13,TEV4925,email_attachment
2026-06-26 10:59:32,AHL0182,email_attachment
2026-06-26 11:01:24,JNV6999,email_attachment
2026-06-26 11:02:24,XKJ6099,email_attachment
2026-06-26 11:02:41,HVZ6893,email_attachment
2026-06-26 11:04:13,HMM0573,email_attachment
2026-06-26 11:09:27,NTR2952,email_attachment
2026-06-26 11:16:53,QTN7519,email_attachment
2026-06-26 11:20:13,NGJ9474,email_attachment
2026-06-26 11:20:41,LAP2668,email_attachment
2026-06-26 11:23:34,RVW4318,email_attachment
2026-06-26 11:24:37,UMB9505,email_attachment
2026-06-26 11:25:36,AKG3234,email_attachment
2026-06-26 11:26:05,NQA4798,email_attachment
2026-06-26 11:27:19,JJC4744,email_attachment
2026-06-26 11:29:08,PTB4458,external_upload
2026-06-26 11:29:26,AHB3837,email_attachment
2026-06-26 11:29:43,RWR4951,email_attachment
2026-06-26 11:29:55,WAH0322,email_attachment
2026-06-26 11:32:45,ZWD7442,email_attachment
2026-06-26 11:37:19,MJL7606,email_attachment
2026-06-26 11:38:10,DDV4022,email_attachment
2026-06-26 11:46:40,YEV3418,email_attachment
2026-06-26 11:47:05,UML4272,email_attachment
2026-06-26 11:52:32,UDC1036,email_attachment
2026-06-26 11:54:11,HPF2563,email_attachment
2026-06-26 11:56:51,VZK5081,email_attachment
2026-06-26 11:57:33,JHB0982,email_attachment
2026-06-26 12:03:59,AEE1704,email_attachment
2026-06-26 12:04:13,ZXP2806,email_attachment
2026-06-26 12:04:14,EMY0546,usb_connect
2026-06-26 12:05:37,SQL5063,email_attachment
2026-06-26 12:11:16,EGE8954,email_attachment
2026-06-26 12:11:27,QBD5497,email_attachment
2026-06-26 12:13:31,TMF5870,email_attachment
2026-06-26 12:16:09,VQG5359,email_attachment
2026-06-26 12:20:34,HFD4315,email_attachment
2026-06-26 12:23:11,GHW1878,email_attachment
2026-06-26 12:29:24,ZZH3377,email_attachment
2026-06-26 12:30:38,GNL3436,email_attachment
2026-06-26 12:32:53,JYJ0485,email_attachment
2026-06-26 12:41:50,QHP7767,email_attachment
2026-06-26 12:42:05,BQC9005,email_attachment
2026-06-26 12:46:53,XME0410,email_attachment
2026-06-26 12:51:18,GXL3526,email_attachment
2026-06-26 12:51:46,JPH6556,email_attachment
2026-06-26 13:02:39,BLL7712,email_attachment
2026-06-26 13:03:54,YCY9763,external_upload
2026-06-26 13:06:50,XCE3705,email_attachment
2026-06-26 13:12:33,THU9054,external_upload
2026-06-26 13:12:59,MPG6197,email_attachment
2026-06-26 13:14:22,PNM6398,email_attachment
2026-06-26 13:16:09,NJZ6951,email_attachment
2026-06-26 13:19:07,VKT8106,email_attachment
2026-06-26 13:26:31,JFZ5861,email_attachment
2026-06-26 13:28:19,PPE6652,email_attachment
2026-06-26 13:28:43,DAZ1017,email_attachment
2026-06-26 13:29:29,KXE4588,email_attachment
2026-06-26 13:30:34,ESZ6803,email_attachment
2026-06-26 13:34:49,ACN5603,email_attachment
2026-06-26 13:37:11,RLV4764,email_attachment
2026-06-26 13:37:26,TGT0988,email_attachment
2026-06-26 13:37:36,HBB3944,external_upload
2026-06-26 13:40:31,ALS5650,email_attachment
2026-06-26 13:43:28,PSQ4717,email_attachment
2026-06-26 13:54:56,SNA9538,email_attachment
2026-06-26 13:57:10,LCT4451,email_attachment
2026-06-26 13:57:50,PNT1274,email_attachment
2026-06-26 13:58:51,SBZ8625,email_attachment
2026-06-26 14:01:51,NZT5565,usb_connect
2026-06-26 14:10:16,SMG3942,email_attachment
2026-06-26 14:20:48,BCK0017,email_attachment
2026-06-26 14:25:09,DSE9841,email_attachment
2026-06-26 14:25:10,EPC6113,email_attachment
2026-06-26 14:41:16,PSS7319,external_upload
2026-06-26 14:41:49,BXU0879,email_attachment
2026-06-26 15:28:15,SEX3930,email_attachment
2026-06-26 15:49:12,CEG0096,usb_connect
2026-06-26 16:07:49,DAR0062,email_attachment
2026-06-26 16:35:43,PNX1881,email_attachment
2026-06-26 18:19:14,XVK0763,email_attachment
2026-06-27 13:46:26,PCC6098,email_attachment
2026-06-28 07:34:18,URW1882,email_attachment
2026-06-28 08:35:24,DVE4400,email_attachment
2026-06-28 08:39:05,DPH1348,email_attachment
2026-06-28 10:45:25,HDF6619,email_attachment
2026-06-28 10:51:57,YPQ3900,email_attachment
2026-06-28 12:53:41,QGN4889,email_attachment
2026-06-29 06:36:58,WLZ3212,email_attachment
2026-06-29 07:06:39,CST4793,email_attachment
2026-06-29 07:21:16,FPH2619,external_upload
2026-06-29 07:26:13,XSF2295,email_attachment
2026-06-29 07:46:49,ZLS6708,email_attachment
2026-06-29 08:07:19,LWK9207,email_attachment
2026-06-29 08:20:37,NLG8390,email_attachment
2026-06-29 08:42:57,YWK9244,email_attachment
2026-06-29 08:44:10,CYD2166,email_attachment
2026-06-29 08:52:31,CLU4292,email_attachment
2026-06-29 09:00:49,WFU8122,external_upload
2026-06-29 09:19:14,SQE3562,email_attachment
2026-06-29 09:26:55,LEY4602,email_attachment
2026-06-29 09:27:12,NYU1092,email_attachment
2026-06-29 09:28:14,EUG9459,email_attachment
2026-06-29 09:34:27,HUX5908,email_attachment
2026-06-29 09:35:17,YUQ8189,email_attachment
2026-06-29 09:39:23,ZZW5618,external_upload
2026-06-29 09:41:05,PMD5808,email_attachment
2026-06-29 09:42:55,WNZ8194,external_upload
2026-06-29 09:44:26,EWT2292,email_attachment
2026-06-29 09:50:20,TCY5836,email_attachment
2026-06-29 09:51:22,DUU2402,email_attachment
2026-06-29 09:52:54,PBN7758,email_attachment
2026-06-29 09:54:13,PZP2817,email_attachment
2026-06-29 09:57:13,UEP3443,email_attachment
2026-06-29 10:03:31,HRA1811,email_attachment
2026-06-29 10:06:03,DZR5647,email_attachment
2026-06-29 10:08:50,QER4766,email_attachment
2026-06-29 10:14:18,JMY7303,email_attachment
2026-06-29 10:15:20,DVB7286,email_attachment
2026-06-29 10:15:56,QNP1003,usb_connect
2026-06-29 10:17:10,BTH2898,email_attachment
2026-06-29 10:19:39,EJF3816,email_attachment
2026-06-29 10:21:06,SVP4915,email_attachment
2026-06-29 10:26:10,SUG3283,email_attachment
2026-06-29 10:27:38,GJK7367,email_attachment
2026-06-29 10:30:07,BLL7712,email_attachment
2026-06-29 10:32:41,RDR1473,email_attachment
2026-06-29 10:33:15,HAB6562,email_attachment
2026-06-29 10:33:35,UBP6054,email_attachment
2026-06-29 10:38:17,EZT3212,email_attachment
2026-06-29 10:47:13,PQV1878,email_attachment
2026-06-29 11:04:42,HMZ5952,email_attachment
2026-06-29 11:07:38,ENC6545,email_attachment
2026-06-29 11:08:53,TQS5889,email_attachment
2026-06-29 11:10:13,KFS8428,email_attachment
2026-06-29 11:15:07,PEX4943,email_attachment
2026-06-29 11:17:12,PNY6570,external_upload
2026-06-29 11:17:41,WXD2117,email_attachment
2026-06-29 11:21:15,UUX8159,email_attachment
2026-06-29 11:21:24,NRG9357,external_upload
2026-06-29 11:21:35,CWB2189,email_attachment
2026-06-29 11:22:30,VMF5653,email_attachment
2026-06-29 11:23:42,BZA5306,email_attachment
2026-06-29 11:26:17,GNA5070,email_attachment
2026-06-29 11:30:24,YHZ7266,email_attachment
2026-06-29 11:33:18,LLJ6063,email_attachment
2026-06-29 11:33:45,JHV6000,external_upload
2026-06-29 11:36:09,BSX6865,email_attachment
2026-06-29 11:42:47,TKR9198,email_attachment
2026-06-29 11:43:53,GEL8176,email_attachment
2026-06-29 11:44:49,PPT0631,email_attachment
2026-06-29 11:46:03,MRB9312,email_attachment
2026-06-29 11:46:04,KQF9279,email_attachment
2026-06-29 11:47:29,RGF8001,email_attachment
2026-06-29 11:53:29,JFW4707,email_attachment
2026-06-29 11:55:54,AUH1017,email_attachment
2026-06-29 11:57:18,CTX8615,email_attachment
2026-06-29 12:00:56,SVG0207,email_attachment
2026-06-29 12:02:20,MKS7553,email_attachment
2026-06-29 12:02:40,ZEX4754,email_attachment
2026-06-29 12:07:05,MFH3970,email_attachment
2026-06-29 12:07:21,DAL8893,email_attachment
2026-06-29 12:14:39,WNZ6737,email_attachment
2026-06-29 12:16:19,WAT3736,email_attachment
2026-06-29 12:18:27,QDG0193,email_attachment
2026-06-29 12:23:07,PHK3119,email_attachment
2026-06-29 12:24:28,PYE7970,email_attachment
2026-06-29 12:24:54,DNM0765,email_attachment
2026-06-29 12:29:22,NFQ8693,email_attachment
2026-06-29 12:31:45,MJH8260,email_attachment
2026-06-29 12:35:52,UJM1032,email_attachment
2026-06-29 12:38:31,UMF6912,email_attachment
2026-06-29 12:38:31,JZE7158,email_attachment
2026-06-29 12:41:46,WMF0666,email_attachment
2026-06-29 12:52:10,JCN9287,email_attachment
2026-06-29 12:56:06,WNC6066,email_attachment
2026-06-29 12:58:02,TVL8943,email_attachment
2026-06-29 13:09:22,GZE8262,email_attachment
2026-06-29 13:14:36,ZNA9483,email_attachment
2026-06-29 13:19:31,ULN5586,email_attachment
2026-06-29 13:21:10,NME3935,email_attachment
2026-06-29 13:22:33,XWE1000,email_attachment
2026-06-29 13:42:54,HVS3166,email_attachment
2026-06-29 13:45:38,ZHU0615,email_attachment
2026-06-29 13:59:04,WPG6278,email_attachment
2026-06-29 14:13:12,PSV1353,external_upload
2026-06-29 14:26:55,JAC2356,email_attachment
2026-06-29 15:00:44,KPQ0052,usb_connect
2026-06-29 15:26:57,MQF2689,email_attachment
2026-06-29 15:29:49,UHE0352,email_attachment
2026-06-29 15:32:04,JWF7936,email_attachment
2026-06-29 15:35:13,YPA6465,email_attachment
2026-06-29 15:45:48,FBQ1663,email_attachment
2026-06-29 15:50:46,XSM9395,email_attachment
2026-06-29 16:09:55,RDH0031,email_attachment
2026-06-29 16:10:03,GYP1903,usb_connect
2026-06-29 16:12:07,LFM0357,email_attachment
2026-06-29 16:12:56,THK0416,email_attachment
2026-06-29 16:33:28,BQV4296,email_attachment
2026-06-29 16:35:26,NZT5565,external_upload
2026-06-29 16:35:45,SXT0742,email_attachment
2026-06-29 17:03:45,MYB1326,email_attachment
2026-06-29 17:06:04,KVV5560,email_attachment
2026-06-29 17:36:44,AUS4314,email_attachment
2026-06-29 17:40:32,LRF4337,email_attachment
2026-06-29 17:44:10,FAP0273,email_attachment
2026-06-29 18:19:17,FGE5760,email_attachment
2026-06-29 18:40:59,CSG2617,email_attachment
2026-06-29 19:10:14,CMF1527,email_attachment
2026-06-30 06:06:20,GKB5174,email_attachment
2026-06-30 07:52:30,VCS1161,email_attachment
2026-06-30 08:28:20,YDD4870,email_attachment
2026-06-30 08:33:24,ACZ8154,email_attachment
2026-06-30 09:01:00,JWE8116,email_attachment
2026-06-30 09:04:31,JJC4744,external_upload
2026-06-30 09:11:05,XJB9721,email_attachment
2026-06-30 09:26:10,GNL6288,email_attachment
2026-06-30 09:28:02,MPF6269,email_attachment
2026-06-30 09:28:26,EFS6320,external_upload
2026-06-30 09:31:46,TEZ5652,email_attachment
2026-06-30 09:40:51,WWV0479,email_attachment
2026-06-30 09:41:37,AJF5839,email_attachment
2026-06-30 09:49:19,BQZ1130,email_attachment
2026-06-30 09:51:52,MKD7818,external_upload
2026-06-30 09:52:10,GKN1863,email_attachment
2026-06-30 09:53:35,PFG1051,email_attachment
2026-06-30 09:53:52,JJC4744,email_attachment
2026-06-30 09:53:54,GMG6846,email_attachment
2026-06-30 09:54:06,AFM6655,email_attachment
2026-06-30 09:54:59,WFK1303,email_attachment
2026-06-30 09:55:27,XKZ3308,email_attachment
2026-06-30 09:57:30,ULN5586,email_attachment
2026-06-30 09:58:09,PHK3119,email_attachment
2026-06-30 10:02:16,AAA0409,email_attachment
2026-06-30 10:02:19,ZXX1919,email_attachment
2026-06-30 10:04:07,ZAD3041,email_attachment
2026-06-30 10:05:03,GHW1878,email_attachment
2026-06-30 10:05:48,AHW0731,email_attachment
2026-06-30 10:06:15,AYV5603,email_attachment
2026-06-30 10:07:01,DHG3808,email_attachment
2026-06-30 10:07:28,DZG4068,email_attachment
2026-06-30 10:09:21,KFS8428,email_attachment
2026-06-30 10:09:49,JPJ1683,email_attachment
2026-06-30 10:10:34,YWJ6443,email_attachment
2026-06-30 10:17:24,CVS8644,email_attachment
2026-06-30 10:21:01,GJK7367,email_attachment
2026-06-30 10:22:12,HTL3528,usb_connect
2026-06-30 10:23:12,TBZ5694,email_attachment
2026-06-30 10:25:08,JLW9735,usb_connect
2026-06-30 10:26:14,JDL6872,email_attachment
2026-06-30 10:27:01,EJM7562,email_attachment
2026-06-30 10:31:18,VKT8106,email_attachment
2026-06-30 10:36:42,WZD7435,email_attachment
2026-06-30 10:38:55,LBU3936,email_attachment
2026-06-30 10:41:15,LFD8878,email_attachment
2026-06-30 10:44:31,AFF2174,email_attachment
2026-06-30 10:44:57,SSY7885,email_attachment
2026-06-30 10:53:20,RFH9751,email_attachment
2026-06-30 10:53:42,DXT7847,external_upload
2026-06-30 10:54:39,TLZ0839,email_attachment
2026-06-30 10:57:58,RQA6801,email_attachment
2026-06-30 11:03:39,UVK1579,email_attachment
2026-06-30 11:06:44,SLW4036,usb_connect
2026-06-30 11:08:31,SDV4997,email_attachment
2026-06-30 11:08:46,BKG0428,email_attachment
2026-06-30 11:09:13,FKX1002,email_attachment
2026-06-30 11:13:00,AKG3234,email_attachment
2026-06-30 11:14:39,DQL0828,email_attachment
2026-06-30 11:19:40,ELY1202,email_attachment
2026-06-30 11:20:22,ZUU9989,email_attachment
2026-06-30 11:21:22,YEL9905,email_attachment
2026-06-30 11:22:26,DNM0765,email_attachment
2026-06-30 11:22:33,SXN1549,email_attachment
2026-06-30 11:24:41,MYY1099,email_attachment
2026-06-30 11:26:00,XRP6350,external_upload
2026-06-30 11:28:47,TZG5035,email_attachment
2026-06-30 11:30:54,RGC1753,email_attachment
2026-06-30 11:32:08,YCY9763,email_attachment
2026-06-30 11:33:40,LNK6236,email_attachment
2026-06-30 11:34:35,ARA7680,email_attachment
2026-06-30 11:39:56,GCA6821,email_attachment
2026-06-30 11:43:01,YJN2204,email_attachment
2026-06-30 11:46:16,TDL5657,email_attachment
2026-06-30 11:47:12,NVE7583,email_attachment
2026-06-30 11:47:33,XUY0616,email_attachment
2026-06-30 11:50:21,WSG6432,email_attachment
2026-06-30 11:51:24,CLM1185,email_attachment
2026-06-30 11:53:11,BJS0189,email_attachment
2026-06-30 11:54:00,BXW0831,usb_connect
2026-06-30 11:57:26,SQU9903,email_attachment
2026-06-30 11:58:44,HFE3723,email_attachment
2026-06-30 12:08:51,GXB2823,email_attachment
2026-06-30 12:10:52,JYU4145,email_attachment
2026-06-30 12:11:42,XJA0182,email_attachment
2026-06-30 12:11:49,UWH4462,email_attachment
2026-06-30 12:12:51,BMC8908,external_upload
2026-06-30 12:13:00,JSU5299,email_attachment
2026-06-30 12:13:55,BDJ2914,email_attachment
2026-06-30 12:14:05,AKL6350,external_upload
2026-06-30 12:23:22,LMG0501,email_attachment
2026-06-30 12:23:40,GTJ3421,email_attachment
2026-06-30 12:25:33,PXE9068,email_attachment
2026-06-30 12:27:03,SGF3557,email_attachment
2026-06-30 12:27:37,RUU4323,email_attachment
2026-06-30 12:27:37,EBR6957,email_attachment
2026-06-30 12:31:27,SCV7784,usb_connect
2026-06-30 12:34:00,RKB7991,email_attachment
2026-06-30 12:36:03,MPG6197,email_attachment
2026-06-30 12:37:03,GXP2441,email_attachment
2026-06-30 12:37:21,BKB9111,email_attachment
2026-06-30 12:42:10,PEV4917,email_attachment
2026-06-30 12:43:17,RLA1209,email_attachment
2026-06-30 12:45:35,TVU1499,email_attachment
2026-06-30 12:45:43,DAL8893,email_attachment
2026-06-30 12:47:11,UWU3881,email_attachment
2026-06-30 12:53:12,RUH8404,email_attachment
2026-06-30 12:56:27,ZSN0830,email_attachment
2026-06-30 13:00:21,RZM7542,email_attachment
2026-06-30 13:01:21,JNB7620,email_attachment
2026-06-30 13:02:37,BJJ9883,email_attachment
2026-06-30 13:06:20,FVL4917,email_attachment
2026-06-30 13:11:30,HSG3626,email_attachment
2026-06-30 13:14:54,RBE2056,email_attachment
2026-06-30 13:17:19,CHQ2090,email_attachment
2026-06-30 13:23:39,VQZ9758,email_attachment
2026-06-30 13:25:51,JYN2779,email_attachment
2026-06-30 13:28:38,EDX9440,email_attachment
2026-06-30 13:30:16,RVG2870,email_attachment
2026-06-30 13:30:56,FGC5618,email_attachment
2026-06-30 13:31:59,QRG1638,email_attachment
2026-06-30 13:32:50,SZM2079,email_attachment
2026-06-30 13:39:37,BQV4296,email_attachment
2026-06-30 13:45:29,MGR2928,email_attachment
2026-06-30 13:47:28,QAU0816,email_attachment
2026-06-30 13:49:00,DSQ0827,email_attachment
2026-06-30 13:50:18,ZJG4527,email_attachment
2026-06-30 13:50:20,WYX0098,email_attachment
2026-06-30 14:14:06,GFT4344,email_attachment
2026-06-30 14:18:08,HFM4572,email_attachment
2026-06-30 14:20:02,CNX4632,external_upload
2026-06-30 14:42:50,YHD5834,email_attachment
2026-06-30 14:56:16,XNB5488,email_attachment
2026-06-30 15:11:03,EKA2417,email_attachment
2026-06-30 15:14:32,FNE3605,email_attachment
2026-06-30 16:12:18,CSG2617,email_attachment
2026-06-30 17:28:31,BSA5255,email_attachment
2026-06-30 18:14:35,BXU0879,email_attachment
2026-06-30 18:39:12,THH6830,email_attachment
2026-06-30 19:01:53,FBQ1663,email_attachment
2026-07-01 05:56:11,GKB5174,email_attachment
2026-07-01 06:22:24,SWH7097,external_upload
2026-07-01 06:35:33,TES3512,email_attachment
2026-07-01 07:23:41,KFS8428,email_attachment
2026-07-01 07:33:02,UUP0066,email_attachment
2026-07-01 08:08:02,RGW3074,email_attachment
2026-07-01 08:10:29,VTL6818,email_attachment
2026-07-01 08:17:02,EJE4902,email_attachment
2026-07-01 08:20:34,FBU1062,email_attachment
2026-07-01 08:25:37,XBD0169,external_upload
2026-07-01 08:34:03,GKW1903,email_attachment
2026-07-01 09:07:42,MHH6200,external_upload
2026-07-01 09:14:16,UUN8790,email_attachment
2026-07-01 09:14:43,DRP1861,email_attachment
2026-07-01 09:14:47,KQK8927,email_attachment
2026-07-01 09:15:03,KFN4851,email_attachment
2026-07-01 09:27:37,BNJ6311,email_attachment
2026-07-01 09:31:42,WRH3845,email_attachment
2026-07-01 09:33:07,FWS7950,email_attachment
2026-07-01 09:38:05,ULK7678,email_attachment
2026-07-01 09:41:36,MFH3970,external_upload
2026-07-01 09:45:13,XAD7151,email_attachment
2026-07-01 09:47:02,GRZ0805,external_upload
2026-07-01 09:48:27,PBM4108,email_attachment
2026-07-01 09:49:50,UKD6455,email_attachment
2026-07-01 09:51:58,WLX3952,email_attachment
2026-07-01 09:52:41,PBC9781,email_attachment
2026-07-01 09:54:20,TMZ3304,email_attachment
2026-07-01 10:02:04,LWK7649,email_attachment
2026-07-01 10:04:09,RVL1733,email_attachment
2026-07-01 10:04:11,BBY7672,email_attachment
2026-07-01 10:06:30,FYW9481,email_attachment
2026-07-01 10:06:35,KMY8772,email_attachment
2026-07-01 10:07:51,DZG9817,email_attachment
2026-07-01 10:09:50,JSR7541,email_attachment
2026-07-01 10:10:23,DDZ9005,email_attachment
2026-07-01 10:18:57,DVH0547,email_attachment
2026-07-01 10:22:50,BJY5505,email_attachment
2026-07-01 10:24:12,FKD9447,email_attachment
2026-07-01 10:28:39,RXQ7992,email_attachment
2026-07-01 10:30:43,NSQ4495,email_attachment
2026-07-01 10:31:08,PTK0032,usb_connect
2026-07-01 10:32:50,TRD4019,email_attachment
2026-07-01 10:35:29,JYE3282,email_attachment
2026-07-01 10:35:35,GWB9650,email_attachment
2026-07-01 10:38:51,GYE0667,email_attachment
2026-07-01 10:39:19,KLA1121,email_attachment
2026-07-01 10:39:20,EDQ2066,email_attachment
2026-07-01 10:42:01,GPW3461,email_attachment
2026-07-01 10:46:08,WNZ6737,email_attachment
2026-07-01 10:54:34,MXF0245,email_attachment
2026-07-01 10:54:47,RAQ3126,email_attachment
2026-07-01 10:54:56,YEG4420,email_attachment
2026-07-01 10:56:49,QAU0816,email_attachment
2026-07-01 11:00:09,VZR3053,email_attachment
2026-07-01 11:02:23,HEP4992,external_upload
2026-07-01 11:08:27,FYM3175,email_attachment
2026-07-01 11:09:51,NDZ4258,email_attachment
2026-07-01 11:10:29,BTP8472,email_attachment
2026-07-01 11:10:41,WHX4263,email_attachment
2026-07-01 11:11:16,UHY5838,external_upload
2026-07-01 11:12:03,NUK6400,email_attachment
2026-07-01 11:16:46,ELR1269,email_attachment
2026-07-01 11:16:50,NWJ3278,email_attachment
2026-07-01 11:18:17,ASH2177,email_attachment
2026-07-01 11:23:15,RHB3473,email_attachment
2026-07-01 11:23:17,DHT3461,email_attachment
2026-07-01 11:29:40,SBE6209,email_attachment
2026-07-01 11:41:13,JHB0982,email_attachment
2026-07-01 11:42:43,CQK5506,external_upload
2026-07-01 11:44:28,XLL6759,email_attachment
2026-07-01 11:44:37,FRD7881,email_attachment
2026-07-01 11:48:47,PAJ2937,email_attachment
2026-07-01 11:49:22,NUY8872,external_upload
2026-07-01 11:49:35,BJW8481,email_attachment
2026-07-01 11:52:43,ATG5393,email_attachment
2026-07-01 11:55:17,NEW0315,email_attachment
2026-07-01 11:56:26,QGX1659,email_attachment
2026-07-01 11:59:40,SQU9903,email_attachment
2026-07-01 12:02:56,NCU9337,email_attachment
2026-07-01 12:04:31,MPN9504,email_attachment
2026-07-01 12:06:15,GNA5070,email_attachment
2026-07-01 12:06:24,PZC7671,email_attachment
2026-07-01 12:07:58,FVL4917,email_attachment
2026-07-01 12:08:20,RBN4080,email_attachment
2026-07-01 12:08:33,LKZ9027,email_attachment
2026-07-01 12:15:34,HWZ1536,email_attachment
2026-07-01 12:23:42,MTX6608,email_attachment
2026-07-01 12:24:19,VPP1509,external_upload
2026-07-01 12:30:14,FAB6246,email_attachment
2026-07-01 12:35:01,HRA4252,email_attachment
2026-07-01 12:35:14,KHQ4432,email_attachment
2026-07-01 12:37:09,QPN5696,email_attachment
2026-07-01 12:37:47,NVR3124,usb_connect
2026-07-01 12:38:52,UGU2332,email_attachment
2026-07-01 12:46:50,ZLJ5960,email_attachment
2026-07-01 12:53:43,XNQ7534,email_attachment
2026-07-01 12:55:52,RLN0770,email_attachment
2026-07-01 12:56:27,FKD3736,email_attachment
2026-07-01 12:57:58,ECR2274,email_attachment
2026-07-01 13:00:13,ADK8646,email_attachment
2026-07-01 13:01:20,TVQ3558,email_attachment
2026-07-01 13:04:48,XZW8899,email_attachment
2026-07-01 13:10:52,QXA0717,email_attachment
2026-07-01 13:17:18,UQX0155,email_attachment
2026-07-01 13:19:37,BTH2898,email_attachment
2026-07-01 13:19:50,GPV1467,email_attachment
2026-07-01 13:20:40,HQS6029,email_attachment
2026-07-01 13:22:38,ENC6545,email_attachment
2026-07-01 13:23:26,USG4601,email_attachment
2026-07-01 13:27:35,PFJ2803,email_attachment
2026-07-01 13:31:55,AAT6431,email_attachment
2026-07-01 13:37:49,MAP1021,email_attachment
2026-07-01 13:38:57,WNL8355,email_attachment
2026-07-01 13:40:46,DYQ2940,email_attachment
2026-07-01 13:45:23,MSB2345,email_attachment
2026-07-01 13:50:19,FPZ7336,email_attachment
2026-07-01 14:01:20,QAK7911,email_attachment
2026-07-01 14:05:24,FPZ7336,external_upload
2026-07-01 14:32:42,CQN3399,email_attachment
2026-07-01 14:51:30,PHE1554,email_attachment
2026-07-01 15:47:42,AVA4350,email_attachment
2026-07-01 16:24:44,WPW1401,email_attachment
2026-07-01 16:28:10,UUQ7472,email_attachment
2026-07-01 16:28:19,TZZ2486,email_attachment
2026-07-01 17:17:06,BHH6500,email_attachment
2026-07-01 17:18:41,EGE4292,email_attachment
2026-07-01 18:06:21,SQA3601,external_upload
2026-07-01 18:21:46,TTT4652,external_upload
2026-07-01 18:38:47,MED2542,email_attachment
2026-07-02 08:02:55,PRU1120,email_attachment
2026-07-02 08:43:24,PXF1684,usb_connect
2026-07-02 08:50:42,ZRH2565,email_attachment
2026-07-02 08:59:10,LVJ1007,external_upload
2026-07-02 09:00:55,XWB0313,email_attachment
2026-07-02 09:11:05,MHU5504,email_attachment
2026-07-02 09:14:34,KLP0024,email_attachment
2026-07-02 09:21:38,REY5228,email_attachment
2026-07-02 09:21:40,DRU4946,email_attachment
2026-07-02 09:26:13,MSK1068,email_attachment
2026-07-02 09:26:40,LBU3936,email_attachment
2026-07-02 09:27:11,WRH3845,external_upload
2026-07-02 09:27:35,SZG1462,email_attachment
2026-07-02 09:28:46,TES3512,email_attachment
2026-07-02 09:34:28,BYA7369,email_attachment
2026-07-02 09:34:33,SBZ8625,email_attachment
2026-07-02 09:34:56,NUY8872,email_attachment
2026-07-02 09:35:20,PTJ4935,email_attachment
2026-07-02 09:36:57,ZPC9799,email_attachment
2026-07-02 09:37:01,QUF3361,email_attachment
2026-07-02 09:43:27,ELR1269,email_attachment
2026-07-02 09:57:42,TUH6119,email_attachment
2026-07-02 09:59:55,GMF3145,email_attachment
2026-07-02 10:00:18,ASH2177,email_attachment
2026-07-02 10:01:18,KFG0382,email_attachment
2026-07-02 10:04:30,PYE7970,email_attachment
2026-07-02 10:05:57,AAT6431,email_attachment
2026-07-02 10:08:13,UQJ8329,email_attachment
2026-07-02 10:10:16,CKC4751,email_attachment
2026-07-02 10:13:14,WRB3527,email_attachment
2026-07-02 10:25:34,JSH7286,usb_connect
2026-07-02 10:25:40,RWL2205,email_attachment
2026-07-02 10:27:42,HLE8534,email_attachment
2026-07-02 10:30:30,XZY6637,email_attachment
2026-07-02 10:32:24,EXR0869,email_attachment
2026-07-02 10:33:58,PWT2372,email_attachment
2026-07-02 10:39:12,RCG7500,external_upload
2026-07-02 10:40:00,NZT5565,email_attachment
2026-07-02 10:42:12,CWG5462,email_attachment
2026-07-02 10:45:40,QPP6179,email_attachment
2026-07-02 10:46:32,MWQ7682,email_attachment
2026-07-02 10:48:38,JHY7276,email_attachment
2026-07-02 10:50:29,XCW2400,email_attachment
2026-07-02 11:01:40,AWD6308,email_attachment
2026-07-02 11:03:24,XYM2687,email_attachment
2026-07-02 11:04:30,XHC8462,email_attachment
2026-07-02 11:12:03,TBZ5694,email_attachment
2026-07-02 11:13:46,NMA8068,email_attachment
2026-07-02 11:16:23,YDS0481,email_attachment
2026-07-02 11:24:19,PFM8725,email_attachment
2026-07-02 11:24:27,AMG0435,email_attachment
2026-07-02 11:26:19,EPC6113,email_attachment
2026-07-02 11:27:40,VPM8632,email_attachment
2026-07-02 11:28:01,JFW4707,email_attachment
2026-07-02 11:30:26,ZYE5732,email_attachment
2026-07-02 11:32:36,GGL2672,email_attachment
2026-07-02 11:37:58,HSN4879,email_attachment
2026-07-02 11:41:03,ZXZ5897,email_attachment
2026-07-02 11:46:40,PEX4943,email_attachment
2026-07-02 11:50:19,MHF4555,email_attachment
2026-07-02 11:55:02,LWX4132,email_attachment
2026-07-02 11:55:24,PXB5969,email_attachment
2026-07-02 11:56:23,JMM1620,email_attachment
2026-07-02 11:58:57,QKF3756,email_attachment
2026-07-02 12:00:53,TER6346,external_upload
2026-07-02 12:03:43,PSQ4717,email_attachment
2026-07-02 12:03:48,BPW6998,email_attachment
2026-07-02 12:05:06,PEH7036,email_attachment
2026-07-02 12:07:32,DDL7713,email_attachment
2026-07-02 12:08:09,YMF0181,email_attachment
2026-07-02 12:08:13,BDZ4358,email_attachment
2026-07-02 12:10:18,MRE0291,email_attachment
2026-07-02 12:10:43,WZU7591,email_attachment
2026-07-02 12:12:21,QAQ9676,email_attachment
2026-07-02 12:18:14,QNB5318,email_attachment
2026-07-02 12:19:28,QAU0816,email_attachment
2026-07-02 12:19:57,EXR7447,external_upload
2026-07-02 12:22:50,JZE7158,email_attachment
2026-07-02 12:22:54,JHV6000,email_attachment
2026-07-02 12:24:16,LML9355,email_attachment
2026-07-02 12:25:44,NWC4997,email_attachment
2026-07-02 12:25:51,SLQ3295,email_attachment
2026-07-02 12:31:46,NQV6990,email_attachment
2026-07-02 12:35:49,HPJ5838,email_attachment
2026-07-02 12:37:42,FVH0365,external_upload
2026-07-02 12:38:57,FVH0365,email_attachment
2026-07-02 12:39:16,VWK2421,email_attachment
2026-07-02 12:40:30,AEH6551,email_attachment
2026-07-02 12:42:29,MHA1657,email_attachment
2026-07-02 12:44:36,JHE6342,email_attachment
2026-07-02 12:47:12,PVW1705,email_attachment
2026-07-02 12:54:57,SUX4332,email_attachment
2026-07-02 12:55:30,QER6959,email_attachment
2026-07-02 13:00:06,ZHU0615,email_attachment
2026-07-02 13:00:17,ACU9806,email_attachment
2026-07-02 13:03:03,CNX4632,email_attachment
2026-07-02 13:03:14,BVH4601,email_attachment
2026-07-02 13:05:18,WSH6100,email_attachment
2026-07-02 13:07:17,KZS8027,email_attachment
2026-07-02 13:19:32,JNS0679,email_attachment
2026-07-02 13:19:42,FGC5618,email_attachment
2026-07-02 13:20:17,YYD5558,email_attachment
2026-07-02 13:26:16,VKE4599,email_attachment
2026-07-02 13:28:13,RLN0770,email_attachment
2026-07-02 13:33:15,ZEC7331,external_upload
2026-07-02 13:33:20,GTF6224,email_attachment
2026-07-02 13:35:30,RSQ5606,email_attachment
2026-07-02 13:47:06,WAZ0807,email_attachment
2026-07-02 13:51:43,KFQ0753,email_attachment
2026-07-02 13:53:38,ZSN0830,email_attachment
2026-07-02 14:00:47,CNT2141,email_attachment
2026-07-02 14:14:34,FTC7060,external_upload
2026-07-02 15:04:04,HKT6698,email_attachment
2026-07-02 15:44:52,LEY0669,email_attachment
2026-07-02 15:45:59,MFJ0514,email_attachment
2026-07-02 16:39:53,HLH4250,email_attachment
2026-07-02 17:36:27,GPG7115,email_attachment
2026-07-02 17:38:56,TTT4652,email_attachment
2026-07-02 18:27:34,VUU1814,email_attachment
2026-07-03 07:32:11,CPJ0831,email_attachment
2026-07-03 08:18:18,KPJ6277,email_attachment
2026-07-03 08:33:57,JVA8754,email_attachment
2026-07-03 08:52:55,BVH4601,email_attachment
2026-07-03 08:54:13,RNL4426,email_attachment
2026-07-03 08:55:02,ASJ5787,email_attachment
2026-07-03 08:55:35,TAS0828,email_attachment
2026-07-03 08:56:54,KVS9522,email_attachment
2026-07-03 08:57:49,AMH0036,email_attachment
2026-07-03 09:02:58,FXW8392,email_attachment
2026-07-03 09:05:07,FPN0799,email_attachment
2026-07-03 09:09:48,KXL3085,email_attachment
2026-07-03 09:23:06,LJF1648,email_attachment
2026-07-03 09:23:07,FNB0006,email_attachment
2026-07-03 09:25:17,PPH2089,email_attachment
2026-07-03 09:27:08,XAA1174,email_attachment
2026-07-03 09:27:19,YVQ4468,email_attachment
2026-07-03 09:33:10,MHX3186,email_attachment
2026-07-03 09:34:45,XEZ3392,email_attachment
2026-07-03 09:36:26,GTF6224,email_attachment
2026-07-03 09:39:59,EWT2292,email_attachment
2026-07-03 09:40:51,URS5582,email_attachment
2026-07-03 09:56:10,RAR4641,email_attachment
2026-07-03 10:00:36,VGP5643,external_upload
2026-07-03 10:02:30,SJD0467,external_upload
2026-07-03 10:03:05,KHX2969,email_attachment
2026-07-03 10:03:59,EFG3727,email_attachment
2026-07-03 10:05:40,XEF7192,email_attachment
2026-07-03 10:07:20,ZZW5618,email_attachment
2026-07-03 10:08:11,PYP8182,email_attachment
2026-07-03 10:09:41,DTR1676,email_attachment
2026-07-03 10:10:43,RJF0501,email_attachment
2026-07-03 10:20:59,MMX3144,email_attachment
2026-07-03 10:22:38,FFK3907,external_upload
2026-07-03 10:30:49,CZV3763,email_attachment
2026-07-03 10:37:56,WMF0666,email_attachment
2026-07-03 10:40:39,DKN8106,email_attachment
2026-07-03 10:43:34,WKX4894,email_attachment
2026-07-03 10:47:40,HFE3723,external_upload
2026-07-03 10:50:35,QPJ2223,email_attachment
2026-07-03 10:51:44,JTY5915,email_attachment
2026-07-03 10:52:34,DHH4426,email_attachment
2026-07-03 10:53:01,DVA8512,email_attachment
2026-07-03 10:53:15,NWD3536,email_attachment
2026-07-03 10:55:51,EWE2142,email_attachment
2026-07-03 10:56:30,SCV7784,email_attachment
2026-07-03 10:58:51,WYA6618,external_upload
2026-07-03 10:59:56,XBN4913,email_attachment
2026-07-03 11:01:07,SCV7784,usb_connect
2026-07-03 11:04:12,NJZ6951,external_upload
2026-07-03 11:04:53,XTM0397,external_upload
2026-07-03 11:04:55,ALS8032,email_attachment
2026-07-03 11:05:05,PEH7036,email_attachment
2026-07-03 11:05:44,LCD7746,email_attachment
2026-07-03 11:10:20,TSH1437,external_upload
2026-07-03 11:12:53,RWT7328,email_attachment
2026-07-03 11:14:42,SMF2572,email_attachment
2026-07-03 11:15:52,NCG9169,email_attachment
2026-07-03 11:16:17,KUH9424,email_attachment
2026-07-03 11:16:39,XQW0837,email_attachment
2026-07-03 11:25:05,QER4766,email_attachment
2026-07-03 11:25:09,RZH8934,email_attachment
2026-07-03 11:25:15,BDB1193,email_attachment
2026-07-03 11:30:01,CCJ4180,email_attachment
2026-07-03 11:30:51,HMZ5952,email_attachment
2026-07-03 11:31:33,XEY1384,email_attachment
2026-07-03 11:31:39,FHF0974,email_attachment
2026-07-03 11:33:28,DAL8893,email_attachment
2026-07-03 11:36:18,PNY6570,email_attachment
2026-07-03 11:38:38,WSG6432,email_attachment
2026-07-03 11:40:00,ZXP2806,usb_connect
2026-07-03 11:44:17,KSM1848,email_attachment
2026-07-03 11:46:02,PWX3110,usb_connect
2026-07-03 11:46:17,CLM1185,email_attachment
2026-07-03 11:46:26,DXE3664,email_attachment
2026-07-03 11:50:09,MCC9628,email_attachment
2026-07-03 11:53:02,BRD9424,email_attachment
2026-07-03 11:53:17,DDM6212,email_attachment
2026-07-03 11:59:30,UYH3482,email_attachment
2026-07-03 12:00:26,YSX2928,email_attachment
2026-07-03 12:03:34,MVR5390,email_attachment
2026-07-03 12:03:54,ACZ8154,email_attachment
2026-07-03 12:04:02,ZYS0684,email_attachment
2026-07-03 12:05:45,NGJ9474,email_attachment
2026-07-03 12:09:53,PMT8929,email_attachment
2026-07-03 12:10:44,UWH4462,email_attachment
2026-07-03 12:10:59,RGF8001,email_attachment
2026-07-03 12:11:57,TLD8832,email_attachment
2026-07-03 12:13:57,MPN9504,email_attachment
2026-07-03 12:15:13,HQK3324,email_attachment
2026-07-03 12:17:50,PLD6480,email_attachment
2026-07-03 12:20:17,FQD7162,email_attachment
2026-07-03 12:21:42,DVP3588,email_attachment
2026-07-03 12:23:12,URA4638,email_attachment
2026-07-03 12:24:14,HAW4590,email_attachment
2026-07-03 12:24:54,GND9693,email_attachment
2026-07-03 12:25:11,CNK7263,email_attachment
2026-07-03 12:25:32,BPD2991,email_attachment
2026-07-03 12:27:54,LNF3219,email_attachment
2026-07-03 12:28:57,ZDX6609,email_attachment
2026-07-03 12:29:37,MHN7634,email_attachment
2026-07-03 12:30:12,XTM0397,email_attachment
2026-07-03 12:34:57,DVH0547,email_attachment
2026-07-03 12:41:31,JZE7158,email_attachment
2026-07-03 12:41:45,KLP0024,external_upload
2026-07-03 12:43:38,YXE8184,email_attachment
2026-07-03 12:46:13,KXE4588,email_attachment
2026-07-03 12:46:20,SZP9194,email_attachment
2026-07-03 12:48:55,AJN8374,email_attachment
2026-07-03 12:49:19,QDX0204,email_attachment
2026-07-03 12:58:42,BYS3633,email_attachment
2026-07-03 13:00:24,RVW4318,email_attachment
2026-07-03 13:05:34,ACU9806,email_attachment
2026-07-03 13:07:38,QLB1108,email_attachment
2026-07-03 13:11:49,XZE2186,email_attachment
2026-07-03 13:12:52,VYM2689,email_attachment
2026-07-03 13:13:24,FVR9858,email_attachment
2026-07-03 13:17:27,JSF4057,email_attachment
2026-07-03 13:21:00,PEE1804,email_attachment
2026-07-03 13:21:27,RBC5531,email_attachment
2026-07-03 13:21:52,PZP2817,external_upload
2026-07-03 13:22:08,WLN4398,email_attachment
2026-07-03 13:25:29,SHS0097,email_attachment
2026-07-03 13:33:02,SWN1969,email_attachment
2026-07-03 13:33:09,JNF8252,email_attachment
2026-07-03 13:38:21,WXD2117,email_attachment
2026-07-03 14:02:49,AAD3954,email_attachment
2026-07-03 14:18:25,CXD4649,email_attachment
2026-07-03 14:21:09,GDJ5184,email_attachment
2026-07-03 14:28:26,VXB2603,email_attachment
2026-07-03 14:39:05,EDU0037,email_attachment
2026-07-03 14:40:07,XVD6009,email_attachment
2026-07-03 14:55:14,ZKC0776,email_attachment
2026-07-03 15:05:08,GPG7115,email_attachment
2026-07-03 16:02:39,ZPL4646,email_attachment
2026-07-03 16:20:35,JNY6012,email_attachment
2026-07-03 16:44:20,DAA6296,external_upload
2026-07-03 17:09:04,YPA6465,external_upload
2026-07-03 17:13:44,SDK3028,email_attachment
2026-07-03 18:53:29,VWU2029,email_attachment
